STRUCTURE,STRUCTURE_ID,STRUCTURE_NAME,ACTION,REF_AREA,MEASURE,UNIT_MEASURE,SEX,AGE,TIME_HORIZ,TIME_PERIOD,OBS_VALUE,OBS_STATUS,UNIT_MULT,DECIMALS
DATAFLOW,OECD.ELS.SAE:DSD_POPULATION@DF_POP_HIST(1.0),,I,BEL,POP,PS,_T,_T,H,1950,8639369.0,A,0,0
DATAFLOW,OECD.ELS.SAE:DSD_POPULATION@DF_POP_HIST(1.0),,I,BEL,POP,PS,_T,_T,H,1951,8678386.0,A,0,0
DATAFLOW,OECD.ELS.SAE:DSD_POPULATION@DF_POP_HIST(1.0),,I,BEL,POP,PS,_T,_T,H,1952,8730405.0,A,0,0
DATAFLOW,OECD.ELS.SAE:DSD_POPULATION@DF_POP_HIST(1.0),,I,BEL,POP,PS,_T,_T,H,1953,8777873.0,A,0,0
DATAFLOW,OECD.ELS.SAE:DSD_POPULATION@DF_POP_HIST(1.0),,I,BEL,POP,PS,_T,_T,H,1954,8819374.0,A,0,0
DATAFLOW,OECD.ELS.SAE:DSD_POPULATION@DF_POP_HIST(1.0),,I,BEL,POP,PS,_T,_T,H,1955,8868451.0,A,0,0
DATAFLOW,OECD.ELS.SAE:DSD_POPULATION@DF_POP_HIST(1.0),,I,BEL,POP,PS,_T,_T,H,1956,8923800.0,A,0,0
DATAFLOW,OECD.ELS.SAE:DSD_POPULATION@DF_POP_HIST(1.0),,I,BEL,POP,PS,_T,_T,H,1957,8989050.0,A,0,0
DATAFLOW,OECD.ELS.SAE:DSD_POPULATION@DF_POP_HIST(1.0),,I,BEL,POP,PS,_T,_T,H,1958,9052650.0,A,0,0
DATAFLOW,OECD.ELS.SAE:DSD_POPULATION@DF_POP_HIST(1.0),,I,BEL,POP,PS,_T,_T,H,1959,9103712.0,A,0,0
DATAFLOW,OECD.ELS.SAE:DSD_POPULATION@DF_POP_HIST(1.0),,I,BEL,POP,PS,_T,_T,H,1960,9153490.0,A,0,0
DATAFLOW,OECD.ELS.SAE:DSD_POPULATION@DF_POP_HIST(1.0),,I,BEL,POP,PS,_T,_T,H,1961,9183948.0,A,0,0
DATAFLOW,OECD.ELS.SAE:DSD_POPULATION@DF_POP_HIST(1.0),,I,BEL,POP,PS,_T,_T,H,1962,9220578.0,A,0,0
DATAFLOW,OECD.ELS.SAE:DSD_POPULATION@DF_POP_HIST(1.0),,I,BEL,POP,PS,_T,_T,H,1963,9289770.0,A,0,0
DATAFLOW,OECD.ELS.SAE:DSD_POPULATION@DF_POP_HIST(1.0),,I,BEL,POP,PS,_T,_T,H,1964,9378114.0,A,0,0
DATAFLOW,OECD.ELS.SAE:DSD_POPULATION@DF_POP_HIST(1.0),,I,BEL,POP,PS,_T,_T,H,1965,9463668.0,A,0,0
DATAFLOW,OECD.ELS.SAE:DSD_POPULATION@DF_POP_HIST(1.0),,I,BEL,POP,PS,_T,_T,H,1966,9527808.0,A,0,0
DATAFLOW,OECD.ELS.SAE:DSD_POPULATION@DF_POP_HIST(1.0),,I,BEL,POP,PS,_T,_T,H,1967,9580991.0,A,0,0
DATAFLOW,OECD.ELS.SAE:DSD_POPULATION@DF_POP_HIST(1.0),,I,BEL,POP,PS,_T,_T,H,1968,9618756.0,A,0,0
DATAFLOW,OECD.ELS.SAE:DSD_POPULATION@DF_POP_HIST(1.0),,I,BEL,POP,PS,_T,_T,H,1969,9646033.0,A,0,0
DATAFLOW,OECD.ELS.SAE:DSD_POPULATION@DF_POP_HIST(1.0),,I,BEL,POP,PS,_T,_T,H,1970,9655550.0,A,0,0
DATAFLOW,OECD.ELS.SAE:DSD_POPULATION@DF_POP_HIST(1.0),,I,BEL,POP,PS,_T,_T,H,1971,9673162.0,A,0,0
DATAFLOW,OECD.ELS.SAE:DSD_POPULATION@DF_POP_HIST(1.0),,I,BEL,POP,PS,_T,_T,H,1972,9711115.0,A,0,0
DATAFLOW,OECD.ELS.SAE:DSD_POPULATION@DF_POP_HIST(1.0),,I,BEL,POP,PS,_T,_T,H,1973,9741721.0,A,0,0
DATAFLOW,OECD.ELS.SAE:DSD_POPULATION@DF_POP_HIST(1.0),,I,BEL,POP,PS,_T,_T,H,1974,9772420.0,A,0,0
DATAFLOW,OECD.ELS.SAE:DSD_POPULATION@DF_POP_HIST(1.0),,I,BEL,POP,PS,_T,_T,H,1975,9800700.0,A,0,0
DATAFLOW,OECD.ELS.SAE:DSD_POPULATION@DF_POP_HIST(1.0),,I,BEL,POP,PS,_T,_T,H,1976,9818228.0,A,0,0
DATAFLOW,OECD.ELS.SAE:DSD_POPULATION@DF_POP_HIST(1.0),,I,BEL,POP,PS,_T,_T,H,1977,9830358.0,A,0,0
DATAFLOW,OECD.ELS.SAE:DSD_POPULATION@DF_POP_HIST(1.0),,I,BEL,POP,PS,_T,_T,H,1978,9839534.0,A,0,0
DATAFLOW,OECD.ELS.SAE:DSD_POPULATION@DF_POP_HIST(1.0),,I,BEL,POP,PS,_T,_T,H,1979,9848382.0,A,0,0
DATAFLOW,OECD.ELS.SAE:DSD_POPULATION@DF_POP_HIST(1.0),,I,BEL,POP,PS,_T,_T,H,1980,9859243.0,A,0,0
DATAFLOW,OECD.ELS.SAE:DSD_POPULATION@DF_POP_HIST(1.0),,I,BEL,POP,PS,_T,_T,H,1981,9858982.0,A,0,0
DATAFLOW,OECD.ELS.SAE:DSD_POPULATION@DF_POP_HIST(1.0),,I,BEL,POP,PS,_T,_T,H,1982,9856303.0,A,0,0
DATAFLOW,OECD.ELS.SAE:DSD_POPULATION@DF_POP_HIST(1.0),,I,BEL,POP,PS,_T,_T,H,1983,9855521.0,A,0,0
DATAFLOW,OECD.ELS.SAE:DSD_POPULATION@DF_POP_HIST(1.0),,I,BEL,POP,PS,_T,_T,H,1984,9855372.0,A,0,0
DATAFLOW,OECD.ELS.SAE:DSD_POPULATION@DF_POP_HIST(1.0),,I,BEL,POP,PS,_T,_T,H,1985,9858309.0,A,0,0
DATAFLOW,OECD.ELS.SAE:DSD_POPULATION@DF_POP_HIST(1.0),,I,BEL,POP,PS,_T,_T,H,1986,9861824.0,A,0,0
DATAFLOW,OECD.ELS.SAE:DSD_POPULATION@DF_POP_HIST(1.0),,I,BEL,POP,PS,_T,_T,H,1987,9870234.0,A,0,0
DATAFLOW,OECD.ELS.SAE:DSD_POPULATION@DF_POP_HIST(1.0),,I,BEL,POP,PS,_T,_T,H,1988,9901665.0,A,0,0
DATAFLOW,OECD.ELS.SAE:DSD_POPULATION@DF_POP_HIST(1.0),,I,BEL,POP,PS,_T,_T,H,1989,9937697.0,A,0,0
DATAFLOW,OECD.ELS.SAE:DSD_POPULATION@DF_POP_HIST(1.0),,I,BEL,POP,PS,_T,_T,H,1990,9967378.0,A,0,0
DATAFLOW,OECD.ELS.SAE:DSD_POPULATION@DF_POP_HIST(1.0),,I,BEL,POP,PS,_T,_T,H,1991,10004486.0,A,0,0
DATAFLOW,OECD.ELS.SAE:DSD_POPULATION@DF_POP_HIST(1.0),,I,BEL,POP,PS,_T,_T,H,1992,10045165.0,A,0,0
DATAFLOW,OECD.ELS.SAE:DSD_POPULATION@DF_POP_HIST(1.0),,I,BEL,POP,PS,_T,_T,H,1993,10084479.0,A,0,0
DATAFLOW,OECD.ELS.SAE:DSD_POPULATION@DF_POP_HIST(1.0),,I,BEL,POP,PS,_T,_T,H,1994,10115601.0,A,0,0
DATAFLOW,OECD.ELS.SAE:DSD_POPULATION@DF_POP_HIST(1.0),,I,BEL,POP,PS,_T,_T,H,1995,10136814.0,A,0,0
DATAFLOW,OECD.ELS.SAE:DSD_POPULATION@DF_POP_HIST(1.0),,I,BEL,POP,PS,_T,_T,H,1996,10156641.0,A,0,0
DATAFLOW,OECD.ELS.SAE:DSD_POPULATION@DF_POP_HIST(1.0),,I,BEL,POP,PS,_T,_T,H,1997,10181246.0,A,0,0
DATAFLOW,OECD.ELS.SAE:DSD_POPULATION@DF_POP_HIST(1.0),,I,BEL,POP,PS,_T,_T,H,1998,10203012.0,A,0,0
DATAFLOW,OECD.ELS.SAE:DSD_POPULATION@DF_POP_HIST(1.0),,I,BEL,POP,PS,_T,_T,H,1999,10226419.0,A,0,0
DATAFLOW,OECD.ELS.SAE:DSD_POPULATION@DF_POP_HIST(1.0),,I,BEL,POP,PS,_T,_T,H,2000,10251251.0,A,0,0
DATAFLOW,OECD.ELS.SAE:DSD_POPULATION@DF_POP_HIST(1.0),,I,BEL,POP,PS,_T,_T,H,2001,10286571.0,A,0,0
DATAFLOW,OECD.ELS.SAE:DSD_POPULATION@DF_POP_HIST(1.0),,I,BEL,POP,PS,_T,_T,H,2002,10332786.0,A,0,0
DATAFLOW,OECD.ELS.SAE:DSD_POPULATION@DF_POP_HIST(1.0),,I,BEL,POP,PS,_T,_T,H,2003,10376131.0,A,0,0
DATAFLOW,OECD.ELS.SAE:DSD_POPULATION@DF_POP_HIST(1.0),,I,BEL,POP,PS,_T,_T,H,2004,10421136.0,A,0,0
DATAFLOW,OECD.ELS.SAE:DSD_POPULATION@DF_POP_HIST(1.0),,I,BEL,POP,PS,_T,_T,H,2005,10478620.0,A,0,0
DATAFLOW,OECD.ELS.SAE:DSD_POPULATION@DF_POP_HIST(1.0),,I,BEL,POP,PS,_T,_T,H,2006,10547956.0,A,0,0
DATAFLOW,OECD.ELS.SAE:DSD_POPULATION@DF_POP_HIST(1.0),,I,BEL,POP,PS,_T,_T,H,2007,10624835.0,A,0,0
DATAFLOW,OECD.ELS.SAE:DSD_POPULATION@DF_POP_HIST(1.0),,I,BEL,POP,PS,_T,_T,H,2008,10709108.0,A,0,0
DATAFLOW,OECD.ELS.SAE:DSD_POPULATION@DF_POP_HIST(1.0),,I,BEL,POP,PS,_T,_T,H,2009,10796498.0,A,0,0
DATAFLOW,OECD.ELS.SAE:DSD_POPULATION@DF_POP_HIST(1.0),,I,BEL,POP,PS,_T,_T,H,2010,10895591.0,A,0,0
DATAFLOW,OECD.ELS.SAE:DSD_POPULATION@DF_POP_HIST(1.0),,I,BEL,POP,PS,_T,_T,H,2011,10993609.0,A,0,0
DATAFLOW,OECD.ELS.SAE:DSD_POPULATION@DF_POP_HIST(1.0),,I,BEL,POP,PS,_T,_T,H,2012,11067748.0,A,0,0
DATAFLOW,OECD.ELS.SAE:DSD_POPULATION@DF_POP_HIST(1.0),,I,BEL,POP,PS,_T,_T,H,2013,11125033.0,A,0,0
DATAFLOW,OECD.ELS.SAE:DSD_POPULATION@DF_POP_HIST(1.0),,I,BEL,POP,PS,_T,_T,H,2014,11179778.0,A,0,0
DATAFLOW,OECD.ELS.SAE:DSD_POPULATION@DF_POP_HIST(1.0),,I,BEL,POP,PS,_T,_T,H,2015,11238474.0,A,0,0
DATAFLOW,OECD.ELS.SAE:DSD_POPULATION@DF_POP_HIST(1.0),,I,BEL,POP,PS,_T,_T,H,2016,11295003.0,A,0,0
DATAFLOW,OECD.ELS.SAE:DSD_POPULATION@DF_POP_HIST(1.0),,I,BEL,POP,PS,_T,_T,H,2017,11349081.0,A,0,0
DATAFLOW,OECD.ELS.SAE:DSD_POPULATION@DF_POP_HIST(1.0),,I,BEL,POP,PS,_T,_T,H,2018,11403740.0,A,0,0
DATAFLOW,OECD.ELS.SAE:DSD_POPULATION@DF_POP_HIST(1.0),,I,BEL,POP,PS,_T,_T,H,2019,11462023.0,A,0,0
DATAFLOW,OECD.ELS.SAE:DSD_POPULATION@DF_POP_HIST(1.0),,I,BEL,POP,PS,_T,_T,H,2020,11506938.0,A,0,0
DATAFLOW,OECD.ELS.SAE:DSD_POPULATION@DF_POP_HIST(1.0),,I,BEL,POP,PS,_T,_T,H,2021,11552615.0,A,0,0
DATAFLOW,OECD.ELS.SAE:DSD_POPULATION@DF_POP_HIST(1.0),,I,BEL,POP,PS,_T,_T,H,2022,11640788.0,A,0,0
DATAFLOW,OECD.ELS.SAE:DSD_POPULATION@DF_POP_HIST(1.0),,I,CHL,POP,PS,_T,_T,H,1950,6081931.0,A,0,0
DATAFLOW,OECD.ELS.SAE:DSD_POPULATION@DF_POP_HIST(1.0),,I,CHL,POP,PS,_T,_T,H,1951,6218333.0,A,0,0
DATAFLOW,OECD.ELS.SAE:DSD_POPULATION@DF_POP_HIST(1.0),,I,CHL,POP,PS,_T,_T,H,1952,6354736.0,A,0,0
DATAFLOW,OECD.ELS.SAE:DSD_POPULATION@DF_POP_HIST(1.0),,I,CHL,POP,PS,_T,_T,H,1953,6491137.0,A,0,0
DATAFLOW,OECD.ELS.SAE:DSD_POPULATION@DF_POP_HIST(1.0),,I,CHL,POP,PS,_T,_T,H,1954,6627540.0,A,0,0
DATAFLOW,OECD.ELS.SAE:DSD_POPULATION@DF_POP_HIST(1.0),,I,CHL,POP,PS,_T,_T,H,1955,6763940.0,A,0,0
DATAFLOW,OECD.ELS.SAE:DSD_POPULATION@DF_POP_HIST(1.0),,I,CHL,POP,PS,_T,_T,H,1956,6939809.0,A,0,0
DATAFLOW,OECD.ELS.SAE:DSD_POPULATION@DF_POP_HIST(1.0),,I,CHL,POP,PS,_T,_T,H,1957,7115675.0,A,0,0
DATAFLOW,OECD.ELS.SAE:DSD_POPULATION@DF_POP_HIST(1.0),,I,CHL,POP,PS,_T,_T,H,1958,7291542.0,A,0,0
DATAFLOW,OECD.ELS.SAE:DSD_POPULATION@DF_POP_HIST(1.0),,I,CHL,POP,PS,_T,_T,H,1959,7467409.0,A,0,0
DATAFLOW,OECD.ELS.SAE:DSD_POPULATION@DF_POP_HIST(1.0),,I,CHL,POP,PS,_T,_T,H,1960,7643277.0,A,0,0
DATAFLOW,OECD.ELS.SAE:DSD_POPULATION@DF_POP_HIST(1.0),,I,CHL,POP,PS,_T,_T,H,1961,7843945.0,A,0,0
DATAFLOW,OECD.ELS.SAE:DSD_POPULATION@DF_POP_HIST(1.0),,I,CHL,POP,PS,_T,_T,H,1962,8044614.0,A,0,0
DATAFLOW,OECD.ELS.SAE:DSD_POPULATION@DF_POP_HIST(1.0),,I,CHL,POP,PS,_T,_T,H,1963,8245284.0,A,0,0
DATAFLOW,OECD.ELS.SAE:DSD_POPULATION@DF_POP_HIST(1.0),,I,CHL,POP,PS,_T,_T,H,1964,8445953.0,A,0,0
DATAFLOW,OECD.ELS.SAE:DSD_POPULATION@DF_POP_HIST(1.0),,I,CHL,POP,PS,_T,_T,H,1965,8646622.0,A,0,0
DATAFLOW,OECD.ELS.SAE:DSD_POPULATION@DF_POP_HIST(1.0),,I,CHL,POP,PS,_T,_T,H,1966,8831223.0,A,0,0
DATAFLOW,OECD.ELS.SAE:DSD_POPULATION@DF_POP_HIST(1.0),,I,CHL,POP,PS,_T,_T,H,1967,9015825.0,A,0,0
DATAFLOW,OECD.ELS.SAE:DSD_POPULATION@DF_POP_HIST(1.0),,I,CHL,POP,PS,_T,_T,H,1968,9200427.0,A,0,0
DATAFLOW,OECD.ELS.SAE:DSD_POPULATION@DF_POP_HIST(1.0),,I,CHL,POP,PS,_T,_T,H,1969,9385028.0,A,0,0
DATAFLOW,OECD.ELS.SAE:DSD_POPULATION@DF_POP_HIST(1.0),,I,CHL,POP,PS,_T,_T,H,1970,9569631.0,A,0,0
DATAFLOW,OECD.ELS.SAE:DSD_POPULATION@DF_POP_HIST(1.0),,I,CHL,POP,PS,_T,_T,H,1971,9738347.0,A,0,0
DATAFLOW,OECD.ELS.SAE:DSD_POPULATION@DF_POP_HIST(1.0),,I,CHL,POP,PS,_T,_T,H,1972,9907065.0,A,0,0
DATAFLOW,OECD.ELS.SAE:DSD_POPULATION@DF_POP_HIST(1.0),,I,CHL,POP,PS,_T,_T,H,1973,10075782.0,A,0,0
DATAFLOW,OECD.ELS.SAE:DSD_POPULATION@DF_POP_HIST(1.0),,I,CHL,POP,PS,_T,_T,H,1974,10244501.0,A,0,0
DATAFLOW,OECD.ELS.SAE:DSD_POPULATION@DF_POP_HIST(1.0),,I,CHL,POP,PS,_T,_T,H,1975,10413219.0,A,0,0
DATAFLOW,OECD.ELS.SAE:DSD_POPULATION@DF_POP_HIST(1.0),,I,CHL,POP,PS,_T,_T,H,1976,10565409.0,A,0,0
DATAFLOW,OECD.ELS.SAE:DSD_POPULATION@DF_POP_HIST(1.0),,I,CHL,POP,PS,_T,_T,H,1977,10717600.0,A,0,0
DATAFLOW,OECD.ELS.SAE:DSD_POPULATION@DF_POP_HIST(1.0),,I,CHL,POP,PS,_T,_T,H,1978,10869791.0,A,0,0
DATAFLOW,OECD.ELS.SAE:DSD_POPULATION@DF_POP_HIST(1.0),,I,CHL,POP,PS,_T,_T,H,1979,11021982.0,A,0,0
DATAFLOW,OECD.ELS.SAE:DSD_POPULATION@DF_POP_HIST(1.0),,I,CHL,POP,PS,_T,_T,H,1980,11174173.0,A,0,0
DATAFLOW,OECD.ELS.SAE:DSD_POPULATION@DF_POP_HIST(1.0),,I,CHL,POP,PS,_T,_T,H,1981,11359773.0,A,0,0
DATAFLOW,OECD.ELS.SAE:DSD_POPULATION@DF_POP_HIST(1.0),,I,CHL,POP,PS,_T,_T,H,1982,11545372.0,A,0,0
DATAFLOW,OECD.ELS.SAE:DSD_POPULATION@DF_POP_HIST(1.0),,I,CHL,POP,PS,_T,_T,H,1983,11730972.0,A,0,0
DATAFLOW,OECD.ELS.SAE:DSD_POPULATION@DF_POP_HIST(1.0),,I,CHL,POP,PS,_T,_T,H,1984,11916572.0,A,0,0
DATAFLOW,OECD.ELS.SAE:DSD_POPULATION@DF_POP_HIST(1.0),,I,CHL,POP,PS,_T,_T,H,1985,12102174.0,A,0,0
DATAFLOW,OECD.ELS.SAE:DSD_POPULATION@DF_POP_HIST(1.0),,I,CHL,POP,PS,_T,_T,H,1986,12317494.0,A,0,0
DATAFLOW,OECD.ELS.SAE:DSD_POPULATION@DF_POP_HIST(1.0),,I,CHL,POP,PS,_T,_T,H,1987,12532815.0,A,0,0
DATAFLOW,OECD.ELS.SAE:DSD_POPULATION@DF_POP_HIST(1.0),,I,CHL,POP,PS,_T,_T,H,1988,12748135.0,A,0,0
DATAFLOW,OECD.ELS.SAE:DSD_POPULATION@DF_POP_HIST(1.0),,I,CHL,POP,PS,_T,_T,H,1989,12963457.0,A,0,0
DATAFLOW,OECD.ELS.SAE:DSD_POPULATION@DF_POP_HIST(1.0),,I,CHL,POP,PS,_T,_T,H,1990,13178782.0,A,0,0
DATAFLOW,OECD.ELS.SAE:DSD_POPULATION@DF_POP_HIST(1.0),,I,CHL,POP,PS,_T,_T,H,1991,13422010.0,A,0,0
DATAFLOW,OECD.ELS.SAE:DSD_POPULATION@DF_POP_HIST(1.0),,I,CHL,POP,PS,_T,_T,H,1992,13737062.0,A,0,0
DATAFLOW,OECD.ELS.SAE:DSD_POPULATION@DF_POP_HIST(1.0),,I,CHL,POP,PS,_T,_T,H,1993,13956766.0,A,0,0
DATAFLOW,OECD.ELS.SAE:DSD_POPULATION@DF_POP_HIST(1.0),,I,CHL,POP,PS,_T,_T,H,1994,14171821.0,A,0,0
DATAFLOW,OECD.ELS.SAE:DSD_POPULATION@DF_POP_HIST(1.0),,I,CHL,POP,PS,_T,_T,H,1995,14381249.0,A,0,0
DATAFLOW,OECD.ELS.SAE:DSD_POPULATION@DF_POP_HIST(1.0),,I,CHL,POP,PS,_T,_T,H,1996,14584947.0,A,0,0
DATAFLOW,OECD.ELS.SAE:DSD_POPULATION@DF_POP_HIST(1.0),,I,CHL,POP,PS,_T,_T,H,1997,14782706.0,A,0,0
DATAFLOW,OECD.ELS.SAE:DSD_POPULATION@DF_POP_HIST(1.0),,I,CHL,POP,PS,_T,_T,H,1998,14974898.0,A,0,0
DATAFLOW,OECD.ELS.SAE:DSD_POPULATION@DF_POP_HIST(1.0),,I,CHL,POP,PS,_T,_T,H,1999,15162353.0,A,0,0
DATAFLOW,OECD.ELS.SAE:DSD_POPULATION@DF_POP_HIST(1.0),,I,CHL,POP,PS,_T,_T,H,2000,15343326.0,A,0,0
DATAFLOW,OECD.ELS.SAE:DSD_POPULATION@DF_POP_HIST(1.0),,I,CHL,POP,PS,_T,_T,H,2001,15520049.0,A,0,0
DATAFLOW,OECD.ELS.SAE:DSD_POPULATION@DF_POP_HIST(1.0),,I,CHL,POP,PS,_T,_T,H,2002,15691701.0,A,0,0
DATAFLOW,OECD.ELS.SAE:DSD_POPULATION@DF_POP_HIST(1.0),,I,CHL,POP,PS,_T,_T,H,2003,15856977.0,A,0,0
DATAFLOW,OECD.ELS.SAE:DSD_POPULATION@DF_POP_HIST(1.0),,I,CHL,POP,PS,_T,_T,H,2004,16022133.0,A,0,0
DATAFLOW,OECD.ELS.SAE:DSD_POPULATION@DF_POP_HIST(1.0),,I,CHL,POP,PS,_T,_T,H,2005,16183489.0,A,0,0
DATAFLOW,OECD.ELS.SAE:DSD_POPULATION@DF_POP_HIST(1.0),,I,CHL,POP,PS,_T,_T,H,2006,16347890.0,A,0,0
DATAFLOW,OECD.ELS.SAE:DSD_POPULATION@DF_POP_HIST(1.0),,I,CHL,POP,PS,_T,_T,H,2007,16517933.0,A,0,0
DATAFLOW,OECD.ELS.SAE:DSD_POPULATION@DF_POP_HIST(1.0),,I,CHL,POP,PS,_T,_T,H,2008,16697754.0,A,0,0
DATAFLOW,OECD.ELS.SAE:DSD_POPULATION@DF_POP_HIST(1.0),,I,CHL,POP,PS,_T,_T,H,2009,16881078.0,A,0,0
DATAFLOW,OECD.ELS.SAE:DSD_POPULATION@DF_POP_HIST(1.0),,I,CHL,POP,PS,_T,_T,H,2010,17063927.0,A,0,0
DATAFLOW,OECD.ELS.SAE:DSD_POPULATION@DF_POP_HIST(1.0),,I,CHL,POP,PS,_T,_T,H,2011,17254159.0,A,0,0
DATAFLOW,OECD.ELS.SAE:DSD_POPULATION@DF_POP_HIST(1.0),,I,CHL,POP,PS,_T,_T,H,2012,17443491.0,A,0,0
DATAFLOW,OECD.ELS.SAE:DSD_POPULATION@DF_POP_HIST(1.0),,I,CHL,POP,PS,_T,_T,H,2013,17611902.0,A,0,0
DATAFLOW,OECD.ELS.SAE:DSD_POPULATION@DF_POP_HIST(1.0),,I,CHL,POP,PS,_T,_T,H,2014,17787617.0,A,0,0
DATAFLOW,OECD.ELS.SAE:DSD_POPULATION@DF_POP_HIST(1.0),,I,CHL,POP,PS,_T,_T,H,2015,17971423.0,A,0,0
DATAFLOW,OECD.ELS.SAE:DSD_POPULATION@DF_POP_HIST(1.0),,I,CHL,POP,PS,_T,_T,H,2016,18167147.0,A,0,0
DATAFLOW,OECD.ELS.SAE:DSD_POPULATION@DF_POP_HIST(1.0),,I,CHL,POP,PS,_T,_T,H,2017,18419192.0,A,0,0
DATAFLOW,OECD.ELS.SAE:DSD_POPULATION@DF_POP_HIST(1.0),,I,CHL,POP,PS,_T,_T,H,2018,18751405.0,A,0,0
DATAFLOW,OECD.ELS.SAE:DSD_POPULATION@DF_POP_HIST(1.0),,I,CHL,POP,PS,_T,_T,H,2019,19107216.0,A,0,0
DATAFLOW,OECD.ELS.SAE:DSD_POPULATION@DF_POP_HIST(1.0),,I,CHL,POP,PS,_T,_T,H,2020,19458310.0,A,0,0
DATAFLOW,OECD.ELS.SAE:DSD_POPULATION@DF_POP_HIST(1.0),,I,CHL,POP,PS,_T,_T,H,2021,19678363.0,A,0,0
DATAFLOW,OECD.ELS.SAE:DSD_POPULATION@DF_POP_HIST(1.0),,I,CHL,POP,PS,_T,_T,H,2022,19828563.0,A,0,0
DATAFLOW,OECD.ELS.SAE:DSD_POPULATION@DF_POP_HIST(1.0),,I,COL,POP,PS,_T,_T,H,1950,13570943.0,A,0,0
DATAFLOW,OECD.ELS.SAE:DSD_POPULATION@DF_POP_HIST(1.0),,I,COL,POP,PS,_T,_T,H,1951,13912947.0,A,0,0
DATAFLOW,OECD.ELS.SAE:DSD_POPULATION@DF_POP_HIST(1.0),,I,COL,POP,PS,_T,_T,H,1952,14269792.0,A,0,0
DATAFLOW,OECD.ELS.SAE:DSD_POPULATION@DF_POP_HIST(1.0),,I,COL,POP,PS,_T,_T,H,1953,14641427.0,A,0,0
DATAFLOW,OECD.ELS.SAE:DSD_POPULATION@DF_POP_HIST(1.0),,I,COL,POP,PS,_T,_T,H,1954,15027963.0,A,0,0
DATAFLOW,OECD.ELS.SAE:DSD_POPULATION@DF_POP_HIST(1.0),,I,COL,POP,PS,_T,_T,H,1955,15429614.0,A,0,0
DATAFLOW,OECD.ELS.SAE:DSD_POPULATION@DF_POP_HIST(1.0),,I,COL,POP,PS,_T,_T,H,1956,15846569.0,A,0,0
DATAFLOW,OECD.ELS.SAE:DSD_POPULATION@DF_POP_HIST(1.0),,I,COL,POP,PS,_T,_T,H,1957,16278927.0,A,0,0
DATAFLOW,OECD.ELS.SAE:DSD_POPULATION@DF_POP_HIST(1.0),,I,COL,POP,PS,_T,_T,H,1958,16726382.0,A,0,0
DATAFLOW,OECD.ELS.SAE:DSD_POPULATION@DF_POP_HIST(1.0),,I,COL,POP,PS,_T,_T,H,1959,17188568.0,A,0,0
DATAFLOW,OECD.ELS.SAE:DSD_POPULATION@DF_POP_HIST(1.0),,I,COL,POP,PS,_T,_T,H,1960,17665037.0,A,0,0
DATAFLOW,OECD.ELS.SAE:DSD_POPULATION@DF_POP_HIST(1.0),,I,COL,POP,PS,_T,_T,H,1961,18154322.0,A,0,0
DATAFLOW,OECD.ELS.SAE:DSD_POPULATION@DF_POP_HIST(1.0),,I,COL,POP,PS,_T,_T,H,1962,18654499.0,A,0,0
DATAFLOW,OECD.ELS.SAE:DSD_POPULATION@DF_POP_HIST(1.0),,I,COL,POP,PS,_T,_T,H,1963,19164082.0,A,0,0
DATAFLOW,OECD.ELS.SAE:DSD_POPULATION@DF_POP_HIST(1.0),,I,COL,POP,PS,_T,_T,H,1964,19680870.0,A,0,0
DATAFLOW,OECD.ELS.SAE:DSD_POPULATION@DF_POP_HIST(1.0),,I,COL,POP,PS,_T,_T,H,1965,20201643.0,A,0,0
DATAFLOW,OECD.ELS.SAE:DSD_POPULATION@DF_POP_HIST(1.0),,I,COL,POP,PS,_T,_T,H,1966,20723588.0,A,0,0
DATAFLOW,OECD.ELS.SAE:DSD_POPULATION@DF_POP_HIST(1.0),,I,COL,POP,PS,_T,_T,H,1967,21244248.0,A,0,0
DATAFLOW,OECD.ELS.SAE:DSD_POPULATION@DF_POP_HIST(1.0),,I,COL,POP,PS,_T,_T,H,1968,21761690.0,A,0,0
DATAFLOW,OECD.ELS.SAE:DSD_POPULATION@DF_POP_HIST(1.0),,I,COL,POP,PS,_T,_T,H,1969,22274200.0,A,0,0
DATAFLOW,OECD.ELS.SAE:DSD_POPULATION@DF_POP_HIST(1.0),,I,COL,POP,PS,_T,_T,H,1970,22780007.0,A,0,0
DATAFLOW,OECD.ELS.SAE:DSD_POPULATION@DF_POP_HIST(1.0),,I,COL,POP,PS,_T,_T,H,1971,23277852.0,A,0,0
DATAFLOW,OECD.ELS.SAE:DSD_POPULATION@DF_POP_HIST(1.0),,I,COL,POP,PS,_T,_T,H,1972,23767130.0,A,0,0
DATAFLOW,OECD.ELS.SAE:DSD_POPULATION@DF_POP_HIST(1.0),,I,COL,POP,PS,_T,_T,H,1973,24248669.0,A,0,0
DATAFLOW,OECD.ELS.SAE:DSD_POPULATION@DF_POP_HIST(1.0),,I,COL,POP,PS,_T,_T,H,1974,24724874.0,A,0,0
DATAFLOW,OECD.ELS.SAE:DSD_POPULATION@DF_POP_HIST(1.0),,I,COL,POP,PS,_T,_T,H,1975,25199544.0,A,0,0
DATAFLOW,OECD.ELS.SAE:DSD_POPULATION@DF_POP_HIST(1.0),,I,COL,POP,PS,_T,_T,H,1976,25677586.0,A,0,0
DATAFLOW,OECD.ELS.SAE:DSD_POPULATION@DF_POP_HIST(1.0),,I,COL,POP,PS,_T,_T,H,1977,26163065.0,A,0,0
DATAFLOW,OECD.ELS.SAE:DSD_POPULATION@DF_POP_HIST(1.0),,I,COL,POP,PS,_T,_T,H,1978,26658672.0,A,0,0
DATAFLOW,OECD.ELS.SAE:DSD_POPULATION@DF_POP_HIST(1.0),,I,COL,POP,PS,_T,_T,H,1979,27165971.0,A,0,0
DATAFLOW,OECD.ELS.SAE:DSD_POPULATION@DF_POP_HIST(1.0),,I,COL,POP,PS,_T,_T,H,1980,27684385.0,A,0,0
DATAFLOW,OECD.ELS.SAE:DSD_POPULATION@DF_POP_HIST(1.0),,I,COL,POP,PS,_T,_T,H,1981,28212667.0,A,0,0
DATAFLOW,OECD.ELS.SAE:DSD_POPULATION@DF_POP_HIST(1.0),,I,COL,POP,PS,_T,_T,H,1982,28748586.0,A,0,0
DATAFLOW,OECD.ELS.SAE:DSD_POPULATION@DF_POP_HIST(1.0),,I,COL,POP,PS,_T,_T,H,1983,29289744.0,A,0,0
DATAFLOW,OECD.ELS.SAE:DSD_POPULATION@DF_POP_HIST(1.0),,I,COL,POP,PS,_T,_T,H,1984,29842691.0,A,0,0
DATAFLOW,OECD.ELS.SAE:DSD_POPULATION@DF_POP_HIST(1.0),,I,COL,POP,PS,_T,_T,H,1985,30419892.0,A,0,0
DATAFLOW,OECD.ELS.SAE:DSD_POPULATION@DF_POP_HIST(1.0),,I,COL,POP,PS,_T,_T,H,1986,30980812.0,A,0,0
DATAFLOW,OECD.ELS.SAE:DSD_POPULATION@DF_POP_HIST(1.0),,I,COL,POP,PS,_T,_T,H,1987,31550132.0,A,0,0
DATAFLOW,OECD.ELS.SAE:DSD_POPULATION@DF_POP_HIST(1.0),,I,COL,POP,PS,_T,_T,H,1988,32124173.0,A,0,0
DATAFLOW,OECD.ELS.SAE:DSD_POPULATION@DF_POP_HIST(1.0),,I,COL,POP,PS,_T,_T,H,1989,32697847.0,A,0,0
DATAFLOW,OECD.ELS.SAE:DSD_POPULATION@DF_POP_HIST(1.0),,I,COL,POP,PS,_T,_T,H,1990,33268154.0,A,0,0
DATAFLOW,OECD.ELS.SAE:DSD_POPULATION@DF_POP_HIST(1.0),,I,COL,POP,PS,_T,_T,H,1991,33840991.0,A,0,0
DATAFLOW,OECD.ELS.SAE:DSD_POPULATION@DF_POP_HIST(1.0),,I,COL,POP,PS,_T,_T,H,1992,34425915.0,A,0,0
DATAFLOW,OECD.ELS.SAE:DSD_POPULATION@DF_POP_HIST(1.0),,I,COL,POP,PS,_T,_T,H,1993,35032308.0,A,0,0
DATAFLOW,OECD.ELS.SAE:DSD_POPULATION@DF_POP_HIST(1.0),,I,COL,POP,PS,_T,_T,H,1994,35629174.0,A,0,0
DATAFLOW,OECD.ELS.SAE:DSD_POPULATION@DF_POP_HIST(1.0),,I,COL,POP,PS,_T,_T,H,1995,36229830.0,A,0,0
DATAFLOW,OECD.ELS.SAE:DSD_POPULATION@DF_POP_HIST(1.0),,I,COL,POP,PS,_T,_T,H,1996,36830574.0,A,0,0
DATAFLOW,OECD.ELS.SAE:DSD_POPULATION@DF_POP_HIST(1.0),,I,COL,POP,PS,_T,_T,H,1997,37426532.0,A,0,0
DATAFLOW,OECD.ELS.SAE:DSD_POPULATION@DF_POP_HIST(1.0),,I,COL,POP,PS,_T,_T,H,1998,38012359.0,A,0,0
DATAFLOW,OECD.ELS.SAE:DSD_POPULATION@DF_POP_HIST(1.0),,I,COL,POP,PS,_T,_T,H,1999,38585016.0,A,0,0
DATAFLOW,OECD.ELS.SAE:DSD_POPULATION@DF_POP_HIST(1.0),,I,COL,POP,PS,_T,_T,H,2000,39140080.0,A,0,0
DATAFLOW,OECD.ELS.SAE:DSD_POPULATION@DF_POP_HIST(1.0),,I,COL,POP,PS,_T,_T,H,2001,39674811.0,A,0,0
DATAFLOW,OECD.ELS.SAE:DSD_POPULATION@DF_POP_HIST(1.0),,I,COL,POP,PS,_T,_T,H,2002,40190679.0,A,0,0
DATAFLOW,OECD.ELS.SAE:DSD_POPULATION@DF_POP_HIST(1.0),,I,COL,POP,PS,_T,_T,H,2003,40693254.0,A,0,0
DATAFLOW,OECD.ELS.SAE:DSD_POPULATION@DF_POP_HIST(1.0),,I,COL,POP,PS,_T,_T,H,2004,41188093.0,A,0,0
DATAFLOW,OECD.ELS.SAE:DSD_POPULATION@DF_POP_HIST(1.0),,I,COL,POP,PS,_T,_T,H,2005,41671878.0,A,0,0
DATAFLOW,OECD.ELS.SAE:DSD_POPULATION@DF_POP_HIST(1.0),,I,COL,POP,PS,_T,_T,H,2006,42170126.0,A,0,0
DATAFLOW,OECD.ELS.SAE:DSD_POPULATION@DF_POP_HIST(1.0),,I,COL,POP,PS,_T,_T,H,2007,42658630.0,A,0,0
DATAFLOW,OECD.ELS.SAE:DSD_POPULATION@DF_POP_HIST(1.0),,I,COL,POP,PS,_T,_T,H,2008,43134017.0,A,0,0
DATAFLOW,OECD.ELS.SAE:DSD_POPULATION@DF_POP_HIST(1.0),,I,COL,POP,PS,_T,_T,H,2009,43608630.0,A,0,0
DATAFLOW,OECD.ELS.SAE:DSD_POPULATION@DF_POP_HIST(1.0),,I,COL,POP,PS,_T,_T,H,2010,44086292.0,A,0,0
DATAFLOW,OECD.ELS.SAE:DSD_POPULATION@DF_POP_HIST(1.0),,I,COL,POP,PS,_T,_T,H,2011,44553416.0,A,0,0
DATAFLOW,OECD.ELS.SAE:DSD_POPULATION@DF_POP_HIST(1.0),,I,COL,POP,PS,_T,_T,H,2012,45001571.0,A,0,0
DATAFLOW,OECD.ELS.SAE:DSD_POPULATION@DF_POP_HIST(1.0),,I,COL,POP,PS,_T,_T,H,2013,45434942.0,A,0,0
DATAFLOW,OECD.ELS.SAE:DSD_POPULATION@DF_POP_HIST(1.0),,I,COL,POP,PS,_T,_T,H,2014,45866010.0,A,0,0
DATAFLOW,OECD.ELS.SAE:DSD_POPULATION@DF_POP_HIST(1.0),,I,COL,POP,PS,_T,_T,H,2015,46313898.0,A,0,0
DATAFLOW,OECD.ELS.SAE:DSD_POPULATION@DF_POP_HIST(1.0),,I,COL,POP,PS,_T,_T,H,2016,46830116.0,A,0,0
DATAFLOW,OECD.ELS.SAE:DSD_POPULATION@DF_POP_HIST(1.0),,I,COL,POP,PS,_T,_T,H,2017,47419200.0,A,0,0
DATAFLOW,OECD.ELS.SAE:DSD_POPULATION@DF_POP_HIST(1.0),,I,COL,POP,PS,_T,_T,H,2018,48258494.0,A,0,0
DATAFLOW,OECD.ELS.SAE:DSD_POPULATION@DF_POP_HIST(1.0),,I,COL,POP,PS,_T,_T,H,2019,49395678.0,A,0,0
DATAFLOW,OECD.ELS.SAE:DSD_POPULATION@DF_POP_HIST(1.0),,I,COL,POP,PS,_T,_T,H,2020,50407647.0,A,0,0
DATAFLOW,OECD.ELS.SAE:DSD_POPULATION@DF_POP_HIST(1.0),,I,COL,POP,PS,_T,_T,H,2021,51117378.0,A,0,0
DATAFLOW,OECD.ELS.SAE:DSD_POPULATION@DF_POP_HIST(1.0),,I,COL,POP,PS,_T,_T,H,2022,51682692.0,A,0,0
DATAFLOW,OECD.ELS.SAE:DSD_POPULATION@DF_POP_HIST(1.0),,I,CZE,POP,PS,_T,_T,H,1950,8925122.0,A,0,0
DATAFLOW,OECD.ELS.SAE:DSD_POPULATION@DF_POP_HIST(1.0),,I,CZE,POP,PS,_T,_T,H,1951,9023170.0,A,0,0
DATAFLOW,OECD.ELS.SAE:DSD_POPULATION@DF_POP_HIST(1.0),,I,CZE,POP,PS,_T,_T,H,1952,9125183.0,A,0,0
DATAFLOW,OECD.ELS.SAE:DSD_POPULATION@DF_POP_HIST(1.0),,I,CZE,POP,PS,_T,_T,H,1953,9220908.0,A,0,0
DATAFLOW,OECD.ELS.SAE:DSD_POPULATION@DF_POP_HIST(1.0),,I,CZE,POP,PS,_T,_T,H,1954,9290617.0,A,0,0
DATAFLOW,OECD.ELS.SAE:DSD_POPULATION@DF_POP_HIST(1.0),,I,CZE,POP,PS,_T,_T,H,1955,9365969.0,A,0,0
DATAFLOW,OECD.ELS.SAE:DSD_POPULATION@DF_POP_HIST(1.0),,I,CZE,POP,PS,_T,_T,H,1956,9442040.0,A,0,0
DATAFLOW,OECD.ELS.SAE:DSD_POPULATION@DF_POP_HIST(1.0),,I,CZE,POP,PS,_T,_T,H,1957,9513758.0,A,0,0
DATAFLOW,OECD.ELS.SAE:DSD_POPULATION@DF_POP_HIST(1.0),,I,CZE,POP,PS,_T,_T,H,1958,9574650.0,A,0,0
DATAFLOW,OECD.ELS.SAE:DSD_POPULATION@DF_POP_HIST(1.0),,I,CZE,POP,PS,_T,_T,H,1959,9618554.0,A,0,0
DATAFLOW,OECD.ELS.SAE:DSD_POPULATION@DF_POP_HIST(1.0),,I,CZE,POP,PS,_T,_T,H,1960,9659818.0,A,0,0
DATAFLOW,OECD.ELS.SAE:DSD_POPULATION@DF_POP_HIST(1.0),,I,CZE,POP,PS,_T,_T,H,1961,9588016.0,A,0,0
DATAFLOW,OECD.ELS.SAE:DSD_POPULATION@DF_POP_HIST(1.0),,I,CZE,POP,PS,_T,_T,H,1962,9621808.0,A,0,0
DATAFLOW,OECD.ELS.SAE:DSD_POPULATION@DF_POP_HIST(1.0),,I,CZE,POP,PS,_T,_T,H,1963,9668741.0,A,0,0
DATAFLOW,OECD.ELS.SAE:DSD_POPULATION@DF_POP_HIST(1.0),,I,CZE,POP,PS,_T,_T,H,1964,9730019.0,A,0,0
DATAFLOW,OECD.ELS.SAE:DSD_POPULATION@DF_POP_HIST(1.0),,I,CZE,POP,PS,_T,_T,H,1965,9785102.0,A,0,0
DATAFLOW,OECD.ELS.SAE:DSD_POPULATION@DF_POP_HIST(1.0),,I,CZE,POP,PS,_T,_T,H,1966,9826188.0,A,0,0
DATAFLOW,OECD.ELS.SAE:DSD_POPULATION@DF_POP_HIST(1.0),,I,CZE,POP,PS,_T,_T,H,1967,9854241.0,A,0,0
DATAFLOW,OECD.ELS.SAE:DSD_POPULATION@DF_POP_HIST(1.0),,I,CZE,POP,PS,_T,_T,H,1968,9877632.0,A,0,0
DATAFLOW,OECD.ELS.SAE:DSD_POPULATION@DF_POP_HIST(1.0),,I,CZE,POP,PS,_T,_T,H,1969,9896695.0,A,0,0
DATAFLOW,OECD.ELS.SAE:DSD_POPULATION@DF_POP_HIST(1.0),,I,CZE,POP,PS,_T,_T,H,1970,9805157.0,A,0,0
DATAFLOW,OECD.ELS.SAE:DSD_POPULATION@DF_POP_HIST(1.0),,I,CZE,POP,PS,_T,_T,H,1971,9830602.0,A,0,0
DATAFLOW,OECD.ELS.SAE:DSD_POPULATION@DF_POP_HIST(1.0),,I,CZE,POP,PS,_T,_T,H,1972,9868379.0,A,0,0
DATAFLOW,OECD.ELS.SAE:DSD_POPULATION@DF_POP_HIST(1.0),,I,CZE,POP,PS,_T,_T,H,1973,9919519.0,A,0,0
DATAFLOW,OECD.ELS.SAE:DSD_POPULATION@DF_POP_HIST(1.0),,I,CZE,POP,PS,_T,_T,H,1974,9994761.0,A,0,0
DATAFLOW,OECD.ELS.SAE:DSD_POPULATION@DF_POP_HIST(1.0),,I,CZE,POP,PS,_T,_T,H,1975,10062366.0,A,0,0
DATAFLOW,OECD.ELS.SAE:DSD_POPULATION@DF_POP_HIST(1.0),,I,CZE,POP,PS,_T,_T,H,1976,10128220.0,A,0,0
DATAFLOW,OECD.ELS.SAE:DSD_POPULATION@DF_POP_HIST(1.0),,I,CZE,POP,PS,_T,_T,H,1977,10189312.0,A,0,0
DATAFLOW,OECD.ELS.SAE:DSD_POPULATION@DF_POP_HIST(1.0),,I,CZE,POP,PS,_T,_T,H,1978,10245686.0,A,0,0
DATAFLOW,OECD.ELS.SAE:DSD_POPULATION@DF_POP_HIST(1.0),,I,CZE,POP,PS,_T,_T,H,1979,10296489.0,A,0,0
DATAFLOW,OECD.ELS.SAE:DSD_POPULATION@DF_POP_HIST(1.0),,I,CZE,POP,PS,_T,_T,H,1980,10326792.0,A,0,0
DATAFLOW,OECD.ELS.SAE:DSD_POPULATION@DF_POP_HIST(1.0),,I,CZE,POP,PS,_T,_T,H,1981,10303208.0,A,0,0
DATAFLOW,OECD.ELS.SAE:DSD_POPULATION@DF_POP_HIST(1.0),,I,CZE,POP,PS,_T,_T,H,1982,10314321.0,A,0,0
DATAFLOW,OECD.ELS.SAE:DSD_POPULATION@DF_POP_HIST(1.0),,I,CZE,POP,PS,_T,_T,H,1983,10322823.0,A,0,0
DATAFLOW,OECD.ELS.SAE:DSD_POPULATION@DF_POP_HIST(1.0),,I,CZE,POP,PS,_T,_T,H,1984,10330481.0,A,0,0
DATAFLOW,OECD.ELS.SAE:DSD_POPULATION@DF_POP_HIST(1.0),,I,CZE,POP,PS,_T,_T,H,1985,10336742.0,A,0,0
DATAFLOW,OECD.ELS.SAE:DSD_POPULATION@DF_POP_HIST(1.0),,I,CZE,POP,PS,_T,_T,H,1986,10340737.0,A,0,0
DATAFLOW,OECD.ELS.SAE:DSD_POPULATION@DF_POP_HIST(1.0),,I,CZE,POP,PS,_T,_T,H,1987,10348834.0,A,0,0
DATAFLOW,OECD.ELS.SAE:DSD_POPULATION@DF_POP_HIST(1.0),,I,CZE,POP,PS,_T,_T,H,1988,10356359.0,A,0,0
DATAFLOW,OECD.ELS.SAE:DSD_POPULATION@DF_POP_HIST(1.0),,I,CZE,POP,PS,_T,_T,H,1989,10362257.0,A,0,0
DATAFLOW,OECD.ELS.SAE:DSD_POPULATION@DF_POP_HIST(1.0),,I,CZE,POP,PS,_T,_T,H,1990,10362740.0,A,0,0
DATAFLOW,OECD.ELS.SAE:DSD_POPULATION@DF_POP_HIST(1.0),,I,CZE,POP,PS,_T,_T,H,1991,10308682.0,A,0,0
DATAFLOW,OECD.ELS.SAE:DSD_POPULATION@DF_POP_HIST(1.0),,I,CZE,POP,PS,_T,_T,H,1992,10317807.0,A,0,0
DATAFLOW,OECD.ELS.SAE:DSD_POPULATION@DF_POP_HIST(1.0),,I,CZE,POP,PS,_T,_T,H,1993,10330607.0,A,0,0
DATAFLOW,OECD.ELS.SAE:DSD_POPULATION@DF_POP_HIST(1.0),,I,CZE,POP,PS,_T,_T,H,1994,10336162.0,A,0,0
DATAFLOW,OECD.ELS.SAE:DSD_POPULATION@DF_POP_HIST(1.0),,I,CZE,POP,PS,_T,_T,H,1995,10330759.0,A,0,0
DATAFLOW,OECD.ELS.SAE:DSD_POPULATION@DF_POP_HIST(1.0),,I,CZE,POP,PS,_T,_T,H,1996,10315353.0,A,0,0
DATAFLOW,OECD.ELS.SAE:DSD_POPULATION@DF_POP_HIST(1.0),,I,CZE,POP,PS,_T,_T,H,1997,10303642.0,A,0,0
DATAFLOW,OECD.ELS.SAE:DSD_POPULATION@DF_POP_HIST(1.0),,I,CZE,POP,PS,_T,_T,H,1998,10294943.0,A,0,0
DATAFLOW,OECD.ELS.SAE:DSD_POPULATION@DF_POP_HIST(1.0),,I,CZE,POP,PS,_T,_T,H,1999,10282784.0,A,0,0
DATAFLOW,OECD.ELS.SAE:DSD_POPULATION@DF_POP_HIST(1.0),,I,CZE,POP,PS,_T,_T,H,2000,10272503.0,A,0,0
DATAFLOW,OECD.ELS.SAE:DSD_POPULATION@DF_POP_HIST(1.0),,I,CZE,POP,PS,_T,_T,H,2001,10224192.0,A,0,0
DATAFLOW,OECD.ELS.SAE:DSD_POPULATION@DF_POP_HIST(1.0),,I,CZE,POP,PS,_T,_T,H,2002,10200774.0,A,0,0
DATAFLOW,OECD.ELS.SAE:DSD_POPULATION@DF_POP_HIST(1.0),,I,CZE,POP,PS,_T,_T,H,2003,10201651.0,A,0,0
DATAFLOW,OECD.ELS.SAE:DSD_POPULATION@DF_POP_HIST(1.0),,I,CZE,POP,PS,_T,_T,H,2004,10206923.0,A,0,0
DATAFLOW,OECD.ELS.SAE:DSD_POPULATION@DF_POP_HIST(1.0),,I,CZE,POP,PS,_T,_T,H,2005,10234092.0,A,0,0
DATAFLOW,OECD.ELS.SAE:DSD_POPULATION@DF_POP_HIST(1.0),,I,CZE,POP,PS,_T,_T,H,2006,10266646.0,A,0,0
DATAFLOW,OECD.ELS.SAE:DSD_POPULATION@DF_POP_HIST(1.0),,I,CZE,POP,PS,_T,_T,H,2007,10322689.0,A,0,0
DATAFLOW,OECD.ELS.SAE:DSD_POPULATION@DF_POP_HIST(1.0),,I,CZE,POP,PS,_T,_T,H,2008,10429692.0,A,0,0
DATAFLOW,OECD.ELS.SAE:DSD_POPULATION@DF_POP_HIST(1.0),,I,CZE,POP,PS,_T,_T,H,2009,10491492.0,A,0,0
DATAFLOW,OECD.ELS.SAE:DSD_POPULATION@DF_POP_HIST(1.0),,I,CZE,POP,PS,_T,_T,H,2010,10517247.0,A,0,0
DATAFLOW,OECD.ELS.SAE:DSD_POPULATION@DF_POP_HIST(1.0),,I,CZE,POP,PS,_T,_T,H,2011,10496672.0,A,0,0
DATAFLOW,OECD.ELS.SAE:DSD_POPULATION@DF_POP_HIST(1.0),,I,CZE,POP,PS,_T,_T,H,2012,10509286.0,A,0,0
DATAFLOW,OECD.ELS.SAE:DSD_POPULATION@DF_POP_HIST(1.0),,I,CZE,POP,PS,_T,_T,H,2013,10510719.0,A,0,0
DATAFLOW,OECD.ELS.SAE:DSD_POPULATION@DF_POP_HIST(1.0),,I,CZE,POP,PS,_T,_T,H,2014,10524783.0,A,0,0
DATAFLOW,OECD.ELS.SAE:DSD_POPULATION@DF_POP_HIST(1.0),,I,CZE,POP,PS,_T,_T,H,2015,10542942.0,A,0,0
DATAFLOW,OECD.ELS.SAE:DSD_POPULATION@DF_POP_HIST(1.0),,I,CZE,POP,PS,_T,_T,H,2016,10565284.0,A,0,0
DATAFLOW,OECD.ELS.SAE:DSD_POPULATION@DF_POP_HIST(1.0),,I,CZE,POP,PS,_T,_T,H,2017,10589526.0,A,0,0
DATAFLOW,OECD.ELS.SAE:DSD_POPULATION@DF_POP_HIST(1.0),,I,CZE,POP,PS,_T,_T,H,2018,10626430.0,A,0,0
DATAFLOW,OECD.ELS.SAE:DSD_POPULATION@DF_POP_HIST(1.0),,I,CZE,POP,PS,_T,_T,H,2019,10669324.0,A,0,0
DATAFLOW,OECD.ELS.SAE:DSD_POPULATION@DF_POP_HIST(1.0),,I,CZE,POP,PS,_T,_T,H,2020,10700155.0,A,0,0
DATAFLOW,OECD.ELS.SAE:DSD_POPULATION@DF_POP_HIST(1.0),,I,CZE,POP,PS,_T,_T,H,2021,10500850.0,A,0,0
DATAFLOW,OECD.ELS.SAE:DSD_POPULATION@DF_POP_HIST(1.0),,I,CZE,POP,PS,_T,_T,H,2022,10759525.0,A,0,0
DATAFLOW,OECD.ELS.SAE:DSD_POPULATION@DF_POP_HIST(1.0),,I,DNK,POP,PS,_T,_T,H,1950,4268468.0,A,0,0
DATAFLOW,OECD.ELS.SAE:DSD_POPULATION@DF_POP_HIST(1.0),,I,DNK,POP,PS,_T,_T,H,1951,4300376.0,A,0,0
DATAFLOW,OECD.ELS.SAE:DSD_POPULATION@DF_POP_HIST(1.0),,I,DNK,POP,PS,_T,_T,H,1952,4332355.0,A,0,0
DATAFLOW,OECD.ELS.SAE:DSD_POPULATION@DF_POP_HIST(1.0),,I,DNK,POP,PS,_T,_T,H,1953,4369279.0,A,0,0
DATAFLOW,OECD.ELS.SAE:DSD_POPULATION@DF_POP_HIST(1.0),,I,DNK,POP,PS,_T,_T,H,1954,4406576.0,A,0,0
DATAFLOW,OECD.ELS.SAE:DSD_POPULATION@DF_POP_HIST(1.0),,I,DNK,POP,PS,_T,_T,H,1955,4439006.0,A,0,0
DATAFLOW,OECD.ELS.SAE:DSD_POPULATION@DF_POP_HIST(1.0),,I,DNK,POP,PS,_T,_T,H,1956,4466527.0,A,0,0
DATAFLOW,OECD.ELS.SAE:DSD_POPULATION@DF_POP_HIST(1.0),,I,DNK,POP,PS,_T,_T,H,1957,4489871.0,A,0,0
DATAFLOW,OECD.ELS.SAE:DSD_POPULATION@DF_POP_HIST(1.0),,I,DNK,POP,PS,_T,_T,H,1958,4516287.0,A,0,0
DATAFLOW,OECD.ELS.SAE:DSD_POPULATION@DF_POP_HIST(1.0),,I,DNK,POP,PS,_T,_T,H,1959,4548660.0,A,0,0
DATAFLOW,OECD.ELS.SAE:DSD_POPULATION@DF_POP_HIST(1.0),,I,DNK,POP,PS,_T,_T,H,1960,4579603.0,A,0,0
DATAFLOW,OECD.ELS.SAE:DSD_POPULATION@DF_POP_HIST(1.0),,I,DNK,POP,PS,_T,_T,H,1961,4611690.0,A,0,0
DATAFLOW,OECD.ELS.SAE:DSD_POPULATION@DF_POP_HIST(1.0),,I,DNK,POP,PS,_T,_T,H,1962,4647733.0,A,0,0
DATAFLOW,OECD.ELS.SAE:DSD_POPULATION@DF_POP_HIST(1.0),,I,DNK,POP,PS,_T,_T,H,1963,4684481.0,A,0,0
DATAFLOW,OECD.ELS.SAE:DSD_POPULATION@DF_POP_HIST(1.0),,I,DNK,POP,PS,_T,_T,H,1964,4722074.0,A,0,0
DATAFLOW,OECD.ELS.SAE:DSD_POPULATION@DF_POP_HIST(1.0),,I,DNK,POP,PS,_T,_T,H,1965,4759011.0,A,0,0
DATAFLOW,OECD.ELS.SAE:DSD_POPULATION@DF_POP_HIST(1.0),,I,DNK,POP,PS,_T,_T,H,1966,4797381.0,A,0,0
DATAFLOW,OECD.ELS.SAE:DSD_POPULATION@DF_POP_HIST(1.0),,I,DNK,POP,PS,_T,_T,H,1967,4835358.0,A,0,0
DATAFLOW,OECD.ELS.SAE:DSD_POPULATION@DF_POP_HIST(1.0),,I,DNK,POP,PS,_T,_T,H,1968,4864879.0,A,0,0
DATAFLOW,OECD.ELS.SAE:DSD_POPULATION@DF_POP_HIST(1.0),,I,DNK,POP,PS,_T,_T,H,1969,4891860.0,A,0,0
DATAFLOW,OECD.ELS.SAE:DSD_POPULATION@DF_POP_HIST(1.0),,I,DNK,POP,PS,_T,_T,H,1970,4928748.0,A,0,0
DATAFLOW,OECD.ELS.SAE:DSD_POPULATION@DF_POP_HIST(1.0),,I,DNK,POP,PS,_T,_T,H,1971,4963126.0,A,0,0
DATAFLOW,OECD.ELS.SAE:DSD_POPULATION@DF_POP_HIST(1.0),,I,DNK,POP,PS,_T,_T,H,1972,4991596.0,A,0,0
DATAFLOW,OECD.ELS.SAE:DSD_POPULATION@DF_POP_HIST(1.0),,I,DNK,POP,PS,_T,_T,H,1973,5021862.0,A,0,0
DATAFLOW,OECD.ELS.SAE:DSD_POPULATION@DF_POP_HIST(1.0),,I,DNK,POP,PS,_T,_T,H,1974,5045298.0,A,0,0
DATAFLOW,OECD.ELS.SAE:DSD_POPULATION@DF_POP_HIST(1.0),,I,DNK,POP,PS,_T,_T,H,1975,5059862.0,A,0,0
DATAFLOW,OECD.ELS.SAE:DSD_POPULATION@DF_POP_HIST(1.0),,I,DNK,POP,PS,_T,_T,H,1976,5072597.0,A,0,0
DATAFLOW,OECD.ELS.SAE:DSD_POPULATION@DF_POP_HIST(1.0),,I,DNK,POP,PS,_T,_T,H,1977,5088420.0,A,0,0
DATAFLOW,OECD.ELS.SAE:DSD_POPULATION@DF_POP_HIST(1.0),,I,DNK,POP,PS,_T,_T,H,1978,5104248.0,A,0,0
DATAFLOW,OECD.ELS.SAE:DSD_POPULATION@DF_POP_HIST(1.0),,I,DNK,POP,PS,_T,_T,H,1979,5116802.0,A,0,0
DATAFLOW,OECD.ELS.SAE:DSD_POPULATION@DF_POP_HIST(1.0),,I,DNK,POP,PS,_T,_T,H,1980,5123027.0,A,0,0
DATAFLOW,OECD.ELS.SAE:DSD_POPULATION@DF_POP_HIST(1.0),,I,DNK,POP,PS,_T,_T,H,1981,5121572.0,A,0,0
DATAFLOW,OECD.ELS.SAE:DSD_POPULATION@DF_POP_HIST(1.0),,I,DNK,POP,PS,_T,_T,H,1982,5117810.0,A,0,0
DATAFLOW,OECD.ELS.SAE:DSD_POPULATION@DF_POP_HIST(1.0),,I,DNK,POP,PS,_T,_T,H,1983,5114297.0,A,0,0
DATAFLOW,OECD.ELS.SAE:DSD_POPULATION@DF_POP_HIST(1.0),,I,DNK,POP,PS,_T,_T,H,1984,5111619.0,A,0,0
DATAFLOW,OECD.ELS.SAE:DSD_POPULATION@DF_POP_HIST(1.0),,I,DNK,POP,PS,_T,_T,H,1985,5113691.0,A,0,0
DATAFLOW,OECD.ELS.SAE:DSD_POPULATION@DF_POP_HIST(1.0),,I,DNK,POP,PS,_T,_T,H,1986,5120534.0,A,0,0
DATAFLOW,OECD.ELS.SAE:DSD_POPULATION@DF_POP_HIST(1.0),,I,DNK,POP,PS,_T,_T,H,1987,5127024.0,A,0,0
DATAFLOW,OECD.ELS.SAE:DSD_POPULATION@DF_POP_HIST(1.0),,I,DNK,POP,PS,_T,_T,H,1988,5129517.0,A,0,0
DATAFLOW,OECD.ELS.SAE:DSD_POPULATION@DF_POP_HIST(1.0),,I,DNK,POP,PS,_T,_T,H,1989,5132594.0,A,0,0
DATAFLOW,OECD.ELS.SAE:DSD_POPULATION@DF_POP_HIST(1.0),,I,DNK,POP,PS,_T,_T,H,1990,5140939.0,A,0,0
DATAFLOW,OECD.ELS.SAE:DSD_POPULATION@DF_POP_HIST(1.0),,I,DNK,POP,PS,_T,_T,H,1991,5154298.0,A,0,0
DATAFLOW,OECD.ELS.SAE:DSD_POPULATION@DF_POP_HIST(1.0),,I,DNK,POP,PS,_T,_T,H,1992,5171370.0,A,0,0
DATAFLOW,OECD.ELS.SAE:DSD_POPULATION@DF_POP_HIST(1.0),,I,DNK,POP,PS,_T,_T,H,1993,5189377.0,A,0,0
DATAFLOW,OECD.ELS.SAE:DSD_POPULATION@DF_POP_HIST(1.0),,I,DNK,POP,PS,_T,_T,H,1994,5204994.0,A,0,0
DATAFLOW,OECD.ELS.SAE:DSD_POPULATION@DF_POP_HIST(1.0),,I,DNK,POP,PS,_T,_T,H,1995,5227861.0,A,0,0
DATAFLOW,OECD.ELS.SAE:DSD_POPULATION@DF_POP_HIST(1.0),,I,DNK,POP,PS,_T,_T,H,1996,5261503.0,A,0,0
DATAFLOW,OECD.ELS.SAE:DSD_POPULATION@DF_POP_HIST(1.0),,I,DNK,POP,PS,_T,_T,H,1997,5284220.0,A,0,0
DATAFLOW,OECD.ELS.SAE:DSD_POPULATION@DF_POP_HIST(1.0),,I,DNK,POP,PS,_T,_T,H,1998,5301304.0,A,0,0
DATAFLOW,OECD.ELS.SAE:DSD_POPULATION@DF_POP_HIST(1.0),,I,DNK,POP,PS,_T,_T,H,1999,5319111.0,A,0,0
DATAFLOW,OECD.ELS.SAE:DSD_POPULATION@DF_POP_HIST(1.0),,I,DNK,POP,PS,_T,_T,H,2000,5337344.0,A,0,0
DATAFLOW,OECD.ELS.SAE:DSD_POPULATION@DF_POP_HIST(1.0),,I,DNK,POP,PS,_T,_T,H,2001,5355082.0,A,0,0
DATAFLOW,OECD.ELS.SAE:DSD_POPULATION@DF_POP_HIST(1.0),,I,DNK,POP,PS,_T,_T,H,2002,5374255.0,A,0,0
DATAFLOW,OECD.ELS.SAE:DSD_POPULATION@DF_POP_HIST(1.0),,I,DNK,POP,PS,_T,_T,H,2003,5387174.0,A,0,0
DATAFLOW,OECD.ELS.SAE:DSD_POPULATION@DF_POP_HIST(1.0),,I,DNK,POP,PS,_T,_T,H,2004,5401177.0,A,0,0
DATAFLOW,OECD.ELS.SAE:DSD_POPULATION@DF_POP_HIST(1.0),,I,DNK,POP,PS,_T,_T,H,2005,5415978.0,A,0,0
DATAFLOW,OECD.ELS.SAE:DSD_POPULATION@DF_POP_HIST(1.0),,I,DNK,POP,PS,_T,_T,H,2006,5434567.0,A,0,0
DATAFLOW,OECD.ELS.SAE:DSD_POPULATION@DF_POP_HIST(1.0),,I,DNK,POP,PS,_T,_T,H,2007,5457415.0,A,0,0
DATAFLOW,OECD.ELS.SAE:DSD_POPULATION@DF_POP_HIST(1.0),,I,DNK,POP,PS,_T,_T,H,2008,5489022.0,A,0,0
DATAFLOW,OECD.ELS.SAE:DSD_POPULATION@DF_POP_HIST(1.0),,I,DNK,POP,PS,_T,_T,H,2009,5519441.0,A,0,0
DATAFLOW,OECD.ELS.SAE:DSD_POPULATION@DF_POP_HIST(1.0),,I,DNK,POP,PS,_T,_T,H,2010,5543819.0,A,0,0
DATAFLOW,OECD.ELS.SAE:DSD_POPULATION@DF_POP_HIST(1.0),,I,DNK,POP,PS,_T,_T,H,2011,5566856.0,A,0,0
DATAFLOW,OECD.ELS.SAE:DSD_POPULATION@DF_POP_HIST(1.0),,I,DNK,POP,PS,_T,_T,H,2012,5587085.0,A,0,0
DATAFLOW,OECD.ELS.SAE:DSD_POPULATION@DF_POP_HIST(1.0),,I,DNK,POP,PS,_T,_T,H,2013,5608784.0,A,0,0
DATAFLOW,OECD.ELS.SAE:DSD_POPULATION@DF_POP_HIST(1.0),,I,DNK,POP,PS,_T,_T,H,2014,5639719.0,A,0,0
DATAFLOW,OECD.ELS.SAE:DSD_POPULATION@DF_POP_HIST(1.0),,I,DNK,POP,PS,_T,_T,H,2015,5678348.0,A,0,0
DATAFLOW,OECD.ELS.SAE:DSD_POPULATION@DF_POP_HIST(1.0),,I,DNK,POP,PS,_T,_T,H,2016,5724456.0,A,0,0
DATAFLOW,OECD.ELS.SAE:DSD_POPULATION@DF_POP_HIST(1.0),,I,DNK,POP,PS,_T,_T,H,2017,5760694.0,A,0,0
DATAFLOW,OECD.ELS.SAE:DSD_POPULATION@DF_POP_HIST(1.0),,I,DNK,POP,PS,_T,_T,H,2018,5789957.0,A,0,0
DATAFLOW,OECD.ELS.SAE:DSD_POPULATION@DF_POP_HIST(1.0),,I,DNK,POP,PS,_T,_T,H,2019,5814461.0,A,0,0
DATAFLOW,OECD.ELS.SAE:DSD_POPULATION@DF_POP_HIST(1.0),,I,DNK,POP,PS,_T,_T,H,2020,5825337.0,A,0,0
DATAFLOW,OECD.ELS.SAE:DSD_POPULATION@DF_POP_HIST(1.0),,I,DNK,POP,PS,_T,_T,H,2021,5850189.0,A,0,0
DATAFLOW,OECD.ELS.SAE:DSD_POPULATION@DF_POP_HIST(1.0),,I,DNK,POP,PS,_T,_T,H,2022,5910577.0,A,0,0
DATAFLOW,OECD.ELS.SAE:DSD_POPULATION@DF_POP_HIST(1.0),,I,FIN,POP,PS,_T,_T,H,1950,4008902.0,A,0,0
DATAFLOW,OECD.ELS.SAE:DSD_POPULATION@DF_POP_HIST(1.0),,I,FIN,POP,PS,_T,_T,H,1951,4047264.0,A,0,0
DATAFLOW,OECD.ELS.SAE:DSD_POPULATION@DF_POP_HIST(1.0),,I,FIN,POP,PS,_T,_T,H,1952,4090476.0,A,0,0
DATAFLOW,OECD.ELS.SAE:DSD_POPULATION@DF_POP_HIST(1.0),,I,FIN,POP,PS,_T,_T,H,1953,4139418.0,A,0,0
DATAFLOW,OECD.ELS.SAE:DSD_POPULATION@DF_POP_HIST(1.0),,I,FIN,POP,PS,_T,_T,H,1954,4186901.0,A,0,0
DATAFLOW,OECD.ELS.SAE:DSD_POPULATION@DF_POP_HIST(1.0),,I,FIN,POP,PS,_T,_T,H,1955,4234881.0,A,0,0
DATAFLOW,OECD.ELS.SAE:DSD_POPULATION@DF_POP_HIST(1.0),,I,FIN,POP,PS,_T,_T,H,1956,4281703.0,A,0,0
DATAFLOW,OECD.ELS.SAE:DSD_POPULATION@DF_POP_HIST(1.0),,I,FIN,POP,PS,_T,_T,H,1957,4324012.0,A,0,0
DATAFLOW,OECD.ELS.SAE:DSD_POPULATION@DF_POP_HIST(1.0),,I,FIN,POP,PS,_T,_T,H,1958,4359753.0,A,0,0
DATAFLOW,OECD.ELS.SAE:DSD_POPULATION@DF_POP_HIST(1.0),,I,FIN,POP,PS,_T,_T,H,1959,4394680.0,A,0,0
DATAFLOW,OECD.ELS.SAE:DSD_POPULATION@DF_POP_HIST(1.0),,I,FIN,POP,PS,_T,_T,H,1960,4429633.0,A,0,0
DATAFLOW,OECD.ELS.SAE:DSD_POPULATION@DF_POP_HIST(1.0),,I,FIN,POP,PS,_T,_T,H,1961,4461007.0,A,0,0
DATAFLOW,OECD.ELS.SAE:DSD_POPULATION@DF_POP_HIST(1.0),,I,FIN,POP,PS,_T,_T,H,1962,4491442.0,A,0,0
DATAFLOW,OECD.ELS.SAE:DSD_POPULATION@DF_POP_HIST(1.0),,I,FIN,POP,PS,_T,_T,H,1963,4523307.0,A,0,0
DATAFLOW,OECD.ELS.SAE:DSD_POPULATION@DF_POP_HIST(1.0),,I,FIN,POP,PS,_T,_T,H,1964,4548545.0,A,0,0
DATAFLOW,OECD.ELS.SAE:DSD_POPULATION@DF_POP_HIST(1.0),,I,FIN,POP,PS,_T,_T,H,1965,4563732.0,A,0,0
DATAFLOW,OECD.ELS.SAE:DSD_POPULATION@DF_POP_HIST(1.0),,I,FIN,POP,PS,_T,_T,H,1966,4580868.0,A,0,0
DATAFLOW,OECD.ELS.SAE:DSD_POPULATION@DF_POP_HIST(1.0),,I,FIN,POP,PS,_T,_T,H,1967,4605743.0,A,0,0
DATAFLOW,OECD.ELS.SAE:DSD_POPULATION@DF_POP_HIST(1.0),,I,FIN,POP,PS,_T,_T,H,1968,4626471.0,A,0,0
DATAFLOW,OECD.ELS.SAE:DSD_POPULATION@DF_POP_HIST(1.0),,I,FIN,POP,PS,_T,_T,H,1969,4623785.0,A,0,0
DATAFLOW,OECD.ELS.SAE:DSD_POPULATION@DF_POP_HIST(1.0),,I,FIN,POP,PS,_T,_T,H,1970,4606304.0,A,0,0
DATAFLOW,OECD.ELS.SAE:DSD_POPULATION@DF_POP_HIST(1.0),,I,FIN,POP,PS,_T,_T,H,1971,4612124.0,A,0,0
DATAFLOW,OECD.ELS.SAE:DSD_POPULATION@DF_POP_HIST(1.0),,I,FIN,POP,PS,_T,_T,H,1972,4639656.0,A,0,0
DATAFLOW,OECD.ELS.SAE:DSD_POPULATION@DF_POP_HIST(1.0),,I,FIN,POP,PS,_T,_T,H,1973,4666079.0,A,0,0
DATAFLOW,OECD.ELS.SAE:DSD_POPULATION@DF_POP_HIST(1.0),,I,FIN,POP,PS,_T,_T,H,1974,4690575.0,A,0,0
DATAFLOW,OECD.ELS.SAE:DSD_POPULATION@DF_POP_HIST(1.0),,I,FIN,POP,PS,_T,_T,H,1975,4711440.0,A,0,0
DATAFLOW,OECD.ELS.SAE:DSD_POPULATION@DF_POP_HIST(1.0),,I,FIN,POP,PS,_T,_T,H,1976,4725665.0,A,0,0
DATAFLOW,OECD.ELS.SAE:DSD_POPULATION@DF_POP_HIST(1.0),,I,FIN,POP,PS,_T,_T,H,1977,4738900.0,A,0,0
DATAFLOW,OECD.ELS.SAE:DSD_POPULATION@DF_POP_HIST(1.0),,I,FIN,POP,PS,_T,_T,H,1978,4752527.0,A,0,0
DATAFLOW,OECD.ELS.SAE:DSD_POPULATION@DF_POP_HIST(1.0),,I,FIN,POP,PS,_T,_T,H,1979,4764691.0,A,0,0
DATAFLOW,OECD.ELS.SAE:DSD_POPULATION@DF_POP_HIST(1.0),,I,FIN,POP,PS,_T,_T,H,1980,4779537.0,A,0,0
DATAFLOW,OECD.ELS.SAE:DSD_POPULATION@DF_POP_HIST(1.0),,I,FIN,POP,PS,_T,_T,H,1981,4799962.0,A,0,0
DATAFLOW,OECD.ELS.SAE:DSD_POPULATION@DF_POP_HIST(1.0),,I,FIN,POP,PS,_T,_T,H,1982,4826931.0,A,0,0
DATAFLOW,OECD.ELS.SAE:DSD_POPULATION@DF_POP_HIST(1.0),,I,FIN,POP,PS,_T,_T,H,1983,4855786.0,A,0,0
DATAFLOW,OECD.ELS.SAE:DSD_POPULATION@DF_POP_HIST(1.0),,I,FIN,POP,PS,_T,_T,H,1984,4881806.0,A,0,0
DATAFLOW,OECD.ELS.SAE:DSD_POPULATION@DF_POP_HIST(1.0),,I,FIN,POP,PS,_T,_T,H,1985,4902202.0,A,0,0
DATAFLOW,OECD.ELS.SAE:DSD_POPULATION@DF_POP_HIST(1.0),,I,FIN,POP,PS,_T,_T,H,1986,4918150.0,A,0,0
DATAFLOW,OECD.ELS.SAE:DSD_POPULATION@DF_POP_HIST(1.0),,I,FIN,POP,PS,_T,_T,H,1987,4932123.0,A,0,0
DATAFLOW,OECD.ELS.SAE:DSD_POPULATION@DF_POP_HIST(1.0),,I,FIN,POP,PS,_T,_T,H,1988,4946487.0,A,0,0
DATAFLOW,OECD.ELS.SAE:DSD_POPULATION@DF_POP_HIST(1.0),,I,FIN,POP,PS,_T,_T,H,1989,4964370.0,A,0,0
DATAFLOW,OECD.ELS.SAE:DSD_POPULATION@DF_POP_HIST(1.0),,I,FIN,POP,PS,_T,_T,H,1990,4986433.0,A,0,0
DATAFLOW,OECD.ELS.SAE:DSD_POPULATION@DF_POP_HIST(1.0),,I,FIN,POP,PS,_T,_T,H,1991,5013737.0,A,0,0
DATAFLOW,OECD.ELS.SAE:DSD_POPULATION@DF_POP_HIST(1.0),,I,FIN,POP,PS,_T,_T,H,1992,5041990.0,A,0,0
DATAFLOW,OECD.ELS.SAE:DSD_POPULATION@DF_POP_HIST(1.0),,I,FIN,POP,PS,_T,_T,H,1993,5066452.0,A,0,0
DATAFLOW,OECD.ELS.SAE:DSD_POPULATION@DF_POP_HIST(1.0),,I,FIN,POP,PS,_T,_T,H,1994,5088324.0,A,0,0
DATAFLOW,OECD.ELS.SAE:DSD_POPULATION@DF_POP_HIST(1.0),,I,FIN,POP,PS,_T,_T,H,1995,5107787.0,A,0,0
DATAFLOW,OECD.ELS.SAE:DSD_POPULATION@DF_POP_HIST(1.0),,I,FIN,POP,PS,_T,_T,H,1996,5124573.0,A,0,0
DATAFLOW,OECD.ELS.SAE:DSD_POPULATION@DF_POP_HIST(1.0),,I,FIN,POP,PS,_T,_T,H,1997,5139839.0,A,0,0
DATAFLOW,OECD.ELS.SAE:DSD_POPULATION@DF_POP_HIST(1.0),,I,FIN,POP,PS,_T,_T,H,1998,5153499.0,A,0,0
DATAFLOW,OECD.ELS.SAE:DSD_POPULATION@DF_POP_HIST(1.0),,I,FIN,POP,PS,_T,_T,H,1999,5165470.0,A,0,0
DATAFLOW,OECD.ELS.SAE:DSD_POPULATION@DF_POP_HIST(1.0),,I,FIN,POP,PS,_T,_T,H,2000,5176203.0,A,0,0
DATAFLOW,OECD.ELS.SAE:DSD_POPULATION@DF_POP_HIST(1.0),,I,FIN,POP,PS,_T,_T,H,2001,5188005.0,A,0,0
DATAFLOW,OECD.ELS.SAE:DSD_POPULATION@DF_POP_HIST(1.0),,I,FIN,POP,PS,_T,_T,H,2002,5200598.0,A,0,0
DATAFLOW,OECD.ELS.SAE:DSD_POPULATION@DF_POP_HIST(1.0),,I,FIN,POP,PS,_T,_T,H,2003,5213010.0,A,0,0
DATAFLOW,OECD.ELS.SAE:DSD_POPULATION@DF_POP_HIST(1.0),,I,FIN,POP,PS,_T,_T,H,2004,5228173.0,A,0,0
DATAFLOW,OECD.ELS.SAE:DSD_POPULATION@DF_POP_HIST(1.0),,I,FIN,POP,PS,_T,_T,H,2005,5246100.0,A,0,0
DATAFLOW,OECD.ELS.SAE:DSD_POPULATION@DF_POP_HIST(1.0),,I,FIN,POP,PS,_T,_T,H,2006,5266266.0,A,0,0
DATAFLOW,OECD.ELS.SAE:DSD_POPULATION@DF_POP_HIST(1.0),,I,FIN,POP,PS,_T,_T,H,2007,5288719.0,A,0,0
DATAFLOW,OECD.ELS.SAE:DSD_POPULATION@DF_POP_HIST(1.0),,I,FIN,POP,PS,_T,_T,H,2008,5313398.0,A,0,0
DATAFLOW,OECD.ELS.SAE:DSD_POPULATION@DF_POP_HIST(1.0),,I,FIN,POP,PS,_T,_T,H,2009,5338867.0,A,0,0
DATAFLOW,OECD.ELS.SAE:DSD_POPULATION@DF_POP_HIST(1.0),,I,FIN,POP,PS,_T,_T,H,2010,5363341.0,A,0,0
DATAFLOW,OECD.ELS.SAE:DSD_POPULATION@DF_POP_HIST(1.0),,I,FIN,POP,PS,_T,_T,H,2011,5388272.0,A,0,0
DATAFLOW,OECD.ELS.SAE:DSD_POPULATION@DF_POP_HIST(1.0),,I,FIN,POP,PS,_T,_T,H,2012,5413967.0,A,0,0
DATAFLOW,OECD.ELS.SAE:DSD_POPULATION@DF_POP_HIST(1.0),,I,FIN,POP,PS,_T,_T,H,2013,5438975.0,A,0,0
DATAFLOW,OECD.ELS.SAE:DSD_POPULATION@DF_POP_HIST(1.0),,I,FIN,POP,PS,_T,_T,H,2014,5461507.0,A,0,0
DATAFLOW,OECD.ELS.SAE:DSD_POPULATION@DF_POP_HIST(1.0),,I,FIN,POP,PS,_T,_T,H,2015,5479528.0,A,0,0
DATAFLOW,OECD.ELS.SAE:DSD_POPULATION@DF_POP_HIST(1.0),,I,FIN,POP,PS,_T,_T,H,2016,5495297.0,A,0,0
DATAFLOW,OECD.ELS.SAE:DSD_POPULATION@DF_POP_HIST(1.0),,I,FIN,POP,PS,_T,_T,H,2017,5508209.0,A,0,0
DATAFLOW,OECD.ELS.SAE:DSD_POPULATION@DF_POP_HIST(1.0),,I,FIN,POP,PS,_T,_T,H,2018,5515525.0,A,0,0
DATAFLOW,OECD.ELS.SAE:DSD_POPULATION@DF_POP_HIST(1.0),,I,FIN,POP,PS,_T,_T,H,2019,5521605.0,A,0,0
DATAFLOW,OECD.ELS.SAE:DSD_POPULATION@DF_POP_HIST(1.0),,I,FIN,POP,PS,_T,_T,H,2020,5529545.0,A,0,0
DATAFLOW,OECD.ELS.SAE:DSD_POPULATION@DF_POP_HIST(1.0),,I,FIN,POP,PS,_T,_T,H,2021,5541020.0,A,0,0
DATAFLOW,OECD.ELS.SAE:DSD_POPULATION@DF_POP_HIST(1.0),,I,FIN,POP,PS,_T,_T,H,2022,5556108.0,A,0,0
DATAFLOW,OECD.ELS.SAE:DSD_POPULATION@DF_POP_HIST(1.0),,I,JPN,POP,PS,_T,_T,H,1950,84109139.0,A,0,0
DATAFLOW,OECD.ELS.SAE:DSD_POPULATION@DF_POP_HIST(1.0),,I,JPN,POP,PS,_T,_T,H,1951,85475000.0,A,0,0
DATAFLOW,OECD.ELS.SAE:DSD_POPULATION@DF_POP_HIST(1.0),,I,JPN,POP,PS,_T,_T,H,1952,86765900.0,A,0,0
DATAFLOW,OECD.ELS.SAE:DSD_POPULATION@DF_POP_HIST(1.0),,I,JPN,POP,PS,_T,_T,H,1953,87955300.0,A,0,0
DATAFLOW,OECD.ELS.SAE:DSD_POPULATION@DF_POP_HIST(1.0),,I,JPN,POP,PS,_T,_T,H,1954,89026700.0,A,0,0
DATAFLOW,OECD.ELS.SAE:DSD_POPULATION@DF_POP_HIST(1.0),,I,JPN,POP,PS,_T,_T,H,1955,90076594.0,A,0,0
DATAFLOW,OECD.ELS.SAE:DSD_POPULATION@DF_POP_HIST(1.0),,I,JPN,POP,PS,_T,_T,H,1956,90992000.0,A,0,0
DATAFLOW,OECD.ELS.SAE:DSD_POPULATION@DF_POP_HIST(1.0),,I,JPN,POP,PS,_T,_T,H,1957,91763000.0,A,0,0
DATAFLOW,OECD.ELS.SAE:DSD_POPULATION@DF_POP_HIST(1.0),,I,JPN,POP,PS,_T,_T,H,1958,92621000.0,A,0,0
DATAFLOW,OECD.ELS.SAE:DSD_POPULATION@DF_POP_HIST(1.0),,I,JPN,POP,PS,_T,_T,H,1959,93514000.0,A,0,0
DATAFLOW,OECD.ELS.SAE:DSD_POPULATION@DF_POP_HIST(1.0),,I,JPN,POP,PS,_T,_T,H,1960,94301623.0,A,0,0
DATAFLOW,OECD.ELS.SAE:DSD_POPULATION@DF_POP_HIST(1.0),,I,JPN,POP,PS,_T,_T,H,1961,95181000.0,A,0,0
DATAFLOW,OECD.ELS.SAE:DSD_POPULATION@DF_POP_HIST(1.0),,I,JPN,POP,PS,_T,_T,H,1962,96087000.0,A,0,0
DATAFLOW,OECD.ELS.SAE:DSD_POPULATION@DF_POP_HIST(1.0),,I,JPN,POP,PS,_T,_T,H,1963,97075000.0,A,0,0
DATAFLOW,OECD.ELS.SAE:DSD_POPULATION@DF_POP_HIST(1.0),,I,JPN,POP,PS,_T,_T,H,1964,98110000.0,A,0,0
DATAFLOW,OECD.ELS.SAE:DSD_POPULATION@DF_POP_HIST(1.0),,I,JPN,POP,PS,_T,_T,H,1965,99209137.0,A,0,0
DATAFLOW,OECD.ELS.SAE:DSD_POPULATION@DF_POP_HIST(1.0),,I,JPN,POP,PS,_T,_T,H,1966,99978000.0,A,0,0
DATAFLOW,OECD.ELS.SAE:DSD_POPULATION@DF_POP_HIST(1.0),,I,JPN,POP,PS,_T,_T,H,1967,101145000.0,A,0,0
DATAFLOW,OECD.ELS.SAE:DSD_POPULATION@DF_POP_HIST(1.0),,I,JPN,POP,PS,_T,_T,H,1968,102287000.0,A,0,0
DATAFLOW,OECD.ELS.SAE:DSD_POPULATION@DF_POP_HIST(1.0),,I,JPN,POP,PS,_T,_T,H,1969,103491000.0,A,0,0
DATAFLOW,OECD.ELS.SAE:DSD_POPULATION@DF_POP_HIST(1.0),,I,JPN,POP,PS,_T,_T,H,1970,104665171.0,A,0,0
DATAFLOW,OECD.ELS.SAE:DSD_POPULATION@DF_POP_HIST(1.0),,I,JPN,POP,PS,_T,_T,H,1971,106100000.0,A,0,0
DATAFLOW,OECD.ELS.SAE:DSD_POPULATION@DF_POP_HIST(1.0),,I,JPN,POP,PS,_T,_T,H,1972,107595000.0,A,0,0
DATAFLOW,OECD.ELS.SAE:DSD_POPULATION@DF_POP_HIST(1.0),,I,JPN,POP,PS,_T,_T,H,1973,109104000.0,A,0,0
DATAFLOW,OECD.ELS.SAE:DSD_POPULATION@DF_POP_HIST(1.0),,I,JPN,POP,PS,_T,_T,H,1974,110573000.0,A,0,0
DATAFLOW,OECD.ELS.SAE:DSD_POPULATION@DF_POP_HIST(1.0),,I,JPN,POP,PS,_T,_T,H,1975,111939643.0,A,0,0
DATAFLOW,OECD.ELS.SAE:DSD_POPULATION@DF_POP_HIST(1.0),,I,JPN,POP,PS,_T,_T,H,1976,113094000.0,A,0,0
DATAFLOW,OECD.ELS.SAE:DSD_POPULATION@DF_POP_HIST(1.0),,I,JPN,POP,PS,_T,_T,H,1977,114165000.0,A,0,0
DATAFLOW,OECD.ELS.SAE:DSD_POPULATION@DF_POP_HIST(1.0),,I,JPN,POP,PS,_T,_T,H,1978,115190000.0,A,0,0
DATAFLOW,OECD.ELS.SAE:DSD_POPULATION@DF_POP_HIST(1.0),,I,JPN,POP,PS,_T,_T,H,1979,116155000.0,A,0,0
DATAFLOW,OECD.ELS.SAE:DSD_POPULATION@DF_POP_HIST(1.0),,I,JPN,POP,PS,_T,_T,H,1980,117060396.0,A,0,0
DATAFLOW,OECD.ELS.SAE:DSD_POPULATION@DF_POP_HIST(1.0),,I,JPN,POP,PS,_T,_T,H,1981,117902000.0,A,0,0
DATAFLOW,OECD.ELS.SAE:DSD_POPULATION@DF_POP_HIST(1.0),,I,JPN,POP,PS,_T,_T,H,1982,118728000.0,A,0,0
DATAFLOW,OECD.ELS.SAE:DSD_POPULATION@DF_POP_HIST(1.0),,I,JPN,POP,PS,_T,_T,H,1983,119536000.0,A,0,0
DATAFLOW,OECD.ELS.SAE:DSD_POPULATION@DF_POP_HIST(1.0),,I,JPN,POP,PS,_T,_T,H,1984,120305000.0,A,0,0
DATAFLOW,OECD.ELS.SAE:DSD_POPULATION@DF_POP_HIST(1.0),,I,JPN,POP,PS,_T,_T,H,1985,121048923.0,A,0,0
DATAFLOW,OECD.ELS.SAE:DSD_POPULATION@DF_POP_HIST(1.0),,I,JPN,POP,PS,_T,_T,H,1986,121660000.0,A,0,0
DATAFLOW,OECD.ELS.SAE:DSD_POPULATION@DF_POP_HIST(1.0),,I,JPN,POP,PS,_T,_T,H,1987,122239000.0,A,0,0
DATAFLOW,OECD.ELS.SAE:DSD_POPULATION@DF_POP_HIST(1.0),,I,JPN,POP,PS,_T,_T,H,1988,122745000.0,A,0,0
DATAFLOW,OECD.ELS.SAE:DSD_POPULATION@DF_POP_HIST(1.0),,I,JPN,POP,PS,_T,_T,H,1989,123205000.0,A,0,0
DATAFLOW,OECD.ELS.SAE:DSD_POPULATION@DF_POP_HIST(1.0),,I,JPN,POP,PS,_T,_T,H,1990,123611167.0,A,0,0
DATAFLOW,OECD.ELS.SAE:DSD_POPULATION@DF_POP_HIST(1.0),,I,JPN,POP,PS,_T,_T,H,1991,124101000.0,A,0,0
DATAFLOW,OECD.ELS.SAE:DSD_POPULATION@DF_POP_HIST(1.0),,I,JPN,POP,PS,_T,_T,H,1992,124567000.0,A,0,0
DATAFLOW,OECD.ELS.SAE:DSD_POPULATION@DF_POP_HIST(1.0),,I,JPN,POP,PS,_T,_T,H,1993,124938000.0,A,0,0
DATAFLOW,OECD.ELS.SAE:DSD_POPULATION@DF_POP_HIST(1.0),,I,JPN,POP,PS,_T,_T,H,1994,125265000.0,A,0,0
DATAFLOW,OECD.ELS.SAE:DSD_POPULATION@DF_POP_HIST(1.0),,I,JPN,POP,PS,_T,_T,H,1995,125570246.0,A,0,0
DATAFLOW,OECD.ELS.SAE:DSD_POPULATION@DF_POP_HIST(1.0),,I,JPN,POP,PS,_T,_T,H,1996,125864000.0,A,0,0
DATAFLOW,OECD.ELS.SAE:DSD_POPULATION@DF_POP_HIST(1.0),,I,JPN,POP,PS,_T,_T,H,1997,126166000.0,A,0,0
DATAFLOW,OECD.ELS.SAE:DSD_POPULATION@DF_POP_HIST(1.0),,I,JPN,POP,PS,_T,_T,H,1998,126486000.0,A,0,0
DATAFLOW,OECD.ELS.SAE:DSD_POPULATION@DF_POP_HIST(1.0),,I,JPN,POP,PS,_T,_T,H,1999,126686000.0,A,0,0
DATAFLOW,OECD.ELS.SAE:DSD_POPULATION@DF_POP_HIST(1.0),,I,JPN,POP,PS,_T,_T,H,2000,126925843.0,A,0,0
DATAFLOW,OECD.ELS.SAE:DSD_POPULATION@DF_POP_HIST(1.0),,I,JPN,POP,PS,_T,_T,H,2001,127291000.0,A,0,0
DATAFLOW,OECD.ELS.SAE:DSD_POPULATION@DF_POP_HIST(1.0),,I,JPN,POP,PS,_T,_T,H,2002,127435000.0,A,0,0
DATAFLOW,OECD.ELS.SAE:DSD_POPULATION@DF_POP_HIST(1.0),,I,JPN,POP,PS,_T,_T,H,2003,127619000.0,A,0,0
DATAFLOW,OECD.ELS.SAE:DSD_POPULATION@DF_POP_HIST(1.0),,I,JPN,POP,PS,_T,_T,H,2004,127687000.0,A,0,0
DATAFLOW,OECD.ELS.SAE:DSD_POPULATION@DF_POP_HIST(1.0),,I,JPN,POP,PS,_T,_T,H,2005,127767994.0,A,0,0
DATAFLOW,OECD.ELS.SAE:DSD_POPULATION@DF_POP_HIST(1.0),,I,JPN,POP,PS,_T,_T,H,2006,127900515.0,A,0,0
DATAFLOW,OECD.ELS.SAE:DSD_POPULATION@DF_POP_HIST(1.0),,I,JPN,POP,PS,_T,_T,H,2007,128032743.0,A,0,0
DATAFLOW,OECD.ELS.SAE:DSD_POPULATION@DF_POP_HIST(1.0),,I,JPN,POP,PS,_T,_T,H,2008,128083960.0,A,0,0
DATAFLOW,OECD.ELS.SAE:DSD_POPULATION@DF_POP_HIST(1.0),,I,JPN,POP,PS,_T,_T,H,2009,128031514.0,A,0,0
DATAFLOW,OECD.ELS.SAE:DSD_POPULATION@DF_POP_HIST(1.0),,I,JPN,POP,PS,_T,_T,H,2010,128057352.0,A,0,0
DATAFLOW,OECD.ELS.SAE:DSD_POPULATION@DF_POP_HIST(1.0),,I,JPN,POP,PS,_T,_T,H,2011,127834233.0,A,0,0
DATAFLOW,OECD.ELS.SAE:DSD_POPULATION@DF_POP_HIST(1.0),,I,JPN,POP,PS,_T,_T,H,2012,127592657.0,A,0,0
DATAFLOW,OECD.ELS.SAE:DSD_POPULATION@DF_POP_HIST(1.0),,I,JPN,POP,PS,_T,_T,H,2013,127413888.0,A,0,0
DATAFLOW,OECD.ELS.SAE:DSD_POPULATION@DF_POP_HIST(1.0),,I,JPN,POP,PS,_T,_T,H,2014,127237150.0,A,0,0
DATAFLOW,OECD.ELS.SAE:DSD_POPULATION@DF_POP_HIST(1.0),,I,JPN,POP,PS,_T,_T,H,2015,127094745.0,A,0,0
DATAFLOW,OECD.ELS.SAE:DSD_POPULATION@DF_POP_HIST(1.0),,I,JPN,POP,PS,_T,_T,H,2016,127041812.0,A,0,0
DATAFLOW,OECD.ELS.SAE:DSD_POPULATION@DF_POP_HIST(1.0),,I,JPN,POP,PS,_T,_T,H,2017,126918546.0,A,0,0
DATAFLOW,OECD.ELS.SAE:DSD_POPULATION@DF_POP_HIST(1.0),,I,JPN,POP,PS,_T,_T,H,2018,126748506.0,A,0,0
DATAFLOW,OECD.ELS.SAE:DSD_POPULATION@DF_POP_HIST(1.0),,I,JPN,POP,PS,_T,_T,H,2019,126555078.0,A,0,0
DATAFLOW,OECD.ELS.SAE:DSD_POPULATION@DF_POP_HIST(1.0),,I,JPN,POP,PS,_T,_T,H,2020,126146099.0,A,0,0
DATAFLOW,OECD.ELS.SAE:DSD_POPULATION@DF_POP_HIST(1.0),,I,JPN,POP,PS,_T,_T,H,2021,125502290.0,A,0,0
DATAFLOW,OECD.ELS.SAE:DSD_POPULATION@DF_POP_HIST(1.0),,I,JPN,POP,PS,_T,_T,H,2022,124946789.0,A,0,0
DATAFLOW,OECD.ELS.SAE:DSD_POPULATION@DF_POP_HIST(1.0),,I,NOR,POP,PS,_T,_T,H,1950,3265127.0,A,0,0
DATAFLOW,OECD.ELS.SAE:DSD_POPULATION@DF_POP_HIST(1.0),,I,NOR,POP,PS,_T,_T,H,1951,3295871.0,A,0,0
DATAFLOW,OECD.ELS.SAE:DSD_POPULATION@DF_POP_HIST(1.0),,I,NOR,POP,PS,_T,_T,H,1952,3327736.0,A,0,0
DATAFLOW,OECD.ELS.SAE:DSD_POPULATION@DF_POP_HIST(1.0),,I,NOR,POP,PS,_T,_T,H,1953,3360892.0,A,0,0
DATAFLOW,OECD.ELS.SAE:DSD_POPULATION@DF_POP_HIST(1.0),,I,NOR,POP,PS,_T,_T,H,1954,3394243.0,A,0,0
DATAFLOW,OECD.ELS.SAE:DSD_POPULATION@DF_POP_HIST(1.0),,I,NOR,POP,PS,_T,_T,H,1955,3428210.0,A,0,0
DATAFLOW,OECD.ELS.SAE:DSD_POPULATION@DF_POP_HIST(1.0),,I,NOR,POP,PS,_T,_T,H,1956,3460779.0,A,0,0
DATAFLOW,OECD.ELS.SAE:DSD_POPULATION@DF_POP_HIST(1.0),,I,NOR,POP,PS,_T,_T,H,1957,3491935.0,A,0,0
DATAFLOW,OECD.ELS.SAE:DSD_POPULATION@DF_POP_HIST(1.0),,I,NOR,POP,PS,_T,_T,H,1958,3522996.0,A,0,0
DATAFLOW,OECD.ELS.SAE:DSD_POPULATION@DF_POP_HIST(1.0),,I,NOR,POP,PS,_T,_T,H,1959,3552852.0,A,0,0
DATAFLOW,OECD.ELS.SAE:DSD_POPULATION@DF_POP_HIST(1.0),,I,NOR,POP,PS,_T,_T,H,1960,3581241.0,A,0,0
DATAFLOW,OECD.ELS.SAE:DSD_POPULATION@DF_POP_HIST(1.0),,I,NOR,POP,PS,_T,_T,H,1961,3609801.0,A,0,0
DATAFLOW,OECD.ELS.SAE:DSD_POPULATION@DF_POP_HIST(1.0),,I,NOR,POP,PS,_T,_T,H,1962,3638921.0,A,0,0
DATAFLOW,OECD.ELS.SAE:DSD_POPULATION@DF_POP_HIST(1.0),,I,NOR,POP,PS,_T,_T,H,1963,3666538.0,A,0,0
DATAFLOW,OECD.ELS.SAE:DSD_POPULATION@DF_POP_HIST(1.0),,I,NOR,POP,PS,_T,_T,H,1964,3694339.0,A,0,0
DATAFLOW,OECD.ELS.SAE:DSD_POPULATION@DF_POP_HIST(1.0),,I,NOR,POP,PS,_T,_T,H,1965,3723172.0,A,0,0
DATAFLOW,OECD.ELS.SAE:DSD_POPULATION@DF_POP_HIST(1.0),,I,NOR,POP,PS,_T,_T,H,1966,3753013.0,A,0,0
DATAFLOW,OECD.ELS.SAE:DSD_POPULATION@DF_POP_HIST(1.0),,I,NOR,POP,PS,_T,_T,H,1967,3784533.0,A,0,0
DATAFLOW,OECD.ELS.SAE:DSD_POPULATION@DF_POP_HIST(1.0),,I,NOR,POP,PS,_T,_T,H,1968,3816488.0,A,0,0
DATAFLOW,OECD.ELS.SAE:DSD_POPULATION@DF_POP_HIST(1.0),,I,NOR,POP,PS,_T,_T,H,1969,3847710.0,A,0,0
DATAFLOW,OECD.ELS.SAE:DSD_POPULATION@DF_POP_HIST(1.0),,I,NOR,POP,PS,_T,_T,H,1970,3875757.0,A,0,0
DATAFLOW,OECD.ELS.SAE:DSD_POPULATION@DF_POP_HIST(1.0),,I,NOR,POP,PS,_T,_T,H,1971,3903034.0,A,0,0
DATAFLOW,OECD.ELS.SAE:DSD_POPULATION@DF_POP_HIST(1.0),,I,NOR,POP,PS,_T,_T,H,1972,3933001.0,A,0,0
DATAFLOW,OECD.ELS.SAE:DSD_POPULATION@DF_POP_HIST(1.0),,I,NOR,POP,PS,_T,_T,H,1973,3960614.0,A,0,0
DATAFLOW,OECD.ELS.SAE:DSD_POPULATION@DF_POP_HIST(1.0),,I,NOR,POP,PS,_T,_T,H,1974,3985262.0,A,0,0
DATAFLOW,OECD.ELS.SAE:DSD_POPULATION@DF_POP_HIST(1.0),,I,NOR,POP,PS,_T,_T,H,1975,4007319.0,A,0,0
DATAFLOW,OECD.ELS.SAE:DSD_POPULATION@DF_POP_HIST(1.0),,I,NOR,POP,PS,_T,_T,H,1976,4026151.0,A,0,0
DATAFLOW,OECD.ELS.SAE:DSD_POPULATION@DF_POP_HIST(1.0),,I,NOR,POP,PS,_T,_T,H,1977,4043204.0,A,0,0
DATAFLOW,OECD.ELS.SAE:DSD_POPULATION@DF_POP_HIST(1.0),,I,NOR,POP,PS,_T,_T,H,1978,4058674.0,A,0,0
DATAFLOW,OECD.ELS.SAE:DSD_POPULATION@DF_POP_HIST(1.0),,I,NOR,POP,PS,_T,_T,H,1979,4072514.0,A,0,0
DATAFLOW,OECD.ELS.SAE:DSD_POPULATION@DF_POP_HIST(1.0),,I,NOR,POP,PS,_T,_T,H,1980,4085620.0,A,0,0
DATAFLOW,OECD.ELS.SAE:DSD_POPULATION@DF_POP_HIST(1.0),,I,NOR,POP,PS,_T,_T,H,1981,4099703.0,A,0,0
DATAFLOW,OECD.ELS.SAE:DSD_POPULATION@DF_POP_HIST(1.0),,I,NOR,POP,PS,_T,_T,H,1982,4114786.0,A,0,0
DATAFLOW,OECD.ELS.SAE:DSD_POPULATION@DF_POP_HIST(1.0),,I,NOR,POP,PS,_T,_T,H,1983,4128434.0,A,0,0
DATAFLOW,OECD.ELS.SAE:DSD_POPULATION@DF_POP_HIST(1.0),,I,NOR,POP,PS,_T,_T,H,1984,4140098.0,A,0,0
DATAFLOW,OECD.ELS.SAE:DSD_POPULATION@DF_POP_HIST(1.0),,I,NOR,POP,PS,_T,_T,H,1985,4152518.0,A,0,0
DATAFLOW,OECD.ELS.SAE:DSD_POPULATION@DF_POP_HIST(1.0),,I,NOR,POP,PS,_T,_T,H,1986,4167357.0,A,0,0
DATAFLOW,OECD.ELS.SAE:DSD_POPULATION@DF_POP_HIST(1.0),,I,NOR,POP,PS,_T,_T,H,1987,4186905.0,A,0,0
DATAFLOW,OECD.ELS.SAE:DSD_POPULATION@DF_POP_HIST(1.0),,I,NOR,POP,PS,_T,_T,H,1988,4209489.0,A,0,0
DATAFLOW,OECD.ELS.SAE:DSD_POPULATION@DF_POP_HIST(1.0),,I,NOR,POP,PS,_T,_T,H,1989,4226909.0,A,0,0
DATAFLOW,OECD.ELS.SAE:DSD_POPULATION@DF_POP_HIST(1.0),,I,NOR,POP,PS,_T,_T,H,1990,4241476.0,A,0,0
DATAFLOW,OECD.ELS.SAE:DSD_POPULATION@DF_POP_HIST(1.0),,I,NOR,POP,PS,_T,_T,H,1991,4261738.0,A,0,0
DATAFLOW,OECD.ELS.SAE:DSD_POPULATION@DF_POP_HIST(1.0),,I,NOR,POP,PS,_T,_T,H,1992,4286397.0,A,0,0
DATAFLOW,OECD.ELS.SAE:DSD_POPULATION@DF_POP_HIST(1.0),,I,NOR,POP,PS,_T,_T,H,1993,4311984.0,A,0,0
DATAFLOW,OECD.ELS.SAE:DSD_POPULATION@DF_POP_HIST(1.0),,I,NOR,POP,PS,_T,_T,H,1994,4336614.0,A,0,0
DATAFLOW,OECD.ELS.SAE:DSD_POPULATION@DF_POP_HIST(1.0),,I,NOR,POP,PS,_T,_T,H,1995,4359187.0,A,0,0
DATAFLOW,OECD.ELS.SAE:DSD_POPULATION@DF_POP_HIST(1.0),,I,NOR,POP,PS,_T,_T,H,1996,4381339.0,A,0,0
DATAFLOW,OECD.ELS.SAE:DSD_POPULATION@DF_POP_HIST(1.0),,I,NOR,POP,PS,_T,_T,H,1997,4405158.0,A,0,0
DATAFLOW,OECD.ELS.SAE:DSD_POPULATION@DF_POP_HIST(1.0),,I,NOR,POP,PS,_T,_T,H,1998,4431465.0,A,0,0
DATAFLOW,OECD.ELS.SAE:DSD_POPULATION@DF_POP_HIST(1.0),,I,NOR,POP,PS,_T,_T,H,1999,4461915.0,A,0,0
DATAFLOW,OECD.ELS.SAE:DSD_POPULATION@DF_POP_HIST(1.0),,I,NOR,POP,PS,_T,_T,H,2000,4490973.0,A,0,0
DATAFLOW,OECD.ELS.SAE:DSD_POPULATION@DF_POP_HIST(1.0),,I,NOR,POP,PS,_T,_T,H,2001,4513747.0,A,0,0
DATAFLOW,OECD.ELS.SAE:DSD_POPULATION@DF_POP_HIST(1.0),,I,NOR,POP,PS,_T,_T,H,2002,4538157.0,A,0,0
DATAFLOW,OECD.ELS.SAE:DSD_POPULATION@DF_POP_HIST(1.0),,I,NOR,POP,PS,_T,_T,H,2003,4564856.0,A,0,0
DATAFLOW,OECD.ELS.SAE:DSD_POPULATION@DF_POP_HIST(1.0),,I,NOR,POP,PS,_T,_T,H,2004,4591909.0,A,0,0
DATAFLOW,OECD.ELS.SAE:DSD_POPULATION@DF_POP_HIST(1.0),,I,NOR,POP,PS,_T,_T,H,2005,4623293.0,A,0,0
DATAFLOW,OECD.ELS.SAE:DSD_POPULATION@DF_POP_HIST(1.0),,I,NOR,POP,PS,_T,_T,H,2006,4660673.0,A,0,0
DATAFLOW,OECD.ELS.SAE:DSD_POPULATION@DF_POP_HIST(1.0),,I,NOR,POP,PS,_T,_T,H,2007,4709156.0,A,0,0
DATAFLOW,OECD.ELS.SAE:DSD_POPULATION@DF_POP_HIST(1.0),,I,NOR,POP,PS,_T,_T,H,2008,4768215.0,A,0,0
DATAFLOW,OECD.ELS.SAE:DSD_POPULATION@DF_POP_HIST(1.0),,I,NOR,POP,PS,_T,_T,H,2009,4828716.0,A,0,0
DATAFLOW,OECD.ELS.SAE:DSD_POPULATION@DF_POP_HIST(1.0),,I,NOR,POP,PS,_T,_T,H,2010,4889253.0,A,0,0
DATAFLOW,OECD.ELS.SAE:DSD_POPULATION@DF_POP_HIST(1.0),,I,NOR,POP,PS,_T,_T,H,2011,4953089.0,A,0,0
DATAFLOW,OECD.ELS.SAE:DSD_POPULATION@DF_POP_HIST(1.0),,I,NOR,POP,PS,_T,_T,H,2012,5018574.0,A,0,0
DATAFLOW,OECD.ELS.SAE:DSD_POPULATION@DF_POP_HIST(1.0),,I,NOR,POP,PS,_T,_T,H,2013,5080171.0,A,0,0
DATAFLOW,OECD.ELS.SAE:DSD_POPULATION@DF_POP_HIST(1.0),,I,NOR,POP,PS,_T,_T,H,2014,5137427.0,A,0,0
DATAFLOW,OECD.ELS.SAE:DSD_POPULATION@DF_POP_HIST(1.0),,I,NOR,POP,PS,_T,_T,H,2015,5189898.0,A,0,0
DATAFLOW,OECD.ELS.SAE:DSD_POPULATION@DF_POP_HIST(1.0),,I,NOR,POP,PS,_T,_T,H,2016,5236152.0,A,0,0
DATAFLOW,OECD.ELS.SAE:DSD_POPULATION@DF_POP_HIST(1.0),,I,NOR,POP,PS,_T,_T,H,2017,5276965.0,A,0,0
DATAFLOW,OECD.ELS.SAE:DSD_POPULATION@DF_POP_HIST(1.0),,I,NOR,POP,PS,_T,_T,H,2018,5311916.0,A,0,0
DATAFLOW,OECD.ELS.SAE:DSD_POPULATION@DF_POP_HIST(1.0),,I,NOR,POP,PS,_T,_T,H,2019,5347893.0,A,0,0
DATAFLOW,OECD.ELS.SAE:DSD_POPULATION@DF_POP_HIST(1.0),,I,NOR,POP,PS,_T,_T,H,2020,5379472.0,A,0,0
DATAFLOW,OECD.ELS.SAE:DSD_POPULATION@DF_POP_HIST(1.0),,I,NOR,POP,PS,_T,_T,H,2021,5408320.0,A,0,0
DATAFLOW,OECD.ELS.SAE:DSD_POPULATION@DF_POP_HIST(1.0),,I,NOR,POP,PS,_T,_T,H,2022,5457129.0,A,0,0
DATAFLOW,OECD.ELS.SAE:DSD_POPULATION@DF_POP_HIST(1.0),,I,SVK,POP,PS,_T,_T,H,1950,3463446.0,A,0,0
DATAFLOW,OECD.ELS.SAE:DSD_POPULATION@DF_POP_HIST(1.0),,I,SVK,POP,PS,_T,_T,H,1951,3508698.0,A,0,0
DATAFLOW,OECD.ELS.SAE:DSD_POPULATION@DF_POP_HIST(1.0),,I,SVK,POP,PS,_T,_T,H,1952,3558137.0,A,0,0
DATAFLOW,OECD.ELS.SAE:DSD_POPULATION@DF_POP_HIST(1.0),,I,SVK,POP,PS,_T,_T,H,1953,3598761.0,A,0,0
DATAFLOW,OECD.ELS.SAE:DSD_POPULATION@DF_POP_HIST(1.0),,I,SVK,POP,PS,_T,_T,H,1954,3661437.0,A,0,0
DATAFLOW,OECD.ELS.SAE:DSD_POPULATION@DF_POP_HIST(1.0),,I,SVK,POP,PS,_T,_T,H,1955,3726601.0,A,0,0
DATAFLOW,OECD.ELS.SAE:DSD_POPULATION@DF_POP_HIST(1.0),,I,SVK,POP,PS,_T,_T,H,1956,3787111.0,A,0,0
DATAFLOW,OECD.ELS.SAE:DSD_POPULATION@DF_POP_HIST(1.0),,I,SVK,POP,PS,_T,_T,H,1957,3844277.0,A,0,0
DATAFLOW,OECD.ELS.SAE:DSD_POPULATION@DF_POP_HIST(1.0),,I,SVK,POP,PS,_T,_T,H,1958,3899751.0,A,0,0
DATAFLOW,OECD.ELS.SAE:DSD_POPULATION@DF_POP_HIST(1.0),,I,SVK,POP,PS,_T,_T,H,1959,3946039.0,A,0,0
DATAFLOW,OECD.ELS.SAE:DSD_POPULATION@DF_POP_HIST(1.0),,I,SVK,POP,PS,_T,_T,H,1960,3994270.0,A,0,0
DATAFLOW,OECD.ELS.SAE:DSD_POPULATION@DF_POP_HIST(1.0),,I,SVK,POP,PS,_T,_T,H,1961,4191977.0,A,0,0
DATAFLOW,OECD.ELS.SAE:DSD_POPULATION@DF_POP_HIST(1.0),,I,SVK,POP,PS,_T,_T,H,1962,4238056.0,A,0,0
DATAFLOW,OECD.ELS.SAE:DSD_POPULATION@DF_POP_HIST(1.0),,I,SVK,POP,PS,_T,_T,H,1963,4282865.0,A,0,0
DATAFLOW,OECD.ELS.SAE:DSD_POPULATION@DF_POP_HIST(1.0),,I,SVK,POP,PS,_T,_T,H,1964,4327949.0,A,0,0
DATAFLOW,OECD.ELS.SAE:DSD_POPULATION@DF_POP_HIST(1.0),,I,SVK,POP,PS,_T,_T,H,1965,4373595.0,A,0,0
DATAFLOW,OECD.ELS.SAE:DSD_POPULATION@DF_POP_HIST(1.0),,I,SVK,POP,PS,_T,_T,H,1966,4413853.0,A,0,0
DATAFLOW,OECD.ELS.SAE:DSD_POPULATION@DF_POP_HIST(1.0),,I,SVK,POP,PS,_T,_T,H,1967,4450880.0,A,0,0
DATAFLOW,OECD.ELS.SAE:DSD_POPULATION@DF_POP_HIST(1.0),,I,SVK,POP,PS,_T,_T,H,1968,4483656.0,A,0,0
DATAFLOW,OECD.ELS.SAE:DSD_POPULATION@DF_POP_HIST(1.0),,I,SVK,POP,PS,_T,_T,H,1969,4518773.0,A,0,0
DATAFLOW,OECD.ELS.SAE:DSD_POPULATION@DF_POP_HIST(1.0),,I,SVK,POP,PS,_T,_T,H,1970,4528459.0,A,0,0
DATAFLOW,OECD.ELS.SAE:DSD_POPULATION@DF_POP_HIST(1.0),,I,SVK,POP,PS,_T,_T,H,1971,4559341.0,A,0,0
DATAFLOW,OECD.ELS.SAE:DSD_POPULATION@DF_POP_HIST(1.0),,I,SVK,POP,PS,_T,_T,H,1972,4596330.0,A,0,0
DATAFLOW,OECD.ELS.SAE:DSD_POPULATION@DF_POP_HIST(1.0),,I,SVK,POP,PS,_T,_T,H,1973,4640673.0,A,0,0
DATAFLOW,OECD.ELS.SAE:DSD_POPULATION@DF_POP_HIST(1.0),,I,SVK,POP,PS,_T,_T,H,1974,4691014.0,A,0,0
DATAFLOW,OECD.ELS.SAE:DSD_POPULATION@DF_POP_HIST(1.0),,I,SVK,POP,PS,_T,_T,H,1975,4739301.0,A,0,0
DATAFLOW,OECD.ELS.SAE:DSD_POPULATION@DF_POP_HIST(1.0),,I,SVK,POP,PS,_T,_T,H,1976,4789452.0,A,0,0
DATAFLOW,OECD.ELS.SAE:DSD_POPULATION@DF_POP_HIST(1.0),,I,SVK,POP,PS,_T,_T,H,1977,4840819.0,A,0,0
DATAFLOW,OECD.ELS.SAE:DSD_POPULATION@DF_POP_HIST(1.0),,I,SVK,POP,PS,_T,_T,H,1978,4891673.0,A,0,0
DATAFLOW,OECD.ELS.SAE:DSD_POPULATION@DF_POP_HIST(1.0),,I,SVK,POP,PS,_T,_T,H,1979,4940223.0,A,0,0
DATAFLOW,OECD.ELS.SAE:DSD_POPULATION@DF_POP_HIST(1.0),,I,SVK,POP,PS,_T,_T,H,1980,4984331.0,A,0,0
DATAFLOW,OECD.ELS.SAE:DSD_POPULATION@DF_POP_HIST(1.0),,I,SVK,POP,PS,_T,_T,H,1981,5017032.0,A,0,0
DATAFLOW,OECD.ELS.SAE:DSD_POPULATION@DF_POP_HIST(1.0),,I,SVK,POP,PS,_T,_T,H,1982,5054770.0,A,0,0
DATAFLOW,OECD.ELS.SAE:DSD_POPULATION@DF_POP_HIST(1.0),,I,SVK,POP,PS,_T,_T,H,1983,5091537.0,A,0,0
DATAFLOW,OECD.ELS.SAE:DSD_POPULATION@DF_POP_HIST(1.0),,I,SVK,POP,PS,_T,_T,H,1984,5127719.0,A,0,0
DATAFLOW,OECD.ELS.SAE:DSD_POPULATION@DF_POP_HIST(1.0),,I,SVK,POP,PS,_T,_T,H,1985,5161789.0,A,0,0
DATAFLOW,OECD.ELS.SAE:DSD_POPULATION@DF_POP_HIST(1.0),,I,SVK,POP,PS,_T,_T,H,1986,5192789.0,A,0,0
DATAFLOW,OECD.ELS.SAE:DSD_POPULATION@DF_POP_HIST(1.0),,I,SVK,POP,PS,_T,_T,H,1987,5223609.0,A,0,0
DATAFLOW,OECD.ELS.SAE:DSD_POPULATION@DF_POP_HIST(1.0),,I,SVK,POP,PS,_T,_T,H,1988,5251120.0,A,0,0
DATAFLOW,OECD.ELS.SAE:DSD_POPULATION@DF_POP_HIST(1.0),,I,SVK,POP,PS,_T,_T,H,1989,5276186.0,A,0,0
DATAFLOW,OECD.ELS.SAE:DSD_POPULATION@DF_POP_HIST(1.0),,I,SVK,POP,PS,_T,_T,H,1990,5297774.0,A,0,0
DATAFLOW,OECD.ELS.SAE:DSD_POPULATION@DF_POP_HIST(1.0),,I,SVK,POP,PS,_T,_T,H,1991,5283404.0,A,0,0
DATAFLOW,OECD.ELS.SAE:DSD_POPULATION@DF_POP_HIST(1.0),,I,SVK,POP,PS,_T,_T,H,1992,5306539.0,A,0,0
DATAFLOW,OECD.ELS.SAE:DSD_POPULATION@DF_POP_HIST(1.0),,I,SVK,POP,PS,_T,_T,H,1993,5324632.0,A,0,0
DATAFLOW,OECD.ELS.SAE:DSD_POPULATION@DF_POP_HIST(1.0),,I,SVK,POP,PS,_T,_T,H,1994,5347413.0,A,0,0
DATAFLOW,OECD.ELS.SAE:DSD_POPULATION@DF_POP_HIST(1.0),,I,SVK,POP,PS,_T,_T,H,1995,5363676.0,A,0,0
DATAFLOW,OECD.ELS.SAE:DSD_POPULATION@DF_POP_HIST(1.0),,I,SVK,POP,PS,_T,_T,H,1996,5373793.0,A,0,0
DATAFLOW,OECD.ELS.SAE:DSD_POPULATION@DF_POP_HIST(1.0),,I,SVK,POP,PS,_T,_T,H,1997,5383233.0,A,0,0
DATAFLOW,OECD.ELS.SAE:DSD_POPULATION@DF_POP_HIST(1.0),,I,SVK,POP,PS,_T,_T,H,1998,5390866.0,A,0,0
DATAFLOW,OECD.ELS.SAE:DSD_POPULATION@DF_POP_HIST(1.0),,I,SVK,POP,PS,_T,_T,H,1999,5395324.0,A,0,0
DATAFLOW,OECD.ELS.SAE:DSD_POPULATION@DF_POP_HIST(1.0),,I,SVK,POP,PS,_T,_T,H,2000,5400679.0,A,0,0
DATAFLOW,OECD.ELS.SAE:DSD_POPULATION@DF_POP_HIST(1.0),,I,SVK,POP,PS,_T,_T,H,2001,5379780.0,A,0,0
DATAFLOW,OECD.ELS.SAE:DSD_POPULATION@DF_POP_HIST(1.0),,I,SVK,POP,PS,_T,_T,H,2002,5378809.0,A,0,0
DATAFLOW,OECD.ELS.SAE:DSD_POPULATION@DF_POP_HIST(1.0),,I,SVK,POP,PS,_T,_T,H,2003,5378950.0,A,0,0
DATAFLOW,OECD.ELS.SAE:DSD_POPULATION@DF_POP_HIST(1.0),,I,SVK,POP,PS,_T,_T,H,2004,5382574.0,A,0,0
DATAFLOW,OECD.ELS.SAE:DSD_POPULATION@DF_POP_HIST(1.0),,I,SVK,POP,PS,_T,_T,H,2005,5387285.0,A,0,0
DATAFLOW,OECD.ELS.SAE:DSD_POPULATION@DF_POP_HIST(1.0),,I,SVK,POP,PS,_T,_T,H,2006,5391184.0,A,0,0
DATAFLOW,OECD.ELS.SAE:DSD_POPULATION@DF_POP_HIST(1.0),,I,SVK,POP,PS,_T,_T,H,2007,5397766.0,A,0,0
DATAFLOW,OECD.ELS.SAE:DSD_POPULATION@DF_POP_HIST(1.0),,I,SVK,POP,PS,_T,_T,H,2008,5406972.0,A,0,0
DATAFLOW,OECD.ELS.SAE:DSD_POPULATION@DF_POP_HIST(1.0),,I,SVK,POP,PS,_T,_T,H,2009,5418374.0,A,0,0
DATAFLOW,OECD.ELS.SAE:DSD_POPULATION@DF_POP_HIST(1.0),,I,SVK,POP,PS,_T,_T,H,2010,5431024.0,A,0,0
DATAFLOW,OECD.ELS.SAE:DSD_POPULATION@DF_POP_HIST(1.0),,I,SVK,POP,PS,_T,_T,H,2011,5398384.0,A,0,0
DATAFLOW,OECD.ELS.SAE:DSD_POPULATION@DF_POP_HIST(1.0),,I,SVK,POP,PS,_T,_T,H,2012,5407579.0,A,0,0
DATAFLOW,OECD.ELS.SAE:DSD_POPULATION@DF_POP_HIST(1.0),,I,SVK,POP,PS,_T,_T,H,2013,5413392.5,A,0,0
DATAFLOW,OECD.ELS.SAE:DSD_POPULATION@DF_POP_HIST(1.0),,I,SVK,POP,PS,_T,_T,H,2014,5418649.0,A,0,0
DATAFLOW,OECD.ELS.SAE:DSD_POPULATION@DF_POP_HIST(1.0),,I,SVK,POP,PS,_T,_T,H,2015,5423800.5,A,0,0
DATAFLOW,OECD.ELS.SAE:DSD_POPULATION@DF_POP_HIST(1.0),,I,SVK,POP,PS,_T,_T,H,2016,5430797.5,A,0,0
DATAFLOW,OECD.ELS.SAE:DSD_POPULATION@DF_POP_HIST(1.0),,I,SVK,POP,PS,_T,_T,H,2017,5439231.5,A,0,0
DATAFLOW,OECD.ELS.SAE:DSD_POPULATION@DF_POP_HIST(1.0),,I,SVK,POP,PS,_T,_T,H,2018,5446770.5,A,0,0
DATAFLOW,OECD.ELS.SAE:DSD_POPULATION@DF_POP_HIST(1.0),,I,SVK,POP,PS,_T,_T,H,2019,5454147.0,A,0,0
DATAFLOW,OECD.ELS.SAE:DSD_POPULATION@DF_POP_HIST(1.0),,I,SVK,POP,PS,_T,_T,H,2020,5458827.0,A,0,0
DATAFLOW,OECD.ELS.SAE:DSD_POPULATION@DF_POP_HIST(1.0),,I,SVK,POP,PS,_T,_T,H,2021,5441991.0,A,0,0
DATAFLOW,OECD.ELS.SAE:DSD_POPULATION@DF_POP_HIST(1.0),,I,SVK,POP,PS,_T,_T,H,2022,5431752.0,A,0,0
DATAFLOW,OECD.ELS.SAE:DSD_POPULATION@DF_POP_HIST(1.0),,I,SVN,POP,PS,_T,_T,H,1950,1466881.0,A,0,0
DATAFLOW,OECD.ELS.SAE:DSD_POPULATION@DF_POP_HIST(1.0),,I,SVN,POP,PS,_T,_T,H,1951,1480245.0,A,0,0
DATAFLOW,OECD.ELS.SAE:DSD_POPULATION@DF_POP_HIST(1.0),,I,SVN,POP,PS,_T,_T,H,1952,1493550.0,A,0,0
DATAFLOW,OECD.ELS.SAE:DSD_POPULATION@DF_POP_HIST(1.0),,I,SVN,POP,PS,_T,_T,H,1953,1508428.0,A,0,0
DATAFLOW,OECD.ELS.SAE:DSD_POPULATION@DF_POP_HIST(1.0),,I,SVN,POP,PS,_T,_T,H,1954,1521485.0,A,0,0
DATAFLOW,OECD.ELS.SAE:DSD_POPULATION@DF_POP_HIST(1.0),,I,SVN,POP,PS,_T,_T,H,1955,1533998.0,A,0,0
DATAFLOW,OECD.ELS.SAE:DSD_POPULATION@DF_POP_HIST(1.0),,I,SVN,POP,PS,_T,_T,H,1956,1545591.0,A,0,0
DATAFLOW,OECD.ELS.SAE:DSD_POPULATION@DF_POP_HIST(1.0),,I,SVN,POP,PS,_T,_T,H,1957,1556521.0,A,0,0
DATAFLOW,OECD.ELS.SAE:DSD_POPULATION@DF_POP_HIST(1.0),,I,SVN,POP,PS,_T,_T,H,1958,1566979.0,A,0,0
DATAFLOW,OECD.ELS.SAE:DSD_POPULATION@DF_POP_HIST(1.0),,I,SVN,POP,PS,_T,_T,H,1959,1576204.0,A,0,0
DATAFLOW,OECD.ELS.SAE:DSD_POPULATION@DF_POP_HIST(1.0),,I,SVN,POP,PS,_T,_T,H,1960,1580145.0,A,0,0
DATAFLOW,OECD.ELS.SAE:DSD_POPULATION@DF_POP_HIST(1.0),,I,SVN,POP,PS,_T,_T,H,1961,1595450.0,A,0,0
DATAFLOW,OECD.ELS.SAE:DSD_POPULATION@DF_POP_HIST(1.0),,I,SVN,POP,PS,_T,_T,H,1962,1604980.0,A,0,0
DATAFLOW,OECD.ELS.SAE:DSD_POPULATION@DF_POP_HIST(1.0),,I,SVN,POP,PS,_T,_T,H,1963,1614414.0,A,0,0
DATAFLOW,OECD.ELS.SAE:DSD_POPULATION@DF_POP_HIST(1.0),,I,SVN,POP,PS,_T,_T,H,1964,1630553.0,A,0,0
DATAFLOW,OECD.ELS.SAE:DSD_POPULATION@DF_POP_HIST(1.0),,I,SVN,POP,PS,_T,_T,H,1965,1650413.0,A,0,0
DATAFLOW,OECD.ELS.SAE:DSD_POPULATION@DF_POP_HIST(1.0),,I,SVN,POP,PS,_T,_T,H,1966,1669606.0,A,0,0
DATAFLOW,OECD.ELS.SAE:DSD_POPULATION@DF_POP_HIST(1.0),,I,SVN,POP,PS,_T,_T,H,1967,1690939.0,A,0,0
DATAFLOW,OECD.ELS.SAE:DSD_POPULATION@DF_POP_HIST(1.0),,I,SVN,POP,PS,_T,_T,H,1968,1703708.0,A,0,0
DATAFLOW,OECD.ELS.SAE:DSD_POPULATION@DF_POP_HIST(1.0),,I,SVN,POP,PS,_T,_T,H,1969,1714022.0,A,0,0
DATAFLOW,OECD.ELS.SAE:DSD_POPULATION@DF_POP_HIST(1.0),,I,SVN,POP,PS,_T,_T,H,1970,1726513.0,A,0,0
DATAFLOW,OECD.ELS.SAE:DSD_POPULATION@DF_POP_HIST(1.0),,I,SVN,POP,PS,_T,_T,H,1971,1729941.0,A,0,0
DATAFLOW,OECD.ELS.SAE:DSD_POPULATION@DF_POP_HIST(1.0),,I,SVN,POP,PS,_T,_T,H,1972,1741343.0,A,0,0
DATAFLOW,OECD.ELS.SAE:DSD_POPULATION@DF_POP_HIST(1.0),,I,SVN,POP,PS,_T,_T,H,1973,1753296.0,A,0,0
DATAFLOW,OECD.ELS.SAE:DSD_POPULATION@DF_POP_HIST(1.0),,I,SVN,POP,PS,_T,_T,H,1974,1766040.0,A,0,0
DATAFLOW,OECD.ELS.SAE:DSD_POPULATION@DF_POP_HIST(1.0),,I,SVN,POP,PS,_T,_T,H,1975,1778454.0,A,0,0
DATAFLOW,OECD.ELS.SAE:DSD_POPULATION@DF_POP_HIST(1.0),,I,SVN,POP,PS,_T,_T,H,1976,1786977.0,A,0,0
DATAFLOW,OECD.ELS.SAE:DSD_POPULATION@DF_POP_HIST(1.0),,I,SVN,POP,PS,_T,_T,H,1977,1799384.0,A,0,0
DATAFLOW,OECD.ELS.SAE:DSD_POPULATION@DF_POP_HIST(1.0),,I,SVN,POP,PS,_T,_T,H,1978,1810997.0,A,0,0
DATAFLOW,OECD.ELS.SAE:DSD_POPULATION@DF_POP_HIST(1.0),,I,SVN,POP,PS,_T,_T,H,1979,1824001.0,A,0,0
DATAFLOW,OECD.ELS.SAE:DSD_POPULATION@DF_POP_HIST(1.0),,I,SVN,POP,PS,_T,_T,H,1980,1884477.0,A,0,0
DATAFLOW,OECD.ELS.SAE:DSD_POPULATION@DF_POP_HIST(1.0),,I,SVN,POP,PS,_T,_T,H,1981,1896133.0,A,0,0
DATAFLOW,OECD.ELS.SAE:DSD_POPULATION@DF_POP_HIST(1.0),,I,SVN,POP,PS,_T,_T,H,1982,1910335.0,A,0,0
DATAFLOW,OECD.ELS.SAE:DSD_POPULATION@DF_POP_HIST(1.0),,I,SVN,POP,PS,_T,_T,H,1983,1922322.0,A,0,0
DATAFLOW,OECD.ELS.SAE:DSD_POPULATION@DF_POP_HIST(1.0),,I,SVN,POP,PS,_T,_T,H,1984,1932154.0,A,0,0
DATAFLOW,OECD.ELS.SAE:DSD_POPULATION@DF_POP_HIST(1.0),,I,SVN,POP,PS,_T,_T,H,1985,1941640.0,A,0,0
DATAFLOW,OECD.ELS.SAE:DSD_POPULATION@DF_POP_HIST(1.0),,I,SVN,POP,PS,_T,_T,H,1986,1980718.0,A,0,0
DATAFLOW,OECD.ELS.SAE:DSD_POPULATION@DF_POP_HIST(1.0),,I,SVN,POP,PS,_T,_T,H,1987,1989462.0,A,0,0
DATAFLOW,OECD.ELS.SAE:DSD_POPULATION@DF_POP_HIST(1.0),,I,SVN,POP,PS,_T,_T,H,1988,1999988.0,A,0,0
DATAFLOW,OECD.ELS.SAE:DSD_POPULATION@DF_POP_HIST(1.0),,I,SVN,POP,PS,_T,_T,H,1989,1999404.0,A,0,0
DATAFLOW,OECD.ELS.SAE:DSD_POPULATION@DF_POP_HIST(1.0),,I,SVN,POP,PS,_T,_T,H,1990,1998090.0,A,0,0
DATAFLOW,OECD.ELS.SAE:DSD_POPULATION@DF_POP_HIST(1.0),,I,SVN,POP,PS,_T,_T,H,1991,2001768.0,A,0,0
DATAFLOW,OECD.ELS.SAE:DSD_POPULATION@DF_POP_HIST(1.0),,I,SVN,POP,PS,_T,_T,H,1992,1995832.0,A,0,0
DATAFLOW,OECD.ELS.SAE:DSD_POPULATION@DF_POP_HIST(1.0),,I,SVN,POP,PS,_T,_T,H,1993,1990623.0,A,0,0
DATAFLOW,OECD.ELS.SAE:DSD_POPULATION@DF_POP_HIST(1.0),,I,SVN,POP,PS,_T,_T,H,1994,1988850.0,A,0,0
DATAFLOW,OECD.ELS.SAE:DSD_POPULATION@DF_POP_HIST(1.0),,I,SVN,POP,PS,_T,_T,H,1995,1987505.0,A,0,0
DATAFLOW,OECD.ELS.SAE:DSD_POPULATION@DF_POP_HIST(1.0),,I,SVN,POP,PS,_T,_T,H,1996,1991169.0,A,0,0
DATAFLOW,OECD.ELS.SAE:DSD_POPULATION@DF_POP_HIST(1.0),,I,SVN,POP,PS,_T,_T,H,1997,1986848.0,A,0,0
DATAFLOW,OECD.ELS.SAE:DSD_POPULATION@DF_POP_HIST(1.0),,I,SVN,POP,PS,_T,_T,H,1998,1982603.0,A,0,0
DATAFLOW,OECD.ELS.SAE:DSD_POPULATION@DF_POP_HIST(1.0),,I,SVN,POP,PS,_T,_T,H,1999,1985557.0,A,0,0
DATAFLOW,OECD.ELS.SAE:DSD_POPULATION@DF_POP_HIST(1.0),,I,SVN,POP,PS,_T,_T,H,2000,1990272.0,A,0,0
DATAFLOW,OECD.ELS.SAE:DSD_POPULATION@DF_POP_HIST(1.0),,I,SVN,POP,PS,_T,_T,H,2001,1992035.0,A,0,0
DATAFLOW,OECD.ELS.SAE:DSD_POPULATION@DF_POP_HIST(1.0),,I,SVN,POP,PS,_T,_T,H,2002,1995718.0,A,0,0
DATAFLOW,OECD.ELS.SAE:DSD_POPULATION@DF_POP_HIST(1.0),,I,SVN,POP,PS,_T,_T,H,2003,1996773.0,A,0,0
DATAFLOW,OECD.ELS.SAE:DSD_POPULATION@DF_POP_HIST(1.0),,I,SVN,POP,PS,_T,_T,H,2004,1997004.0,A,0,0
DATAFLOW,OECD.ELS.SAE:DSD_POPULATION@DF_POP_HIST(1.0),,I,SVN,POP,PS,_T,_T,H,2005,2001114.0,A,0,0
DATAFLOW,OECD.ELS.SAE:DSD_POPULATION@DF_POP_HIST(1.0),,I,SVN,POP,PS,_T,_T,H,2006,2008516.0,A,0,0
DATAFLOW,OECD.ELS.SAE:DSD_POPULATION@DF_POP_HIST(1.0),,I,SVN,POP,PS,_T,_T,H,2007,2019406.0,A,0,0
DATAFLOW,OECD.ELS.SAE:DSD_POPULATION@DF_POP_HIST(1.0),,I,SVN,POP,PS,_T,_T,H,2008,2022629.0,A,0,0
DATAFLOW,OECD.ELS.SAE:DSD_POPULATION@DF_POP_HIST(1.0),,I,SVN,POP,PS,_T,_T,H,2009,2042335.0,A,0,0
DATAFLOW,OECD.ELS.SAE:DSD_POPULATION@DF_POP_HIST(1.0),,I,SVN,POP,PS,_T,_T,H,2010,2049261.0,A,0,0
DATAFLOW,OECD.ELS.SAE:DSD_POPULATION@DF_POP_HIST(1.0),,I,SVN,POP,PS,_T,_T,H,2011,2052496.0,A,0,0
DATAFLOW,OECD.ELS.SAE:DSD_POPULATION@DF_POP_HIST(1.0),,I,SVN,POP,PS,_T,_T,H,2012,2056262.0,A,0,0
DATAFLOW,OECD.ELS.SAE:DSD_POPULATION@DF_POP_HIST(1.0),,I,SVN,POP,PS,_T,_T,H,2013,2059114.0,A,0,0
DATAFLOW,OECD.ELS.SAE:DSD_POPULATION@DF_POP_HIST(1.0),,I,SVN,POP,PS,_T,_T,H,2014,2061623.0,A,0,0
DATAFLOW,OECD.ELS.SAE:DSD_POPULATION@DF_POP_HIST(1.0),,I,SVN,POP,PS,_T,_T,H,2015,2063077.0,A,0,0
DATAFLOW,OECD.ELS.SAE:DSD_POPULATION@DF_POP_HIST(1.0),,I,SVN,POP,PS,_T,_T,H,2016,2064241.0,A,0,0
DATAFLOW,OECD.ELS.SAE:DSD_POPULATION@DF_POP_HIST(1.0),,I,SVN,POP,PS,_T,_T,H,2017,2066161.0,A,0,0
DATAFLOW,OECD.ELS.SAE:DSD_POPULATION@DF_POP_HIST(1.0),,I,SVN,POP,PS,_T,_T,H,2018,2070050.0,A,0,0
DATAFLOW,OECD.ELS.SAE:DSD_POPULATION@DF_POP_HIST(1.0),,I,SVN,POP,PS,_T,_T,H,2019,2089310.0,A,0,0
DATAFLOW,OECD.ELS.SAE:DSD_POPULATION@DF_POP_HIST(1.0),,I,SVN,POP,PS,_T,_T,H,2020,2100126.0,A,0,0
DATAFLOW,OECD.ELS.SAE:DSD_POPULATION@DF_POP_HIST(1.0),,I,SVN,POP,PS,_T,_T,H,2021,2107007.0,A,0,0
DATAFLOW,OECD.ELS.SAE:DSD_POPULATION@DF_POP_HIST(1.0),,I,SVN,POP,PS,_T,_T,H,2022,2108732.0,A,0,0
DATAFLOW,OECD.ELS.SAE:DSD_POPULATION@DF_POP_HIST(1.0),,I,ITA,POP,PS,_T,_T,H,1950,47104001.0,A,0,0
DATAFLOW,OECD.ELS.SAE:DSD_POPULATION@DF_POP_HIST(1.0),,I,ITA,POP,PS,_T,_T,H,1951,47407195.0,A,0,0
DATAFLOW,OECD.ELS.SAE:DSD_POPULATION@DF_POP_HIST(1.0),,I,ITA,POP,PS,_T,_T,H,1952,47665530.0,A,0,0
DATAFLOW,OECD.ELS.SAE:DSD_POPULATION@DF_POP_HIST(1.0),,I,ITA,POP,PS,_T,_T,H,1953,47957348.0,A,0,0
DATAFLOW,OECD.ELS.SAE:DSD_POPULATION@DF_POP_HIST(1.0),,I,ITA,POP,PS,_T,_T,H,1954,48299578.0,A,0,0
DATAFLOW,OECD.ELS.SAE:DSD_POPULATION@DF_POP_HIST(1.0),,I,ITA,POP,PS,_T,_T,H,1955,48632556.0,A,0,0
DATAFLOW,OECD.ELS.SAE:DSD_POPULATION@DF_POP_HIST(1.0),,I,ITA,POP,PS,_T,_T,H,1956,48921093.0,A,0,0
DATAFLOW,OECD.ELS.SAE:DSD_POPULATION@DF_POP_HIST(1.0),,I,ITA,POP,PS,_T,_T,H,1957,49183204.0,A,0,0
DATAFLOW,OECD.ELS.SAE:DSD_POPULATION@DF_POP_HIST(1.0),,I,ITA,POP,PS,_T,_T,H,1958,49476429.0,A,0,0
DATAFLOW,OECD.ELS.SAE:DSD_POPULATION@DF_POP_HIST(1.0),,I,ITA,POP,PS,_T,_T,H,1959,49832779.0,A,0,0
DATAFLOW,OECD.ELS.SAE:DSD_POPULATION@DF_POP_HIST(1.0),,I,ITA,POP,PS,_T,_T,H,1960,50199634.0,A,0,0
DATAFLOW,OECD.ELS.SAE:DSD_POPULATION@DF_POP_HIST(1.0),,I,ITA,POP,PS,_T,_T,H,1961,50536309.0,A,0,0
DATAFLOW,OECD.ELS.SAE:DSD_POPULATION@DF_POP_HIST(1.0),,I,ITA,POP,PS,_T,_T,H,1962,50879432.0,A,0,0
DATAFLOW,OECD.ELS.SAE:DSD_POPULATION@DF_POP_HIST(1.0),,I,ITA,POP,PS,_T,_T,H,1963,51251937.0,A,0,0
DATAFLOW,OECD.ELS.SAE:DSD_POPULATION@DF_POP_HIST(1.0),,I,ITA,POP,PS,_T,_T,H,1964,51675294.0,A,0,0
DATAFLOW,OECD.ELS.SAE:DSD_POPULATION@DF_POP_HIST(1.0),,I,ITA,POP,PS,_T,_T,H,1965,52112336.0,A,0,0
DATAFLOW,OECD.ELS.SAE:DSD_POPULATION@DF_POP_HIST(1.0),,I,ITA,POP,PS,_T,_T,H,1966,52518925.0,A,0,0
DATAFLOW,OECD.ELS.SAE:DSD_POPULATION@DF_POP_HIST(1.0),,I,ITA,POP,PS,_T,_T,H,1967,52900443.0,A,0,0
DATAFLOW,OECD.ELS.SAE:DSD_POPULATION@DF_POP_HIST(1.0),,I,ITA,POP,PS,_T,_T,H,1968,53235691.0,A,0,0
DATAFLOW,OECD.ELS.SAE:DSD_POPULATION@DF_POP_HIST(1.0),,I,ITA,POP,PS,_T,_T,H,1969,53537796.0,A,0,0
DATAFLOW,OECD.ELS.SAE:DSD_POPULATION@DF_POP_HIST(1.0),,I,ITA,POP,PS,_T,_T,H,1970,53821798.0,A,0,0
DATAFLOW,OECD.ELS.SAE:DSD_POPULATION@DF_POP_HIST(1.0),,I,ITA,POP,PS,_T,_T,H,1971,54073525.0,A,0,0
DATAFLOW,OECD.ELS.SAE:DSD_POPULATION@DF_POP_HIST(1.0),,I,ITA,POP,PS,_T,_T,H,1972,54381345.0,A,0,0
DATAFLOW,OECD.ELS.SAE:DSD_POPULATION@DF_POP_HIST(1.0),,I,ITA,POP,PS,_T,_T,H,1973,54751405.0,A,0,0
DATAFLOW,OECD.ELS.SAE:DSD_POPULATION@DF_POP_HIST(1.0),,I,ITA,POP,PS,_T,_T,H,1974,55110870.0,A,0,0
DATAFLOW,OECD.ELS.SAE:DSD_POPULATION@DF_POP_HIST(1.0),,I,ITA,POP,PS,_T,_T,H,1975,55440999.0,A,0,0
DATAFLOW,OECD.ELS.SAE:DSD_POPULATION@DF_POP_HIST(1.0),,I,ITA,POP,PS,_T,_T,H,1976,55718266.0,A,0,0
DATAFLOW,OECD.ELS.SAE:DSD_POPULATION@DF_POP_HIST(1.0),,I,ITA,POP,PS,_T,_T,H,1977,55955407.0,A,0,0
DATAFLOW,OECD.ELS.SAE:DSD_POPULATION@DF_POP_HIST(1.0),,I,ITA,POP,PS,_T,_T,H,1978,56155142.0,A,0,0
DATAFLOW,OECD.ELS.SAE:DSD_POPULATION@DF_POP_HIST(1.0),,I,ITA,POP,PS,_T,_T,H,1979,56317750.0,A,0,0
DATAFLOW,OECD.ELS.SAE:DSD_POPULATION@DF_POP_HIST(1.0),,I,ITA,POP,PS,_T,_T,H,1980,56433876.0,A,0,0
DATAFLOW,OECD.ELS.SAE:DSD_POPULATION@DF_POP_HIST(1.0),,I,ITA,POP,PS,_T,_T,H,1981,56501674.0,A,0,0
DATAFLOW,OECD.ELS.SAE:DSD_POPULATION@DF_POP_HIST(1.0),,I,ITA,POP,PS,_T,_T,H,1982,56543539.0,A,0,0
DATAFLOW,OECD.ELS.SAE:DSD_POPULATION@DF_POP_HIST(1.0),,I,ITA,POP,PS,_T,_T,H,1983,56564076.0,A,0,0
DATAFLOW,OECD.ELS.SAE:DSD_POPULATION@DF_POP_HIST(1.0),,I,ITA,POP,PS,_T,_T,H,1984,56576719.0,A,0,0
DATAFLOW,OECD.ELS.SAE:DSD_POPULATION@DF_POP_HIST(1.0),,I,ITA,POP,PS,_T,_T,H,1985,56593070.0,A,0,0
DATAFLOW,OECD.ELS.SAE:DSD_POPULATION@DF_POP_HIST(1.0),,I,ITA,POP,PS,_T,_T,H,1986,56596157.0,A,0,0
DATAFLOW,OECD.ELS.SAE:DSD_POPULATION@DF_POP_HIST(1.0),,I,ITA,POP,PS,_T,_T,H,1987,56601936.0,A,0,0
DATAFLOW,OECD.ELS.SAE:DSD_POPULATION@DF_POP_HIST(1.0),,I,ITA,POP,PS,_T,_T,H,1988,56629290.0,A,0,0
DATAFLOW,OECD.ELS.SAE:DSD_POPULATION@DF_POP_HIST(1.0),,I,ITA,POP,PS,_T,_T,H,1989,56671778.0,A,0,0
DATAFLOW,OECD.ELS.SAE:DSD_POPULATION@DF_POP_HIST(1.0),,I,ITA,POP,PS,_T,_T,H,1990,56719239.0,A,0,0
DATAFLOW,OECD.ELS.SAE:DSD_POPULATION@DF_POP_HIST(1.0),,I,ITA,POP,PS,_T,_T,H,1991,56758522.0,A,0,0
DATAFLOW,OECD.ELS.SAE:DSD_POPULATION@DF_POP_HIST(1.0),,I,ITA,POP,PS,_T,_T,H,1992,56797078.0,A,0,0
DATAFLOW,OECD.ELS.SAE:DSD_POPULATION@DF_POP_HIST(1.0),,I,ITA,POP,PS,_T,_T,H,1993,56831823.0,A,0,0
DATAFLOW,OECD.ELS.SAE:DSD_POPULATION@DF_POP_HIST(1.0),,I,ITA,POP,PS,_T,_T,H,1994,56843400.0,A,0,0
DATAFLOW,OECD.ELS.SAE:DSD_POPULATION@DF_POP_HIST(1.0),,I,ITA,POP,PS,_T,_T,H,1995,56844301.0,A,0,0
DATAFLOW,OECD.ELS.SAE:DSD_POPULATION@DF_POP_HIST(1.0),,I,ITA,POP,PS,_T,_T,H,1996,56860279.0,A,0,0
DATAFLOW,OECD.ELS.SAE:DSD_POPULATION@DF_POP_HIST(1.0),,I,ITA,POP,PS,_T,_T,H,1997,56890371.0,A,0,0
DATAFLOW,OECD.ELS.SAE:DSD_POPULATION@DF_POP_HIST(1.0),,I,ITA,POP,PS,_T,_T,H,1998,56906744.0,A,0,0
DATAFLOW,OECD.ELS.SAE:DSD_POPULATION@DF_POP_HIST(1.0),,I,ITA,POP,PS,_T,_T,H,1999,56916316.0,A,0,0
DATAFLOW,OECD.ELS.SAE:DSD_POPULATION@DF_POP_HIST(1.0),,I,ITA,POP,PS,_T,_T,H,2000,56942108.0,A,0,0
DATAFLOW,OECD.ELS.SAE:DSD_POPULATION@DF_POP_HIST(1.0),,I,ITA,POP,PS,_T,_T,H,2001,56976976.0,A,0,0
DATAFLOW,OECD.ELS.SAE:DSD_POPULATION@DF_POP_HIST(1.0),,I,ITA,POP,PS,_T,_T,H,2002,57089823.0,A,0,0
DATAFLOW,OECD.ELS.SAE:DSD_POPULATION@DF_POP_HIST(1.0),,I,ITA,POP,PS,_T,_T,H,2003,57399187.0,A,0,0
DATAFLOW,OECD.ELS.SAE:DSD_POPULATION@DF_POP_HIST(1.0),,I,ITA,POP,PS,_T,_T,H,2004,57828178.0,A,0,0
DATAFLOW,OECD.ELS.SAE:DSD_POPULATION@DF_POP_HIST(1.0),,I,ITA,POP,PS,_T,_T,H,2005,58166684.0,A,0,0
DATAFLOW,OECD.ELS.SAE:DSD_POPULATION@DF_POP_HIST(1.0),,I,ITA,POP,PS,_T,_T,H,2006,58399863.0,A,0,0
DATAFLOW,OECD.ELS.SAE:DSD_POPULATION@DF_POP_HIST(1.0),,I,ITA,POP,PS,_T,_T,H,2007,58756247.0,A,0,0
DATAFLOW,OECD.ELS.SAE:DSD_POPULATION@DF_POP_HIST(1.0),,I,ITA,POP,PS,_T,_T,H,2008,59211183.0,A,0,0
DATAFLOW,OECD.ELS.SAE:DSD_POPULATION@DF_POP_HIST(1.0),,I,ITA,POP,PS,_T,_T,H,2009,59555456.0,A,0,0
DATAFLOW,OECD.ELS.SAE:DSD_POPULATION@DF_POP_HIST(1.0),,I,ITA,POP,PS,_T,_T,H,2010,59819402.0,A,0,0
DATAFLOW,OECD.ELS.SAE:DSD_POPULATION@DF_POP_HIST(1.0),,I,ITA,POP,PS,_T,_T,H,2011,60026844.0,A,0,0
DATAFLOW,OECD.ELS.SAE:DSD_POPULATION@DF_POP_HIST(1.0),,I,ITA,POP,PS,_T,_T,H,2012,60191243.0,A,0,0
DATAFLOW,OECD.ELS.SAE:DSD_POPULATION@DF_POP_HIST(1.0),,I,ITA,POP,PS,_T,_T,H,2013,60311616.0,A,0,0
DATAFLOW,OECD.ELS.SAE:DSD_POPULATION@DF_POP_HIST(1.0),,I,ITA,POP,PS,_T,_T,H,2014,60320708.0,A,0,0
DATAFLOW,OECD.ELS.SAE:DSD_POPULATION@DF_POP_HIST(1.0),,I,ITA,POP,PS,_T,_T,H,2015,60229599.0,A,0,0
DATAFLOW,OECD.ELS.SAE:DSD_POPULATION@DF_POP_HIST(1.0),,I,ITA,POP,PS,_T,_T,H,2016,60115220.0,A,0,0
DATAFLOW,OECD.ELS.SAE:DSD_POPULATION@DF_POP_HIST(1.0),,I,ITA,POP,PS,_T,_T,H,2017,60002254.0,A,0,0
DATAFLOW,OECD.ELS.SAE:DSD_POPULATION@DF_POP_HIST(1.0),,I,ITA,POP,PS,_T,_T,H,2018,59877216.0,A,0,0
DATAFLOW,OECD.ELS.SAE:DSD_POPULATION@DF_POP_HIST(1.0),,I,ITA,POP,PS,_T,_T,H,2019,59729077.0,A,0,0
DATAFLOW,OECD.ELS.SAE:DSD_POPULATION@DF_POP_HIST(1.0),,I,ITA,POP,PS,_T,_T,H,2020,59438845.0,A,0,0
DATAFLOW,OECD.ELS.SAE:DSD_POPULATION@DF_POP_HIST(1.0),,I,ITA,POP,PS,_T,_T,H,2021,59133173.0,A,0,0
DATAFLOW,OECD.ELS.SAE:DSD_POPULATION@DF_POP_HIST(1.0),,I,NLD,POP,PS,_T,_T,H,1950,10113528.0,A,0,0
DATAFLOW,OECD.ELS.SAE:DSD_POPULATION@DF_POP_HIST(1.0),,I,NLD,POP,PS,_T,_T,H,1951,10264309.0,A,0,0
DATAFLOW,OECD.ELS.SAE:DSD_POPULATION@DF_POP_HIST(1.0),,I,NLD,POP,PS,_T,_T,H,1952,10381980.0,A,0,0
DATAFLOW,OECD.ELS.SAE:DSD_POPULATION@DF_POP_HIST(1.0),,I,NLD,POP,PS,_T,_T,H,1953,10493184.0,A,0,0
DATAFLOW,OECD.ELS.SAE:DSD_POPULATION@DF_POP_HIST(1.0),,I,NLD,POP,PS,_T,_T,H,1954,10615385.0,A,0,0
DATAFLOW,OECD.ELS.SAE:DSD_POPULATION@DF_POP_HIST(1.0),,I,NLD,POP,PS,_T,_T,H,1955,10750840.0,A,0,0
DATAFLOW,OECD.ELS.SAE:DSD_POPULATION@DF_POP_HIST(1.0),,I,NLD,POP,PS,_T,_T,H,1956,10889358.0,A,0,0
DATAFLOW,OECD.ELS.SAE:DSD_POPULATION@DF_POP_HIST(1.0),,I,NLD,POP,PS,_T,_T,H,1957,11026384.0,A,0,0
DATAFLOW,OECD.ELS.SAE:DSD_POPULATION@DF_POP_HIST(1.0),,I,NLD,POP,PS,_T,_T,H,1958,11186878.0,A,0,0
DATAFLOW,OECD.ELS.SAE:DSD_POPULATION@DF_POP_HIST(1.0),,I,NLD,POP,PS,_T,_T,H,1959,11347635.0,A,0,0
DATAFLOW,OECD.ELS.SAE:DSD_POPULATION@DF_POP_HIST(1.0),,I,NLD,POP,PS,_T,_T,H,1960,11486630.0,A,0,0
DATAFLOW,OECD.ELS.SAE:DSD_POPULATION@DF_POP_HIST(1.0),,I,NLD,POP,PS,_T,_T,H,1961,11638709.0,A,0,0
DATAFLOW,OECD.ELS.SAE:DSD_POPULATION@DF_POP_HIST(1.0),,I,NLD,POP,PS,_T,_T,H,1962,11805690.0,A,0,0
DATAFLOW,OECD.ELS.SAE:DSD_POPULATION@DF_POP_HIST(1.0),,I,NLD,POP,PS,_T,_T,H,1963,11965967.0,A,0,0
DATAFLOW,OECD.ELS.SAE:DSD_POPULATION@DF_POP_HIST(1.0),,I,NLD,POP,PS,_T,_T,H,1964,12127116.0,A,0,0
DATAFLOW,OECD.ELS.SAE:DSD_POPULATION@DF_POP_HIST(1.0),,I,NLD,POP,PS,_T,_T,H,1965,12294732.0,A,0,0
DATAFLOW,OECD.ELS.SAE:DSD_POPULATION@DF_POP_HIST(1.0),,I,NLD,POP,PS,_T,_T,H,1966,12456254.0,A,0,0
DATAFLOW,OECD.ELS.SAE:DSD_POPULATION@DF_POP_HIST(1.0),,I,NLD,POP,PS,_T,_T,H,1967,12598202.0,A,0,0
DATAFLOW,OECD.ELS.SAE:DSD_POPULATION@DF_POP_HIST(1.0),,I,NLD,POP,PS,_T,_T,H,1968,12729717.0,A,0,0
DATAFLOW,OECD.ELS.SAE:DSD_POPULATION@DF_POP_HIST(1.0),,I,NLD,POP,PS,_T,_T,H,1969,12877984.0,A,0,0
DATAFLOW,OECD.ELS.SAE:DSD_POPULATION@DF_POP_HIST(1.0),,I,NLD,POP,PS,_T,_T,H,1970,13038523.0,A,0,0
DATAFLOW,OECD.ELS.SAE:DSD_POPULATION@DF_POP_HIST(1.0),,I,NLD,POP,PS,_T,_T,H,1971,13194497.0,A,0,0
DATAFLOW,OECD.ELS.SAE:DSD_POPULATION@DF_POP_HIST(1.0),,I,NLD,POP,PS,_T,_T,H,1972,13328595.0,A,0,0
DATAFLOW,OECD.ELS.SAE:DSD_POPULATION@DF_POP_HIST(1.0),,I,NLD,POP,PS,_T,_T,H,1973,13439325.0,A,0,0
DATAFLOW,OECD.ELS.SAE:DSD_POPULATION@DF_POP_HIST(1.0),,I,NLD,POP,PS,_T,_T,H,1974,13545054.0,A,0,0
DATAFLOW,OECD.ELS.SAE:DSD_POPULATION@DF_POP_HIST(1.0),,I,NLD,POP,PS,_T,_T,H,1975,13666329.0,A,0,0
DATAFLOW,OECD.ELS.SAE:DSD_POPULATION@DF_POP_HIST(1.0),,I,NLD,POP,PS,_T,_T,H,1976,13774037.0,A,0,0
DATAFLOW,OECD.ELS.SAE:DSD_POPULATION@DF_POP_HIST(1.0),,I,NLD,POP,PS,_T,_T,H,1977,13856188.0,A,0,0
DATAFLOW,OECD.ELS.SAE:DSD_POPULATION@DF_POP_HIST(1.0),,I,NLD,POP,PS,_T,_T,H,1978,13941702.0,A,0,0
DATAFLOW,OECD.ELS.SAE:DSD_POPULATION@DF_POP_HIST(1.0),,I,NLD,POP,PS,_T,_T,H,1979,14038270.0,A,0,0
DATAFLOW,OECD.ELS.SAE:DSD_POPULATION@DF_POP_HIST(1.0),,I,NLD,POP,PS,_T,_T,H,1980,14149799.0,A,0,0
DATAFLOW,OECD.ELS.SAE:DSD_POPULATION@DF_POP_HIST(1.0),,I,NLD,POP,PS,_T,_T,H,1981,14247217.0,A,0,0
DATAFLOW,OECD.ELS.SAE:DSD_POPULATION@DF_POP_HIST(1.0),,I,NLD,POP,PS,_T,_T,H,1982,14312689.0,A,0,0
DATAFLOW,OECD.ELS.SAE:DSD_POPULATION@DF_POP_HIST(1.0),,I,NLD,POP,PS,_T,_T,H,1983,14367066.0,A,0,0
DATAFLOW,OECD.ELS.SAE:DSD_POPULATION@DF_POP_HIST(1.0),,I,NLD,POP,PS,_T,_T,H,1984,14424211.0,A,0,0
DATAFLOW,OECD.ELS.SAE:DSD_POPULATION@DF_POP_HIST(1.0),,I,NLD,POP,PS,_T,_T,H,1985,14491629.0,A,0,0
DATAFLOW,OECD.ELS.SAE:DSD_POPULATION@DF_POP_HIST(1.0),,I,NLD,POP,PS,_T,_T,H,1986,14572280.0,A,0,0
DATAFLOW,OECD.ELS.SAE:DSD_POPULATION@DF_POP_HIST(1.0),,I,NLD,POP,PS,_T,_T,H,1987,14665037.0,A,0,0
DATAFLOW,OECD.ELS.SAE:DSD_POPULATION@DF_POP_HIST(1.0),,I,NLD,POP,PS,_T,_T,H,1988,14760092.0,A,0,0
DATAFLOW,OECD.ELS.SAE:DSD_POPULATION@DF_POP_HIST(1.0),,I,NLD,POP,PS,_T,_T,H,1989,14848906.0,A,0,0
DATAFLOW,OECD.ELS.SAE:DSD_POPULATION@DF_POP_HIST(1.0),,I,NLD,POP,PS,_T,_T,H,1990,14951510.0,A,0,0
DATAFLOW,OECD.ELS.SAE:DSD_POPULATION@DF_POP_HIST(1.0),,I,NLD,POP,PS,_T,_T,H,1991,15069799.0,A,0,0
DATAFLOW,OECD.ELS.SAE:DSD_POPULATION@DF_POP_HIST(1.0),,I,NLD,POP,PS,_T,_T,H,1992,15184163.0,A,0,0
DATAFLOW,OECD.ELS.SAE:DSD_POPULATION@DF_POP_HIST(1.0),,I,NLD,POP,PS,_T,_T,H,1993,15290368.0,A,0,0
DATAFLOW,OECD.ELS.SAE:DSD_POPULATION@DF_POP_HIST(1.0),,I,NLD,POP,PS,_T,_T,H,1994,15382834.0,A,0,0
DATAFLOW,OECD.ELS.SAE:DSD_POPULATION@DF_POP_HIST(1.0),,I,NLD,POP,PS,_T,_T,H,1995,15459004.0,A,0,0
DATAFLOW,OECD.ELS.SAE:DSD_POPULATION@DF_POP_HIST(1.0),,I,NLD,POP,PS,_T,_T,H,1996,15530500.0,A,0,0
DATAFLOW,OECD.ELS.SAE:DSD_POPULATION@DF_POP_HIST(1.0),,I,NLD,POP,PS,_T,_T,H,1997,15610650.0,A,0,0
DATAFLOW,OECD.ELS.SAE:DSD_POPULATION@DF_POP_HIST(1.0),,I,NLD,POP,PS,_T,_T,H,1998,15707205.0,A,0,0
DATAFLOW,OECD.ELS.SAE:DSD_POPULATION@DF_POP_HIST(1.0),,I,NLD,POP,PS,_T,_T,H,1999,15812085.0,A,0,0
DATAFLOW,OECD.ELS.SAE:DSD_POPULATION@DF_POP_HIST(1.0),,I,NLD,POP,PS,_T,_T,H,2000,15925505.0,A,0,0
DATAFLOW,OECD.ELS.SAE:DSD_POPULATION@DF_POP_HIST(1.0),,I,NLD,POP,PS,_T,_T,H,2001,16046182.0,A,0,0
DATAFLOW,OECD.ELS.SAE:DSD_POPULATION@DF_POP_HIST(1.0),,I,NLD,POP,PS,_T,_T,H,2002,16148921.0,A,0,0
DATAFLOW,OECD.ELS.SAE:DSD_POPULATION@DF_POP_HIST(1.0),,I,NLD,POP,PS,_T,_T,H,2003,16225303.0,A,0,0
DATAFLOW,OECD.ELS.SAE:DSD_POPULATION@DF_POP_HIST(1.0),,I,NLD,POP,PS,_T,_T,H,2004,16281777.0,A,0,0
DATAFLOW,OECD.ELS.SAE:DSD_POPULATION@DF_POP_HIST(1.0),,I,NLD,POP,PS,_T,_T,H,2005,16319871.0,A,0,0
DATAFLOW,OECD.ELS.SAE:DSD_POPULATION@DF_POP_HIST(1.0),,I,NLD,POP,PS,_T,_T,H,2006,16346096.0,A,0,0
DATAFLOW,OECD.ELS.SAE:DSD_POPULATION@DF_POP_HIST(1.0),,I,NLD,POP,PS,_T,_T,H,2007,16381696.0,A,0,0
DATAFLOW,OECD.ELS.SAE:DSD_POPULATION@DF_POP_HIST(1.0),,I,NLD,POP,PS,_T,_T,H,2008,16445590.0,A,0,0
DATAFLOW,OECD.ELS.SAE:DSD_POPULATION@DF_POP_HIST(1.0),,I,NLD,POP,PS,_T,_T,H,2009,16530387.0,A,0,0
DATAFLOW,OECD.ELS.SAE:DSD_POPULATION@DF_POP_HIST(1.0),,I,NLD,POP,PS,_T,_T,H,2010,16615390.0,A,0,0
DATAFLOW,OECD.ELS.SAE:DSD_POPULATION@DF_POP_HIST(1.0),,I,NLD,POP,PS,_T,_T,H,2011,16693074.0,A,0,0
DATAFLOW,OECD.ELS.SAE:DSD_POPULATION@DF_POP_HIST(1.0),,I,NLD,POP,PS,_T,_T,H,2012,16754963.0,A,0,0
DATAFLOW,OECD.ELS.SAE:DSD_POPULATION@DF_POP_HIST(1.0),,I,NLD,POP,PS,_T,_T,H,2013,16804430.0,A,0,0
DATAFLOW,OECD.ELS.SAE:DSD_POPULATION@DF_POP_HIST(1.0),,I,NLD,POP,PS,_T,_T,H,2014,16865008.0,A,0,0
DATAFLOW,OECD.ELS.SAE:DSD_POPULATION@DF_POP_HIST(1.0),,I,NLD,POP,PS,_T,_T,H,2015,16939925.0,A,0,0
DATAFLOW,OECD.ELS.SAE:DSD_POPULATION@DF_POP_HIST(1.0),,I,NLD,POP,PS,_T,_T,H,2016,17030314.0,A,0,0
DATAFLOW,OECD.ELS.SAE:DSD_POPULATION@DF_POP_HIST(1.0),,I,NLD,POP,PS,_T,_T,H,2017,17131295.0,A,0,0
DATAFLOW,OECD.ELS.SAE:DSD_POPULATION@DF_POP_HIST(1.0),,I,NLD,POP,PS,_T,_T,H,2018,17231622.0,A,0,0
DATAFLOW,OECD.ELS.SAE:DSD_POPULATION@DF_POP_HIST(1.0),,I,NLD,POP,PS,_T,_T,H,2019,17344876.0,A,0,0
DATAFLOW,OECD.ELS.SAE:DSD_POPULATION@DF_POP_HIST(1.0),,I,NLD,POP,PS,_T,_T,H,2020,17441500.0,A,0,0
DATAFLOW,OECD.ELS.SAE:DSD_POPULATION@DF_POP_HIST(1.0),,I,NLD,POP,PS,_T,_T,H,2021,17533048.0,A,0,0
DATAFLOW,OECD.ELS.SAE:DSD_POPULATION@DF_POP_HIST(1.0),,I,CHE,POP,PS,_T,_T,H,1950,4692704.0,A,0,0
DATAFLOW,OECD.ELS.SAE:DSD_POPULATION@DF_POP_HIST(1.0),,I,CHE,POP,PS,_T,_T,H,1951,4748057.0,A,0,0
DATAFLOW,OECD.ELS.SAE:DSD_POPULATION@DF_POP_HIST(1.0),,I,CHE,POP,PS,_T,_T,H,1952,4811514.0,A,0,0
DATAFLOW,OECD.ELS.SAE:DSD_POPULATION@DF_POP_HIST(1.0),,I,CHE,POP,PS,_T,_T,H,1953,4875565.0,A,0,0
DATAFLOW,OECD.ELS.SAE:DSD_POPULATION@DF_POP_HIST(1.0),,I,CHE,POP,PS,_T,_T,H,1954,4938609.0,A,0,0
DATAFLOW,OECD.ELS.SAE:DSD_POPULATION@DF_POP_HIST(1.0),,I,CHE,POP,PS,_T,_T,H,1955,5001962.0,A,0,0
DATAFLOW,OECD.ELS.SAE:DSD_POPULATION@DF_POP_HIST(1.0),,I,CHE,POP,PS,_T,_T,H,1956,5065497.0,A,0,0
DATAFLOW,OECD.ELS.SAE:DSD_POPULATION@DF_POP_HIST(1.0),,I,CHE,POP,PS,_T,_T,H,1957,5130046.0,A,0,0
DATAFLOW,OECD.ELS.SAE:DSD_POPULATION@DF_POP_HIST(1.0),,I,CHE,POP,PS,_T,_T,H,1958,5196395.0,A,0,0
DATAFLOW,OECD.ELS.SAE:DSD_POPULATION@DF_POP_HIST(1.0),,I,CHE,POP,PS,_T,_T,H,1959,5262793.0,A,0,0
DATAFLOW,OECD.ELS.SAE:DSD_POPULATION@DF_POP_HIST(1.0),,I,CHE,POP,PS,_T,_T,H,1960,5327872.0,A,0,0
DATAFLOW,OECD.ELS.SAE:DSD_POPULATION@DF_POP_HIST(1.0),,I,CHE,POP,PS,_T,_T,H,1961,5434294.0,A,0,0
DATAFLOW,OECD.ELS.SAE:DSD_POPULATION@DF_POP_HIST(1.0),,I,CHE,POP,PS,_T,_T,H,1962,5573815.0,A,0,0
DATAFLOW,OECD.ELS.SAE:DSD_POPULATION@DF_POP_HIST(1.0),,I,CHE,POP,PS,_T,_T,H,1963,5694247.0,A,0,0
DATAFLOW,OECD.ELS.SAE:DSD_POPULATION@DF_POP_HIST(1.0),,I,CHE,POP,PS,_T,_T,H,1964,5789228.0,A,0,0
DATAFLOW,OECD.ELS.SAE:DSD_POPULATION@DF_POP_HIST(1.0),,I,CHE,POP,PS,_T,_T,H,1965,5856472.0,A,0,0
DATAFLOW,OECD.ELS.SAE:DSD_POPULATION@DF_POP_HIST(1.0),,I,CHE,POP,PS,_T,_T,H,1966,5918002.0,A,0,0
DATAFLOW,OECD.ELS.SAE:DSD_POPULATION@DF_POP_HIST(1.0),,I,CHE,POP,PS,_T,_T,H,1967,5991785.0,A,0,0
DATAFLOW,OECD.ELS.SAE:DSD_POPULATION@DF_POP_HIST(1.0),,I,CHE,POP,PS,_T,_T,H,1968,6067714.0,A,0,0
DATAFLOW,OECD.ELS.SAE:DSD_POPULATION@DF_POP_HIST(1.0),,I,CHE,POP,PS,_T,_T,H,1969,6136387.0,A,0,0
DATAFLOW,OECD.ELS.SAE:DSD_POPULATION@DF_POP_HIST(1.0),,I,CHE,POP,PS,_T,_T,H,1970,6180882.0,A,0,0
DATAFLOW,OECD.ELS.SAE:DSD_POPULATION@DF_POP_HIST(1.0),,I,CHE,POP,PS,_T,_T,H,1971,6213405.0,A,0,0
DATAFLOW,OECD.ELS.SAE:DSD_POPULATION@DF_POP_HIST(1.0),,I,CHE,POP,PS,_T,_T,H,1972,6260956.0,A,0,0
DATAFLOW,OECD.ELS.SAE:DSD_POPULATION@DF_POP_HIST(1.0),,I,CHE,POP,PS,_T,_T,H,1973,6307348.0,A,0,0
DATAFLOW,OECD.ELS.SAE:DSD_POPULATION@DF_POP_HIST(1.0),,I,CHE,POP,PS,_T,_T,H,1974,6341406.0,A,0,0
DATAFLOW,OECD.ELS.SAE:DSD_POPULATION@DF_POP_HIST(1.0),,I,CHE,POP,PS,_T,_T,H,1975,6338632.0,A,0,0
DATAFLOW,OECD.ELS.SAE:DSD_POPULATION@DF_POP_HIST(1.0),,I,CHE,POP,PS,_T,_T,H,1976,6302505.0,A,0,0
DATAFLOW,OECD.ELS.SAE:DSD_POPULATION@DF_POP_HIST(1.0),,I,CHE,POP,PS,_T,_T,H,1977,6281175.0,A,0,0
DATAFLOW,OECD.ELS.SAE:DSD_POPULATION@DF_POP_HIST(1.0),,I,CHE,POP,PS,_T,_T,H,1978,6281737.0,A,0,0
DATAFLOW,OECD.ELS.SAE:DSD_POPULATION@DF_POP_HIST(1.0),,I,CHE,POP,PS,_T,_T,H,1979,6294364.0,A,0,0
DATAFLOW,OECD.ELS.SAE:DSD_POPULATION@DF_POP_HIST(1.0),,I,CHE,POP,PS,_T,_T,H,1980,6319409.0,A,0,0
DATAFLOW,OECD.ELS.SAE:DSD_POPULATION@DF_POP_HIST(1.0),,I,CHE,POP,PS,_T,_T,H,1981,6354073.0,A,0,0
DATAFLOW,OECD.ELS.SAE:DSD_POPULATION@DF_POP_HIST(1.0),,I,CHE,POP,PS,_T,_T,H,1982,6391309.0,A,0,0
DATAFLOW,OECD.ELS.SAE:DSD_POPULATION@DF_POP_HIST(1.0),,I,CHE,POP,PS,_T,_T,H,1983,6418774.0,A,0,0
DATAFLOW,OECD.ELS.SAE:DSD_POPULATION@DF_POP_HIST(1.0),,I,CHE,POP,PS,_T,_T,H,1984,6441865.0,A,0,0
DATAFLOW,OECD.ELS.SAE:DSD_POPULATION@DF_POP_HIST(1.0),,I,CHE,POP,PS,_T,_T,H,1985,6470366.0,A,0,0
DATAFLOW,OECD.ELS.SAE:DSD_POPULATION@DF_POP_HIST(1.0),,I,CHE,POP,PS,_T,_T,H,1986,6504125.0,A,0,0
DATAFLOW,OECD.ELS.SAE:DSD_POPULATION@DF_POP_HIST(1.0),,I,CHE,POP,PS,_T,_T,H,1987,6545107.0,A,0,0
DATAFLOW,OECD.ELS.SAE:DSD_POPULATION@DF_POP_HIST(1.0),,I,CHE,POP,PS,_T,_T,H,1988,6593387.0,A,0,0
DATAFLOW,OECD.ELS.SAE:DSD_POPULATION@DF_POP_HIST(1.0),,I,CHE,POP,PS,_T,_T,H,1989,6646912.0,A,0,0
DATAFLOW,OECD.ELS.SAE:DSD_POPULATION@DF_POP_HIST(1.0),,I,CHE,POP,PS,_T,_T,H,1990,6712273.0,A,0,0
DATAFLOW,OECD.ELS.SAE:DSD_POPULATION@DF_POP_HIST(1.0),,I,CHE,POP,PS,_T,_T,H,1991,6799979.0,A,0,0
DATAFLOW,OECD.ELS.SAE:DSD_POPULATION@DF_POP_HIST(1.0),,I,CHE,POP,PS,_T,_T,H,1992,6875364.0,A,0,0
DATAFLOW,OECD.ELS.SAE:DSD_POPULATION@DF_POP_HIST(1.0),,I,CHE,POP,PS,_T,_T,H,1993,6938265.0,A,0,0
DATAFLOW,OECD.ELS.SAE:DSD_POPULATION@DF_POP_HIST(1.0),,I,CHE,POP,PS,_T,_T,H,1994,6993795.0,A,0,0
DATAFLOW,OECD.ELS.SAE:DSD_POPULATION@DF_POP_HIST(1.0),,I,CHE,POP,PS,_T,_T,H,1995,7040687.0,A,0,0
DATAFLOW,OECD.ELS.SAE:DSD_POPULATION@DF_POP_HIST(1.0),,I,CHE,POP,PS,_T,_T,H,1996,7071851.0,A,0,0
DATAFLOW,OECD.ELS.SAE:DSD_POPULATION@DF_POP_HIST(1.0),,I,CHE,POP,PS,_T,_T,H,1997,7088906.0,A,0,0
DATAFLOW,OECD.ELS.SAE:DSD_POPULATION@DF_POP_HIST(1.0),,I,CHE,POP,PS,_T,_T,H,1998,7110002.0,A,0,0
DATAFLOW,OECD.ELS.SAE:DSD_POPULATION@DF_POP_HIST(1.0),,I,CHE,POP,PS,_T,_T,H,1999,7143991.0,A,0,0
DATAFLOW,OECD.ELS.SAE:DSD_POPULATION@DF_POP_HIST(1.0),,I,CHE,POP,PS,_T,_T,H,2000,7184250.0,A,0,0
DATAFLOW,OECD.ELS.SAE:DSD_POPULATION@DF_POP_HIST(1.0),,I,CHE,POP,PS,_T,_T,H,2001,7226647.0,A,0,0
DATAFLOW,OECD.ELS.SAE:DSD_POPULATION@DF_POP_HIST(1.0),,I,CHE,POP,PS,_T,_T,H,2002,7284754.0,A,0,0
DATAFLOW,OECD.ELS.SAE:DSD_POPULATION@DF_POP_HIST(1.0),,I,CHE,POP,PS,_T,_T,H,2003,7339002.0,A,0,0
DATAFLOW,OECD.ELS.SAE:DSD_POPULATION@DF_POP_HIST(1.0),,I,CHE,POP,PS,_T,_T,H,2004,7389626.0,A,0,0
DATAFLOW,OECD.ELS.SAE:DSD_POPULATION@DF_POP_HIST(1.0),,I,CHE,POP,PS,_T,_T,H,2005,7437116.0,A,0,0
DATAFLOW,OECD.ELS.SAE:DSD_POPULATION@DF_POP_HIST(1.0),,I,CHE,POP,PS,_T,_T,H,2006,7483935.0,A,0,0
DATAFLOW,OECD.ELS.SAE:DSD_POPULATION@DF_POP_HIST(1.0),,I,CHE,POP,PS,_T,_T,H,2007,7551117.0,A,0,0
DATAFLOW,OECD.ELS.SAE:DSD_POPULATION@DF_POP_HIST(1.0),,I,CHE,POP,PS,_T,_T,H,2008,7647676.0,A,0,0
DATAFLOW,OECD.ELS.SAE:DSD_POPULATION@DF_POP_HIST(1.0),,I,CHE,POP,PS,_T,_T,H,2009,7743832.0,A,0,0
DATAFLOW,OECD.ELS.SAE:DSD_POPULATION@DF_POP_HIST(1.0),,I,CHE,POP,PS,_T,_T,H,2010,7824910.0,A,0,0
DATAFLOW,OECD.ELS.SAE:DSD_POPULATION@DF_POP_HIST(1.0),,I,CHE,POP,PS,_T,_T,H,2011,7912396.0,A,0,0
DATAFLOW,OECD.ELS.SAE:DSD_POPULATION@DF_POP_HIST(1.0),,I,CHE,POP,PS,_T,_T,H,2012,7996861.0,A,0,0
DATAFLOW,OECD.ELS.SAE:DSD_POPULATION@DF_POP_HIST(1.0),,I,CHE,POP,PS,_T,_T,H,2013,8089346.0,A,0,0
DATAFLOW,OECD.ELS.SAE:DSD_POPULATION@DF_POP_HIST(1.0),,I,CHE,POP,PS,_T,_T,H,2014,8188646.0,A,0,0
DATAFLOW,OECD.ELS.SAE:DSD_POPULATION@DF_POP_HIST(1.0),,I,CHE,POP,PS,_T,_T,H,2015,8282398.0,A,0,0
DATAFLOW,OECD.ELS.SAE:DSD_POPULATION@DF_POP_HIST(1.0),,I,CHE,POP,PS,_T,_T,H,2016,8373334.0,A,0,0
DATAFLOW,OECD.ELS.SAE:DSD_POPULATION@DF_POP_HIST(1.0),,I,CHE,POP,PS,_T,_T,H,2017,8451834.0,A,0,0
DATAFLOW,OECD.ELS.SAE:DSD_POPULATION@DF_POP_HIST(1.0),,I,CHE,POP,PS,_T,_T,H,2018,8514327.0,A,0,0
DATAFLOW,OECD.ELS.SAE:DSD_POPULATION@DF_POP_HIST(1.0),,I,CHE,POP,PS,_T,_T,H,2019,8575280.0,A,0,0
DATAFLOW,OECD.ELS.SAE:DSD_POPULATION@DF_POP_HIST(1.0),,I,CHE,POP,PS,_T,_T,H,2020,8638169.0,A,0,0
DATAFLOW,OECD.ELS.SAE:DSD_POPULATION@DF_POP_HIST(1.0),,I,CHE,POP,PS,_T,_T,H,2021,8704542.0,A,0,0
DATAFLOW,OECD.ELS.SAE:DSD_POPULATION@DF_POP_HIST(1.0),,I,GRC,POP,PS,_T,_T,H,1950,7554102.0,A,0,0
DATAFLOW,OECD.ELS.SAE:DSD_POPULATION@DF_POP_HIST(1.0),,I,GRC,POP,PS,_T,_T,H,1951,7632801.0,A,0,0
DATAFLOW,OECD.ELS.SAE:DSD_POPULATION@DF_POP_HIST(1.0),,I,GRC,POP,PS,_T,_T,H,1952,7743746.0,A,0,0
DATAFLOW,OECD.ELS.SAE:DSD_POPULATION@DF_POP_HIST(1.0),,I,GRC,POP,PS,_T,_T,H,1953,7836110.0,A,0,0
DATAFLOW,OECD.ELS.SAE:DSD_POPULATION@DF_POP_HIST(1.0),,I,GRC,POP,PS,_T,_T,H,1954,7893412.0,A,0,0
DATAFLOW,OECD.ELS.SAE:DSD_POPULATION@DF_POP_HIST(1.0),,I,GRC,POP,PS,_T,_T,H,1955,7965538.0,A,0,0
DATAFLOW,OECD.ELS.SAE:DSD_POPULATION@DF_POP_HIST(1.0),,I,GRC,POP,PS,_T,_T,H,1956,8031013.0,A,0,0
DATAFLOW,OECD.ELS.SAE:DSD_POPULATION@DF_POP_HIST(1.0),,I,GRC,POP,PS,_T,_T,H,1957,8096218.0,A,0,0
DATAFLOW,OECD.ELS.SAE:DSD_POPULATION@DF_POP_HIST(1.0),,I,GRC,POP,PS,_T,_T,H,1958,8173129.0,A,0,0
DATAFLOW,OECD.ELS.SAE:DSD_POPULATION@DF_POP_HIST(1.0),,I,GRC,POP,PS,_T,_T,H,1959,8258162.0,A,0,0
DATAFLOW,OECD.ELS.SAE:DSD_POPULATION@DF_POP_HIST(1.0),,I,GRC,POP,PS,_T,_T,H,1960,8327405.0,A,0,0
DATAFLOW,OECD.ELS.SAE:DSD_POPULATION@DF_POP_HIST(1.0),,I,GRC,POP,PS,_T,_T,H,1961,8398050.0,A,0,0
DATAFLOW,OECD.ELS.SAE:DSD_POPULATION@DF_POP_HIST(1.0),,I,GRC,POP,PS,_T,_T,H,1962,8448233.0,A,0,0
DATAFLOW,OECD.ELS.SAE:DSD_POPULATION@DF_POP_HIST(1.0),,I,GRC,POP,PS,_T,_T,H,1963,8479625.0,A,0,0
DATAFLOW,OECD.ELS.SAE:DSD_POPULATION@DF_POP_HIST(1.0),,I,GRC,POP,PS,_T,_T,H,1964,8510429.0,A,0,0
DATAFLOW,OECD.ELS.SAE:DSD_POPULATION@DF_POP_HIST(1.0),,I,GRC,POP,PS,_T,_T,H,1965,8550333.0,A,0,0
DATAFLOW,OECD.ELS.SAE:DSD_POPULATION@DF_POP_HIST(1.0),,I,GRC,POP,PS,_T,_T,H,1966,8613651.0,A,0,0
DATAFLOW,OECD.ELS.SAE:DSD_POPULATION@DF_POP_HIST(1.0),,I,GRC,POP,PS,_T,_T,H,1967,8716441.0,A,0,0
DATAFLOW,OECD.ELS.SAE:DSD_POPULATION@DF_POP_HIST(1.0),,I,GRC,POP,PS,_T,_T,H,1968,8740765.0,A,0,0
DATAFLOW,OECD.ELS.SAE:DSD_POPULATION@DF_POP_HIST(1.0),,I,GRC,POP,PS,_T,_T,H,1969,8772764.0,A,0,0
DATAFLOW,OECD.ELS.SAE:DSD_POPULATION@DF_POP_HIST(1.0),,I,GRC,POP,PS,_T,_T,H,1970,8792806.0,A,0,0
DATAFLOW,OECD.ELS.SAE:DSD_POPULATION@DF_POP_HIST(1.0),,I,GRC,POP,PS,_T,_T,H,1971,8831036.0,A,0,0
DATAFLOW,OECD.ELS.SAE:DSD_POPULATION@DF_POP_HIST(1.0),,I,GRC,POP,PS,_T,_T,H,1972,8888628.0,A,0,0
DATAFLOW,OECD.ELS.SAE:DSD_POPULATION@DF_POP_HIST(1.0),,I,GRC,POP,PS,_T,_T,H,1973,8929086.0,A,0,0
DATAFLOW,OECD.ELS.SAE:DSD_POPULATION@DF_POP_HIST(1.0),,I,GRC,POP,PS,_T,_T,H,1974,8962023.0,A,0,0
DATAFLOW,OECD.ELS.SAE:DSD_POPULATION@DF_POP_HIST(1.0),,I,GRC,POP,PS,_T,_T,H,1975,9046542.0,A,0,0
DATAFLOW,OECD.ELS.SAE:DSD_POPULATION@DF_POP_HIST(1.0),,I,GRC,POP,PS,_T,_T,H,1976,9167190.0,A,0,0
DATAFLOW,OECD.ELS.SAE:DSD_POPULATION@DF_POP_HIST(1.0),,I,GRC,POP,PS,_T,_T,H,1977,9308479.0,A,0,0
DATAFLOW,OECD.ELS.SAE:DSD_POPULATION@DF_POP_HIST(1.0),,I,GRC,POP,PS,_T,_T,H,1978,9429959.0,A,0,0
DATAFLOW,OECD.ELS.SAE:DSD_POPULATION@DF_POP_HIST(1.0),,I,GRC,POP,PS,_T,_T,H,1979,9548258.0,A,0,0
DATAFLOW,OECD.ELS.SAE:DSD_POPULATION@DF_POP_HIST(1.0),,I,GRC,POP,PS,_T,_T,H,1980,9642505.0,A,0,0
DATAFLOW,OECD.ELS.SAE:DSD_POPULATION@DF_POP_HIST(1.0),,I,GRC,POP,PS,_T,_T,H,1981,9729350.0,A,0,0
DATAFLOW,OECD.ELS.SAE:DSD_POPULATION@DF_POP_HIST(1.0),,I,GRC,POP,PS,_T,_T,H,1982,9789513.0,A,0,0
DATAFLOW,OECD.ELS.SAE:DSD_POPULATION@DF_POP_HIST(1.0),,I,GRC,POP,PS,_T,_T,H,1983,9846627.0,A,0,0
DATAFLOW,OECD.ELS.SAE:DSD_POPULATION@DF_POP_HIST(1.0),,I,GRC,POP,PS,_T,_T,H,1984,9895801.0,A,0,0
DATAFLOW,OECD.ELS.SAE:DSD_POPULATION@DF_POP_HIST(1.0),,I,GRC,POP,PS,_T,_T,H,1985,9934294.0,A,0,0
DATAFLOW,OECD.ELS.SAE:DSD_POPULATION@DF_POP_HIST(1.0),,I,GRC,POP,PS,_T,_T,H,1986,9967264.0,A,0,0
DATAFLOW,OECD.ELS.SAE:DSD_POPULATION@DF_POP_HIST(1.0),,I,GRC,POP,PS,_T,_T,H,1987,10000644.0,A,0,0
DATAFLOW,OECD.ELS.SAE:DSD_POPULATION@DF_POP_HIST(1.0),,I,GRC,POP,PS,_T,_T,H,1988,10037037.0,A,0,0
DATAFLOW,OECD.ELS.SAE:DSD_POPULATION@DF_POP_HIST(1.0),,I,GRC,POP,PS,_T,_T,H,1989,10089550.0,A,0,0
DATAFLOW,OECD.ELS.SAE:DSD_POPULATION@DF_POP_HIST(1.0),,I,GRC,POP,PS,_T,_T,H,1990,10196801.0,A,0,0
DATAFLOW,OECD.ELS.SAE:DSD_POPULATION@DF_POP_HIST(1.0),,I,GRC,POP,PS,_T,_T,H,1991,10319928.0,A,0,0
DATAFLOW,OECD.ELS.SAE:DSD_POPULATION@DF_POP_HIST(1.0),,I,GRC,POP,PS,_T,_T,H,1992,10399058.0,A,0,0
DATAFLOW,OECD.ELS.SAE:DSD_POPULATION@DF_POP_HIST(1.0),,I,GRC,POP,PS,_T,_T,H,1993,10460409.0,A,0,0
DATAFLOW,OECD.ELS.SAE:DSD_POPULATION@DF_POP_HIST(1.0),,I,GRC,POP,PS,_T,_T,H,1994,10512924.0,A,0,0
DATAFLOW,OECD.ELS.SAE:DSD_POPULATION@DF_POP_HIST(1.0),,I,GRC,POP,PS,_T,_T,H,1995,10562160.0,A,0,0
DATAFLOW,OECD.ELS.SAE:DSD_POPULATION@DF_POP_HIST(1.0),,I,GRC,POP,PS,_T,_T,H,1996,10608801.0,A,0,0
DATAFLOW,OECD.ELS.SAE:DSD_POPULATION@DF_POP_HIST(1.0),,I,GRC,POP,PS,_T,_T,H,1997,10661264.0,A,0,0
DATAFLOW,OECD.ELS.SAE:DSD_POPULATION@DF_POP_HIST(1.0),,I,GRC,POP,PS,_T,_T,H,1998,10720507.0,A,0,0
DATAFLOW,OECD.ELS.SAE:DSD_POPULATION@DF_POP_HIST(1.0),,I,GRC,POP,PS,_T,_T,H,1999,10761698.0,A,0,0
DATAFLOW,OECD.ELS.SAE:DSD_POPULATION@DF_POP_HIST(1.0),,I,GRC,POP,PS,_T,_T,H,2000,10805806.0,A,0,0
DATAFLOW,OECD.ELS.SAE:DSD_POPULATION@DF_POP_HIST(1.0),,I,GRC,POP,PS,_T,_T,H,2001,10862129.0,A,0,0
DATAFLOW,OECD.ELS.SAE:DSD_POPULATION@DF_POP_HIST(1.0),,I,GRC,POP,PS,_T,_T,H,2002,10902022.0,A,0,0
DATAFLOW,OECD.ELS.SAE:DSD_POPULATION@DF_POP_HIST(1.0),,I,GRC,POP,PS,_T,_T,H,2003,10928072.0,A,0,0
DATAFLOW,OECD.ELS.SAE:DSD_POPULATION@DF_POP_HIST(1.0),,I,GRC,POP,PS,_T,_T,H,2004,10955142.0,A,0,0
DATAFLOW,OECD.ELS.SAE:DSD_POPULATION@DF_POP_HIST(1.0),,I,GRC,POP,PS,_T,_T,H,2005,10987316.0,A,0,0
DATAFLOW,OECD.ELS.SAE:DSD_POPULATION@DF_POP_HIST(1.0),,I,GRC,POP,PS,_T,_T,H,2006,11020366.0,A,0,0
DATAFLOW,OECD.ELS.SAE:DSD_POPULATION@DF_POP_HIST(1.0),,I,GRC,POP,PS,_T,_T,H,2007,11048466.0,A,0,0
DATAFLOW,OECD.ELS.SAE:DSD_POPULATION@DF_POP_HIST(1.0),,I,GRC,POP,PS,_T,_T,H,2008,11077839.0,A,0,0
DATAFLOW,OECD.ELS.SAE:DSD_POPULATION@DF_POP_HIST(1.0),,I,GRC,POP,PS,_T,_T,H,2009,11107017.0,A,0,0
DATAFLOW,OECD.ELS.SAE:DSD_POPULATION@DF_POP_HIST(1.0),,I,GRC,POP,PS,_T,_T,H,2010,11121344.0,A,0,0
DATAFLOW,OECD.ELS.SAE:DSD_POPULATION@DF_POP_HIST(1.0),,I,GRC,POP,PS,_T,_T,H,2011,11104900.0,A,0,0
DATAFLOW,OECD.ELS.SAE:DSD_POPULATION@DF_POP_HIST(1.0),,I,GRC,POP,PS,_T,_T,H,2012,11045010.0,A,0,0
DATAFLOW,OECD.ELS.SAE:DSD_POPULATION@DF_POP_HIST(1.0),,I,GRC,POP,PS,_T,_T,H,2013,10965209.0,A,0,0
DATAFLOW,OECD.ELS.SAE:DSD_POPULATION@DF_POP_HIST(1.0),,I,GRC,POP,PS,_T,_T,H,2014,10892415.0,A,0,0
DATAFLOW,OECD.ELS.SAE:DSD_POPULATION@DF_POP_HIST(1.0),,I,GRC,POP,PS,_T,_T,H,2015,10820883.0,A,0,0
DATAFLOW,OECD.ELS.SAE:DSD_POPULATION@DF_POP_HIST(1.0),,I,GRC,POP,PS,_T,_T,H,2016,10775966.0,A,0,0
DATAFLOW,OECD.ELS.SAE:DSD_POPULATION@DF_POP_HIST(1.0),,I,GRC,POP,PS,_T,_T,H,2017,10754679.0,A,0,0
DATAFLOW,OECD.ELS.SAE:DSD_POPULATION@DF_POP_HIST(1.0),,I,GRC,POP,PS,_T,_T,H,2018,10732877.0,A,0,0
DATAFLOW,OECD.ELS.SAE:DSD_POPULATION@DF_POP_HIST(1.0),,I,GRC,POP,PS,_T,_T,H,2019,10721584.0,A,0,0
DATAFLOW,OECD.ELS.SAE:DSD_POPULATION@DF_POP_HIST(1.0),,I,GRC,POP,PS,_T,_T,H,2020,10698597.0,A,0,0
DATAFLOW,OECD.ELS.SAE:DSD_POPULATION@DF_POP_HIST(1.0),,I,FRA,POP,PS,_T,_T,H,1950,41828708.0,A,0,0
DATAFLOW,OECD.ELS.SAE:DSD_POPULATION@DF_POP_HIST(1.0),,I,FRA,POP,PS,_T,_T,H,1951,42155531.0,A,0,0
DATAFLOW,OECD.ELS.SAE:DSD_POPULATION@DF_POP_HIST(1.0),,I,FRA,POP,PS,_T,_T,H,1952,42459667.0,A,0,0
DATAFLOW,OECD.ELS.SAE:DSD_POPULATION@DF_POP_HIST(1.0),,I,FRA,POP,PS,_T,_T,H,1953,42751748.0,A,0,0
DATAFLOW,OECD.ELS.SAE:DSD_POPULATION@DF_POP_HIST(1.0),,I,FRA,POP,PS,_T,_T,H,1954,43056508.0,A,0,0
DATAFLOW,OECD.ELS.SAE:DSD_POPULATION@DF_POP_HIST(1.0),,I,FRA,POP,PS,_T,_T,H,1955,43427667.0,A,0,0
DATAFLOW,OECD.ELS.SAE:DSD_POPULATION@DF_POP_HIST(1.0),,I,FRA,POP,PS,_T,_T,H,1956,43843074.0,A,0,0
DATAFLOW,OECD.ELS.SAE:DSD_POPULATION@DF_POP_HIST(1.0),,I,FRA,POP,PS,_T,_T,H,1957,44310865.0,A,0,0
DATAFLOW,OECD.ELS.SAE:DSD_POPULATION@DF_POP_HIST(1.0),,I,FRA,POP,PS,_T,_T,H,1958,44788852.0,A,0,0
DATAFLOW,OECD.ELS.SAE:DSD_POPULATION@DF_POP_HIST(1.0),,I,FRA,POP,PS,_T,_T,H,1959,45239730.0,A,0,0
DATAFLOW,OECD.ELS.SAE:DSD_POPULATION@DF_POP_HIST(1.0),,I,FRA,POP,PS,_T,_T,H,1960,45684228.0,A,0,0
DATAFLOW,OECD.ELS.SAE:DSD_POPULATION@DF_POP_HIST(1.0),,I,FRA,POP,PS,_T,_T,H,1961,46162831.0,A,0,0
DATAFLOW,OECD.ELS.SAE:DSD_POPULATION@DF_POP_HIST(1.0),,I,FRA,POP,PS,_T,_T,H,1962,46997707.0,A,0,0
DATAFLOW,OECD.ELS.SAE:DSD_POPULATION@DF_POP_HIST(1.0),,I,FRA,POP,PS,_T,_T,H,1963,47816220.0,A,0,0
DATAFLOW,OECD.ELS.SAE:DSD_POPULATION@DF_POP_HIST(1.0),,I,FRA,POP,PS,_T,_T,H,1964,48310410.0,A,0,0
DATAFLOW,OECD.ELS.SAE:DSD_POPULATION@DF_POP_HIST(1.0),,I,FRA,POP,PS,_T,_T,H,1965,48757799.0,A,0,0
DATAFLOW,OECD.ELS.SAE:DSD_POPULATION@DF_POP_HIST(1.0),,I,FRA,POP,PS,_T,_T,H,1966,49163665.0,A,0,0
DATAFLOW,OECD.ELS.SAE:DSD_POPULATION@DF_POP_HIST(1.0),,I,FRA,POP,PS,_T,_T,H,1967,49548302.0,A,0,0
DATAFLOW,OECD.ELS.SAE:DSD_POPULATION@DF_POP_HIST(1.0),,I,FRA,POP,PS,_T,_T,H,1968,49915403.0,A,0,0
DATAFLOW,OECD.ELS.SAE:DSD_POPULATION@DF_POP_HIST(1.0),,I,FRA,POP,PS,_T,_T,H,1969,50317983.0,A,0,0
DATAFLOW,OECD.ELS.SAE:DSD_POPULATION@DF_POP_HIST(1.0),,I,FRA,POP,PS,_T,_T,H,1970,50772222.0,A,0,0
DATAFLOW,OECD.ELS.SAE:DSD_POPULATION@DF_POP_HIST(1.0),,I,FRA,POP,PS,_T,_T,H,1971,51251098.0,A,0,0
DATAFLOW,OECD.ELS.SAE:DSD_POPULATION@DF_POP_HIST(1.0),,I,FRA,POP,PS,_T,_T,H,1972,51700913.0,A,0,0
DATAFLOW,OECD.ELS.SAE:DSD_POPULATION@DF_POP_HIST(1.0),,I,FRA,POP,PS,_T,_T,H,1973,52118300.0,A,0,0
DATAFLOW,OECD.ELS.SAE:DSD_POPULATION@DF_POP_HIST(1.0),,I,FRA,POP,PS,_T,_T,H,1974,52460358.0,A,0,0
DATAFLOW,OECD.ELS.SAE:DSD_POPULATION@DF_POP_HIST(1.0),,I,FRA,POP,PS,_T,_T,H,1975,52699171.0,A,0,0
DATAFLOW,OECD.ELS.SAE:DSD_POPULATION@DF_POP_HIST(1.0),,I,FRA,POP,PS,_T,_T,H,1976,52908675.0,A,0,0
DATAFLOW,OECD.ELS.SAE:DSD_POPULATION@DF_POP_HIST(1.0),,I,FRA,POP,PS,_T,_T,H,1977,53145280.0,A,0,0
DATAFLOW,OECD.ELS.SAE:DSD_POPULATION@DF_POP_HIST(1.0),,I,FRA,POP,PS,_T,_T,H,1978,53376322.0,A,0,0
DATAFLOW,OECD.ELS.SAE:DSD_POPULATION@DF_POP_HIST(1.0),,I,FRA,POP,PS,_T,_T,H,1979,53606226.0,A,0,0
DATAFLOW,OECD.ELS.SAE:DSD_POPULATION@DF_POP_HIST(1.0),,I,FRA,POP,PS,_T,_T,H,1980,53880012.0,A,0,0
DATAFLOW,OECD.ELS.SAE:DSD_POPULATION@DF_POP_HIST(1.0),,I,FRA,POP,PS,_T,_T,H,1981,54181806.0,A,0,0
DATAFLOW,OECD.ELS.SAE:DSD_POPULATION@DF_POP_HIST(1.0),,I,FRA,POP,PS,_T,_T,H,1982,54492495.0,A,0,0
DATAFLOW,OECD.ELS.SAE:DSD_POPULATION@DF_POP_HIST(1.0),,I,FRA,POP,PS,_T,_T,H,1983,54772418.0,A,0,0
DATAFLOW,OECD.ELS.SAE:DSD_POPULATION@DF_POP_HIST(1.0),,I,FRA,POP,PS,_T,_T,H,1984,55026074.0,A,0,0
DATAFLOW,OECD.ELS.SAE:DSD_POPULATION@DF_POP_HIST(1.0),,I,FRA,POP,PS,_T,_T,H,1985,55284271.0,A,0,0
DATAFLOW,OECD.ELS.SAE:DSD_POPULATION@DF_POP_HIST(1.0),,I,FRA,POP,PS,_T,_T,H,1986,55546504.0,A,0,0
DATAFLOW,OECD.ELS.SAE:DSD_POPULATION@DF_POP_HIST(1.0),,I,FRA,POP,PS,_T,_T,H,1987,55823956.0,A,0,0
DATAFLOW,OECD.ELS.SAE:DSD_POPULATION@DF_POP_HIST(1.0),,I,FRA,POP,PS,_T,_T,H,1988,56117974.0,A,0,0
DATAFLOW,OECD.ELS.SAE:DSD_POPULATION@DF_POP_HIST(1.0),,I,FRA,POP,PS,_T,_T,H,1989,56423411.0,A,0,0
DATAFLOW,OECD.ELS.SAE:DSD_POPULATION@DF_POP_HIST(1.0),,I,FRA,POP,PS,_T,_T,H,1990,56708826.0,A,0,0
DATAFLOW,OECD.ELS.SAE:DSD_POPULATION@DF_POP_HIST(1.0),,I,FRA,POP,PS,_T,_T,H,1991,58425681.0,A,0,0
DATAFLOW,OECD.ELS.SAE:DSD_POPULATION@DF_POP_HIST(1.0),,I,FRA,POP,PS,_T,_T,H,1992,58711615.0,A,0,0
DATAFLOW,OECD.ELS.SAE:DSD_POPULATION@DF_POP_HIST(1.0),,I,FRA,POP,PS,_T,_T,H,1993,58961049.0,A,0,0
DATAFLOW,OECD.ELS.SAE:DSD_POPULATION@DF_POP_HIST(1.0),,I,FRA,POP,PS,_T,_T,H,1994,59175335.0,A,0,0
DATAFLOW,OECD.ELS.SAE:DSD_POPULATION@DF_POP_HIST(1.0),,I,FRA,POP,PS,_T,_T,H,1995,59383991.0,A,0,0
DATAFLOW,OECD.ELS.SAE:DSD_POPULATION@DF_POP_HIST(1.0),,I,FRA,POP,PS,_T,_T,H,1996,59589289.0,A,0,0
DATAFLOW,OECD.ELS.SAE:DSD_POPULATION@DF_POP_HIST(1.0),,I,FRA,POP,PS,_T,_T,H,1997,59795263.0,A,0,0
DATAFLOW,OECD.ELS.SAE:DSD_POPULATION@DF_POP_HIST(1.0),,I,FRA,POP,PS,_T,_T,H,1998,60011008.0,A,0,0
DATAFLOW,OECD.ELS.SAE:DSD_POPULATION@DF_POP_HIST(1.0),,I,FRA,POP,PS,_T,_T,H,1999,60315406.0,A,0,0
DATAFLOW,OECD.ELS.SAE:DSD_POPULATION@DF_POP_HIST(1.0),,I,FRA,POP,PS,_T,_T,H,2000,60724780.0,A,0,0
DATAFLOW,OECD.ELS.SAE:DSD_POPULATION@DF_POP_HIST(1.0),,I,FRA,POP,PS,_T,_T,H,2001,61163237.0,A,0,0
DATAFLOW,OECD.ELS.SAE:DSD_POPULATION@DF_POP_HIST(1.0),,I,FRA,POP,PS,_T,_T,H,2002,61604550.0,A,0,0
DATAFLOW,OECD.ELS.SAE:DSD_POPULATION@DF_POP_HIST(1.0),,I,FRA,POP,PS,_T,_T,H,2003,62037544.0,A,0,0
DATAFLOW,OECD.ELS.SAE:DSD_POPULATION@DF_POP_HIST(1.0),,I,FRA,POP,PS,_T,_T,H,2004,62490800.0,A,0,0
DATAFLOW,OECD.ELS.SAE:DSD_POPULATION@DF_POP_HIST(1.0),,I,FRA,POP,PS,_T,_T,H,2005,62958328.0,A,0,0
DATAFLOW,OECD.ELS.SAE:DSD_POPULATION@DF_POP_HIST(1.0),,I,FRA,POP,PS,_T,_T,H,2006,63393406.0,A,0,0
DATAFLOW,OECD.ELS.SAE:DSD_POPULATION@DF_POP_HIST(1.0),,I,FRA,POP,PS,_T,_T,H,2007,63781275.0,A,0,0
DATAFLOW,OECD.ELS.SAE:DSD_POPULATION@DF_POP_HIST(1.0),,I,FRA,POP,PS,_T,_T,H,2008,64133174.0,A,0,0
DATAFLOW,OECD.ELS.SAE:DSD_POPULATION@DF_POP_HIST(1.0),,I,FRA,POP,PS,_T,_T,H,2009,64458715.0,A,0,0
DATAFLOW,OECD.ELS.SAE:DSD_POPULATION@DF_POP_HIST(1.0),,I,FRA,POP,PS,_T,_T,H,2010,64773169.0,A,0,0
DATAFLOW,OECD.ELS.SAE:DSD_POPULATION@DF_POP_HIST(1.0),,I,FRA,POP,PS,_T,_T,H,2011,65087317.0,A,0,0
DATAFLOW,OECD.ELS.SAE:DSD_POPULATION@DF_POP_HIST(1.0),,I,FRA,POP,PS,_T,_T,H,2012,65402998.0,A,0,0
DATAFLOW,OECD.ELS.SAE:DSD_POPULATION@DF_POP_HIST(1.0),,I,FRA,POP,PS,_T,_T,H,2013,65735961.0,A,0,0
DATAFLOW,OECD.ELS.SAE:DSD_POPULATION@DF_POP_HIST(1.0),,I,FRA,POP,PS,_T,_T,H,2014,66276671.0,A,0,0
DATAFLOW,OECD.ELS.SAE:DSD_POPULATION@DF_POP_HIST(1.0),,I,FRA,POP,PS,_T,_T,H,2015,66512558.0,A,0,0
DATAFLOW,OECD.ELS.SAE:DSD_POPULATION@DF_POP_HIST(1.0),,I,FRA,POP,PS,_T,_T,H,2016,66688563.0,A,0,0
DATAFLOW,OECD.ELS.SAE:DSD_POPULATION@DF_POP_HIST(1.0),,I,FRA,POP,PS,_T,_T,H,2017,66883314.0,A,0,0
DATAFLOW,OECD.ELS.SAE:DSD_POPULATION@DF_POP_HIST(1.0),,I,FRA,POP,PS,_T,_T,H,2018,67125071.0,A,0,0
DATAFLOW,OECD.ELS.SAE:DSD_POPULATION@DF_POP_HIST(1.0),,I,FRA,POP,PS,_T,_T,H,2019,67349922.0,A,0,0
DATAFLOW,OECD.ELS.SAE:DSD_POPULATION@DF_POP_HIST(1.0),,I,ISR,POP,PS,_T,_T,H,1950,1103000.0,A,0,0
DATAFLOW,OECD.ELS.SAE:DSD_POPULATION@DF_POP_HIST(1.0),,I,ISR,POP,PS,_T,_T,H,1951,1324000.0,A,0,0
DATAFLOW,OECD.ELS.SAE:DSD_POPULATION@DF_POP_HIST(1.0),,I,ISR,POP,PS,_T,_T,H,1952,1429800.0,A,0,0
DATAFLOW,OECD.ELS.SAE:DSD_POPULATION@DF_POP_HIST(1.0),,I,ISR,POP,PS,_T,_T,H,1953,1467700.0,A,0,0
DATAFLOW,OECD.ELS.SAE:DSD_POPULATION@DF_POP_HIST(1.0),,I,ISR,POP,PS,_T,_T,H,1954,1500600.0,A,0,0
DATAFLOW,OECD.ELS.SAE:DSD_POPULATION@DF_POP_HIST(1.0),,I,ISR,POP,PS,_T,_T,H,1955,1555300.0,A,0,0
DATAFLOW,OECD.ELS.SAE:DSD_POPULATION@DF_POP_HIST(1.0),,I,ISR,POP,PS,_T,_T,H,1956,1626300.0,A,0,0
DATAFLOW,OECD.ELS.SAE:DSD_POPULATION@DF_POP_HIST(1.0),,I,ISR,POP,PS,_T,_T,H,1957,1721200.0,A,0,0
DATAFLOW,OECD.ELS.SAE:DSD_POPULATION@DF_POP_HIST(1.0),,I,ISR,POP,PS,_T,_T,H,1958,1782700.0,A,0,0
DATAFLOW,OECD.ELS.SAE:DSD_POPULATION@DF_POP_HIST(1.0),,I,ISR,POP,PS,_T,_T,H,1959,1836200.0,A,0,0
DATAFLOW,OECD.ELS.SAE:DSD_POPULATION@DF_POP_HIST(1.0),,I,ISR,POP,PS,_T,_T,H,1960,2150400.0,A,0,0
DATAFLOW,OECD.ELS.SAE:DSD_POPULATION@DF_POP_HIST(1.0),,I,ISR,POP,PS,_T,_T,H,1961,2234200.0,A,0,0
DATAFLOW,OECD.ELS.SAE:DSD_POPULATION@DF_POP_HIST(1.0),,I,ISR,POP,PS,_T,_T,H,1962,2331800.0,A,0,0
DATAFLOW,OECD.ELS.SAE:DSD_POPULATION@DF_POP_HIST(1.0),,I,ISR,POP,PS,_T,_T,H,1963,2430100.0,A,0,0
DATAFLOW,OECD.ELS.SAE:DSD_POPULATION@DF_POP_HIST(1.0),,I,ISR,POP,PS,_T,_T,H,1964,2525600.0,A,0,0
DATAFLOW,OECD.ELS.SAE:DSD_POPULATION@DF_POP_HIST(1.0),,I,ISR,POP,PS,_T,_T,H,1965,2598400.0,A,0,0
DATAFLOW,OECD.ELS.SAE:DSD_POPULATION@DF_POP_HIST(1.0),,I,ISR,POP,PS,_T,_T,H,1966,2657400.0,A,0,0
DATAFLOW,OECD.ELS.SAE:DSD_POPULATION@DF_POP_HIST(1.0),,I,ISR,POP,PS,_T,_T,H,1967,2708000.0,A,0,0
DATAFLOW,OECD.ELS.SAE:DSD_POPULATION@DF_POP_HIST(1.0),,I,ISR,POP,PS,_T,_T,H,1968,2806700.0,A,0,0
DATAFLOW,OECD.ELS.SAE:DSD_POPULATION@DF_POP_HIST(1.0),,I,ISR,POP,PS,_T,_T,H,1969,2879100.0,A,0,0
DATAFLOW,OECD.ELS.SAE:DSD_POPULATION@DF_POP_HIST(1.0),,I,ISR,POP,PS,_T,_T,H,1970,2958200.0,A,0,0
DATAFLOW,OECD.ELS.SAE:DSD_POPULATION@DF_POP_HIST(1.0),,I,ISR,POP,PS,_T,_T,H,1971,3045600.0,A,0,0
DATAFLOW,OECD.ELS.SAE:DSD_POPULATION@DF_POP_HIST(1.0),,I,ISR,POP,PS,_T,_T,H,1972,3225000.0,A,0,0
DATAFLOW,OECD.ELS.SAE:DSD_POPULATION@DF_POP_HIST(1.0),,I,ISR,POP,PS,_T,_T,H,1973,3277900.0,A,0,0
DATAFLOW,OECD.ELS.SAE:DSD_POPULATION@DF_POP_HIST(1.0),,I,ISR,POP,PS,_T,_T,H,1974,3377200.0,A,0,0
DATAFLOW,OECD.ELS.SAE:DSD_POPULATION@DF_POP_HIST(1.0),,I,ISR,POP,PS,_T,_T,H,1975,3455300.0,A,0,0
DATAFLOW,OECD.ELS.SAE:DSD_POPULATION@DF_POP_HIST(1.0),,I,ISR,POP,PS,_T,_T,H,1976,3533100.0,A,0,0
DATAFLOW,OECD.ELS.SAE:DSD_POPULATION@DF_POP_HIST(1.0),,I,ISR,POP,PS,_T,_T,H,1977,3613000.0,A,0,0
DATAFLOW,OECD.ELS.SAE:DSD_POPULATION@DF_POP_HIST(1.0),,I,ISR,POP,PS,_T,_T,H,1978,3692600.0,A,0,0
DATAFLOW,OECD.ELS.SAE:DSD_POPULATION@DF_POP_HIST(1.0),,I,ISR,POP,PS,_T,_T,H,1979,3786400.0,A,0,0
DATAFLOW,OECD.ELS.SAE:DSD_POPULATION@DF_POP_HIST(1.0),,I,ISR,POP,PS,_T,_T,H,1980,3877700.0,A,0,0
DATAFLOW,OECD.ELS.SAE:DSD_POPULATION@DF_POP_HIST(1.0),,I,ISR,POP,PS,_T,_T,H,1981,3949800.0,A,0,0
DATAFLOW,OECD.ELS.SAE:DSD_POPULATION@DF_POP_HIST(1.0),,I,ISR,POP,PS,_T,_T,H,1982,4020700.0,A,0,0
DATAFLOW,OECD.ELS.SAE:DSD_POPULATION@DF_POP_HIST(1.0),,I,ISR,POP,PS,_T,_T,H,1983,4106100.0,A,0,0
DATAFLOW,OECD.ELS.SAE:DSD_POPULATION@DF_POP_HIST(1.0),,I,ISR,POP,PS,_T,_T,H,1984,4159100.0,A,0,0
DATAFLOW,OECD.ELS.SAE:DSD_POPULATION@DF_POP_HIST(1.0),,I,ISR,POP,PS,_T,_T,H,1985,4233000.0,A,0,0
DATAFLOW,OECD.ELS.SAE:DSD_POPULATION@DF_POP_HIST(1.0),,I,ISR,POP,PS,_T,_T,H,1986,4298800.0,A,0,0
DATAFLOW,OECD.ELS.SAE:DSD_POPULATION@DF_POP_HIST(1.0),,I,ISR,POP,PS,_T,_T,H,1987,4368900.0,A,0,0
DATAFLOW,OECD.ELS.SAE:DSD_POPULATION@DF_POP_HIST(1.0),,I,ISR,POP,PS,_T,_T,H,1988,4441700.0,A,0,0
DATAFLOW,OECD.ELS.SAE:DSD_POPULATION@DF_POP_HIST(1.0),,I,ISR,POP,PS,_T,_T,H,1989,4518200.0,A,0,0
DATAFLOW,OECD.ELS.SAE:DSD_POPULATION@DF_POP_HIST(1.0),,I,ISR,POP,PS,_T,_T,H,1990,4660200.0,A,0,0
DATAFLOW,OECD.ELS.SAE:DSD_POPULATION@DF_POP_HIST(1.0),,I,ISR,POP,PS,_T,_T,H,1991,4949100.0,A,0,0
DATAFLOW,OECD.ELS.SAE:DSD_POPULATION@DF_POP_HIST(1.0),,I,ISR,POP,PS,_T,_T,H,1992,5123500.0,A,0,0
DATAFLOW,OECD.ELS.SAE:DSD_POPULATION@DF_POP_HIST(1.0),,I,ISR,POP,PS,_T,_T,H,1993,5261400.0,A,0,0
DATAFLOW,OECD.ELS.SAE:DSD_POPULATION@DF_POP_HIST(1.0),,I,ISR,POP,PS,_T,_T,H,1994,5399300.0,A,0,0
DATAFLOW,OECD.ELS.SAE:DSD_POPULATION@DF_POP_HIST(1.0),,I,ISR,POP,PS,_T,_T,H,1995,5544900.0,A,0,0
DATAFLOW,OECD.ELS.SAE:DSD_POPULATION@DF_POP_HIST(1.0),,I,ISR,POP,PS,_T,_T,H,1996,5685100.0,A,0,0
DATAFLOW,OECD.ELS.SAE:DSD_POPULATION@DF_POP_HIST(1.0),,I,ISR,POP,PS,_T,_T,H,1997,5828900.0,A,0,0
DATAFLOW,OECD.ELS.SAE:DSD_POPULATION@DF_POP_HIST(1.0),,I,ISR,POP,PS,_T,_T,H,1998,5970700.0,A,0,0
DATAFLOW,OECD.ELS.SAE:DSD_POPULATION@DF_POP_HIST(1.0),,I,ISR,POP,PS,_T,_T,H,1999,6125300.0,A,0,0
DATAFLOW,OECD.ELS.SAE:DSD_POPULATION@DF_POP_HIST(1.0),,I,ISR,POP,PS,_T,_T,H,2000,6289200.0,A,0,0
DATAFLOW,OECD.ELS.SAE:DSD_POPULATION@DF_POP_HIST(1.0),,I,ISR,POP,PS,_T,_T,H,2001,6439037.0,A,0,0
DATAFLOW,OECD.ELS.SAE:DSD_POPULATION@DF_POP_HIST(1.0),,I,ISR,POP,PS,_T,_T,H,2002,6569957.0,A,0,0
DATAFLOW,OECD.ELS.SAE:DSD_POPULATION@DF_POP_HIST(1.0),,I,ISR,POP,PS,_T,_T,H,2003,6689748.0,A,0,0
DATAFLOW,OECD.ELS.SAE:DSD_POPULATION@DF_POP_HIST(1.0),,I,ISR,POP,PS,_T,_T,H,2004,6808969.0,A,0,0
DATAFLOW,OECD.ELS.SAE:DSD_POPULATION@DF_POP_HIST(1.0),,I,ISR,POP,PS,_T,_T,H,2005,6930128.0,A,0,0
DATAFLOW,OECD.ELS.SAE:DSD_POPULATION@DF_POP_HIST(1.0),,I,ISR,POP,PS,_T,_T,H,2006,7053707.0,A,0,0
DATAFLOW,OECD.ELS.SAE:DSD_POPULATION@DF_POP_HIST(1.0),,I,ISR,POP,PS,_T,_T,H,2007,7180160.0,A,0,0
DATAFLOW,OECD.ELS.SAE:DSD_POPULATION@DF_POP_HIST(1.0),,I,ISR,POP,PS,_T,_T,H,2008,7331353.0,A,0,0
DATAFLOW,OECD.ELS.SAE:DSD_POPULATION@DF_POP_HIST(1.0),,I,ISR,POP,PS,_T,_T,H,2009,7485565.0,A,0,0
DATAFLOW,OECD.ELS.SAE:DSD_POPULATION@DF_POP_HIST(1.0),,I,ISR,POP,PS,_T,_T,H,2010,7623561.0,A,0,0
DATAFLOW,OECD.ELS.SAE:DSD_POPULATION@DF_POP_HIST(1.0),,I,ISR,POP,PS,_T,_T,H,2011,7765832.0,A,0,0
DATAFLOW,OECD.ELS.SAE:DSD_POPULATION@DF_POP_HIST(1.0),,I,ISR,POP,PS,_T,_T,H,2012,7910525.0,A,0,0
DATAFLOW,OECD.ELS.SAE:DSD_POPULATION@DF_POP_HIST(1.0),,I,ISR,POP,PS,_T,_T,H,2013,8059456.0,A,0,0
DATAFLOW,OECD.ELS.SAE:DSD_POPULATION@DF_POP_HIST(1.0),,I,ISR,POP,PS,_T,_T,H,2014,8215668.0,A,0,0
DATAFLOW,OECD.ELS.SAE:DSD_POPULATION@DF_POP_HIST(1.0),,I,ISR,POP,PS,_T,_T,H,2015,8380149.0,A,0,0
DATAFLOW,OECD.ELS.SAE:DSD_POPULATION@DF_POP_HIST(1.0),,I,ISR,POP,PS,_T,_T,H,2016,8546009.0,A,0,0
DATAFLOW,OECD.ELS.SAE:DSD_POPULATION@DF_POP_HIST(1.0),,I,ISR,POP,PS,_T,_T,H,2017,8713268.0,A,0,0
DATAFLOW,OECD.ELS.SAE:DSD_POPULATION@DF_POP_HIST(1.0),,I,ISR,POP,PS,_T,_T,H,2018,8882764.0,A,0,0
DATAFLOW,OECD.ELS.SAE:DSD_POPULATION@DF_POP_HIST(1.0),,I,ISR,POP,PS,_T,_T,H,2019,9054026.0,A,0,0
DATAFLOW,OECD.ELS.SAE:DSD_POPULATION@DF_POP_HIST(1.0),,I,TUR,POP,PS,_T,_T,H,1950,20807000.0,A,0,0
DATAFLOW,OECD.ELS.SAE:DSD_POPULATION@DF_POP_HIST(1.0),,I,TUR,POP,PS,_T,_T,H,1951,21351000.0,A,0,0
DATAFLOW,OECD.ELS.SAE:DSD_POPULATION@DF_POP_HIST(1.0),,I,TUR,POP,PS,_T,_T,H,1952,21952000.0,A,0,0
DATAFLOW,OECD.ELS.SAE:DSD_POPULATION@DF_POP_HIST(1.0),,I,TUR,POP,PS,_T,_T,H,1953,22569000.0,A,0,0
DATAFLOW,OECD.ELS.SAE:DSD_POPULATION@DF_POP_HIST(1.0),,I,TUR,POP,PS,_T,_T,H,1954,23204000.0,A,0,0
DATAFLOW,OECD.ELS.SAE:DSD_POPULATION@DF_POP_HIST(1.0),,I,TUR,POP,PS,_T,_T,H,1955,23857000.0,A,0,0
DATAFLOW,OECD.ELS.SAE:DSD_POPULATION@DF_POP_HIST(1.0),,I,TUR,POP,PS,_T,_T,H,1956,24540000.0,A,0,0
DATAFLOW,OECD.ELS.SAE:DSD_POPULATION@DF_POP_HIST(1.0),,I,TUR,POP,PS,_T,_T,H,1957,25250000.0,A,0,0
DATAFLOW,OECD.ELS.SAE:DSD_POPULATION@DF_POP_HIST(1.0),,I,TUR,POP,PS,_T,_T,H,1958,25981000.0,A,0,0
DATAFLOW,OECD.ELS.SAE:DSD_POPULATION@DF_POP_HIST(1.0),,I,TUR,POP,PS,_T,_T,H,1959,26733000.0,A,0,0
DATAFLOW,OECD.ELS.SAE:DSD_POPULATION@DF_POP_HIST(1.0),,I,TUR,POP,PS,_T,_T,H,1960,27506000.0,A,0,0
DATAFLOW,OECD.ELS.SAE:DSD_POPULATION@DF_POP_HIST(1.0),,I,TUR,POP,PS,_T,_T,H,1961,28227000.0,A,0,0
DATAFLOW,OECD.ELS.SAE:DSD_POPULATION@DF_POP_HIST(1.0),,I,TUR,POP,PS,_T,_T,H,1962,28931000.0,A,0,0
DATAFLOW,OECD.ELS.SAE:DSD_POPULATION@DF_POP_HIST(1.0),,I,TUR,POP,PS,_T,_T,H,1963,29652000.0,A,0,0
DATAFLOW,OECD.ELS.SAE:DSD_POPULATION@DF_POP_HIST(1.0),,I,TUR,POP,PS,_T,_T,H,1964,30391000.0,A,0,0
DATAFLOW,OECD.ELS.SAE:DSD_POPULATION@DF_POP_HIST(1.0),,I,TUR,POP,PS,_T,_T,H,1965,31149000.0,A,0,0
DATAFLOW,OECD.ELS.SAE:DSD_POPULATION@DF_POP_HIST(1.0),,I,TUR,POP,PS,_T,_T,H,1966,31936000.0,A,0,0
DATAFLOW,OECD.ELS.SAE:DSD_POPULATION@DF_POP_HIST(1.0),,I,TUR,POP,PS,_T,_T,H,1967,32750000.0,A,0,0
DATAFLOW,OECD.ELS.SAE:DSD_POPULATION@DF_POP_HIST(1.0),,I,TUR,POP,PS,_T,_T,H,1968,33586000.0,A,0,0
DATAFLOW,OECD.ELS.SAE:DSD_POPULATION@DF_POP_HIST(1.0),,I,TUR,POP,PS,_T,_T,H,1969,34443000.0,A,0,0
DATAFLOW,OECD.ELS.SAE:DSD_POPULATION@DF_POP_HIST(1.0),,I,TUR,POP,PS,_T,_T,H,1970,35321000.0,A,0,0
DATAFLOW,OECD.ELS.SAE:DSD_POPULATION@DF_POP_HIST(1.0),,I,TUR,POP,PS,_T,_T,H,1971,36215000.0,A,0,0
DATAFLOW,OECD.ELS.SAE:DSD_POPULATION@DF_POP_HIST(1.0),,I,TUR,POP,PS,_T,_T,H,1972,37133000.0,A,0,0
DATAFLOW,OECD.ELS.SAE:DSD_POPULATION@DF_POP_HIST(1.0),,I,TUR,POP,PS,_T,_T,H,1973,38073000.0,A,0,0
DATAFLOW,OECD.ELS.SAE:DSD_POPULATION@DF_POP_HIST(1.0),,I,TUR,POP,PS,_T,_T,H,1974,39037000.0,A,0,0
DATAFLOW,OECD.ELS.SAE:DSD_POPULATION@DF_POP_HIST(1.0),,I,TUR,POP,PS,_T,_T,H,1975,40026000.0,A,0,0
DATAFLOW,OECD.ELS.SAE:DSD_POPULATION@DF_POP_HIST(1.0),,I,TUR,POP,PS,_T,_T,H,1976,40916000.0,A,0,0
DATAFLOW,OECD.ELS.SAE:DSD_POPULATION@DF_POP_HIST(1.0),,I,TUR,POP,PS,_T,_T,H,1977,41769000.0,A,0,0
DATAFLOW,OECD.ELS.SAE:DSD_POPULATION@DF_POP_HIST(1.0),,I,TUR,POP,PS,_T,_T,H,1978,42641000.0,A,0,0
DATAFLOW,OECD.ELS.SAE:DSD_POPULATION@DF_POP_HIST(1.0),,I,TUR,POP,PS,_T,_T,H,1979,43531000.0,A,0,0
DATAFLOW,OECD.ELS.SAE:DSD_POPULATION@DF_POP_HIST(1.0),,I,TUR,POP,PS,_T,_T,H,1980,44439000.0,A,0,0
DATAFLOW,OECD.ELS.SAE:DSD_POPULATION@DF_POP_HIST(1.0),,I,TUR,POP,PS,_T,_T,H,1981,45540000.0,A,0,0
DATAFLOW,OECD.ELS.SAE:DSD_POPULATION@DF_POP_HIST(1.0),,I,TUR,POP,PS,_T,_T,H,1982,46688000.0,A,0,0
DATAFLOW,OECD.ELS.SAE:DSD_POPULATION@DF_POP_HIST(1.0),,I,TUR,POP,PS,_T,_T,H,1983,47864000.0,A,0,0
DATAFLOW,OECD.ELS.SAE:DSD_POPULATION@DF_POP_HIST(1.0),,I,TUR,POP,PS,_T,_T,H,1984,49070000.0,A,0,0
DATAFLOW,OECD.ELS.SAE:DSD_POPULATION@DF_POP_HIST(1.0),,I,TUR,POP,PS,_T,_T,H,1985,50307000.0,A,0,0
DATAFLOW,OECD.ELS.SAE:DSD_POPULATION@DF_POP_HIST(1.0),,I,TUR,POP,PS,_T,_T,H,1986,51480000.0,A,0,0
DATAFLOW,OECD.ELS.SAE:DSD_POPULATION@DF_POP_HIST(1.0),,I,TUR,POP,PS,_T,_T,H,1987,52370000.0,A,0,0
DATAFLOW,OECD.ELS.SAE:DSD_POPULATION@DF_POP_HIST(1.0),,I,TUR,POP,PS,_T,_T,H,1988,53268000.0,A,0,0
DATAFLOW,OECD.ELS.SAE:DSD_POPULATION@DF_POP_HIST(1.0),,I,TUR,POP,PS,_T,_T,H,1989,54192000.0,A,0,0
DATAFLOW,OECD.ELS.SAE:DSD_POPULATION@DF_POP_HIST(1.0),,I,TUR,POP,PS,_T,_T,H,1990,55120000.0,A,0,0
DATAFLOW,OECD.ELS.SAE:DSD_POPULATION@DF_POP_HIST(1.0),,I,TUR,POP,PS,_T,_T,H,1991,56055000.0,A,0,0
DATAFLOW,OECD.ELS.SAE:DSD_POPULATION@DF_POP_HIST(1.0),,I,TUR,POP,PS,_T,_T,H,1992,56986000.0,A,0,0
DATAFLOW,OECD.ELS.SAE:DSD_POPULATION@DF_POP_HIST(1.0),,I,TUR,POP,PS,_T,_T,H,1993,57913000.0,A,0,0
DATAFLOW,OECD.ELS.SAE:DSD_POPULATION@DF_POP_HIST(1.0),,I,TUR,POP,PS,_T,_T,H,1994,58837000.0,A,0,0
DATAFLOW,OECD.ELS.SAE:DSD_POPULATION@DF_POP_HIST(1.0),,I,TUR,POP,PS,_T,_T,H,1995,59756000.0,A,0,0
DATAFLOW,OECD.ELS.SAE:DSD_POPULATION@DF_POP_HIST(1.0),,I,TUR,POP,PS,_T,_T,H,1996,60671000.0,A,0,0
DATAFLOW,OECD.ELS.SAE:DSD_POPULATION@DF_POP_HIST(1.0),,I,TUR,POP,PS,_T,_T,H,1997,61582000.0,A,0,0
DATAFLOW,OECD.ELS.SAE:DSD_POPULATION@DF_POP_HIST(1.0),,I,TUR,POP,PS,_T,_T,H,1998,62464000.0,A,0,0
DATAFLOW,OECD.ELS.SAE:DSD_POPULATION@DF_POP_HIST(1.0),,I,TUR,POP,PS,_T,_T,H,1999,63364000.0,A,0,0
DATAFLOW,OECD.ELS.SAE:DSD_POPULATION@DF_POP_HIST(1.0),,I,TUR,POP,PS,_T,_T,H,2000,64268751.0,A,0,0
DATAFLOW,OECD.ELS.SAE:DSD_POPULATION@DF_POP_HIST(1.0),,I,TUR,POP,PS,_T,_T,H,2003,66794551.0,A,0,0
DATAFLOW,OECD.ELS.SAE:DSD_POPULATION@DF_POP_HIST(1.0),,I,TUR,POP,PS,_T,_T,H,2004,67598736.0,A,0,0
DATAFLOW,OECD.ELS.SAE:DSD_POPULATION@DF_POP_HIST(1.0),,I,TUR,POP,PS,_T,_T,H,2005,68435380.0,A,0,0
DATAFLOW,OECD.ELS.SAE:DSD_POPULATION@DF_POP_HIST(1.0),,I,TUR,POP,PS,_T,_T,H,2006,69295253.0,A,0,0
DATAFLOW,OECD.ELS.SAE:DSD_POPULATION@DF_POP_HIST(1.0),,I,TUR,POP,PS,_T,_T,H,2008,71051689.0,A,0,0
DATAFLOW,OECD.ELS.SAE:DSD_POPULATION@DF_POP_HIST(1.0),,I,TUR,POP,PS,_T,_T,H,2009,72039215.0,A,0,0
DATAFLOW,OECD.ELS.SAE:DSD_POPULATION@DF_POP_HIST(1.0),,I,TUR,POP,PS,_T,_T,H,2010,73142162.0,A,0,0
DATAFLOW,OECD.ELS.SAE:DSD_POPULATION@DF_POP_HIST(1.0),,I,TUR,POP,PS,_T,_T,H,2011,74223642.0,A,0,0
DATAFLOW,OECD.ELS.SAE:DSD_POPULATION@DF_POP_HIST(1.0),,I,TUR,POP,PS,_T,_T,H,2012,75175836.0,A,0,0
DATAFLOW,OECD.ELS.SAE:DSD_POPULATION@DF_POP_HIST(1.0),,I,TUR,POP,PS,_T,_T,H,2013,76147634.0,A,0,0
DATAFLOW,OECD.ELS.SAE:DSD_POPULATION@DF_POP_HIST(1.0),,I,TUR,POP,PS,_T,_T,H,2014,77181894.0,A,0,0
DATAFLOW,OECD.ELS.SAE:DSD_POPULATION@DF_POP_HIST(1.0),,I,TUR,POP,PS,_T,_T,H,2015,78218488.0,A,0,0
DATAFLOW,OECD.ELS.SAE:DSD_POPULATION@DF_POP_HIST(1.0),,I,TUR,POP,PS,_T,_T,H,2016,79277971.0,A,0,0
DATAFLOW,OECD.ELS.SAE:DSD_POPULATION@DF_POP_HIST(1.0),,I,TUR,POP,PS,_T,_T,H,2017,80312708.0,A,0,0
DATAFLOW,OECD.ELS.SAE:DSD_POPULATION@DF_POP_HIST(1.0),,I,TUR,POP,PS,_T,_T,H,2018,81407211.0,A,0,0
DATAFLOW,OECD.ELS.SAE:DSD_POPULATION@DF_POP_HIST(1.0),,I,TUR,POP,PS,_T,_T,H,2019,82579448.0,A,0,0
DATAFLOW,OECD.ELS.SAE:DSD_POPULATION@DF_POP_HIST(1.0),,I,TUR,POP,PS,_T,_T,H,2020,83384688.0,A,0,0
DATAFLOW,OECD.ELS.SAE:DSD_POPULATION@DF_POP_HIST(1.0),,I,TUR,POP,PS,_T,_T,H,2021,84147326.0,A,0,0
DATAFLOW,OECD.ELS.SAE:DSD_POPULATION@DF_POP_HIST(1.0),,I,TUR,POP,PS,_T,_T,H,2022,84979919.0,A,0,0
DATAFLOW,OECD.ELS.SAE:DSD_POPULATION@DF_POP_HIST(1.0),,I,NZL,POP,PS,_T,_T,H,1950,1909835.0,A,0,0
DATAFLOW,OECD.ELS.SAE:DSD_POPULATION@DF_POP_HIST(1.0),,I,NZL,POP,PS,_T,_T,H,1951,1949185.0,A,0,0
DATAFLOW,OECD.ELS.SAE:DSD_POPULATION@DF_POP_HIST(1.0),,I,NZL,POP,PS,_T,_T,H,1952,1997720.0,A,0,0
DATAFLOW,OECD.ELS.SAE:DSD_POPULATION@DF_POP_HIST(1.0),,I,NZL,POP,PS,_T,_T,H,1953,2049740.0,A,0,0
DATAFLOW,OECD.ELS.SAE:DSD_POPULATION@DF_POP_HIST(1.0),,I,NZL,POP,PS,_T,_T,H,1954,2096610.0,A,0,0
DATAFLOW,OECD.ELS.SAE:DSD_POPULATION@DF_POP_HIST(1.0),,I,NZL,POP,PS,_T,_T,H,1955,2141610.0,A,0,0
DATAFLOW,OECD.ELS.SAE:DSD_POPULATION@DF_POP_HIST(1.0),,I,NZL,POP,PS,_T,_T,H,1956,2187055.0,A,0,0
DATAFLOW,OECD.ELS.SAE:DSD_POPULATION@DF_POP_HIST(1.0),,I,NZL,POP,PS,_T,_T,H,1957,2236105.0,A,0,0
DATAFLOW,OECD.ELS.SAE:DSD_POPULATION@DF_POP_HIST(1.0),,I,NZL,POP,PS,_T,_T,H,1958,2289440.0,A,0,0
DATAFLOW,OECD.ELS.SAE:DSD_POPULATION@DF_POP_HIST(1.0),,I,NZL,POP,PS,_T,_T,H,1959,2337880.0,A,0,0
DATAFLOW,OECD.ELS.SAE:DSD_POPULATION@DF_POP_HIST(1.0),,I,NZL,POP,PS,_T,_T,H,1960,2381670.0,A,0,0
DATAFLOW,OECD.ELS.SAE:DSD_POPULATION@DF_POP_HIST(1.0),,I,NZL,POP,PS,_T,_T,H,1961,2432380.0,A,0,0
DATAFLOW,OECD.ELS.SAE:DSD_POPULATION@DF_POP_HIST(1.0),,I,NZL,POP,PS,_T,_T,H,1962,2488530.0,A,0,0
DATAFLOW,OECD.ELS.SAE:DSD_POPULATION@DF_POP_HIST(1.0),,I,NZL,POP,PS,_T,_T,H,1963,2541415.0,A,0,0
DATAFLOW,OECD.ELS.SAE:DSD_POPULATION@DF_POP_HIST(1.0),,I,NZL,POP,PS,_T,_T,H,1964,2591965.0,A,0,0
DATAFLOW,OECD.ELS.SAE:DSD_POPULATION@DF_POP_HIST(1.0),,I,NZL,POP,PS,_T,_T,H,1965,2640400.0,A,0,0
DATAFLOW,OECD.ELS.SAE:DSD_POPULATION@DF_POP_HIST(1.0),,I,NZL,POP,PS,_T,_T,H,1966,2687580.0,A,0,0
DATAFLOW,OECD.ELS.SAE:DSD_POPULATION@DF_POP_HIST(1.0),,I,NZL,POP,PS,_T,_T,H,1967,2728115.0,A,0,0
DATAFLOW,OECD.ELS.SAE:DSD_POPULATION@DF_POP_HIST(1.0),,I,NZL,POP,PS,_T,_T,H,1968,2758885.0,A,0,0
DATAFLOW,OECD.ELS.SAE:DSD_POPULATION@DF_POP_HIST(1.0),,I,NZL,POP,PS,_T,_T,H,1969,2788435.0,A,0,0
DATAFLOW,OECD.ELS.SAE:DSD_POPULATION@DF_POP_HIST(1.0),,I,NZL,POP,PS,_T,_T,H,1970,2828020.0,A,0,0
DATAFLOW,OECD.ELS.SAE:DSD_POPULATION@DF_POP_HIST(1.0),,I,NZL,POP,PS,_T,_T,H,1971,2875305.0,A,0,0
DATAFLOW,OECD.ELS.SAE:DSD_POPULATION@DF_POP_HIST(1.0),,I,NZL,POP,PS,_T,_T,H,1972,2929135.0,A,0,0
DATAFLOW,OECD.ELS.SAE:DSD_POPULATION@DF_POP_HIST(1.0),,I,NZL,POP,PS,_T,_T,H,1973,2992335.0,A,0,0
DATAFLOW,OECD.ELS.SAE:DSD_POPULATION@DF_POP_HIST(1.0),,I,NZL,POP,PS,_T,_T,H,1974,3058435.0,A,0,0
DATAFLOW,OECD.ELS.SAE:DSD_POPULATION@DF_POP_HIST(1.0),,I,NZL,POP,PS,_T,_T,H,1975,3117765.0,A,0,0
DATAFLOW,OECD.ELS.SAE:DSD_POPULATION@DF_POP_HIST(1.0),,I,NZL,POP,PS,_T,_T,H,1976,3153535.0,A,0,0
DATAFLOW,OECD.ELS.SAE:DSD_POPULATION@DF_POP_HIST(1.0),,I,NZL,POP,PS,_T,_T,H,1977,3164830.0,A,0,0
DATAFLOW,OECD.ELS.SAE:DSD_POPULATION@DF_POP_HIST(1.0),,I,NZL,POP,PS,_T,_T,H,1978,3165705.0,A,0,0
DATAFLOW,OECD.ELS.SAE:DSD_POPULATION@DF_POP_HIST(1.0),,I,NZL,POP,PS,_T,_T,H,1979,3164620.0,A,0,0
DATAFLOW,OECD.ELS.SAE:DSD_POPULATION@DF_POP_HIST(1.0),,I,NZL,POP,PS,_T,_T,H,1980,3170245.0,A,0,0
DATAFLOW,OECD.ELS.SAE:DSD_POPULATION@DF_POP_HIST(1.0),,I,NZL,POP,PS,_T,_T,H,1981,3185460.0,A,0,0
DATAFLOW,OECD.ELS.SAE:DSD_POPULATION@DF_POP_HIST(1.0),,I,NZL,POP,PS,_T,_T,H,1982,3210645.0,A,0,0
DATAFLOW,OECD.ELS.SAE:DSD_POPULATION@DF_POP_HIST(1.0),,I,NZL,POP,PS,_T,_T,H,1983,3245770.0,A,0,0
DATAFLOW,OECD.ELS.SAE:DSD_POPULATION@DF_POP_HIST(1.0),,I,NZL,POP,PS,_T,_T,H,1984,3278850.0,A,0,0
DATAFLOW,OECD.ELS.SAE:DSD_POPULATION@DF_POP_HIST(1.0),,I,NZL,POP,PS,_T,_T,H,1985,3298050.0,A,0,0
DATAFLOW,OECD.ELS.SAE:DSD_POPULATION@DF_POP_HIST(1.0),,I,NZL,POP,PS,_T,_T,H,1986,3308310.0,A,0,0
DATAFLOW,OECD.ELS.SAE:DSD_POPULATION@DF_POP_HIST(1.0),,I,NZL,POP,PS,_T,_T,H,1987,3327785.0,A,0,0
DATAFLOW,OECD.ELS.SAE:DSD_POPULATION@DF_POP_HIST(1.0),,I,NZL,POP,PS,_T,_T,H,1988,3343680.0,A,0,0
DATAFLOW,OECD.ELS.SAE:DSD_POPULATION@DF_POP_HIST(1.0),,I,NZL,POP,PS,_T,_T,H,1989,3357535.0,A,0,0
DATAFLOW,OECD.ELS.SAE:DSD_POPULATION@DF_POP_HIST(1.0),,I,NZL,POP,PS,_T,_T,H,1990,3390085.0,A,0,0
DATAFLOW,OECD.ELS.SAE:DSD_POPULATION@DF_POP_HIST(1.0),,I,NZL,POP,PS,_T,_T,H,1991,3495100.0,A,0,0
DATAFLOW,OECD.ELS.SAE:DSD_POPULATION@DF_POP_HIST(1.0),,I,NZL,POP,PS,_T,_T,H,1992,3531700.0,A,0,0
DATAFLOW,OECD.ELS.SAE:DSD_POPULATION@DF_POP_HIST(1.0),,I,NZL,POP,PS,_T,_T,H,1993,3572200.0,A,0,0
DATAFLOW,OECD.ELS.SAE:DSD_POPULATION@DF_POP_HIST(1.0),,I,NZL,POP,PS,_T,_T,H,1994,3620000.0,A,0,0
DATAFLOW,OECD.ELS.SAE:DSD_POPULATION@DF_POP_HIST(1.0),,I,NZL,POP,PS,_T,_T,H,1995,3673400.0,A,0,0
DATAFLOW,OECD.ELS.SAE:DSD_POPULATION@DF_POP_HIST(1.0),,I,NZL,POP,PS,_T,_T,H,1996,3732000.0,A,0,0
DATAFLOW,OECD.ELS.SAE:DSD_POPULATION@DF_POP_HIST(1.0),,I,NZL,POP,PS,_T,_T,H,1997,3781300.0,A,0,0
DATAFLOW,OECD.ELS.SAE:DSD_POPULATION@DF_POP_HIST(1.0),,I,NZL,POP,PS,_T,_T,H,1998,3815000.0,A,0,0
DATAFLOW,OECD.ELS.SAE:DSD_POPULATION@DF_POP_HIST(1.0),,I,NZL,POP,PS,_T,_T,H,1999,3835100.0,A,0,0
DATAFLOW,OECD.ELS.SAE:DSD_POPULATION@DF_POP_HIST(1.0),,I,NZL,POP,PS,_T,_T,H,2000,3857700.0,A,0,0
DATAFLOW,OECD.ELS.SAE:DSD_POPULATION@DF_POP_HIST(1.0),,I,NZL,POP,PS,_T,_T,H,2001,3880500.0,A,0,0
DATAFLOW,OECD.ELS.SAE:DSD_POPULATION@DF_POP_HIST(1.0),,I,NZL,POP,PS,_T,_T,H,2002,3948500.0,A,0,0
DATAFLOW,OECD.ELS.SAE:DSD_POPULATION@DF_POP_HIST(1.0),,I,NZL,POP,PS,_T,_T,H,2003,4027200.0,A,0,0
DATAFLOW,OECD.ELS.SAE:DSD_POPULATION@DF_POP_HIST(1.0),,I,NZL,POP,PS,_T,_T,H,2004,4087500.0,A,0,0
DATAFLOW,OECD.ELS.SAE:DSD_POPULATION@DF_POP_HIST(1.0),,I,NZL,POP,PS,_T,_T,H,2005,4133900.0,A,0,0
DATAFLOW,OECD.ELS.SAE:DSD_POPULATION@DF_POP_HIST(1.0),,I,NZL,POP,PS,_T,_T,H,2006,4184600.0,A,0,0
DATAFLOW,OECD.ELS.SAE:DSD_POPULATION@DF_POP_HIST(1.0),,I,NZL,POP,PS,_T,_T,H,2007,4223800.0,A,0,0
DATAFLOW,OECD.ELS.SAE:DSD_POPULATION@DF_POP_HIST(1.0),,I,NZL,POP,PS,_T,_T,H,2008,4259800.0,A,0,0
DATAFLOW,OECD.ELS.SAE:DSD_POPULATION@DF_POP_HIST(1.0),,I,NZL,POP,PS,_T,_T,H,2009,4302600.0,A,0,0
DATAFLOW,OECD.ELS.SAE:DSD_POPULATION@DF_POP_HIST(1.0),,I,NZL,POP,PS,_T,_T,H,2010,4350700.0,A,0,0
DATAFLOW,OECD.ELS.SAE:DSD_POPULATION@DF_POP_HIST(1.0),,I,NZL,POP,PS,_T,_T,H,2011,4384000.0,A,0,0
DATAFLOW,OECD.ELS.SAE:DSD_POPULATION@DF_POP_HIST(1.0),,I,NZL,POP,PS,_T,_T,H,2012,4408100.0,A,0,0
DATAFLOW,OECD.ELS.SAE:DSD_POPULATION@DF_POP_HIST(1.0),,I,NZL,POP,PS,_T,_T,H,2013,4442100.0,A,0,0
DATAFLOW,OECD.ELS.SAE:DSD_POPULATION@DF_POP_HIST(1.0),,I,NZL,POP,PS,_T,_T,H,2014,4516500.0,A,0,0
DATAFLOW,OECD.ELS.SAE:DSD_POPULATION@DF_POP_HIST(1.0),,I,NZL,POP,PS,_T,_T,H,2015,4609400.0,A,0,0
DATAFLOW,OECD.ELS.SAE:DSD_POPULATION@DF_POP_HIST(1.0),,I,NZL,POP,PS,_T,_T,H,2016,4714100.0,A,0,0
DATAFLOW,OECD.ELS.SAE:DSD_POPULATION@DF_POP_HIST(1.0),,I,NZL,POP,PS,_T,_T,H,2017,4813600.0,A,0,0
DATAFLOW,OECD.ELS.SAE:DSD_POPULATION@DF_POP_HIST(1.0),,I,NZL,POP,PS,_T,_T,H,2018,4900600.0,A,0,0
DATAFLOW,OECD.ELS.SAE:DSD_POPULATION@DF_POP_HIST(1.0),,I,AUS,POP,PS,_T,_T,H,1950,8178700.0,A,0,0
DATAFLOW,OECD.ELS.SAE:DSD_POPULATION@DF_POP_HIST(1.0),,I,AUS,POP,PS,_T,_T,H,1951,8421700.0,A,0,0
DATAFLOW,OECD.ELS.SAE:DSD_POPULATION@DF_POP_HIST(1.0),,I,AUS,POP,PS,_T,_T,H,1952,8636500.0,A,0,0
DATAFLOW,OECD.ELS.SAE:DSD_POPULATION@DF_POP_HIST(1.0),,I,AUS,POP,PS,_T,_T,H,1953,8815300.0,A,0,0
DATAFLOW,OECD.ELS.SAE:DSD_POPULATION@DF_POP_HIST(1.0),,I,AUS,POP,PS,_T,_T,H,1954,8986500.0,A,0,0
DATAFLOW,OECD.ELS.SAE:DSD_POPULATION@DF_POP_HIST(1.0),,I,AUS,POP,PS,_T,_T,H,1955,9199700.0,A,0,0
DATAFLOW,OECD.ELS.SAE:DSD_POPULATION@DF_POP_HIST(1.0),,I,AUS,POP,PS,_T,_T,H,1956,9425500.0,A,0,0
DATAFLOW,OECD.ELS.SAE:DSD_POPULATION@DF_POP_HIST(1.0),,I,AUS,POP,PS,_T,_T,H,1957,9640200.0,A,0,0
DATAFLOW,OECD.ELS.SAE:DSD_POPULATION@DF_POP_HIST(1.0),,I,AUS,POP,PS,_T,_T,H,1958,9842400.0,A,0,0
DATAFLOW,OECD.ELS.SAE:DSD_POPULATION@DF_POP_HIST(1.0),,I,AUS,POP,PS,_T,_T,H,1959,10056400.0,A,0,0
DATAFLOW,OECD.ELS.SAE:DSD_POPULATION@DF_POP_HIST(1.0),,I,AUS,POP,PS,_T,_T,H,1960,10275000.0,A,0,0
DATAFLOW,OECD.ELS.SAE:DSD_POPULATION@DF_POP_HIST(1.0),,I,AUS,POP,PS,_T,_T,H,1961,10508200.0,A,0,0
DATAFLOW,OECD.ELS.SAE:DSD_POPULATION@DF_POP_HIST(1.0),,I,AUS,POP,PS,_T,_T,H,1962,10700500.0,A,0,0
DATAFLOW,OECD.ELS.SAE:DSD_POPULATION@DF_POP_HIST(1.0),,I,AUS,POP,PS,_T,_T,H,1963,10906900.0,A,0,0
DATAFLOW,OECD.ELS.SAE:DSD_POPULATION@DF_POP_HIST(1.0),,I,AUS,POP,PS,_T,_T,H,1964,11121600.0,A,0,0
DATAFLOW,OECD.ELS.SAE:DSD_POPULATION@DF_POP_HIST(1.0),,I,AUS,POP,PS,_T,_T,H,1965,11340900.0,A,0,0
DATAFLOW,OECD.ELS.SAE:DSD_POPULATION@DF_POP_HIST(1.0),,I,AUS,POP,PS,_T,_T,H,1966,11599498.0,A,0,0
DATAFLOW,OECD.ELS.SAE:DSD_POPULATION@DF_POP_HIST(1.0),,I,AUS,POP,PS,_T,_T,H,1967,11799078.0,A,0,0
DATAFLOW,OECD.ELS.SAE:DSD_POPULATION@DF_POP_HIST(1.0),,I,AUS,POP,PS,_T,_T,H,1968,12008635.0,A,0,0
DATAFLOW,OECD.ELS.SAE:DSD_POPULATION@DF_POP_HIST(1.0),,I,AUS,POP,PS,_T,_T,H,1969,12263014.0,A,0,0
DATAFLOW,OECD.ELS.SAE:DSD_POPULATION@DF_POP_HIST(1.0),,I,AUS,POP,PS,_T,_T,H,1970,12507349.0,A,0,0
DATAFLOW,OECD.ELS.SAE:DSD_POPULATION@DF_POP_HIST(1.0),,I,AUS,POP,PS,_T,_T,H,1971,13067265.0,A,0,0
DATAFLOW,OECD.ELS.SAE:DSD_POPULATION@DF_POP_HIST(1.0),,I,AUS,POP,PS,_T,_T,H,1972,13303664.0,A,0,0
DATAFLOW,OECD.ELS.SAE:DSD_POPULATION@DF_POP_HIST(1.0),,I,AUS,POP,PS,_T,_T,H,1973,13504538.0,A,0,0
DATAFLOW,OECD.ELS.SAE:DSD_POPULATION@DF_POP_HIST(1.0),,I,AUS,POP,PS,_T,_T,H,1974,13722571.0,A,0,0
DATAFLOW,OECD.ELS.SAE:DSD_POPULATION@DF_POP_HIST(1.0),,I,AUS,POP,PS,_T,_T,H,1975,13892995.0,A,0,0
DATAFLOW,OECD.ELS.SAE:DSD_POPULATION@DF_POP_HIST(1.0),,I,AUS,POP,PS,_T,_T,H,1976,14033083.0,A,0,0
DATAFLOW,OECD.ELS.SAE:DSD_POPULATION@DF_POP_HIST(1.0),,I,AUS,POP,PS,_T,_T,H,1977,14192234.0,A,0,0
DATAFLOW,OECD.ELS.SAE:DSD_POPULATION@DF_POP_HIST(1.0),,I,AUS,POP,PS,_T,_T,H,1978,14359255.0,A,0,0
DATAFLOW,OECD.ELS.SAE:DSD_POPULATION@DF_POP_HIST(1.0),,I,AUS,POP,PS,_T,_T,H,1979,14515729.0,A,0,0
DATAFLOW,OECD.ELS.SAE:DSD_POPULATION@DF_POP_HIST(1.0),,I,AUS,POP,PS,_T,_T,H,1980,14695356.0,A,0,0
DATAFLOW,OECD.ELS.SAE:DSD_POPULATION@DF_POP_HIST(1.0),,I,AUS,POP,PS,_T,_T,H,1981,14923260.0,A,0,0
DATAFLOW,OECD.ELS.SAE:DSD_POPULATION@DF_POP_HIST(1.0),,I,AUS,POP,PS,_T,_T,H,1982,15184247.0,A,0,0
DATAFLOW,OECD.ELS.SAE:DSD_POPULATION@DF_POP_HIST(1.0),,I,AUS,POP,PS,_T,_T,H,1983,15393472.0,A,0,0
DATAFLOW,OECD.ELS.SAE:DSD_POPULATION@DF_POP_HIST(1.0),,I,AUS,POP,PS,_T,_T,H,1984,15579391.0,A,0,0
DATAFLOW,OECD.ELS.SAE:DSD_POPULATION@DF_POP_HIST(1.0),,I,AUS,POP,PS,_T,_T,H,1985,15788312.0,A,0,0
DATAFLOW,OECD.ELS.SAE:DSD_POPULATION@DF_POP_HIST(1.0),,I,AUS,POP,PS,_T,_T,H,1986,16018350.0,A,0,0
DATAFLOW,OECD.ELS.SAE:DSD_POPULATION@DF_POP_HIST(1.0),,I,AUS,POP,PS,_T,_T,H,1987,16263874.0,A,0,0
DATAFLOW,OECD.ELS.SAE:DSD_POPULATION@DF_POP_HIST(1.0),,I,AUS,POP,PS,_T,_T,H,1988,16532164.0,A,0,0
DATAFLOW,OECD.ELS.SAE:DSD_POPULATION@DF_POP_HIST(1.0),,I,AUS,POP,PS,_T,_T,H,1989,16814416.0,A,0,0
DATAFLOW,OECD.ELS.SAE:DSD_POPULATION@DF_POP_HIST(1.0),,I,AUS,POP,PS,_T,_T,H,1990,17065128.0,A,0,0
DATAFLOW,OECD.ELS.SAE:DSD_POPULATION@DF_POP_HIST(1.0),,I,AUS,POP,PS,_T,_T,H,1991,17284036.0,A,0,0
DATAFLOW,OECD.ELS.SAE:DSD_POPULATION@DF_POP_HIST(1.0),,I,AUS,POP,PS,_T,_T,H,1992,17478635.0,A,0,0
DATAFLOW,OECD.ELS.SAE:DSD_POPULATION@DF_POP_HIST(1.0),,I,AUS,POP,PS,_T,_T,H,1993,17634808.0,A,0,0
DATAFLOW,OECD.ELS.SAE:DSD_POPULATION@DF_POP_HIST(1.0),,I,AUS,POP,PS,_T,_T,H,1994,17805468.0,A,0,0
DATAFLOW,OECD.ELS.SAE:DSD_POPULATION@DF_POP_HIST(1.0),,I,AUS,POP,PS,_T,_T,H,1995,18004882.0,A,0,0
DATAFLOW,OECD.ELS.SAE:DSD_POPULATION@DF_POP_HIST(1.0),,I,AUS,POP,PS,_T,_T,H,1996,18224767.0,A,0,0
DATAFLOW,OECD.ELS.SAE:DSD_POPULATION@DF_POP_HIST(1.0),,I,AUS,POP,PS,_T,_T,H,1997,18423037.0,A,0,0
DATAFLOW,OECD.ELS.SAE:DSD_POPULATION@DF_POP_HIST(1.0),,I,AUS,POP,PS,_T,_T,H,1998,18607584.0,A,0,0
DATAFLOW,OECD.ELS.SAE:DSD_POPULATION@DF_POP_HIST(1.0),,I,AUS,POP,PS,_T,_T,H,1999,18812264.0,A,0,0
DATAFLOW,OECD.ELS.SAE:DSD_POPULATION@DF_POP_HIST(1.0),,I,AUS,POP,PS,_T,_T,H,2000,19028802.0,A,0,0
DATAFLOW,OECD.ELS.SAE:DSD_POPULATION@DF_POP_HIST(1.0),,I,AUS,POP,PS,_T,_T,H,2001,19274701.0,A,0,0
DATAFLOW,OECD.ELS.SAE:DSD_POPULATION@DF_POP_HIST(1.0),,I,AUS,POP,PS,_T,_T,H,2002,19495210.0,A,0,0
DATAFLOW,OECD.ELS.SAE:DSD_POPULATION@DF_POP_HIST(1.0),,I,AUS,POP,PS,_T,_T,H,2003,19720737.0,A,0,0
DATAFLOW,OECD.ELS.SAE:DSD_POPULATION@DF_POP_HIST(1.0),,I,AUS,POP,PS,_T,_T,H,2004,19932722.0,A,0,0
DATAFLOW,OECD.ELS.SAE:DSD_POPULATION@DF_POP_HIST(1.0),,I,AUS,POP,PS,_T,_T,H,2005,20176844.0,A,0,0
DATAFLOW,OECD.ELS.SAE:DSD_POPULATION@DF_POP_HIST(1.0),,I,AUS,POP,PS,_T,_T,H,2006,20450966.0,A,0,0
DATAFLOW,OECD.ELS.SAE:DSD_POPULATION@DF_POP_HIST(1.0),,I,AUS,POP,PS,_T,_T,H,2007,20827622.0,A,0,0
DATAFLOW,OECD.ELS.SAE:DSD_POPULATION@DF_POP_HIST(1.0),,I,AUS,POP,PS,_T,_T,H,2008,21249199.0,A,0,0
DATAFLOW,OECD.ELS.SAE:DSD_POPULATION@DF_POP_HIST(1.0),,I,AUS,POP,PS,_T,_T,H,2009,21691653.0,A,0,0
DATAFLOW,OECD.ELS.SAE:DSD_POPULATION@DF_POP_HIST(1.0),,I,AUS,POP,PS,_T,_T,H,2010,22031750.0,A,0,0
DATAFLOW,OECD.ELS.SAE:DSD_POPULATION@DF_POP_HIST(1.0),,I,AUS,POP,PS,_T,_T,H,2011,22340024.0,A,0,0
DATAFLOW,OECD.ELS.SAE:DSD_POPULATION@DF_POP_HIST(1.0),,I,AUS,POP,PS,_T,_T,H,2012,22733465.0,A,0,0
DATAFLOW,OECD.ELS.SAE:DSD_POPULATION@DF_POP_HIST(1.0),,I,AUS,POP,PS,_T,_T,H,2013,23128129.0,A,0,0
DATAFLOW,OECD.ELS.SAE:DSD_POPULATION@DF_POP_HIST(1.0),,I,AUS,POP,PS,_T,_T,H,2014,23475686.0,A,0,0
DATAFLOW,OECD.ELS.SAE:DSD_POPULATION@DF_POP_HIST(1.0),,I,AUS,POP,PS,_T,_T,H,2015,23815995.0,A,0,0
DATAFLOW,OECD.ELS.SAE:DSD_POPULATION@DF_POP_HIST(1.0),,I,AUS,POP,PS,_T,_T,H,2016,24190907.0,A,0,0
DATAFLOW,OECD.ELS.SAE:DSD_POPULATION@DF_POP_HIST(1.0),,I,IRL,POP,PS,_T,_T,H,1950,2969000.0,A,0,0
DATAFLOW,OECD.ELS.SAE:DSD_POPULATION@DF_POP_HIST(1.0),,I,IRL,POP,PS,_T,_T,H,1951,2960600.0,A,0,0
DATAFLOW,OECD.ELS.SAE:DSD_POPULATION@DF_POP_HIST(1.0),,I,IRL,POP,PS,_T,_T,H,1952,2952900.0,A,0,0
DATAFLOW,OECD.ELS.SAE:DSD_POPULATION@DF_POP_HIST(1.0),,I,IRL,POP,PS,_T,_T,H,1953,2949000.0,A,0,0
DATAFLOW,OECD.ELS.SAE:DSD_POPULATION@DF_POP_HIST(1.0),,I,IRL,POP,PS,_T,_T,H,1954,2941200.0,A,0,0
DATAFLOW,OECD.ELS.SAE:DSD_POPULATION@DF_POP_HIST(1.0),,I,IRL,POP,PS,_T,_T,H,1955,2920900.0,A,0,0
DATAFLOW,OECD.ELS.SAE:DSD_POPULATION@DF_POP_HIST(1.0),,I,IRL,POP,PS,_T,_T,H,1956,2898500.0,A,0,0
DATAFLOW,OECD.ELS.SAE:DSD_POPULATION@DF_POP_HIST(1.0),,I,IRL,POP,PS,_T,_T,H,1957,2885300.0,A,0,0
DATAFLOW,OECD.ELS.SAE:DSD_POPULATION@DF_POP_HIST(1.0),,I,IRL,POP,PS,_T,_T,H,1958,2852700.0,A,0,0
DATAFLOW,OECD.ELS.SAE:DSD_POPULATION@DF_POP_HIST(1.0),,I,IRL,POP,PS,_T,_T,H,1959,2845600.0,A,0,0
DATAFLOW,OECD.ELS.SAE:DSD_POPULATION@DF_POP_HIST(1.0),,I,IRL,POP,PS,_T,_T,H,1960,2832100.0,A,0,0
DATAFLOW,OECD.ELS.SAE:DSD_POPULATION@DF_POP_HIST(1.0),,I,IRL,POP,PS,_T,_T,H,1961,2818300.0,A,0,0
DATAFLOW,OECD.ELS.SAE:DSD_POPULATION@DF_POP_HIST(1.0),,I,IRL,POP,PS,_T,_T,H,1962,2830100.0,A,0,0
DATAFLOW,OECD.ELS.SAE:DSD_POPULATION@DF_POP_HIST(1.0),,I,IRL,POP,PS,_T,_T,H,1963,2850000.0,A,0,0
DATAFLOW,OECD.ELS.SAE:DSD_POPULATION@DF_POP_HIST(1.0),,I,IRL,POP,PS,_T,_T,H,1964,2863800.0,A,0,0
DATAFLOW,OECD.ELS.SAE:DSD_POPULATION@DF_POP_HIST(1.0),,I,IRL,POP,PS,_T,_T,H,1965,2875800.0,A,0,0
DATAFLOW,OECD.ELS.SAE:DSD_POPULATION@DF_POP_HIST(1.0),,I,IRL,POP,PS,_T,_T,H,1966,2884000.0,A,0,0
DATAFLOW,OECD.ELS.SAE:DSD_POPULATION@DF_POP_HIST(1.0),,I,IRL,POP,PS,_T,_T,H,1967,2899700.0,A,0,0
DATAFLOW,OECD.ELS.SAE:DSD_POPULATION@DF_POP_HIST(1.0),,I,IRL,POP,PS,_T,_T,H,1968,2912200.0,A,0,0
DATAFLOW,OECD.ELS.SAE:DSD_POPULATION@DF_POP_HIST(1.0),,I,IRL,POP,PS,_T,_T,H,1969,2925200.0,A,0,0
DATAFLOW,OECD.ELS.SAE:DSD_POPULATION@DF_POP_HIST(1.0),,I,IRL,POP,PS,_T,_T,H,1970,2949900.0,A,0,0
DATAFLOW,OECD.ELS.SAE:DSD_POPULATION@DF_POP_HIST(1.0),,I,IRL,POP,PS,_T,_T,H,1971,2978200.0,A,0,0
DATAFLOW,OECD.ELS.SAE:DSD_POPULATION@DF_POP_HIST(1.0),,I,IRL,POP,PS,_T,_T,H,1972,3024400.0,A,0,0
DATAFLOW,OECD.ELS.SAE:DSD_POPULATION@DF_POP_HIST(1.0),,I,IRL,POP,PS,_T,_T,H,1973,3073000.0,A,0,0
DATAFLOW,OECD.ELS.SAE:DSD_POPULATION@DF_POP_HIST(1.0),,I,IRL,POP,PS,_T,_T,H,1974,3123900.0,A,0,0
DATAFLOW,OECD.ELS.SAE:DSD_POPULATION@DF_POP_HIST(1.0),,I,IRL,POP,PS,_T,_T,H,1975,3177200.0,A,0,0
DATAFLOW,OECD.ELS.SAE:DSD_POPULATION@DF_POP_HIST(1.0),,I,IRL,POP,PS,_T,_T,H,1976,3227800.0,A,0,0
DATAFLOW,OECD.ELS.SAE:DSD_POPULATION@DF_POP_HIST(1.0),,I,IRL,POP,PS,_T,_T,H,1977,3271900.0,A,0,0
DATAFLOW,OECD.ELS.SAE:DSD_POPULATION@DF_POP_HIST(1.0),,I,IRL,POP,PS,_T,_T,H,1978,3314000.0,A,0,0
DATAFLOW,OECD.ELS.SAE:DSD_POPULATION@DF_POP_HIST(1.0),,I,IRL,POP,PS,_T,_T,H,1979,3368200.0,A,0,0
DATAFLOW,OECD.ELS.SAE:DSD_POPULATION@DF_POP_HIST(1.0),,I,IRL,POP,PS,_T,_T,H,1980,3401000.0,A,0,0
DATAFLOW,OECD.ELS.SAE:DSD_POPULATION@DF_POP_HIST(1.0),,I,IRL,POP,PS,_T,_T,H,1981,3443400.0,A,0,0
DATAFLOW,OECD.ELS.SAE:DSD_POPULATION@DF_POP_HIST(1.0),,I,IRL,POP,PS,_T,_T,H,1982,3480000.0,A,0,0
DATAFLOW,OECD.ELS.SAE:DSD_POPULATION@DF_POP_HIST(1.0),,I,IRL,POP,PS,_T,_T,H,1983,3504000.0,A,0,0
DATAFLOW,OECD.ELS.SAE:DSD_POPULATION@DF_POP_HIST(1.0),,I,IRL,POP,PS,_T,_T,H,1984,3529000.0,A,0,0
DATAFLOW,OECD.ELS.SAE:DSD_POPULATION@DF_POP_HIST(1.0),,I,IRL,POP,PS,_T,_T,H,1985,3540000.0,A,0,0
DATAFLOW,OECD.ELS.SAE:DSD_POPULATION@DF_POP_HIST(1.0),,I,IRL,POP,PS,_T,_T,H,1986,3540600.0,A,0,0
DATAFLOW,OECD.ELS.SAE:DSD_POPULATION@DF_POP_HIST(1.0),,I,IRL,POP,PS,_T,_T,H,1987,3546500.0,A,0,0
DATAFLOW,OECD.ELS.SAE:DSD_POPULATION@DF_POP_HIST(1.0),,I,IRL,POP,PS,_T,_T,H,1988,3530700.0,A,0,0
DATAFLOW,OECD.ELS.SAE:DSD_POPULATION@DF_POP_HIST(1.0),,I,IRL,POP,PS,_T,_T,H,1989,3509500.0,A,0,0
DATAFLOW,OECD.ELS.SAE:DSD_POPULATION@DF_POP_HIST(1.0),,I,IRL,POP,PS,_T,_T,H,1990,3505800.0,A,0,0
DATAFLOW,OECD.ELS.SAE:DSD_POPULATION@DF_POP_HIST(1.0),,I,IRL,POP,PS,_T,_T,H,1991,3525700.0,A,0,0
DATAFLOW,OECD.ELS.SAE:DSD_POPULATION@DF_POP_HIST(1.0),,I,IRL,POP,PS,_T,_T,H,1992,3554500.0,A,0,0
DATAFLOW,OECD.ELS.SAE:DSD_POPULATION@DF_POP_HIST(1.0),,I,IRL,POP,PS,_T,_T,H,1993,3574100.0,A,0,0
DATAFLOW,OECD.ELS.SAE:DSD_POPULATION@DF_POP_HIST(1.0),,I,IRL,POP,PS,_T,_T,H,1994,3585900.0,A,0,0
DATAFLOW,OECD.ELS.SAE:DSD_POPULATION@DF_POP_HIST(1.0),,I,IRL,POP,PS,_T,_T,H,1995,3601300.0,A,0,0
DATAFLOW,OECD.ELS.SAE:DSD_POPULATION@DF_POP_HIST(1.0),,I,IRL,POP,PS,_T,_T,H,1996,3626087.0,A,0,0
DATAFLOW,OECD.ELS.SAE:DSD_POPULATION@DF_POP_HIST(1.0),,I,IRL,POP,PS,_T,_T,H,1997,3664313.0,A,0,0
DATAFLOW,OECD.ELS.SAE:DSD_POPULATION@DF_POP_HIST(1.0),,I,IRL,POP,PS,_T,_T,H,1998,3703082.0,A,0,0
DATAFLOW,OECD.ELS.SAE:DSD_POPULATION@DF_POP_HIST(1.0),,I,IRL,POP,PS,_T,_T,H,1999,3741647.0,A,0,0
DATAFLOW,OECD.ELS.SAE:DSD_POPULATION@DF_POP_HIST(1.0),,I,IRL,POP,PS,_T,_T,H,2000,3789536.0,A,0,0
DATAFLOW,OECD.ELS.SAE:DSD_POPULATION@DF_POP_HIST(1.0),,I,IRL,POP,PS,_T,_T,H,2001,3847198.0,A,0,0
DATAFLOW,OECD.ELS.SAE:DSD_POPULATION@DF_POP_HIST(1.0),,I,IRL,POP,PS,_T,_T,H,2002,3917203.0,A,0,0
DATAFLOW,OECD.ELS.SAE:DSD_POPULATION@DF_POP_HIST(1.0),,I,IRL,POP,PS,_T,_T,H,2003,3979853.0,A,0,0
DATAFLOW,OECD.ELS.SAE:DSD_POPULATION@DF_POP_HIST(1.0),,I,IRL,POP,PS,_T,_T,H,2004,4045188.0,A,0,0
DATAFLOW,OECD.ELS.SAE:DSD_POPULATION@DF_POP_HIST(1.0),,I,IRL,POP,PS,_T,_T,H,2005,4133839.0,A,0,0
DATAFLOW,OECD.ELS.SAE:DSD_POPULATION@DF_POP_HIST(1.0),,I,IRL,POP,PS,_T,_T,H,2006,4232929.0,A,0,0
DATAFLOW,OECD.ELS.SAE:DSD_POPULATION@DF_POP_HIST(1.0),,I,IRL,POP,PS,_T,_T,H,2007,4375842.0,A,0,0
DATAFLOW,OECD.ELS.SAE:DSD_POPULATION@DF_POP_HIST(1.0),,I,IRL,POP,PS,_T,_T,H,2008,4485070.0,A,0,0
DATAFLOW,OECD.ELS.SAE:DSD_POPULATION@DF_POP_HIST(1.0),,I,IRL,POP,PS,_T,_T,H,2009,4533395.0,A,0,0
DATAFLOW,OECD.ELS.SAE:DSD_POPULATION@DF_POP_HIST(1.0),,I,IRL,POP,PS,_T,_T,H,2010,4554763.0,A,0,0
DATAFLOW,OECD.ELS.SAE:DSD_POPULATION@DF_POP_HIST(1.0),,I,IRL,POP,PS,_T,_T,H,2011,4574888.0,A,0,0
DATAFLOW,OECD.ELS.SAE:DSD_POPULATION@DF_POP_HIST(1.0),,I,IRL,POP,PS,_T,_T,H,2012,4593697.0,A,0,0
DATAFLOW,OECD.ELS.SAE:DSD_POPULATION@DF_POP_HIST(1.0),,I,IRL,POP,PS,_T,_T,H,2013,4614669.0,A,0,0
DATAFLOW,OECD.ELS.SAE:DSD_POPULATION@DF_POP_HIST(1.0),,I,IRL,POP,PS,_T,_T,H,2014,4645440.0,A,0,0
DATAFLOW,OECD.ELS.SAE:DSD_POPULATION@DF_POP_HIST(1.0),,I,IRL,POP,PS,_T,_T,H,2015,4687787.0,A,0,0
DATAFLOW,OECD.ELS.SAE:DSD_POPULATION@DF_POP_HIST(1.0),,I,IRL,POP,PS,_T,_T,H,2016,4739597.0,A,0,0
DATAFLOW,OECD.ELS.SAE:DSD_POPULATION@DF_POP_HIST(1.0),,I,AUT,POP,PS,_T,_T,H,1950,6935100.0,A,0,0
DATAFLOW,OECD.ELS.SAE:DSD_POPULATION@DF_POP_HIST(1.0),,I,AUT,POP,PS,_T,_T,H,1951,6935451.0,A,0,0
DATAFLOW,OECD.ELS.SAE:DSD_POPULATION@DF_POP_HIST(1.0),,I,AUT,POP,PS,_T,_T,H,1952,6927772.0,A,0,0
DATAFLOW,OECD.ELS.SAE:DSD_POPULATION@DF_POP_HIST(1.0),,I,AUT,POP,PS,_T,_T,H,1953,6932483.0,A,0,0
DATAFLOW,OECD.ELS.SAE:DSD_POPULATION@DF_POP_HIST(1.0),,I,AUT,POP,PS,_T,_T,H,1954,6940209.0,A,0,0
DATAFLOW,OECD.ELS.SAE:DSD_POPULATION@DF_POP_HIST(1.0),,I,AUT,POP,PS,_T,_T,H,1955,6946885.0,A,0,0
DATAFLOW,OECD.ELS.SAE:DSD_POPULATION@DF_POP_HIST(1.0),,I,AUT,POP,PS,_T,_T,H,1956,6952359.0,A,0,0
DATAFLOW,OECD.ELS.SAE:DSD_POPULATION@DF_POP_HIST(1.0),,I,AUT,POP,PS,_T,_T,H,1957,6965860.0,A,0,0
DATAFLOW,OECD.ELS.SAE:DSD_POPULATION@DF_POP_HIST(1.0),,I,AUT,POP,PS,_T,_T,H,1958,6987358.0,A,0,0
DATAFLOW,OECD.ELS.SAE:DSD_POPULATION@DF_POP_HIST(1.0),,I,AUT,POP,PS,_T,_T,H,1959,7014331.0,A,0,0
DATAFLOW,OECD.ELS.SAE:DSD_POPULATION@DF_POP_HIST(1.0),,I,AUT,POP,PS,_T,_T,H,1960,7047539.0,A,0,0
DATAFLOW,OECD.ELS.SAE:DSD_POPULATION@DF_POP_HIST(1.0),,I,AUT,POP,PS,_T,_T,H,1961,7086299.0,A,0,0
DATAFLOW,OECD.ELS.SAE:DSD_POPULATION@DF_POP_HIST(1.0),,I,AUT,POP,PS,_T,_T,H,1962,7129864.0,A,0,0
DATAFLOW,OECD.ELS.SAE:DSD_POPULATION@DF_POP_HIST(1.0),,I,AUT,POP,PS,_T,_T,H,1963,7175811.0,A,0,0
DATAFLOW,OECD.ELS.SAE:DSD_POPULATION@DF_POP_HIST(1.0),,I,AUT,POP,PS,_T,_T,H,1964,7223801.0,A,0,0
DATAFLOW,OECD.ELS.SAE:DSD_POPULATION@DF_POP_HIST(1.0),,I,AUT,POP,PS,_T,_T,H,1965,7270889.0,A,0,0
DATAFLOW,OECD.ELS.SAE:DSD_POPULATION@DF_POP_HIST(1.0),,I,AUT,POP,PS,_T,_T,H,1966,7322066.0,A,0,0
DATAFLOW,OECD.ELS.SAE:DSD_POPULATION@DF_POP_HIST(1.0),,I,AUT,POP,PS,_T,_T,H,1967,7376998.0,A,0,0
DATAFLOW,OECD.ELS.SAE:DSD_POPULATION@DF_POP_HIST(1.0),,I,AUT,POP,PS,_T,_T,H,1968,7415403.0,A,0,0
DATAFLOW,OECD.ELS.SAE:DSD_POPULATION@DF_POP_HIST(1.0),,I,AUT,POP,PS,_T,_T,H,1969,7441055.0,A,0,0
DATAFLOW,OECD.ELS.SAE:DSD_POPULATION@DF_POP_HIST(1.0),,I,AUT,POP,PS,_T,_T,H,1970,7467086.0,A,0,0
DATAFLOW,OECD.ELS.SAE:DSD_POPULATION@DF_POP_HIST(1.0),,I,AUT,POP,PS,_T,_T,H,1971,7500482.0,A,0,0
DATAFLOW,OECD.ELS.SAE:DSD_POPULATION@DF_POP_HIST(1.0),,I,AUT,POP,PS,_T,_T,H,1972,7544201.0,A,0,0
DATAFLOW,OECD.ELS.SAE:DSD_POPULATION@DF_POP_HIST(1.0),,I,AUT,POP,PS,_T,_T,H,1973,7586115.0,A,0,0
DATAFLOW,OECD.ELS.SAE:DSD_POPULATION@DF_POP_HIST(1.0),,I,AUT,POP,PS,_T,_T,H,1974,7599038.0,A,0,0
DATAFLOW,OECD.ELS.SAE:DSD_POPULATION@DF_POP_HIST(1.0),,I,AUT,POP,PS,_T,_T,H,1975,7578903.0,A,0,0
DATAFLOW,OECD.ELS.SAE:DSD_POPULATION@DF_POP_HIST(1.0),,I,AUT,POP,PS,_T,_T,H,1976,7565525.0,A,0,0
DATAFLOW,OECD.ELS.SAE:DSD_POPULATION@DF_POP_HIST(1.0),,I,AUT,POP,PS,_T,_T,H,1977,7568430.0,A,0,0
DATAFLOW,OECD.ELS.SAE:DSD_POPULATION@DF_POP_HIST(1.0),,I,AUT,POP,PS,_T,_T,H,1978,7562305.0,A,0,0
DATAFLOW,OECD.ELS.SAE:DSD_POPULATION@DF_POP_HIST(1.0),,I,AUT,POP,PS,_T,_T,H,1979,7549425.0,A,0,0
DATAFLOW,OECD.ELS.SAE:DSD_POPULATION@DF_POP_HIST(1.0),,I,AUT,POP,PS,_T,_T,H,1980,7549433.0,A,0,0
DATAFLOW,OECD.ELS.SAE:DSD_POPULATION@DF_POP_HIST(1.0),,I,AUT,POP,PS,_T,_T,H,1981,7568710.0,A,0,0
DATAFLOW,OECD.ELS.SAE:DSD_POPULATION@DF_POP_HIST(1.0),,I,AUT,POP,PS,_T,_T,H,1982,7574140.0,A,0,0
DATAFLOW,OECD.ELS.SAE:DSD_POPULATION@DF_POP_HIST(1.0),,I,AUT,POP,PS,_T,_T,H,1983,7561910.0,A,0,0
DATAFLOW,OECD.ELS.SAE:DSD_POPULATION@DF_POP_HIST(1.0),,I,AUT,POP,PS,_T,_T,H,1984,7561434.0,A,0,0
DATAFLOW,OECD.ELS.SAE:DSD_POPULATION@DF_POP_HIST(1.0),,I,AUT,POP,PS,_T,_T,H,1985,7564984.0,A,0,0
DATAFLOW,OECD.ELS.SAE:DSD_POPULATION@DF_POP_HIST(1.0),,I,AUT,POP,PS,_T,_T,H,1986,7569794.0,A,0,0
DATAFLOW,OECD.ELS.SAE:DSD_POPULATION@DF_POP_HIST(1.0),,I,AUT,POP,PS,_T,_T,H,1987,7574586.0,A,0,0
DATAFLOW,OECD.ELS.SAE:DSD_POPULATION@DF_POP_HIST(1.0),,I,AUT,POP,PS,_T,_T,H,1988,7585317.0,A,0,0
DATAFLOW,OECD.ELS.SAE:DSD_POPULATION@DF_POP_HIST(1.0),,I,AUT,POP,PS,_T,_T,H,1989,7619566.0,A,0,0
DATAFLOW,OECD.ELS.SAE:DSD_POPULATION@DF_POP_HIST(1.0),,I,AUT,POP,PS,_T,_T,H,1990,7677850.0,A,0,0
DATAFLOW,OECD.ELS.SAE:DSD_POPULATION@DF_POP_HIST(1.0),,I,AUT,POP,PS,_T,_T,H,1991,7754891.0,A,0,0
DATAFLOW,OECD.ELS.SAE:DSD_POPULATION@DF_POP_HIST(1.0),,I,AUT,POP,PS,_T,_T,H,1992,7840709.0,A,0,0
DATAFLOW,OECD.ELS.SAE:DSD_POPULATION@DF_POP_HIST(1.0),,I,AUT,POP,PS,_T,_T,H,1993,7905632.0,A,0,0
DATAFLOW,OECD.ELS.SAE:DSD_POPULATION@DF_POP_HIST(1.0),,I,AUT,POP,PS,_T,_T,H,1994,7936118.0,A,0,0
DATAFLOW,OECD.ELS.SAE:DSD_POPULATION@DF_POP_HIST(1.0),,I,AUT,POP,PS,_T,_T,H,1995,7948278.0,A,0,0
DATAFLOW,OECD.ELS.SAE:DSD_POPULATION@DF_POP_HIST(1.0),,I,AUT,POP,PS,_T,_T,H,1996,7959016.0,A,0,0
DATAFLOW,OECD.ELS.SAE:DSD_POPULATION@DF_POP_HIST(1.0),,I,AUT,POP,PS,_T,_T,H,1997,7968041.0,A,0,0
DATAFLOW,OECD.ELS.SAE:DSD_POPULATION@DF_POP_HIST(1.0),,I,AUT,POP,PS,_T,_T,H,1998,7976789.0,A,0,0
DATAFLOW,OECD.ELS.SAE:DSD_POPULATION@DF_POP_HIST(1.0),,I,AUT,POP,PS,_T,_T,H,1999,7992323.0,A,0,0
DATAFLOW,OECD.ELS.SAE:DSD_POPULATION@DF_POP_HIST(1.0),,I,AUT,POP,PS,_T,_T,H,2000,8011566.0,A,0,0
DATAFLOW,OECD.ELS.SAE:DSD_POPULATION@DF_POP_HIST(1.0),,I,AUT,POP,PS,_T,_T,H,2001,8042293.0,A,0,0
DATAFLOW,OECD.ELS.SAE:DSD_POPULATION@DF_POP_HIST(1.0),,I,CAN,POP,PS,_T,_T,H,1950,14018606.0,A,0,0
DATAFLOW,OECD.ELS.SAE:DSD_POPULATION@DF_POP_HIST(1.0),,I,CAN,POP,PS,_T,_T,H,1951,14318204.0,A,0,0
DATAFLOW,OECD.ELS.SAE:DSD_POPULATION@DF_POP_HIST(1.0),,I,CAN,POP,PS,_T,_T,H,1952,14776291.0,A,0,0
DATAFLOW,OECD.ELS.SAE:DSD_POPULATION@DF_POP_HIST(1.0),,I,CAN,POP,PS,_T,_T,H,1953,15169815.0,A,0,0
DATAFLOW,OECD.ELS.SAE:DSD_POPULATION@DF_POP_HIST(1.0),,I,CAN,POP,PS,_T,_T,H,1954,15620550.0,A,0,0
DATAFLOW,OECD.ELS.SAE:DSD_POPULATION@DF_POP_HIST(1.0),,I,CAN,POP,PS,_T,_T,H,1955,16040090.0,A,0,0
DATAFLOW,OECD.ELS.SAE:DSD_POPULATION@DF_POP_HIST(1.0),,I,CAN,POP,PS,_T,_T,H,1956,16431419.0,A,0,0
DATAFLOW,OECD.ELS.SAE:DSD_POPULATION@DF_POP_HIST(1.0),,I,CAN,POP,PS,_T,_T,H,1957,16970940.0,A,0,0
DATAFLOW,OECD.ELS.SAE:DSD_POPULATION@DF_POP_HIST(1.0),,I,CAN,POP,PS,_T,_T,H,1958,17450075.0,A,0,0
DATAFLOW,OECD.ELS.SAE:DSD_POPULATION@DF_POP_HIST(1.0),,I,CAN,POP,PS,_T,_T,H,1959,17861347.0,A,0,0
DATAFLOW,OECD.ELS.SAE:DSD_POPULATION@DF_POP_HIST(1.0),,I,CAN,POP,PS,_T,_T,H,1960,18256447.0,A,0,0
DATAFLOW,OECD.ELS.SAE:DSD_POPULATION@DF_POP_HIST(1.0),,I,CAN,POP,PS,_T,_T,H,1961,18634666.0,A,0,0
DATAFLOW,OECD.ELS.SAE:DSD_POPULATION@DF_POP_HIST(1.0),,I,CAN,POP,PS,_T,_T,H,1962,18989309.0,A,0,0
DATAFLOW,OECD.ELS.SAE:DSD_POPULATION@DF_POP_HIST(1.0),,I,CAN,POP,PS,_T,_T,H,1963,19347231.0,A,0,0
DATAFLOW,OECD.ELS.SAE:DSD_POPULATION@DF_POP_HIST(1.0),,I,CAN,POP,PS,_T,_T,H,1964,19719595.0,A,0,0
DATAFLOW,OECD.ELS.SAE:DSD_POPULATION@DF_POP_HIST(1.0),,I,CAN,POP,PS,_T,_T,H,1965,20084314.0,A,0,0
DATAFLOW,OECD.ELS.SAE:DSD_POPULATION@DF_POP_HIST(1.0),,I,CAN,POP,PS,_T,_T,H,1966,20420867.0,A,0,0
DATAFLOW,OECD.ELS.SAE:DSD_POPULATION@DF_POP_HIST(1.0),,I,CAN,POP,PS,_T,_T,H,1967,20795138.0,A,0,0
DATAFLOW,OECD.ELS.SAE:DSD_POPULATION@DF_POP_HIST(1.0),,I,CAN,POP,PS,_T,_T,H,1968,21129417.0,A,0,0
DATAFLOW,OECD.ELS.SAE:DSD_POPULATION@DF_POP_HIST(1.0),,I,CAN,POP,PS,_T,_T,H,1969,21439830.0,A,0,0
DATAFLOW,OECD.ELS.SAE:DSD_POPULATION@DF_POP_HIST(1.0),,I,CAN,POP,PS,_T,_T,H,1970,21746497.0,A,0,0
DATAFLOW,OECD.ELS.SAE:DSD_POPULATION@DF_POP_HIST(1.0),,I,CAN,POP,PS,_T,_T,H,1971,21962032.0,A,0,0
DATAFLOW,OECD.ELS.SAE:DSD_POPULATION@DF_POP_HIST(1.0),,I,CAN,POP,PS,_T,_T,H,1972,22218463.0,A,0,0
DATAFLOW,OECD.ELS.SAE:DSD_POPULATION@DF_POP_HIST(1.0),,I,CAN,POP,PS,_T,_T,H,1973,22491777.0,A,0,0
DATAFLOW,OECD.ELS.SAE:DSD_POPULATION@DF_POP_HIST(1.0),,I,CAN,POP,PS,_T,_T,H,1974,22807969.0,A,0,0
DATAFLOW,OECD.ELS.SAE:DSD_POPULATION@DF_POP_HIST(1.0),,I,CAN,POP,PS,_T,_T,H,1975,23143275.0,A,0,0
DATAFLOW,OECD.ELS.SAE:DSD_POPULATION@DF_POP_HIST(1.0),,I,CAN,POP,PS,_T,_T,H,1976,23449808.0,A,0,0
DATAFLOW,OECD.ELS.SAE:DSD_POPULATION@DF_POP_HIST(1.0),,I,CAN,POP,PS,_T,_T,H,1977,23725843.0,A,0,0
DATAFLOW,OECD.ELS.SAE:DSD_POPULATION@DF_POP_HIST(1.0),,I,CAN,POP,PS,_T,_T,H,1978,23963203.0,A,0,0
DATAFLOW,OECD.ELS.SAE:DSD_POPULATION@DF_POP_HIST(1.0),,I,CAN,POP,PS,_T,_T,H,1979,24201544.0,A,0,0
DATAFLOW,OECD.ELS.SAE:DSD_POPULATION@DF_POP_HIST(1.0),,I,CAN,POP,PS,_T,_T,H,1980,24515667.0,A,0,0
DATAFLOW,OECD.ELS.SAE:DSD_POPULATION@DF_POP_HIST(1.0),,I,CAN,POP,PS,_T,_T,H,1981,24819915.0,A,0,0
DATAFLOW,OECD.ELS.SAE:DSD_POPULATION@DF_POP_HIST(1.0),,I,CAN,POP,PS,_T,_T,H,1982,25116942.0,A,0,0
DATAFLOW,OECD.ELS.SAE:DSD_POPULATION@DF_POP_HIST(1.0),,I,CAN,POP,PS,_T,_T,H,1983,25366451.0,A,0,0
DATAFLOW,OECD.ELS.SAE:DSD_POPULATION@DF_POP_HIST(1.0),,I,CAN,POP,PS,_T,_T,H,1984,25607053.0,A,0,0
DATAFLOW,OECD.ELS.SAE:DSD_POPULATION@DF_POP_HIST(1.0),,I,CAN,POP,PS,_T,_T,H,1985,25842116.0,A,0,0
DATAFLOW,OECD.ELS.SAE:DSD_POPULATION@DF_POP_HIST(1.0),,I,CAN,POP,PS,_T,_T,H,1986,26100278.0,A,0,0
DATAFLOW,OECD.ELS.SAE:DSD_POPULATION@DF_POP_HIST(1.0),,I,CAN,POP,PS,_T,_T,H,1987,26446601.0,A,0,0
DATAFLOW,OECD.ELS.SAE:DSD_POPULATION@DF_POP_HIST(1.0),,I,CAN,POP,PS,_T,_T,H,1988,26791747.0,A,0,0
DATAFLOW,OECD.ELS.SAE:DSD_POPULATION@DF_POP_HIST(1.0),,I,CAN,POP,PS,_T,_T,H,1989,27276781.0,A,0,0
DATAFLOW,OECD.ELS.SAE:DSD_POPULATION@DF_POP_HIST(1.0),,I,CAN,POP,PS,_T,_T,H,1990,27691138.0,A,0,0
DATAFLOW,OECD.ELS.SAE:DSD_POPULATION@DF_POP_HIST(1.0),,I,CAN,POP,PS,_T,_T,H,1991,28037420.0,A,0,0
DATAFLOW,OECD.ELS.SAE:DSD_POPULATION@DF_POP_HIST(1.0),,I,CAN,POP,PS,_T,_T,H,1992,28371264.0,A,0,0
DATAFLOW,OECD.ELS.SAE:DSD_POPULATION@DF_POP_HIST(1.0),,I,CAN,POP,PS,_T,_T,H,1993,28684764.0,A,0,0
DATAFLOW,OECD.ELS.SAE:DSD_POPULATION@DF_POP_HIST(1.0),,I,CAN,POP,PS,_T,_T,H,1994,29000663.0,A,0,0
DATAFLOW,OECD.ELS.SAE:DSD_POPULATION@DF_POP_HIST(1.0),,I,CAN,POP,PS,_T,_T,H,1995,29302311.0,A,0,0
DATAFLOW,OECD.ELS.SAE:DSD_POPULATION@DF_POP_HIST(1.0),,I,CAN,POP,PS,_T,_T,H,1996,29610218.0,A,0,0
DATAFLOW,OECD.ELS.SAE:DSD_POPULATION@DF_POP_HIST(1.0),,I,CAN,POP,PS,_T,_T,H,1997,29905948.0,A,0,0
DATAFLOW,OECD.ELS.SAE:DSD_POPULATION@DF_POP_HIST(1.0),,I,CAN,POP,PS,_T,_T,H,1998,30155173.0,A,0,0
DATAFLOW,OECD.ELS.SAE:DSD_POPULATION@DF_POP_HIST(1.0),,I,CAN,POP,PS,_T,_T,H,1999,30401286.0,A,0,0
DATAFLOW,OECD.ELS.SAE:DSD_POPULATION@DF_POP_HIST(1.0),,I,CAN,POP,PS,_T,_T,H,2000,30685730.0,A,0,0
DATAFLOW,OECD.ELS.SAE:DSD_POPULATION@DF_POP_HIST(1.0),,I,EST,POP,PS,_T,_T,H,1970,1360076.0,A,0,0
DATAFLOW,OECD.ELS.SAE:DSD_POPULATION@DF_POP_HIST(1.0),,I,EST,POP,PS,_T,_T,H,1971,1376955.0,A,0,0
DATAFLOW,OECD.ELS.SAE:DSD_POPULATION@DF_POP_HIST(1.0),,I,EST,POP,PS,_T,_T,H,1972,1392518.0,A,0,0
DATAFLOW,OECD.ELS.SAE:DSD_POPULATION@DF_POP_HIST(1.0),,I,EST,POP,PS,_T,_T,H,1973,1405951.0,A,0,0
DATAFLOW,OECD.ELS.SAE:DSD_POPULATION@DF_POP_HIST(1.0),,I,EST,POP,PS,_T,_T,H,1974,1418169.0,A,0,0
DATAFLOW,OECD.ELS.SAE:DSD_POPULATION@DF_POP_HIST(1.0),,I,EST,POP,PS,_T,_T,H,1975,1429352.0,A,0,0
DATAFLOW,OECD.ELS.SAE:DSD_POPULATION@DF_POP_HIST(1.0),,I,EST,POP,PS,_T,_T,H,1976,1439576.0,A,0,0
DATAFLOW,OECD.ELS.SAE:DSD_POPULATION@DF_POP_HIST(1.0),,I,EST,POP,PS,_T,_T,H,1977,1450211.0,A,0,0
DATAFLOW,OECD.ELS.SAE:DSD_POPULATION@DF_POP_HIST(1.0),,I,EST,POP,PS,_T,_T,H,1978,1460188.0,A,0,0
DATAFLOW,OECD.ELS.SAE:DSD_POPULATION@DF_POP_HIST(1.0),,I,EST,POP,PS,_T,_T,H,1979,1468333.0,A,0,0
DATAFLOW,OECD.ELS.SAE:DSD_POPULATION@DF_POP_HIST(1.0),,I,EST,POP,PS,_T,_T,H,1980,1477219.0,A,0,0
DATAFLOW,OECD.ELS.SAE:DSD_POPULATION@DF_POP_HIST(1.0),,I,EST,POP,PS,_T,_T,H,1981,1487666.0,A,0,0
DATAFLOW,OECD.ELS.SAE:DSD_POPULATION@DF_POP_HIST(1.0),,I,EST,POP,PS,_T,_T,H,1982,1498414.0,A,0,0
DATAFLOW,OECD.ELS.SAE:DSD_POPULATION@DF_POP_HIST(1.0),,I,EST,POP,PS,_T,_T,H,1983,1508745.0,A,0,0
DATAFLOW,OECD.ELS.SAE:DSD_POPULATION@DF_POP_HIST(1.0),,I,EST,POP,PS,_T,_T,H,1984,1518617.0,A,0,0
DATAFLOW,OECD.ELS.SAE:DSD_POPULATION@DF_POP_HIST(1.0),,I,EST,POP,PS,_T,_T,H,1985,1528781.0,A,0,0
DATAFLOW,OECD.ELS.SAE:DSD_POPULATION@DF_POP_HIST(1.0),,I,EST,POP,PS,_T,_T,H,1986,1540190.0,A,0,0
DATAFLOW,OECD.ELS.SAE:DSD_POPULATION@DF_POP_HIST(1.0),,I,EST,POP,PS,_T,_T,H,1987,1552221.0,A,0,0
DATAFLOW,OECD.ELS.SAE:DSD_POPULATION@DF_POP_HIST(1.0),,I,EST,POP,PS,_T,_T,H,1988,1561900.0,A,0,0
DATAFLOW,OECD.ELS.SAE:DSD_POPULATION@DF_POP_HIST(1.0),,I,EST,POP,PS,_T,_T,H,1989,1568131.0,A,0,0
DATAFLOW,OECD.ELS.SAE:DSD_POPULATION@DF_POP_HIST(1.0),,I,EST,POP,PS,_T,_T,H,1990,1569174.0,A,0,0
DATAFLOW,OECD.ELS.SAE:DSD_POPULATION@DF_POP_HIST(1.0),,I,EST,POP,PS,_T,_T,H,1991,1561314.0,A,0,0
DATAFLOW,OECD.ELS.SAE:DSD_POPULATION@DF_POP_HIST(1.0),,I,EST,POP,PS,_T,_T,H,1992,1533091.0,A,0,0
DATAFLOW,OECD.ELS.SAE:DSD_POPULATION@DF_POP_HIST(1.0),,I,EST,POP,PS,_T,_T,H,1993,1494128.0,A,0,0
DATAFLOW,OECD.ELS.SAE:DSD_POPULATION@DF_POP_HIST(1.0),,I,EST,POP,PS,_T,_T,H,1994,1462514.0,A,0,0
DATAFLOW,OECD.ELS.SAE:DSD_POPULATION@DF_POP_HIST(1.0),,I,EST,POP,PS,_T,_T,H,1995,1436634.0,A,0,0
DATAFLOW,OECD.ELS.SAE:DSD_POPULATION@DF_POP_HIST(1.0),,I,EST,POP,PS,_T,_T,H,1996,1415594.0,A,0,0
DATAFLOW,OECD.ELS.SAE:DSD_POPULATION@DF_POP_HIST(1.0),,I,EST,POP,PS,_T,_T,H,1997,1399535.0,A,0,0
DATAFLOW,OECD.ELS.SAE:DSD_POPULATION@DF_POP_HIST(1.0),,I,EST,POP,PS,_T,_T,H,1998,1386156.0,A,0,0
DATAFLOW,OECD.ELS.SAE:DSD_POPULATION@DF_POP_HIST(1.0),,I,EST,POP,PS,_T,_T,H,1999,1375654.0,A,0,0
DATAFLOW,OECD.ELS.SAE:DSD_POPULATION@DF_POP_HIST(1.0),,I,EST,POP,PS,_T,_T,H,2000,1396985.0,A,0,0
DATAFLOW,OECD.ELS.SAE:DSD_POPULATION@DF_POP_HIST(1.0),,I,EST,POP,PS,_T,_T,H,2001,1388115.0,A,0,0
DATAFLOW,OECD.ELS.SAE:DSD_POPULATION@DF_POP_HIST(1.0),,I,EST,POP,PS,_T,_T,H,2002,1379350.0,A,0,0
DATAFLOW,OECD.ELS.SAE:DSD_POPULATION@DF_POP_HIST(1.0),,I,EST,POP,PS,_T,_T,H,2003,1370720.0,A,0,0
DATAFLOW,OECD.ELS.SAE:DSD_POPULATION@DF_POP_HIST(1.0),,I,EST,POP,PS,_T,_T,H,2004,1362550.0,A,0,0
DATAFLOW,OECD.ELS.SAE:DSD_POPULATION@DF_POP_HIST(1.0),,I,EST,POP,PS,_T,_T,H,2005,1354775.0,A,0,0
DATAFLOW,OECD.ELS.SAE:DSD_POPULATION@DF_POP_HIST(1.0),,I,EST,POP,PS,_T,_T,H,2006,1346810.0,A,0,0
DATAFLOW,OECD.ELS.SAE:DSD_POPULATION@DF_POP_HIST(1.0),,I,EST,POP,PS,_T,_T,H,2007,1340680.0,A,0,0
DATAFLOW,OECD.ELS.SAE:DSD_POPULATION@DF_POP_HIST(1.0),,I,EST,POP,PS,_T,_T,H,2008,1337090.0,A,0,0
DATAFLOW,OECD.ELS.SAE:DSD_POPULATION@DF_POP_HIST(1.0),,I,EST,POP,PS,_T,_T,H,2009,1334515.0,A,0,0
DATAFLOW,OECD.ELS.SAE:DSD_POPULATION@DF_POP_HIST(1.0),,I,EST,POP,PS,_T,_T,H,2010,1331475.0,A,0,0
DATAFLOW,OECD.ELS.SAE:DSD_POPULATION@DF_POP_HIST(1.0),,I,EST,POP,PS,_T,_T,H,2011,1327439.0,A,0,0
DATAFLOW,OECD.ELS.SAE:DSD_POPULATION@DF_POP_HIST(1.0),,I,EST,POP,PS,_T,_T,H,2012,1322696.0,A,0,0
DATAFLOW,OECD.ELS.SAE:DSD_POPULATION@DF_POP_HIST(1.0),,I,EST,POP,PS,_T,_T,H,2013,1317997.0,A,0,0
DATAFLOW,OECD.ELS.SAE:DSD_POPULATION@DF_POP_HIST(1.0),,I,EST,POP,PS,_T,_T,H,2014,1314545.0,A,0,0
DATAFLOW,OECD.ELS.SAE:DSD_POPULATION@DF_POP_HIST(1.0),,I,EST,POP,PS,_T,_T,H,2015,1314608.0,A,0,0
DATAFLOW,OECD.ELS.SAE:DSD_POPULATION@DF_POP_HIST(1.0),,I,EST,POP,PS,_T,_T,H,2016,1315790.0,A,0,0
DATAFLOW,OECD.ELS.SAE:DSD_POPULATION@DF_POP_HIST(1.0),,I,EST,POP,PS,_T,_T,H,2017,1317384.0,A,0,0
DATAFLOW,OECD.ELS.SAE:DSD_POPULATION@DF_POP_HIST(1.0),,I,EST,POP,PS,_T,_T,H,2018,1321977.0,A,0,0
DATAFLOW,OECD.ELS.SAE:DSD_POPULATION@DF_POP_HIST(1.0),,I,EST,POP,PS,_T,_T,H,2019,1326855.0,A,0,0
DATAFLOW,OECD.ELS.SAE:DSD_POPULATION@DF_POP_HIST(1.0),,I,EST,POP,PS,_T,_T,H,2020,1329479.0,A,0,0
DATAFLOW,OECD.ELS.SAE:DSD_POPULATION@DF_POP_HIST(1.0),,I,EST,POP,PS,_T,_T,H,2021,1330932.0,A,0,0
DATAFLOW,OECD.ELS.SAE:DSD_POPULATION@DF_POP_HIST(1.0),,I,EST,POP,PS,_T,_T,H,2022,1348840.0,A,0,0
DATAFLOW,OECD.ELS.SAE:DSD_POPULATION@DF_POP_HIST(1.0),,I,DEU,POP,PS,_T,_T,H,1951,69565603.0,A,0,0
DATAFLOW,OECD.ELS.SAE:DSD_POPULATION@DF_POP_HIST(1.0),,I,DEU,POP,PS,_T,_T,H,1952,69974838.0,A,0,0
DATAFLOW,OECD.ELS.SAE:DSD_POPULATION@DF_POP_HIST(1.0),,I,DEU,POP,PS,_T,_T,H,1953,70365355.0,A,0,0
DATAFLOW,OECD.ELS.SAE:DSD_POPULATION@DF_POP_HIST(1.0),,I,DEU,POP,PS,_T,_T,H,1954,70755387.0,A,0,0
DATAFLOW,OECD.ELS.SAE:DSD_POPULATION@DF_POP_HIST(1.0),,I,DEU,POP,PS,_T,_T,H,1955,71147383.0,A,0,0
DATAFLOW,OECD.ELS.SAE:DSD_POPULATION@DF_POP_HIST(1.0),,I,DEU,POP,PS,_T,_T,H,1956,71146613.0,A,0,0
DATAFLOW,OECD.ELS.SAE:DSD_POPULATION@DF_POP_HIST(1.0),,I,DEU,POP,PS,_T,_T,H,1957,71209164.0,A,0,0
DATAFLOW,OECD.ELS.SAE:DSD_POPULATION@DF_POP_HIST(1.0),,I,DEU,POP,PS,_T,_T,H,1958,71752946.0,A,0,0
DATAFLOW,OECD.ELS.SAE:DSD_POPULATION@DF_POP_HIST(1.0),,I,DEU,POP,PS,_T,_T,H,1959,72286928.0,A,0,0
DATAFLOW,OECD.ELS.SAE:DSD_POPULATION@DF_POP_HIST(1.0),,I,DEU,POP,PS,_T,_T,H,1960,72814897.0,A,0,0
DATAFLOW,OECD.ELS.SAE:DSD_POPULATION@DF_POP_HIST(1.0),,I,DEU,POP,PS,_T,_T,H,1961,73377631.0,A,0,0
DATAFLOW,OECD.ELS.SAE:DSD_POPULATION@DF_POP_HIST(1.0),,I,DEU,POP,PS,_T,_T,H,1962,74025787.0,A,0,0
DATAFLOW,OECD.ELS.SAE:DSD_POPULATION@DF_POP_HIST(1.0),,I,DEU,POP,PS,_T,_T,H,1963,74714356.0,A,0,0
DATAFLOW,OECD.ELS.SAE:DSD_POPULATION@DF_POP_HIST(1.0),,I,DEU,POP,PS,_T,_T,H,1964,75318338.0,A,0,0
DATAFLOW,OECD.ELS.SAE:DSD_POPULATION@DF_POP_HIST(1.0),,I,DEU,POP,PS,_T,_T,H,1965,75963697.0,A,0,0
DATAFLOW,OECD.ELS.SAE:DSD_POPULATION@DF_POP_HIST(1.0),,I,DEU,POP,PS,_T,_T,H,1966,76600311.0,A,0,0
DATAFLOW,OECD.ELS.SAE:DSD_POPULATION@DF_POP_HIST(1.0),,I,DEU,POP,PS,_T,_T,H,1967,76951342.0,A,0,0
DATAFLOW,OECD.ELS.SAE:DSD_POPULATION@DF_POP_HIST(1.0),,I,DEU,POP,PS,_T,_T,H,1968,77294310.0,A,0,0
DATAFLOW,OECD.ELS.SAE:DSD_POPULATION@DF_POP_HIST(1.0),,I,DEU,POP,PS,_T,_T,H,1969,77909681.0,A,0,0
DATAFLOW,OECD.ELS.SAE:DSD_POPULATION@DF_POP_HIST(1.0),,I,DEU,POP,PS,_T,_T,H,1970,78169285.0,A,0,0
DATAFLOW,OECD.ELS.SAE:DSD_POPULATION@DF_POP_HIST(1.0),,I,DEU,POP,PS,_T,_T,H,1971,78312838.0,A,0,0
DATAFLOW,OECD.ELS.SAE:DSD_POPULATION@DF_POP_HIST(1.0),,I,DEU,POP,PS,_T,_T,H,1972,78688450.0,A,0,0
DATAFLOW,OECD.ELS.SAE:DSD_POPULATION@DF_POP_HIST(1.0),,I,DEU,POP,PS,_T,_T,H,1973,78936672.0,A,0,0
DATAFLOW,OECD.ELS.SAE:DSD_POPULATION@DF_POP_HIST(1.0),,I,DEU,POP,PS,_T,_T,H,1974,78967429.0,A,0,0
DATAFLOW,OECD.ELS.SAE:DSD_POPULATION@DF_POP_HIST(1.0),,I,DEU,POP,PS,_T,_T,H,1975,78673555.0,A,0,0
DATAFLOW,OECD.ELS.SAE:DSD_POPULATION@DF_POP_HIST(1.0),,I,DEU,POP,PS,_T,_T,H,1976,78336948.0,A,0,0
DATAFLOW,OECD.ELS.SAE:DSD_POPULATION@DF_POP_HIST(1.0),,I,DEU,POP,PS,_T,_T,H,1977,78159813.0,A,0,0
DATAFLOW,OECD.ELS.SAE:DSD_POPULATION@DF_POP_HIST(1.0),,I,DEU,POP,PS,_T,_T,H,1978,78091821.0,A,0,0
DATAFLOW,OECD.ELS.SAE:DSD_POPULATION@DF_POP_HIST(1.0),,I,DEU,POP,PS,_T,_T,H,1979,78126353.0,A,0,0
DATAFLOW,OECD.ELS.SAE:DSD_POPULATION@DF_POP_HIST(1.0),,I,DEU,POP,PS,_T,_T,H,1980,78288576.0,A,0,0
DATAFLOW,OECD.ELS.SAE:DSD_POPULATION@DF_POP_HIST(1.0),,I,DEU,POP,PS,_T,_T,H,1981,78407904.0,A,0,0
DATAFLOW,OECD.ELS.SAE:DSD_POPULATION@DF_POP_HIST(1.0),,I,DEU,POP,PS,_T,_T,H,1982,78333354.0,A,0,0
DATAFLOW,OECD.ELS.SAE:DSD_POPULATION@DF_POP_HIST(1.0),,I,DEU,POP,PS,_T,_T,H,1983,78128284.0,A,0,0
DATAFLOW,OECD.ELS.SAE:DSD_POPULATION@DF_POP_HIST(1.0),,I,DEU,POP,PS,_T,_T,H,1984,77858682.0,A,0,0
DATAFLOW,OECD.ELS.SAE:DSD_POPULATION@DF_POP_HIST(1.0),,I,DEU,POP,PS,_T,_T,H,1985,77684878.0,A,0,0
DATAFLOW,OECD.ELS.SAE:DSD_POPULATION@DF_POP_HIST(1.0),,I,DEU,POP,PS,_T,_T,H,1986,77720438.0,A,0,0
DATAFLOW,OECD.ELS.SAE:DSD_POPULATION@DF_POP_HIST(1.0),,I,DEU,POP,PS,_T,_T,H,1987,77839920.0,A,0,0
DATAFLOW,OECD.ELS.SAE:DSD_POPULATION@DF_POP_HIST(1.0),,I,DEU,POP,PS,_T,_T,H,1988,78144617.0,A,0,0
DATAFLOW,OECD.ELS.SAE:DSD_POPULATION@DF_POP_HIST(1.0),,I,DEU,POP,PS,_T,_T,H,1989,78751284.0,A,0,0
DATAFLOW,OECD.ELS.SAE:DSD_POPULATION@DF_POP_HIST(1.0),,I,DEU,POP,PS,_T,_T,H,1990,79433034.0,A,0,0
DATAFLOW,OECD.ELS.SAE:DSD_POPULATION@DF_POP_HIST(1.0),,I,DEU,POP,PS,_T,_T,H,1991,80013901.0,A,0,0
DATAFLOW,OECD.ELS.SAE:DSD_POPULATION@DF_POP_HIST(1.0),,I,DEU,POP,PS,_T,_T,H,2002,82488493.0,A,0,0
DATAFLOW,OECD.ELS.SAE:DSD_POPULATION@DF_POP_HIST(1.0),,I,DEU,POP,PS,_T,_T,H,2003,82534175.0,A,0,0
DATAFLOW,OECD.ELS.SAE:DSD_POPULATION@DF_POP_HIST(1.0),,I,DEU,POP,PS,_T,_T,H,2005,82469421.0,A,0,0
DATAFLOW,OECD.ELS.SAE:DSD_POPULATION@DF_POP_HIST(1.0),,I,DEU,POP,PS,_T,_T,H,2010,81776936.0,A,0,0
DATAFLOW,OECD.ELS.SAE:DSD_POPULATION@DF_POP_HIST(1.0),,I,DEU,POP,PS,_T,_T,H,2011,80274981.0,A,0,0
DATAFLOW,OECD.ELS.SAE:DSD_POPULATION@DF_POP_HIST(1.0),,I,DEU,POP,PS,_T,_T,H,2012,80425826.0,A,0,0
DATAFLOW,OECD.ELS.SAE:DSD_POPULATION@DF_POP_HIST(1.0),,I,DEU,POP,PS,_T,_T,H,2013,80645605.0,A,0,0
DATAFLOW,OECD.ELS.SAE:DSD_POPULATION@DF_POP_HIST(1.0),,I,DEU,POP,PS,_T,_T,H,2014,80982495.0,A,0,0
DATAFLOW,OECD.ELS.SAE:DSD_POPULATION@DF_POP_HIST(1.0),,I,DEU,POP,PS,_T,_T,H,2015,81686608.0,A,0,0
DATAFLOW,OECD.ELS.SAE:DSD_POPULATION@DF_POP_HIST(1.0),,I,DEU,POP,PS,_T,_T,H,2016,82348669.0,A,0,0
DATAFLOW,OECD.ELS.SAE:DSD_POPULATION@DF_POP_HIST(1.0),,I,DEU,POP,PS,_T,_T,H,2017,82657000.0,A,0,0
DATAFLOW,OECD.ELS.SAE:DSD_POPULATION@DF_POP_HIST(1.0),,I,DEU,POP,PS,_T,_T,H,2018,82905788.0,A,0,0
DATAFLOW,OECD.ELS.SAE:DSD_POPULATION@DF_POP_HIST(1.0),,I,DEU,POP,PS,_T,_T,H,2019,83092956.0,A,0,0
DATAFLOW,OECD.ELS.SAE:DSD_POPULATION@DF_POP_HIST(1.0),,I,HUN,POP,PS,_T,_T,H,1950,9337770.0,A,0,0
DATAFLOW,OECD.ELS.SAE:DSD_POPULATION@DF_POP_HIST(1.0),,I,HUN,POP,PS,_T,_T,H,1951,9422958.0,A,0,0
DATAFLOW,OECD.ELS.SAE:DSD_POPULATION@DF_POP_HIST(1.0),,I,HUN,POP,PS,_T,_T,H,1952,9504043.0,A,0,0
DATAFLOW,OECD.ELS.SAE:DSD_POPULATION@DF_POP_HIST(1.0),,I,HUN,POP,PS,_T,_T,H,1953,9595144.0,A,0,0
DATAFLOW,OECD.ELS.SAE:DSD_POPULATION@DF_POP_HIST(1.0),,I,HUN,POP,PS,_T,_T,H,1954,9705833.0,A,0,0
DATAFLOW,OECD.ELS.SAE:DSD_POPULATION@DF_POP_HIST(1.0),,I,HUN,POP,PS,_T,_T,H,1955,9824908.0,A,0,0
DATAFLOW,OECD.ELS.SAE:DSD_POPULATION@DF_POP_HIST(1.0),,I,HUN,POP,PS,_T,_T,H,1956,9855888.0,A,0,0
DATAFLOW,OECD.ELS.SAE:DSD_POPULATION@DF_POP_HIST(1.0),,I,HUN,POP,PS,_T,_T,H,1957,9839364.0,A,0,0
DATAFLOW,OECD.ELS.SAE:DSD_POPULATION@DF_POP_HIST(1.0),,I,HUN,POP,PS,_T,_T,H,1958,9881594.0,A,0,0
DATAFLOW,OECD.ELS.SAE:DSD_POPULATION@DF_POP_HIST(1.0),,I,HUN,POP,PS,_T,_T,H,1959,9937033.0,A,0,0
DATAFLOW,OECD.ELS.SAE:DSD_POPULATION@DF_POP_HIST(1.0),,I,HUN,POP,PS,_T,_T,H,1960,9983514.0,A,0,0
DATAFLOW,OECD.ELS.SAE:DSD_POPULATION@DF_POP_HIST(1.0),,I,HUN,POP,PS,_T,_T,H,1961,10027958.0,A,0,0
DATAFLOW,OECD.ELS.SAE:DSD_POPULATION@DF_POP_HIST(1.0),,I,HUN,POP,PS,_T,_T,H,1962,10060823.0,A,0,0
DATAFLOW,OECD.ELS.SAE:DSD_POPULATION@DF_POP_HIST(1.0),,I,HUN,POP,PS,_T,_T,H,1963,10087948.0,A,0,0
DATAFLOW,OECD.ELS.SAE:DSD_POPULATION@DF_POP_HIST(1.0),,I,HUN,POP,PS,_T,_T,H,1964,10119834.0,A,0,0
DATAFLOW,OECD.ELS.SAE:DSD_POPULATION@DF_POP_HIST(1.0),,I,HUN,POP,PS,_T,_T,H,1965,10147932.0,A,0,0
DATAFLOW,OECD.ELS.SAE:DSD_POPULATION@DF_POP_HIST(1.0),,I,HUN,POP,PS,_T,_T,H,1966,10178653.0,A,0,0
DATAFLOW,OECD.ELS.SAE:DSD_POPULATION@DF_POP_HIST(1.0),,I,HUN,POP,PS,_T,_T,H,1967,10216607.0,A,0,0
DATAFLOW,OECD.ELS.SAE:DSD_POPULATION@DF_POP_HIST(1.0),,I,HUN,POP,PS,_T,_T,H,1968,10255807.0,A,0,0
DATAFLOW,OECD.ELS.SAE:DSD_POPULATION@DF_POP_HIST(1.0),,I,HUN,POP,PS,_T,_T,H,1969,10298722.0,A,0,0
DATAFLOW,OECD.ELS.SAE:DSD_POPULATION@DF_POP_HIST(1.0),,I,HUN,POP,PS,_T,_T,H,1970,10337912.0,A,0,0
DATAFLOW,OECD.ELS.SAE:DSD_POPULATION@DF_POP_HIST(1.0),,I,HUN,POP,PS,_T,_T,H,1971,10367535.0,A,0,0
DATAFLOW,OECD.ELS.SAE:DSD_POPULATION@DF_POP_HIST(1.0),,I,HUN,POP,PS,_T,_T,H,1972,10398491.0,A,0,0
DATAFLOW,OECD.ELS.SAE:DSD_POPULATION@DF_POP_HIST(1.0),,I,HUN,POP,PS,_T,_T,H,1973,10432053.0,A,0,0
DATAFLOW,OECD.ELS.SAE:DSD_POPULATION@DF_POP_HIST(1.0),,I,HUN,POP,PS,_T,_T,H,1974,10478720.0,A,0,0
DATAFLOW,OECD.ELS.SAE:DSD_POPULATION@DF_POP_HIST(1.0),,I,HUN,POP,PS,_T,_T,H,1975,10540523.0,A,0,0
DATAFLOW,OECD.ELS.SAE:DSD_POPULATION@DF_POP_HIST(1.0),,I,HUN,POP,PS,_T,_T,H,1976,10598674.0,A,0,0
DATAFLOW,OECD.ELS.SAE:DSD_POPULATION@DF_POP_HIST(1.0),,I,HUN,POP,PS,_T,_T,H,1977,10648028.0,A,0,0
DATAFLOW,OECD.ELS.SAE:DSD_POPULATION@DF_POP_HIST(1.0),,I,HUN,POP,PS,_T,_T,H,1978,10684829.0,A,0,0
DATAFLOW,OECD.ELS.SAE:DSD_POPULATION@DF_POP_HIST(1.0),,I,HUN,POP,PS,_T,_T,H,1979,10704148.0,A,0,0
DATAFLOW,OECD.ELS.SAE:DSD_POPULATION@DF_POP_HIST(1.0),,I,HUN,POP,PS,_T,_T,H,1980,10711126.0,A,0,0
DATAFLOW,OECD.ELS.SAE:DSD_POPULATION@DF_POP_HIST(1.0),,I,HUN,POP,PS,_T,_T,H,1981,10711853.0,A,0,0
DATAFLOW,OECD.ELS.SAE:DSD_POPULATION@DF_POP_HIST(1.0),,I,HUN,POP,PS,_T,_T,H,1982,10705537.0,A,0,0
DATAFLOW,OECD.ELS.SAE:DSD_POPULATION@DF_POP_HIST(1.0),,I,HUN,POP,PS,_T,_T,H,1983,10689467.0,A,0,0
DATAFLOW,OECD.ELS.SAE:DSD_POPULATION@DF_POP_HIST(1.0),,I,HUN,POP,PS,_T,_T,H,1984,10668092.0,A,0,0
DATAFLOW,OECD.ELS.SAE:DSD_POPULATION@DF_POP_HIST(1.0),,I,HUN,POP,PS,_T,_T,H,1985,10648715.0,A,0,0
DATAFLOW,OECD.ELS.SAE:DSD_POPULATION@DF_POP_HIST(1.0),,I,HUN,POP,PS,_T,_T,H,1986,10630565.0,A,0,0
DATAFLOW,OECD.ELS.SAE:DSD_POPULATION@DF_POP_HIST(1.0),,I,HUN,POP,PS,_T,_T,H,1987,10612743.0,A,0,0
DATAFLOW,OECD.ELS.SAE:DSD_POPULATION@DF_POP_HIST(1.0),,I,HUN,POP,PS,_T,_T,H,1988,10596489.0,A,0,0
DATAFLOW,OECD.ELS.SAE:DSD_POPULATION@DF_POP_HIST(1.0),,I,HUN,POP,PS,_T,_T,H,1989,10481717.0,A,0,0
DATAFLOW,OECD.ELS.SAE:DSD_POPULATION@DF_POP_HIST(1.0),,I,HUN,POP,PS,_T,_T,H,1990,10373987.0,A,0,0
DATAFLOW,OECD.ELS.SAE:DSD_POPULATION@DF_POP_HIST(1.0),,I,HUN,POP,PS,_T,_T,H,1991,10373398.0,A,0,0
DATAFLOW,OECD.ELS.SAE:DSD_POPULATION@DF_POP_HIST(1.0),,I,HUN,POP,PS,_T,_T,H,1992,10369339.0,A,0,0
DATAFLOW,OECD.ELS.SAE:DSD_POPULATION@DF_POP_HIST(1.0),,I,HUN,POP,PS,_T,_T,H,1993,10357518.0,A,0,0
DATAFLOW,OECD.ELS.SAE:DSD_POPULATION@DF_POP_HIST(1.0),,I,HUN,POP,PS,_T,_T,H,1994,10343359.0,A,0,0
DATAFLOW,OECD.ELS.SAE:DSD_POPULATION@DF_POP_HIST(1.0),,I,HUN,POP,PS,_T,_T,H,1995,10328967.0,A,0,0
DATAFLOW,OECD.ELS.SAE:DSD_POPULATION@DF_POP_HIST(1.0),,I,HUN,POP,PS,_T,_T,H,1996,10311235.0,A,0,0
DATAFLOW,OECD.ELS.SAE:DSD_POPULATION@DF_POP_HIST(1.0),,I,HUN,POP,PS,_T,_T,H,1997,10290475.0,A,0,0
DATAFLOW,OECD.ELS.SAE:DSD_POPULATION@DF_POP_HIST(1.0),,I,HUN,POP,PS,_T,_T,H,1998,10266571.0,A,0,0
DATAFLOW,OECD.ELS.SAE:DSD_POPULATION@DF_POP_HIST(1.0),,I,HUN,POP,PS,_T,_T,H,1999,10237527.0,A,0,0
DATAFLOW,OECD.ELS.SAE:DSD_POPULATION@DF_POP_HIST(1.0),,I,HUN,POP,PS,_T,_T,H,2000,10210965.0,A,0,0
DATAFLOW,OECD.ELS.SAE:DSD_POPULATION@DF_POP_HIST(1.0),,I,HUN,POP,PS,_T,_T,H,2001,10187578.0,A,0,0
DATAFLOW,OECD.ELS.SAE:DSD_POPULATION@DF_POP_HIST(1.0),,I,HUN,POP,PS,_T,_T,H,2002,10158610.0,A,0,0
DATAFLOW,OECD.ELS.SAE:DSD_POPULATION@DF_POP_HIST(1.0),,I,HUN,POP,PS,_T,_T,H,2003,10129554.0,A,0,0
DATAFLOW,OECD.ELS.SAE:DSD_POPULATION@DF_POP_HIST(1.0),,I,HUN,POP,PS,_T,_T,H,2004,10107140.0,A,0,0
DATAFLOW,OECD.ELS.SAE:DSD_POPULATION@DF_POP_HIST(1.0),,I,HUN,POP,PS,_T,_T,H,2005,10087064.0,A,0,0
DATAFLOW,OECD.ELS.SAE:DSD_POPULATION@DF_POP_HIST(1.0),,I,HUN,POP,PS,_T,_T,H,2006,10071374.0,A,0,0
DATAFLOW,OECD.ELS.SAE:DSD_POPULATION@DF_POP_HIST(1.0),,I,HUN,POP,PS,_T,_T,H,2007,10055778.0,A,0,0
DATAFLOW,OECD.ELS.SAE:DSD_POPULATION@DF_POP_HIST(1.0),,I,HUN,POP,PS,_T,_T,H,2008,10038186.0,A,0,0
DATAFLOW,OECD.ELS.SAE:DSD_POPULATION@DF_POP_HIST(1.0),,I,HUN,POP,PS,_T,_T,H,2009,10022647.0,A,0,0
DATAFLOW,OECD.ELS.SAE:DSD_POPULATION@DF_POP_HIST(1.0),,I,HUN,POP,PS,_T,_T,H,2010,10000020.0,A,0,0
DATAFLOW,OECD.ELS.SAE:DSD_POPULATION@DF_POP_HIST(1.0),,I,HUN,POP,PS,_T,_T,H,2011,9958824.0,A,0,0
DATAFLOW,OECD.ELS.SAE:DSD_POPULATION@DF_POP_HIST(1.0),,I,ISL,POP,PS,_T,_T,H,1950,142660.0,A,0,0
DATAFLOW,OECD.ELS.SAE:DSD_POPULATION@DF_POP_HIST(1.0),,I,ISL,POP,PS,_T,_T,H,1951,145417.0,A,0,0
DATAFLOW,OECD.ELS.SAE:DSD_POPULATION@DF_POP_HIST(1.0),,I,ISL,POP,PS,_T,_T,H,1952,147762.0,A,0,0
DATAFLOW,OECD.ELS.SAE:DSD_POPULATION@DF_POP_HIST(1.0),,I,ISL,POP,PS,_T,_T,H,1953,150746.0,A,0,0
DATAFLOW,OECD.ELS.SAE:DSD_POPULATION@DF_POP_HIST(1.0),,I,ISL,POP,PS,_T,_T,H,1954,154272.0,A,0,0
DATAFLOW,OECD.ELS.SAE:DSD_POPULATION@DF_POP_HIST(1.0),,I,ISL,POP,PS,_T,_T,H,1955,157759.0,A,0,0
DATAFLOW,OECD.ELS.SAE:DSD_POPULATION@DF_POP_HIST(1.0),,I,ISL,POP,PS,_T,_T,H,1956,161097.0,A,0,0
DATAFLOW,OECD.ELS.SAE:DSD_POPULATION@DF_POP_HIST(1.0),,I,ISL,POP,PS,_T,_T,H,1957,164766.0,A,0,0
DATAFLOW,OECD.ELS.SAE:DSD_POPULATION@DF_POP_HIST(1.0),,I,ISL,POP,PS,_T,_T,H,1958,168490.0,A,0,0
DATAFLOW,OECD.ELS.SAE:DSD_POPULATION@DF_POP_HIST(1.0),,I,ISL,POP,PS,_T,_T,H,1959,172013.0,A,0,0
DATAFLOW,OECD.ELS.SAE:DSD_POPULATION@DF_POP_HIST(1.0),,I,ISL,POP,PS,_T,_T,H,1960,175573.0,A,0,0
DATAFLOW,OECD.ELS.SAE:DSD_POPULATION@DF_POP_HIST(1.0),,I,ISL,POP,PS,_T,_T,H,1961,179028.0,A,0,0
DATAFLOW,OECD.ELS.SAE:DSD_POPULATION@DF_POP_HIST(1.0),,I,ISL,POP,PS,_T,_T,H,1962,182376.0,A,0,0
DATAFLOW,OECD.ELS.SAE:DSD_POPULATION@DF_POP_HIST(1.0),,I,ISL,POP,PS,_T,_T,H,1963,185648.0,A,0,0
DATAFLOW,OECD.ELS.SAE:DSD_POPULATION@DF_POP_HIST(1.0),,I,ISL,POP,PS,_T,_T,H,1964,188983.0,A,0,0
DATAFLOW,OECD.ELS.SAE:DSD_POPULATION@DF_POP_HIST(1.0),,I,ISL,POP,PS,_T,_T,H,1965,192285.0,A,0,0
DATAFLOW,OECD.ELS.SAE:DSD_POPULATION@DF_POP_HIST(1.0),,I,ISL,POP,PS,_T,_T,H,1966,195568.0,A,0,0
DATAFLOW,OECD.ELS.SAE:DSD_POPULATION@DF_POP_HIST(1.0),,I,ISL,POP,PS,_T,_T,H,1967,198757.0,A,0,0
DATAFLOW,OECD.ELS.SAE:DSD_POPULATION@DF_POP_HIST(1.0),,I,ISL,POP,PS,_T,_T,H,1968,201487.0,A,0,0
DATAFLOW,OECD.ELS.SAE:DSD_POPULATION@DF_POP_HIST(1.0),,I,ISL,POP,PS,_T,_T,H,1969,203370.0,A,0,0
DATAFLOW,OECD.ELS.SAE:DSD_POPULATION@DF_POP_HIST(1.0),,I,ISL,POP,PS,_T,_T,H,1970,204438.0,A,0,0
DATAFLOW,OECD.ELS.SAE:DSD_POPULATION@DF_POP_HIST(1.0),,I,ISL,POP,PS,_T,_T,H,1971,206099.0,A,0,0
DATAFLOW,OECD.ELS.SAE:DSD_POPULATION@DF_POP_HIST(1.0),,I,ISL,POP,PS,_T,_T,H,1972,209137.0,A,0,0
DATAFLOW,OECD.ELS.SAE:DSD_POPULATION@DF_POP_HIST(1.0),,I,ISL,POP,PS,_T,_T,H,1973,212316.0,A,0,0
DATAFLOW,OECD.ELS.SAE:DSD_POPULATION@DF_POP_HIST(1.0),,I,ISL,POP,PS,_T,_T,H,1974,215206.0,A,0,0
DATAFLOW,OECD.ELS.SAE:DSD_POPULATION@DF_POP_HIST(1.0),,I,ISL,POP,PS,_T,_T,H,1975,217974.0,A,0,0
DATAFLOW,OECD.ELS.SAE:DSD_POPULATION@DF_POP_HIST(1.0),,I,ISL,POP,PS,_T,_T,H,1976,220151.0,A,0,0
DATAFLOW,OECD.ELS.SAE:DSD_POPULATION@DF_POP_HIST(1.0),,I,ISL,POP,PS,_T,_T,H,1977,221801.0,A,0,0
DATAFLOW,OECD.ELS.SAE:DSD_POPULATION@DF_POP_HIST(1.0),,I,ISL,POP,PS,_T,_T,H,1978,223537.0,A,0,0
DATAFLOW,OECD.ELS.SAE:DSD_POPULATION@DF_POP_HIST(1.0),,I,ISL,POP,PS,_T,_T,H,1979,225734.0,A,0,0
DATAFLOW,OECD.ELS.SAE:DSD_POPULATION@DF_POP_HIST(1.0),,I,ISL,POP,PS,_T,_T,H,1980,228133.0,A,0,0
DATAFLOW,OECD.ELS.SAE:DSD_POPULATION@DF_POP_HIST(1.0),,I,ISL,POP,PS,_T,_T,H,1981,230757.0,A,0,0
DATAFLOW,OECD.ELS.SAE:DSD_POPULATION@DF_POP_HIST(1.0),,I,ISL,POP,PS,_T,_T,H,1982,233855.0,A,0,0
DATAFLOW,OECD.ELS.SAE:DSD_POPULATION@DF_POP_HIST(1.0),,I,ISL,POP,PS,_T,_T,H,1983,236976.0,A,0,0
DATAFLOW,OECD.ELS.SAE:DSD_POPULATION@DF_POP_HIST(1.0),,I,ISL,POP,PS,_T,_T,H,1984,239506.0,A,0,0
DATAFLOW,OECD.ELS.SAE:DSD_POPULATION@DF_POP_HIST(1.0),,I,ISL,POP,PS,_T,_T,H,1985,241409.0,A,0,0
DATAFLOW,OECD.ELS.SAE:DSD_POPULATION@DF_POP_HIST(1.0),,I,ISL,POP,PS,_T,_T,H,1986,243187.0,A,0,0
DATAFLOW,OECD.ELS.SAE:DSD_POPULATION@DF_POP_HIST(1.0),,I,ISL,POP,PS,_T,_T,H,1987,245864.0,A,0,0
DATAFLOW,OECD.ELS.SAE:DSD_POPULATION@DF_POP_HIST(1.0),,I,ISL,POP,PS,_T,_T,H,1988,249734.0,A,0,0
DATAFLOW,OECD.ELS.SAE:DSD_POPULATION@DF_POP_HIST(1.0),,I,ISL,POP,PS,_T,_T,H,1989,252851.0,A,0,0
DATAFLOW,OECD.ELS.SAE:DSD_POPULATION@DF_POP_HIST(1.0),,I,ISL,POP,PS,_T,_T,H,1990,254820.0,A,0,0
DATAFLOW,OECD.ELS.SAE:DSD_POPULATION@DF_POP_HIST(1.0),,I,ISL,POP,PS,_T,_T,H,1991,257795.0,A,0,0
DATAFLOW,OECD.ELS.SAE:DSD_POPULATION@DF_POP_HIST(1.0),,I,ISL,POP,PS,_T,_T,H,1992,261053.0,A,0,0
DATAFLOW,OECD.ELS.SAE:DSD_POPULATION@DF_POP_HIST(1.0),,I,ISL,POP,PS,_T,_T,H,1993,263730.0,A,0,0
DATAFLOW,OECD.ELS.SAE:DSD_POPULATION@DF_POP_HIST(1.0),,I,ISL,POP,PS,_T,_T,H,1994,266021.0,A,0,0
DATAFLOW,OECD.ELS.SAE:DSD_POPULATION@DF_POP_HIST(1.0),,I,ISL,POP,PS,_T,_T,H,1995,267467.0,A,0,0
DATAFLOW,OECD.ELS.SAE:DSD_POPULATION@DF_POP_HIST(1.0),,I,ISL,POP,PS,_T,_T,H,1996,268918.0,A,0,0
DATAFLOW,OECD.ELS.SAE:DSD_POPULATION@DF_POP_HIST(1.0),,I,ISL,POP,PS,_T,_T,H,1997,271130.0,A,0,0
DATAFLOW,OECD.ELS.SAE:DSD_POPULATION@DF_POP_HIST(1.0),,I,ISL,POP,PS,_T,_T,H,1998,274049.0,A,0,0
DATAFLOW,OECD.ELS.SAE:DSD_POPULATION@DF_POP_HIST(1.0),,I,ISL,POP,PS,_T,_T,H,1999,277384.0,A,0,0
DATAFLOW,OECD.ELS.SAE:DSD_POPULATION@DF_POP_HIST(1.0),,I,ISL,POP,PS,_T,_T,H,2000,281200.0,A,0,0
DATAFLOW,OECD.ELS.SAE:DSD_POPULATION@DF_POP_HIST(1.0),,I,ISL,POP,PS,_T,_T,H,2001,284970.0,A,0,0
DATAFLOW,OECD.ELS.SAE:DSD_POPULATION@DF_POP_HIST(1.0),,I,ISL,POP,PS,_T,_T,H,2002,287516.0,A,0,0
DATAFLOW,OECD.ELS.SAE:DSD_POPULATION@DF_POP_HIST(1.0),,I,ISL,POP,PS,_T,_T,H,2003,289522.0,A,0,0
DATAFLOW,OECD.ELS.SAE:DSD_POPULATION@DF_POP_HIST(1.0),,I,ISL,POP,PS,_T,_T,H,2004,292077.0,A,0,0
DATAFLOW,OECD.ELS.SAE:DSD_POPULATION@DF_POP_HIST(1.0),,I,ISL,POP,PS,_T,_T,H,2005,296734.0,A,0,0
DATAFLOW,OECD.ELS.SAE:DSD_POPULATION@DF_POP_HIST(1.0),,I,ISL,POP,PS,_T,_T,H,2006,303784.0,A,0,0
DATAFLOW,OECD.ELS.SAE:DSD_POPULATION@DF_POP_HIST(1.0),,I,ISL,POP,PS,_T,_T,H,2007,311567.0,A,0,0
DATAFLOW,OECD.ELS.SAE:DSD_POPULATION@DF_POP_HIST(1.0),,I,ISL,POP,PS,_T,_T,H,2008,317404.0,A,0,0
DATAFLOW,OECD.ELS.SAE:DSD_POPULATION@DF_POP_HIST(1.0),,I,ISL,POP,PS,_T,_T,H,2009,318501.0,A,0,0
DATAFLOW,OECD.ELS.SAE:DSD_POPULATION@DF_POP_HIST(1.0),,I,ISL,POP,PS,_T,_T,H,2010,318044.0,A,0,0
DATAFLOW,OECD.ELS.SAE:DSD_POPULATION@DF_POP_HIST(1.0),,I,KOR,POP,PS,_T,_T,H,1960,25012374.0,A,0,0
DATAFLOW,OECD.ELS.SAE:DSD_POPULATION@DF_POP_HIST(1.0),,I,KOR,POP,PS,_T,_T,H,1961,25765673.0,A,0,0
DATAFLOW,OECD.ELS.SAE:DSD_POPULATION@DF_POP_HIST(1.0),,I,KOR,POP,PS,_T,_T,H,1962,26513030.0,A,0,0
DATAFLOW,OECD.ELS.SAE:DSD_POPULATION@DF_POP_HIST(1.0),,I,KOR,POP,PS,_T,_T,H,1963,27261747.0,A,0,0
DATAFLOW,OECD.ELS.SAE:DSD_POPULATION@DF_POP_HIST(1.0),,I,KOR,POP,PS,_T,_T,H,1964,27984155.0,A,0,0
DATAFLOW,OECD.ELS.SAE:DSD_POPULATION@DF_POP_HIST(1.0),,I,KOR,POP,PS,_T,_T,H,1965,28704674.0,A,0,0
DATAFLOW,OECD.ELS.SAE:DSD_POPULATION@DF_POP_HIST(1.0),,I,KOR,POP,PS,_T,_T,H,1966,29435571.0,A,0,0
DATAFLOW,OECD.ELS.SAE:DSD_POPULATION@DF_POP_HIST(1.0),,I,KOR,POP,PS,_T,_T,H,1967,30130983.0,A,0,0
DATAFLOW,OECD.ELS.SAE:DSD_POPULATION@DF_POP_HIST(1.0),,I,KOR,POP,PS,_T,_T,H,1968,30838302.0,A,0,0
DATAFLOW,OECD.ELS.SAE:DSD_POPULATION@DF_POP_HIST(1.0),,I,KOR,POP,PS,_T,_T,H,1969,31544266.0,A,0,0
DATAFLOW,OECD.ELS.SAE:DSD_POPULATION@DF_POP_HIST(1.0),,I,KOR,POP,PS,_T,_T,H,1970,32240827.0,A,0,0
DATAFLOW,OECD.ELS.SAE:DSD_POPULATION@DF_POP_HIST(1.0),,I,KOR,POP,PS,_T,_T,H,1971,32882704.0,A,0,0
DATAFLOW,OECD.ELS.SAE:DSD_POPULATION@DF_POP_HIST(1.0),,I,KOR,POP,PS,_T,_T,H,1972,33505406.0,A,0,0
DATAFLOW,OECD.ELS.SAE:DSD_POPULATION@DF_POP_HIST(1.0),,I,KOR,POP,PS,_T,_T,H,1973,34103149.0,A,0,0
DATAFLOW,OECD.ELS.SAE:DSD_POPULATION@DF_POP_HIST(1.0),,I,KOR,POP,PS,_T,_T,H,1974,34692266.0,A,0,0
DATAFLOW,OECD.ELS.SAE:DSD_POPULATION@DF_POP_HIST(1.0),,I,KOR,POP,PS,_T,_T,H,1975,35280725.0,A,0,0
DATAFLOW,OECD.ELS.SAE:DSD_POPULATION@DF_POP_HIST(1.0),,I,KOR,POP,PS,_T,_T,H,1976,35848523.0,A,0,0
DATAFLOW,OECD.ELS.SAE:DSD_POPULATION@DF_POP_HIST(1.0),,I,KOR,POP,PS,_T,_T,H,1977,36411795.0,A,0,0
DATAFLOW,OECD.ELS.SAE:DSD_POPULATION@DF_POP_HIST(1.0),,I,KOR,POP,PS,_T,_T,H,1978,36969185.0,A,0,0
DATAFLOW,OECD.ELS.SAE:DSD_POPULATION@DF_POP_HIST(1.0),,I,KOR,POP,PS,_T,_T,H,1979,37534236.0,A,0,0
DATAFLOW,OECD.ELS.SAE:DSD_POPULATION@DF_POP_HIST(1.0),,I,KOR,POP,PS,_T,_T,H,1980,38123775.0,A,0,0
DATAFLOW,OECD.ELS.SAE:DSD_POPULATION@DF_POP_HIST(1.0),,I,KOR,POP,PS,_T,_T,H,1981,38723248.0,A,0,0
DATAFLOW,OECD.ELS.SAE:DSD_POPULATION@DF_POP_HIST(1.0),,I,KOR,POP,PS,_T,_T,H,1982,39326352.0,A,0,0
DATAFLOW,OECD.ELS.SAE:DSD_POPULATION@DF_POP_HIST(1.0),,I,KOR,POP,PS,_T,_T,H,1983,39910403.0,A,0,0
DATAFLOW,OECD.ELS.SAE:DSD_POPULATION@DF_POP_HIST(1.0),,I,KOR,POP,PS,_T,_T,H,1984,40405956.0,A,0,0
DATAFLOW,OECD.ELS.SAE:DSD_POPULATION@DF_POP_HIST(1.0),,I,KOR,POP,PS,_T,_T,H,1985,40805744.0,A,0,0
DATAFLOW,OECD.ELS.SAE:DSD_POPULATION@DF_POP_HIST(1.0),,I,KOR,POP,PS,_T,_T,H,1986,41213674.0,A,0,0
DATAFLOW,OECD.ELS.SAE:DSD_POPULATION@DF_POP_HIST(1.0),,I,KOR,POP,PS,_T,_T,H,1987,41621690.0,A,0,0
DATAFLOW,OECD.ELS.SAE:DSD_POPULATION@DF_POP_HIST(1.0),,I,KOR,POP,PS,_T,_T,H,1988,42031247.0,A,0,0
DATAFLOW,OECD.ELS.SAE:DSD_POPULATION@DF_POP_HIST(1.0),,I,KOR,POP,PS,_T,_T,H,1989,42449038.0,A,0,0
DATAFLOW,OECD.ELS.SAE:DSD_POPULATION@DF_POP_HIST(1.0),,I,KOR,POP,PS,_T,_T,H,1990,42869283.0,A,0,0
DATAFLOW,OECD.ELS.SAE:DSD_POPULATION@DF_POP_HIST(1.0),,I,KOR,POP,PS,_T,_T,H,1991,43295704.0,A,0,0
DATAFLOW,OECD.ELS.SAE:DSD_POPULATION@DF_POP_HIST(1.0),,I,KOR,POP,PS,_T,_T,H,1992,43747962.0,A,0,0
DATAFLOW,OECD.ELS.SAE:DSD_POPULATION@DF_POP_HIST(1.0),,I,KOR,POP,PS,_T,_T,H,1993,44194628.0,A,0,0
DATAFLOW,OECD.ELS.SAE:DSD_POPULATION@DF_POP_HIST(1.0),,I,KOR,POP,PS,_T,_T,H,1994,44641540.0,A,0,0
DATAFLOW,OECD.ELS.SAE:DSD_POPULATION@DF_POP_HIST(1.0),,I,KOR,POP,PS,_T,_T,H,1995,45092991.0,A,0,0
DATAFLOW,OECD.ELS.SAE:DSD_POPULATION@DF_POP_HIST(1.0),,I,KOR,POP,PS,_T,_T,H,1996,45524681.0,A,0,0
DATAFLOW,OECD.ELS.SAE:DSD_POPULATION@DF_POP_HIST(1.0),,I,KOR,POP,PS,_T,_T,H,1997,45953580.0,A,0,0
DATAFLOW,OECD.ELS.SAE:DSD_POPULATION@DF_POP_HIST(1.0),,I,KOR,POP,PS,_T,_T,H,1998,46286503.0,A,0,0
DATAFLOW,OECD.ELS.SAE:DSD_POPULATION@DF_POP_HIST(1.0),,I,KOR,POP,PS,_T,_T,H,1999,46616677.0,A,0,0
DATAFLOW,OECD.ELS.SAE:DSD_POPULATION@DF_POP_HIST(1.0),,I,KOR,POP,PS,_T,_T,H,2000,47008111.0,A,0,0
DATAFLOW,OECD.ELS.SAE:DSD_POPULATION@DF_POP_HIST(1.0),,I,KOR,POP,PS,_T,_T,H,2001,47370164.0,A,0,0
DATAFLOW,OECD.ELS.SAE:DSD_POPULATION@DF_POP_HIST(1.0),,I,KOR,POP,PS,_T,_T,H,2002,47644736.0,A,0,0
DATAFLOW,OECD.ELS.SAE:DSD_POPULATION@DF_POP_HIST(1.0),,I,KOR,POP,PS,_T,_T,H,2003,47892330.0,A,0,0
DATAFLOW,OECD.ELS.SAE:DSD_POPULATION@DF_POP_HIST(1.0),,I,KOR,POP,PS,_T,_T,H,2004,48082519.0,A,0,0
DATAFLOW,OECD.ELS.SAE:DSD_POPULATION@DF_POP_HIST(1.0),,I,KOR,POP,PS,_T,_T,H,2005,48184561.0,A,0,0
DATAFLOW,OECD.ELS.SAE:DSD_POPULATION@DF_POP_HIST(1.0),,I,KOR,POP,PS,_T,_T,H,2006,48438292.0,A,0,0
DATAFLOW,OECD.ELS.SAE:DSD_POPULATION@DF_POP_HIST(1.0),,I,KOR,POP,PS,_T,_T,H,2007,48683638.0,A,0,0
DATAFLOW,OECD.ELS.SAE:DSD_POPULATION@DF_POP_HIST(1.0),,I,KOR,POP,PS,_T,_T,H,2008,49054708.0,A,0,0
DATAFLOW,OECD.ELS.SAE:DSD_POPULATION@DF_POP_HIST(1.0),,I,KOR,POP,PS,_T,_T,H,2009,49307835.0,A,0,0
DATAFLOW,OECD.ELS.SAE:DSD_POPULATION@DF_POP_HIST(1.0),,I,KOR,POP,PS,_T,_T,H,2010,49554112.0,A,0,0
DATAFLOW,OECD.ELS.SAE:DSD_POPULATION@DF_POP_HIST(1.0),,I,KOR,POP,PS,_T,_T,H,2011,49936638.0,A,0,0
DATAFLOW,OECD.ELS.SAE:DSD_POPULATION@DF_POP_HIST(1.0),,I,KOR,POP,PS,_T,_T,H,2012,50199853.0,A,0,0
DATAFLOW,OECD.ELS.SAE:DSD_POPULATION@DF_POP_HIST(1.0),,I,KOR,POP,PS,_T,_T,H,2013,50428893.0,A,0,0
DATAFLOW,OECD.ELS.SAE:DSD_POPULATION@DF_POP_HIST(1.0),,I,KOR,POP,PS,_T,_T,H,2014,50746659.0,A,0,0
DATAFLOW,OECD.ELS.SAE:DSD_POPULATION@DF_POP_HIST(1.0),,I,KOR,POP,PS,_T,_T,H,2015,51014947.0,A,0,0
DATAFLOW,OECD.ELS.SAE:DSD_POPULATION@DF_POP_HIST(1.0),,I,KOR,POP,PS,_T,_T,H,2016,51217803.0,A,0,0
DATAFLOW,OECD.ELS.SAE:DSD_POPULATION@DF_POP_HIST(1.0),,I,KOR,POP,PS,_T,_T,H,2017,51361911.0,A,0,0
DATAFLOW,OECD.ELS.SAE:DSD_POPULATION@DF_POP_HIST(1.0),,I,KOR,POP,PS,_T,_T,H,2018,51585058.0,A,0,0
DATAFLOW,OECD.ELS.SAE:DSD_POPULATION@DF_POP_HIST(1.0),,I,KOR,POP,PS,_T,_T,H,2019,51764822.0,A,0,0
DATAFLOW,OECD.ELS.SAE:DSD_POPULATION@DF_POP_HIST(1.0),,I,KOR,POP,PS,_T,_T,H,2020,51836239.0,A,0,0
DATAFLOW,OECD.ELS.SAE:DSD_POPULATION@DF_POP_HIST(1.0),,I,LVA,POP,PS,_T,_T,H,1970,2359164.0,A,0,0
DATAFLOW,OECD.ELS.SAE:DSD_POPULATION@DF_POP_HIST(1.0),,I,LVA,POP,PS,_T,_T,H,1971,2376389.0,A,0,0
DATAFLOW,OECD.ELS.SAE:DSD_POPULATION@DF_POP_HIST(1.0),,I,LVA,POP,PS,_T,_T,H,1972,2395674.0,A,0,0
DATAFLOW,OECD.ELS.SAE:DSD_POPULATION@DF_POP_HIST(1.0),,I,LVA,POP,PS,_T,_T,H,1973,2415819.0,A,0,0
DATAFLOW,OECD.ELS.SAE:DSD_POPULATION@DF_POP_HIST(1.0),,I,LVA,POP,PS,_T,_T,H,1974,2437186.0,A,0,0
DATAFLOW,OECD.ELS.SAE:DSD_POPULATION@DF_POP_HIST(1.0),,I,LVA,POP,PS,_T,_T,H,1975,2456130.0,A,0,0
DATAFLOW,OECD.ELS.SAE:DSD_POPULATION@DF_POP_HIST(1.0),,I,LVA,POP,PS,_T,_T,H,1976,2470989.0,A,0,0
DATAFLOW,OECD.ELS.SAE:DSD_POPULATION@DF_POP_HIST(1.0),,I,LVA,POP,PS,_T,_T,H,1977,2485073.0,A,0,0
DATAFLOW,OECD.ELS.SAE:DSD_POPULATION@DF_POP_HIST(1.0),,I,LVA,POP,PS,_T,_T,H,1978,2497921.0,A,0,0
DATAFLOW,OECD.ELS.SAE:DSD_POPULATION@DF_POP_HIST(1.0),,I,LVA,POP,PS,_T,_T,H,1979,2505953.0,A,0,0
DATAFLOW,OECD.ELS.SAE:DSD_POPULATION@DF_POP_HIST(1.0),,I,LVA,POP,PS,_T,_T,H,1980,2511701.0,A,0,0
DATAFLOW,OECD.ELS.SAE:DSD_POPULATION@DF_POP_HIST(1.0),,I,LVA,POP,PS,_T,_T,H,1981,2519421.0,A,0,0
DATAFLOW,OECD.ELS.SAE:DSD_POPULATION@DF_POP_HIST(1.0),,I,LVA,POP,PS,_T,_T,H,1982,2531080.0,A,0,0
DATAFLOW,OECD.ELS.SAE:DSD_POPULATION@DF_POP_HIST(1.0),,I,LVA,POP,PS,_T,_T,H,1983,2546011.0,A,0,0
DATAFLOW,OECD.ELS.SAE:DSD_POPULATION@DF_POP_HIST(1.0),,I,LVA,POP,PS,_T,_T,H,1984,2562047.0,A,0,0
DATAFLOW,OECD.ELS.SAE:DSD_POPULATION@DF_POP_HIST(1.0),,I,LVA,POP,PS,_T,_T,H,1985,2578873.0,A,0,0
DATAFLOW,OECD.ELS.SAE:DSD_POPULATION@DF_POP_HIST(1.0),,I,LVA,POP,PS,_T,_T,H,1986,2599892.0,A,0,0
DATAFLOW,OECD.ELS.SAE:DSD_POPULATION@DF_POP_HIST(1.0),,I,LVA,POP,PS,_T,_T,H,1987,2626583.0,A,0,0
DATAFLOW,OECD.ELS.SAE:DSD_POPULATION@DF_POP_HIST(1.0),,I,LVA,POP,PS,_T,_T,H,1988,2653434.0,A,0,0
DATAFLOW,OECD.ELS.SAE:DSD_POPULATION@DF_POP_HIST(1.0),,I,LVA,POP,PS,_T,_T,H,1989,2666955.0,A,0,0
DATAFLOW,OECD.ELS.SAE:DSD_POPULATION@DF_POP_HIST(1.0),,I,LVA,POP,PS,_T,_T,H,2010,2097553.0,A,0,0
DATAFLOW,OECD.ELS.SAE:DSD_POPULATION@DF_POP_HIST(1.0),,I,LVA,POP,PS,_T,_T,H,2011,2059710.0,A,0,0
DATAFLOW,OECD.ELS.SAE:DSD_POPULATION@DF_POP_HIST(1.0),,I,LTU,POP,PS,_T,_T,H,1970,3139689.0,A,0,0
DATAFLOW,OECD.ELS.SAE:DSD_POPULATION@DF_POP_HIST(1.0),,I,LTU,POP,PS,_T,_T,H,1971,3179041.0,A,0,0
DATAFLOW,OECD.ELS.SAE:DSD_POPULATION@DF_POP_HIST(1.0),,I,LTU,POP,PS,_T,_T,H,1972,3213622.0,A,0,0
DATAFLOW,OECD.ELS.SAE:DSD_POPULATION@DF_POP_HIST(1.0),,I,LTU,POP,PS,_T,_T,H,1973,3244438.0,A,0,0
DATAFLOW,OECD.ELS.SAE:DSD_POPULATION@DF_POP_HIST(1.0),,I,LTU,POP,PS,_T,_T,H,1974,3273894.0,A,0,0
DATAFLOW,OECD.ELS.SAE:DSD_POPULATION@DF_POP_HIST(1.0),,I,LTU,POP,PS,_T,_T,H,1975,3301652.0,A,0,0
DATAFLOW,OECD.ELS.SAE:DSD_POPULATION@DF_POP_HIST(1.0),,I,LTU,POP,PS,_T,_T,H,1976,3328664.0,A,0,0
DATAFLOW,OECD.ELS.SAE:DSD_POPULATION@DF_POP_HIST(1.0),,I,LTU,POP,PS,_T,_T,H,1977,3355036.0,A,0,0
DATAFLOW,OECD.ELS.SAE:DSD_POPULATION@DF_POP_HIST(1.0),,I,LTU,POP,PS,_T,_T,H,1978,3379514.0,A,0,0
DATAFLOW,OECD.ELS.SAE:DSD_POPULATION@DF_POP_HIST(1.0),,I,LTU,POP,PS,_T,_T,H,1979,3397842.0,A,0,0
DATAFLOW,OECD.ELS.SAE:DSD_POPULATION@DF_POP_HIST(1.0),,I,LTU,POP,PS,_T,_T,H,1980,3413202.0,A,0,0
DATAFLOW,OECD.ELS.SAE:DSD_POPULATION@DF_POP_HIST(1.0),,I,LTU,POP,PS,_T,_T,H,1981,3432947.0,A,0,0
DATAFLOW,OECD.ELS.SAE:DSD_POPULATION@DF_POP_HIST(1.0),,I,LTU,POP,PS,_T,_T,H,1982,3457179.0,A,0,0
DATAFLOW,OECD.ELS.SAE:DSD_POPULATION@DF_POP_HIST(1.0),,I,LTU,POP,PS,_T,_T,H,1983,3485192.0,A,0,0
DATAFLOW,OECD.ELS.SAE:DSD_POPULATION@DF_POP_HIST(1.0),,I,LTU,POP,PS,_T,_T,H,1984,3514205.0,A,0,0
DATAFLOW,OECD.ELS.SAE:DSD_POPULATION@DF_POP_HIST(1.0),,I,LTU,POP,PS,_T,_T,H,1985,3544543.0,A,0,0
DATAFLOW,OECD.ELS.SAE:DSD_POPULATION@DF_POP_HIST(1.0),,I,LTU,POP,PS,_T,_T,H,1986,3578914.0,A,0,0
DATAFLOW,OECD.ELS.SAE:DSD_POPULATION@DF_POP_HIST(1.0),,I,LTU,POP,PS,_T,_T,H,1987,3616367.0,A,0,0
DATAFLOW,OECD.ELS.SAE:DSD_POPULATION@DF_POP_HIST(1.0),,I,LTU,POP,PS,_T,_T,H,1988,3655049.0,A,0,0
DATAFLOW,OECD.ELS.SAE:DSD_POPULATION@DF_POP_HIST(1.0),,I,LTU,POP,PS,_T,_T,H,1989,3684255.0,A,0,0
DATAFLOW,OECD.ELS.SAE:DSD_POPULATION@DF_POP_HIST(1.0),,I,LTU,POP,PS,_T,_T,H,1990,3697838.0,A,0,0
DATAFLOW,OECD.ELS.SAE:DSD_POPULATION@DF_POP_HIST(1.0),,I,LTU,POP,PS,_T,_T,H,1991,3704134.0,A,0,0
DATAFLOW,OECD.ELS.SAE:DSD_POPULATION@DF_POP_HIST(1.0),,I,LTU,POP,PS,_T,_T,H,1992,3700114.0,A,0,0
DATAFLOW,OECD.ELS.SAE:DSD_POPULATION@DF_POP_HIST(1.0),,I,LTU,POP,PS,_T,_T,H,1993,3682613.0,A,0,0
DATAFLOW,OECD.ELS.SAE:DSD_POPULATION@DF_POP_HIST(1.0),,I,LTU,POP,PS,_T,_T,H,1994,3657144.0,A,0,0
DATAFLOW,OECD.ELS.SAE:DSD_POPULATION@DF_POP_HIST(1.0),,I,LTU,POP,PS,_T,_T,H,1995,3629102.0,A,0,0
DATAFLOW,OECD.ELS.SAE:DSD_POPULATION@DF_POP_HIST(1.0),,I,LTU,POP,PS,_T,_T,H,1996,3601613.0,A,0,0
DATAFLOW,OECD.ELS.SAE:DSD_POPULATION@DF_POP_HIST(1.0),,I,LTU,POP,PS,_T,_T,H,1997,3575137.0,A,0,0
DATAFLOW,OECD.ELS.SAE:DSD_POPULATION@DF_POP_HIST(1.0),,I,LTU,POP,PS,_T,_T,H,1998,3549331.0,A,0,0
DATAFLOW,OECD.ELS.SAE:DSD_POPULATION@DF_POP_HIST(1.0),,I,LTU,POP,PS,_T,_T,H,1999,3524237.0,A,0,0
DATAFLOW,OECD.ELS.SAE:DSD_POPULATION@DF_POP_HIST(1.0),,I,LTU,POP,PS,_T,_T,H,2000,3499534.0,A,0,0
DATAFLOW,OECD.ELS.SAE:DSD_POPULATION@DF_POP_HIST(1.0),,I,LTU,POP,PS,_T,_T,H,2001,3470818.0,A,0,0
DATAFLOW,OECD.ELS.SAE:DSD_POPULATION@DF_POP_HIST(1.0),,I,LTU,POP,PS,_T,_T,H,2002,3443067.0,A,0,0
DATAFLOW,OECD.ELS.SAE:DSD_POPULATION@DF_POP_HIST(1.0),,I,LTU,POP,PS,_T,_T,H,2003,3415213.0,A,0,0
DATAFLOW,OECD.ELS.SAE:DSD_POPULATION@DF_POP_HIST(1.0),,I,LTU,POP,PS,_T,_T,H,2004,3377075.0,A,0,0
DATAFLOW,OECD.ELS.SAE:DSD_POPULATION@DF_POP_HIST(1.0),,I,LTU,POP,PS,_T,_T,H,2005,3322528.0,A,0,0
DATAFLOW,OECD.ELS.SAE:DSD_POPULATION@DF_POP_HIST(1.0),,I,LTU,POP,PS,_T,_T,H,2006,3269909.0,A,0,0
DATAFLOW,OECD.ELS.SAE:DSD_POPULATION@DF_POP_HIST(1.0),,I,LTU,POP,PS,_T,_T,H,2007,3231294.0,A,0,0
DATAFLOW,OECD.ELS.SAE:DSD_POPULATION@DF_POP_HIST(1.0),,I,LTU,POP,PS,_T,_T,H,2008,3198231.0,A,0,0
DATAFLOW,OECD.ELS.SAE:DSD_POPULATION@DF_POP_HIST(1.0),,I,LTU,POP,PS,_T,_T,H,2009,3162916.0,A,0,0
DATAFLOW,OECD.ELS.SAE:DSD_POPULATION@DF_POP_HIST(1.0),,I,LTU,POP,PS,_T,_T,H,2010,3097282.0,A,0,0
DATAFLOW,OECD.ELS.SAE:DSD_POPULATION@DF_POP_HIST(1.0),,I,LTU,POP,PS,_T,_T,H,2011,3028115.0,A,0,0
DATAFLOW,OECD.ELS.SAE:DSD_POPULATION@DF_POP_HIST(1.0),,I,LTU,POP,PS,_T,_T,H,2012,2987773.0,A,0,0
DATAFLOW,OECD.ELS.SAE:DSD_POPULATION@DF_POP_HIST(1.0),,I,LTU,POP,PS,_T,_T,H,2013,2957689.0,A,0,0
DATAFLOW,OECD.ELS.SAE:DSD_POPULATION@DF_POP_HIST(1.0),,I,LTU,POP,PS,_T,_T,H,2014,2932367.0,A,0,0
DATAFLOW,OECD.ELS.SAE:DSD_POPULATION@DF_POP_HIST(1.0),,I,LTU,POP,PS,_T,_T,H,2015,2904910.0,A,0,0
DATAFLOW,OECD.ELS.SAE:DSD_POPULATION@DF_POP_HIST(1.0),,I,LTU,POP,PS,_T,_T,H,2016,2868231.0,A,0,0
DATAFLOW,OECD.ELS.SAE:DSD_POPULATION@DF_POP_HIST(1.0),,I,LTU,POP,PS,_T,_T,H,2017,2828403.0,A,0,0
DATAFLOW,OECD.ELS.SAE:DSD_POPULATION@DF_POP_HIST(1.0),,I,LTU,POP,PS,_T,_T,H,2018,2801543.0,A,0,0
DATAFLOW,OECD.ELS.SAE:DSD_POPULATION@DF_POP_HIST(1.0),,I,LTU,POP,PS,_T,_T,H,2019,2794137.0,A,0,0
DATAFLOW,OECD.ELS.SAE:DSD_POPULATION@DF_POP_HIST(1.0),,I,LTU,POP,PS,_T,_T,H,2020,2794885.0,A,0,0
DATAFLOW,OECD.ELS.SAE:DSD_POPULATION@DF_POP_HIST(1.0),,I,LTU,POP,PS,_T,_T,H,2021,2808380.0,A,0,0
DATAFLOW,OECD.ELS.SAE:DSD_POPULATION@DF_POP_HIST(1.0),,I,LUX,POP,PS,_T,_T,H,1970,339174.0,A,0,0
DATAFLOW,OECD.ELS.SAE:DSD_POPULATION@DF_POP_HIST(1.0),,I,LUX,POP,PS,_T,_T,H,1971,342415.0,A,0,0
DATAFLOW,OECD.ELS.SAE:DSD_POPULATION@DF_POP_HIST(1.0),,I,LUX,POP,PS,_T,_T,H,1972,346600.0,A,0,0
DATAFLOW,OECD.ELS.SAE:DSD_POPULATION@DF_POP_HIST(1.0),,I,LUX,POP,PS,_T,_T,H,1973,350450.0,A,0,0
DATAFLOW,OECD.ELS.SAE:DSD_POPULATION@DF_POP_HIST(1.0),,I,LUX,POP,PS,_T,_T,H,1974,355049.0,A,0,0
DATAFLOW,OECD.ELS.SAE:DSD_POPULATION@DF_POP_HIST(1.0),,I,LUX,POP,PS,_T,_T,H,1975,358951.0,A,0,0
DATAFLOW,OECD.ELS.SAE:DSD_POPULATION@DF_POP_HIST(1.0),,I,LUX,POP,PS,_T,_T,H,1976,360728.0,A,0,0
DATAFLOW,OECD.ELS.SAE:DSD_POPULATION@DF_POP_HIST(1.0),,I,LUX,POP,PS,_T,_T,H,1977,361356.0,A,0,0
DATAFLOW,OECD.ELS.SAE:DSD_POPULATION@DF_POP_HIST(1.0),,I,LUX,POP,PS,_T,_T,H,1978,362010.0,A,0,0
DATAFLOW,OECD.ELS.SAE:DSD_POPULATION@DF_POP_HIST(1.0),,I,LUX,POP,PS,_T,_T,H,1979,362856.0,A,0,0
DATAFLOW,OECD.ELS.SAE:DSD_POPULATION@DF_POP_HIST(1.0),,I,LUX,POP,PS,_T,_T,H,1980,364152.0,A,0,0
DATAFLOW,OECD.ELS.SAE:DSD_POPULATION@DF_POP_HIST(1.0),,I,LUX,POP,PS,_T,_T,H,1981,365219.0,A,0,0
DATAFLOW,OECD.ELS.SAE:DSD_POPULATION@DF_POP_HIST(1.0),,I,LUX,POP,PS,_T,_T,H,1982,365525.0,A,0,0
DATAFLOW,OECD.ELS.SAE:DSD_POPULATION@DF_POP_HIST(1.0),,I,LUX,POP,PS,_T,_T,H,1983,365621.0,A,0,0
DATAFLOW,OECD.ELS.SAE:DSD_POPULATION@DF_POP_HIST(1.0),,I,LUX,POP,PS,_T,_T,H,1984,365997.0,A,0,0
DATAFLOW,OECD.ELS.SAE:DSD_POPULATION@DF_POP_HIST(1.0),,I,LUX,POP,PS,_T,_T,H,1985,366707.0,A,0,0
DATAFLOW,OECD.ELS.SAE:DSD_POPULATION@DF_POP_HIST(1.0),,I,LUX,POP,PS,_T,_T,H,1986,368354.0,A,0,0
DATAFLOW,OECD.ELS.SAE:DSD_POPULATION@DF_POP_HIST(1.0),,I,LUX,POP,PS,_T,_T,H,1987,370751.0,A,0,0
DATAFLOW,OECD.ELS.SAE:DSD_POPULATION@DF_POP_HIST(1.0),,I,LUX,POP,PS,_T,_T,H,1988,373450.0,A,0,0
DATAFLOW,OECD.ELS.SAE:DSD_POPULATION@DF_POP_HIST(1.0),,I,LUX,POP,PS,_T,_T,H,1989,377095.0,A,0,0
DATAFLOW,OECD.ELS.SAE:DSD_POPULATION@DF_POP_HIST(1.0),,I,LUX,POP,PS,_T,_T,H,1990,381857.0,A,0,0
DATAFLOW,OECD.ELS.SAE:DSD_POPULATION@DF_POP_HIST(1.0),,I,LUX,POP,PS,_T,_T,H,1991,386999.0,A,0,0
DATAFLOW,OECD.ELS.SAE:DSD_POPULATION@DF_POP_HIST(1.0),,I,LUX,POP,PS,_T,_T,H,1992,392171.0,A,0,0
DATAFLOW,OECD.ELS.SAE:DSD_POPULATION@DF_POP_HIST(1.0),,I,LUX,POP,PS,_T,_T,H,1993,397481.0,A,0,0
DATAFLOW,OECD.ELS.SAE:DSD_POPULATION@DF_POP_HIST(1.0),,I,LUX,POP,PS,_T,_T,H,1994,402921.0,A,0,0
DATAFLOW,OECD.ELS.SAE:DSD_POPULATION@DF_POP_HIST(1.0),,I,LUX,POP,PS,_T,_T,H,1995,408625.0,A,0,0
DATAFLOW,OECD.ELS.SAE:DSD_POPULATION@DF_POP_HIST(1.0),,I,LUX,POP,PS,_T,_T,H,1996,414228.0,A,0,0
DATAFLOW,OECD.ELS.SAE:DSD_POPULATION@DF_POP_HIST(1.0),,I,LUX,POP,PS,_T,_T,H,1997,419440.0,A,0,0
DATAFLOW,OECD.ELS.SAE:DSD_POPULATION@DF_POP_HIST(1.0),,I,LUX,POP,PS,_T,_T,H,1998,424699.0,A,0,0
DATAFLOW,OECD.ELS.SAE:DSD_POPULATION@DF_POP_HIST(1.0),,I,LUX,POP,PS,_T,_T,H,1999,430475.0,A,0,0
DATAFLOW,OECD.ELS.SAE:DSD_POPULATION@DF_POP_HIST(1.0),,I,LUX,POP,PS,_T,_T,H,2000,436303.0,A,0,0
DATAFLOW,OECD.ELS.SAE:DSD_POPULATION@DF_POP_HIST(1.0),,I,LUX,POP,PS,_T,_T,H,2001,441522.0,A,0,0
DATAFLOW,OECD.ELS.SAE:DSD_POPULATION@DF_POP_HIST(1.0),,I,LUX,POP,PS,_T,_T,H,2002,446166.0,A,0,0
DATAFLOW,OECD.ELS.SAE:DSD_POPULATION@DF_POP_HIST(1.0),,I,LUX,POP,PS,_T,_T,H,2003,451626.0,A,0,0
DATAFLOW,OECD.ELS.SAE:DSD_POPULATION@DF_POP_HIST(1.0),,I,LUX,POP,PS,_T,_T,H,2004,458098.0,A,0,0
DATAFLOW,OECD.ELS.SAE:DSD_POPULATION@DF_POP_HIST(1.0),,I,LUX,POP,PS,_T,_T,H,2005,465152.0,A,0,0
DATAFLOW,OECD.ELS.SAE:DSD_POPULATION@DF_POP_HIST(1.0),,I,LUX,POP,PS,_T,_T,H,2006,472641.0,A,0,0
DATAFLOW,OECD.ELS.SAE:DSD_POPULATION@DF_POP_HIST(1.0),,I,LUX,POP,PS,_T,_T,H,2007,479992.0,A,0,0
DATAFLOW,OECD.ELS.SAE:DSD_POPULATION@DF_POP_HIST(1.0),,I,LUX,POP,PS,_T,_T,H,2008,488647.0,A,0,0
DATAFLOW,OECD.ELS.SAE:DSD_POPULATION@DF_POP_HIST(1.0),,I,LUX,POP,PS,_T,_T,H,2009,497783.0,A,0,0
DATAFLOW,OECD.ELS.SAE:DSD_POPULATION@DF_POP_HIST(1.0),,I,LUX,POP,PS,_T,_T,H,2010,506953.0,A,0,0
DATAFLOW,OECD.ELS.SAE:DSD_POPULATION@DF_POP_HIST(1.0),,I,LUX,POP,PS,_T,_T,H,2011,518351.0,A,0,0
DATAFLOW,OECD.ELS.SAE:DSD_POPULATION@DF_POP_HIST(1.0),,I,LUX,POP,PS,_T,_T,H,2012,530952.0,A,0,0
DATAFLOW,OECD.ELS.SAE:DSD_POPULATION@DF_POP_HIST(1.0),,I,LUX,POP,PS,_T,_T,H,2013,543358.0,A,0,0
DATAFLOW,OECD.ELS.SAE:DSD_POPULATION@DF_POP_HIST(1.0),,I,LUX,POP,PS,_T,_T,H,2014,556322.0,A,0,0
DATAFLOW,OECD.ELS.SAE:DSD_POPULATION@DF_POP_HIST(1.0),,I,LUX,POP,PS,_T,_T,H,2015,569605.0,A,0,0
DATAFLOW,OECD.ELS.SAE:DSD_POPULATION@DF_POP_HIST(1.0),,I,LUX,POP,PS,_T,_T,H,2016,583459.0,A,0,0
DATAFLOW,OECD.ELS.SAE:DSD_POPULATION@DF_POP_HIST(1.0),,I,LUX,POP,PS,_T,_T,H,2017,596337.0,A,0,0
DATAFLOW,OECD.ELS.SAE:DSD_POPULATION@DF_POP_HIST(1.0),,I,LUX,POP,PS,_T,_T,H,2018,607950.0,A,0,0
DATAFLOW,OECD.ELS.SAE:DSD_POPULATION@DF_POP_HIST(1.0),,I,LUX,POP,PS,_T,_T,H,2019,620003.0,A,0,0
DATAFLOW,OECD.ELS.SAE:DSD_POPULATION@DF_POP_HIST(1.0),,I,LUX,POP,PS,_T,_T,H,2020,630413.0,A,0,0
DATAFLOW,OECD.ELS.SAE:DSD_POPULATION@DF_POP_HIST(1.0),,I,LUX,POP,PS,_T,_T,H,2021,640064.0,A,0,0
DATAFLOW,OECD.ELS.SAE:DSD_POPULATION@DF_POP_HIST(1.0),,I,LUX,POP,PS,_T,_T,H,2022,653108.0,A,0,0
DATAFLOW,OECD.ELS.SAE:DSD_POPULATION@DF_POP_HIST(1.0),,I,POL,POP,PS,_T,_T,H,1960,29405729.0,A,0,0
DATAFLOW,OECD.ELS.SAE:DSD_POPULATION@DF_POP_HIST(1.0),,I,POL,POP,PS,_T,_T,H,1961,29965300.0,A,0,0
DATAFLOW,OECD.ELS.SAE:DSD_POPULATION@DF_POP_HIST(1.0),,I,POL,POP,PS,_T,_T,H,1962,30323900.0,A,0,0
DATAFLOW,OECD.ELS.SAE:DSD_POPULATION@DF_POP_HIST(1.0),,I,POL,POP,PS,_T,_T,H,1963,30690900.0,A,0,0
DATAFLOW,OECD.ELS.SAE:DSD_POPULATION@DF_POP_HIST(1.0),,I,POL,POP,PS,_T,_T,H,1964,31161200.0,A,0,0
DATAFLOW,OECD.ELS.SAE:DSD_POPULATION@DF_POP_HIST(1.0),,I,POL,POP,PS,_T,_T,H,1965,31495900.0,A,0,0
DATAFLOW,OECD.ELS.SAE:DSD_POPULATION@DF_POP_HIST(1.0),,I,POL,POP,PS,_T,_T,H,1966,31698000.0,A,0,0
DATAFLOW,OECD.ELS.SAE:DSD_POPULATION@DF_POP_HIST(1.0),,I,POL,POP,PS,_T,_T,H,1967,31943900.0,A,0,0
DATAFLOW,OECD.ELS.SAE:DSD_POPULATION@DF_POP_HIST(1.0),,I,POL,POP,PS,_T,_T,H,1968,32304800.0,A,0,0
DATAFLOW,OECD.ELS.SAE:DSD_POPULATION@DF_POP_HIST(1.0),,I,POL,POP,PS,_T,_T,H,1969,32555100.0,A,0,0
DATAFLOW,OECD.ELS.SAE:DSD_POPULATION@DF_POP_HIST(1.0),,I,POL,POP,PS,_T,_T,H,1970,32642270.0,A,0,0
DATAFLOW,OECD.ELS.SAE:DSD_POPULATION@DF_POP_HIST(1.0),,I,POL,POP,PS,_T,_T,H,1971,32749400.0,A,0,0
DATAFLOW,OECD.ELS.SAE:DSD_POPULATION@DF_POP_HIST(1.0),,I,POL,POP,PS,_T,_T,H,1972,33068000.0,A,0,0
DATAFLOW,OECD.ELS.SAE:DSD_POPULATION@DF_POP_HIST(1.0),,I,POL,POP,PS,_T,_T,H,1973,33362700.0,A,0,0
DATAFLOW,OECD.ELS.SAE:DSD_POPULATION@DF_POP_HIST(1.0),,I,POL,POP,PS,_T,_T,H,1974,33691008.0,A,0,0
DATAFLOW,OECD.ELS.SAE:DSD_POPULATION@DF_POP_HIST(1.0),,I,POL,POP,PS,_T,_T,H,1975,34022130.0,A,0,0
DATAFLOW,OECD.ELS.SAE:DSD_POPULATION@DF_POP_HIST(1.0),,I,POL,POP,PS,_T,_T,H,1976,34362133.0,A,0,0
DATAFLOW,OECD.ELS.SAE:DSD_POPULATION@DF_POP_HIST(1.0),,I,POL,POP,PS,_T,_T,H,1977,34697576.0,A,0,0
DATAFLOW,OECD.ELS.SAE:DSD_POPULATION@DF_POP_HIST(1.0),,I,POL,POP,PS,_T,_T,H,1978,35009862.0,A,0,0
DATAFLOW,OECD.ELS.SAE:DSD_POPULATION@DF_POP_HIST(1.0),,I,POL,POP,PS,_T,_T,H,1979,35256645.0,A,0,0
DATAFLOW,OECD.ELS.SAE:DSD_POPULATION@DF_POP_HIST(1.0),,I,POL,POP,PS,_T,_T,H,1980,35578019.0,A,0,0
DATAFLOW,OECD.ELS.SAE:DSD_POPULATION@DF_POP_HIST(1.0),,I,POL,POP,PS,_T,_T,H,1981,35901961.0,A,0,0
DATAFLOW,OECD.ELS.SAE:DSD_POPULATION@DF_POP_HIST(1.0),,I,POL,POP,PS,_T,_T,H,1982,36227381.0,A,0,0
DATAFLOW,OECD.ELS.SAE:DSD_POPULATION@DF_POP_HIST(1.0),,I,POL,POP,PS,_T,_T,H,1983,36571418.0,A,0,0
DATAFLOW,OECD.ELS.SAE:DSD_POPULATION@DF_POP_HIST(1.0),,I,POL,POP,PS,_T,_T,H,1984,36913515.0,A,0,0
DATAFLOW,OECD.ELS.SAE:DSD_POPULATION@DF_POP_HIST(1.0),,I,POL,POP,PS,_T,_T,H,1985,37202981.0,A,0,0
DATAFLOW,OECD.ELS.SAE:DSD_POPULATION@DF_POP_HIST(1.0),,I,POL,POP,PS,_T,_T,H,1986,37455681.0,A,0,0
DATAFLOW,OECD.ELS.SAE:DSD_POPULATION@DF_POP_HIST(1.0),,I,POL,POP,PS,_T,_T,H,1987,37663756.0,A,0,0
DATAFLOW,OECD.ELS.SAE:DSD_POPULATION@DF_POP_HIST(1.0),,I,POL,POP,PS,_T,_T,H,1988,37862063.0,A,0,0
DATAFLOW,OECD.ELS.SAE:DSD_POPULATION@DF_POP_HIST(1.0),,I,POL,POP,PS,_T,_T,H,1989,37962808.0,A,0,0
DATAFLOW,OECD.ELS.SAE:DSD_POPULATION@DF_POP_HIST(1.0),,I,POL,POP,PS,_T,_T,H,1990,38030500.0,A,0,0
DATAFLOW,OECD.ELS.SAE:DSD_POPULATION@DF_POP_HIST(1.0),,I,POL,POP,PS,_T,_T,H,1991,38108500.0,A,0,0
DATAFLOW,OECD.ELS.SAE:DSD_POPULATION@DF_POP_HIST(1.0),,I,POL,POP,PS,_T,_T,H,1992,38173500.0,A,0,0
DATAFLOW,OECD.ELS.SAE:DSD_POPULATION@DF_POP_HIST(1.0),,I,POL,POP,PS,_T,_T,H,1993,38221000.0,A,0,0
DATAFLOW,OECD.ELS.SAE:DSD_POPULATION@DF_POP_HIST(1.0),,I,POL,POP,PS,_T,_T,H,1994,38252000.0,A,0,0
DATAFLOW,OECD.ELS.SAE:DSD_POPULATION@DF_POP_HIST(1.0),,I,POL,POP,PS,_T,_T,H,1995,38274500.0,A,0,0
DATAFLOW,OECD.ELS.SAE:DSD_POPULATION@DF_POP_HIST(1.0),,I,POL,POP,PS,_T,_T,H,1996,38289000.0,A,0,0
DATAFLOW,OECD.ELS.SAE:DSD_POPULATION@DF_POP_HIST(1.0),,I,POL,POP,PS,_T,_T,H,1997,38292000.0,A,0,0
DATAFLOW,OECD.ELS.SAE:DSD_POPULATION@DF_POP_HIST(1.0),,I,POL,POP,PS,_T,_T,H,1998,38283500.0,A,0,0
DATAFLOW,OECD.ELS.SAE:DSD_POPULATION@DF_POP_HIST(1.0),,I,POL,POP,PS,_T,_T,H,1999,38270000.0,A,0,0
DATAFLOW,OECD.ELS.SAE:DSD_POPULATION@DF_POP_HIST(1.0),,I,POL,POP,PS,_T,_T,H,2001,38248076.0,A,0,0
DATAFLOW,OECD.ELS.SAE:DSD_POPULATION@DF_POP_HIST(1.0),,I,POL,POP,PS,_T,_T,H,2002,38232301.0,A,0,0
DATAFLOW,OECD.ELS.SAE:DSD_POPULATION@DF_POP_HIST(1.0),,I,POL,POP,PS,_T,_T,H,2003,38195177.0,A,0,0
DATAFLOW,OECD.ELS.SAE:DSD_POPULATION@DF_POP_HIST(1.0),,I,POL,POP,PS,_T,_T,H,2004,38180249.0,A,0,0
DATAFLOW,OECD.ELS.SAE:DSD_POPULATION@DF_POP_HIST(1.0),,I,POL,POP,PS,_T,_T,H,2005,38161313.0,A,0,0
DATAFLOW,OECD.ELS.SAE:DSD_POPULATION@DF_POP_HIST(1.0),,I,POL,POP,PS,_T,_T,H,2006,38132277.0,A,0,0
DATAFLOW,OECD.ELS.SAE:DSD_POPULATION@DF_POP_HIST(1.0),,I,POL,POP,PS,_T,_T,H,2007,38115967.0,A,0,0
DATAFLOW,OECD.ELS.SAE:DSD_POPULATION@DF_POP_HIST(1.0),,I,POL,POP,PS,_T,_T,H,2008,38115909.0,A,0,0
DATAFLOW,OECD.ELS.SAE:DSD_POPULATION@DF_POP_HIST(1.0),,I,POL,POP,PS,_T,_T,H,2009,38153389.0,A,0,0
DATAFLOW,OECD.ELS.SAE:DSD_POPULATION@DF_POP_HIST(1.0),,I,POL,POP,PS,_T,_T,H,2010,38516689.0,A,0,0
DATAFLOW,OECD.ELS.SAE:DSD_POPULATION@DF_POP_HIST(1.0),,I,POL,POP,PS,_T,_T,H,2011,38525670.0,A,0,0
DATAFLOW,OECD.ELS.SAE:DSD_POPULATION@DF_POP_HIST(1.0),,I,POL,POP,PS,_T,_T,H,2012,38533789.0,A,0,0
DATAFLOW,OECD.ELS.SAE:DSD_POPULATION@DF_POP_HIST(1.0),,I,POL,POP,PS,_T,_T,H,2013,38502396.0,A,0,0
DATAFLOW,OECD.ELS.SAE:DSD_POPULATION@DF_POP_HIST(1.0),,I,POL,POP,PS,_T,_T,H,2014,38483957.0,A,0,0
DATAFLOW,OECD.ELS.SAE:DSD_POPULATION@DF_POP_HIST(1.0),,I,POL,POP,PS,_T,_T,H,2015,38454576.0,A,0,0
DATAFLOW,OECD.ELS.SAE:DSD_POPULATION@DF_POP_HIST(1.0),,I,POL,POP,PS,_T,_T,H,2016,38426809.0,A,0,0
DATAFLOW,OECD.ELS.SAE:DSD_POPULATION@DF_POP_HIST(1.0),,I,POL,POP,PS,_T,_T,H,2017,38422346.0,A,0,0
DATAFLOW,OECD.ELS.SAE:DSD_POPULATION@DF_POP_HIST(1.0),,I,POL,POP,PS,_T,_T,H,2018,38413139.0,A,0,0
DATAFLOW,OECD.ELS.SAE:DSD_POPULATION@DF_POP_HIST(1.0),,I,POL,POP,PS,_T,_T,H,2019,38386476.0,A,0,0
DATAFLOW,OECD.ELS.SAE:DSD_POPULATION@DF_POP_HIST(1.0),,I,POL,POP,PS,_T,_T,H,2022,37827355.0,A,0,0
DATAFLOW,OECD.ELS.SAE:DSD_POPULATION@DF_POP_HIST(1.0),,I,PRT,POP,PS,_T,_T,H,1950,8439171.0,A,0,0
DATAFLOW,OECD.ELS.SAE:DSD_POPULATION@DF_POP_HIST(1.0),,I,PRT,POP,PS,_T,_T,H,1951,8493316.0,A,0,0
DATAFLOW,OECD.ELS.SAE:DSD_POPULATION@DF_POP_HIST(1.0),,I,PRT,POP,PS,_T,_T,H,1952,8556085.0,A,0,0
DATAFLOW,OECD.ELS.SAE:DSD_POPULATION@DF_POP_HIST(1.0),,I,PRT,POP,PS,_T,_T,H,1953,8581255.0,A,0,0
DATAFLOW,OECD.ELS.SAE:DSD_POPULATION@DF_POP_HIST(1.0),,I,PRT,POP,PS,_T,_T,H,1954,8605700.0,A,0,0
DATAFLOW,OECD.ELS.SAE:DSD_POPULATION@DF_POP_HIST(1.0),,I,PRT,POP,PS,_T,_T,H,1955,8640325.0,A,0,0
DATAFLOW,OECD.ELS.SAE:DSD_POPULATION@DF_POP_HIST(1.0),,I,PRT,POP,PS,_T,_T,H,1956,8683020.0,A,0,0
DATAFLOW,OECD.ELS.SAE:DSD_POPULATION@DF_POP_HIST(1.0),,I,PRT,POP,PS,_T,_T,H,1957,8712675.0,A,0,0
DATAFLOW,OECD.ELS.SAE:DSD_POPULATION@DF_POP_HIST(1.0),,I,PRT,POP,PS,_T,_T,H,1958,8749935.0,A,0,0
DATAFLOW,OECD.ELS.SAE:DSD_POPULATION@DF_POP_HIST(1.0),,I,PRT,POP,PS,_T,_T,H,1959,8800845.0,A,0,0
DATAFLOW,OECD.ELS.SAE:DSD_POPULATION@DF_POP_HIST(1.0),,I,PRT,POP,PS,_T,_T,H,1960,8857716.0,A,0,0
DATAFLOW,OECD.ELS.SAE:DSD_POPULATION@DF_POP_HIST(1.0),,I,PRT,POP,PS,_T,_T,H,1961,8929316.0,A,0,0
DATAFLOW,OECD.ELS.SAE:DSD_POPULATION@DF_POP_HIST(1.0),,I,PRT,POP,PS,_T,_T,H,1962,8993985.0,A,0,0
DATAFLOW,OECD.ELS.SAE:DSD_POPULATION@DF_POP_HIST(1.0),,I,PRT,POP,PS,_T,_T,H,1963,9030355.0,A,0,0
DATAFLOW,OECD.ELS.SAE:DSD_POPULATION@DF_POP_HIST(1.0),,I,PRT,POP,PS,_T,_T,H,1964,9035365.0,A,0,0
DATAFLOW,OECD.ELS.SAE:DSD_POPULATION@DF_POP_HIST(1.0),,I,PRT,POP,PS,_T,_T,H,1965,8998595.0,A,0,0
DATAFLOW,OECD.ELS.SAE:DSD_POPULATION@DF_POP_HIST(1.0),,I,PRT,POP,PS,_T,_T,H,1966,8930990.0,A,0,0
DATAFLOW,OECD.ELS.SAE:DSD_POPULATION@DF_POP_HIST(1.0),,I,PRT,POP,PS,_T,_T,H,1967,8874520.0,A,0,0
DATAFLOW,OECD.ELS.SAE:DSD_POPULATION@DF_POP_HIST(1.0),,I,PRT,POP,PS,_T,_T,H,1968,8836650.0,A,0,0
DATAFLOW,OECD.ELS.SAE:DSD_POPULATION@DF_POP_HIST(1.0),,I,PRT,POP,PS,_T,_T,H,1969,8757705.0,A,0,0
DATAFLOW,OECD.ELS.SAE:DSD_POPULATION@DF_POP_HIST(1.0),,I,PRT,POP,PS,_T,_T,H,1970,8680431.0,A,0,0
DATAFLOW,OECD.ELS.SAE:DSD_POPULATION@DF_POP_HIST(1.0),,I,PRT,POP,PS,_T,_T,H,1971,8643755.0,A,0,0
DATAFLOW,OECD.ELS.SAE:DSD_POPULATION@DF_POP_HIST(1.0),,I,PRT,POP,PS,_T,_T,H,1972,8630430.5,A,0,0
DATAFLOW,OECD.ELS.SAE:DSD_POPULATION@DF_POP_HIST(1.0),,I,PRT,POP,PS,_T,_T,H,1973,8633100.5,A,0,0
DATAFLOW,OECD.ELS.SAE:DSD_POPULATION@DF_POP_HIST(1.0),,I,PRT,POP,PS,_T,_T,H,1974,8754362.5,A,0,0
DATAFLOW,OECD.ELS.SAE:DSD_POPULATION@DF_POP_HIST(1.0),,I,PRT,POP,PS,_T,_T,H,1975,9093471.0,A,0,0
DATAFLOW,OECD.ELS.SAE:DSD_POPULATION@DF_POP_HIST(1.0),,I,PRT,POP,PS,_T,_T,H,1976,9355812.0,A,0,0
DATAFLOW,OECD.ELS.SAE:DSD_POPULATION@DF_POP_HIST(1.0),,I,PRT,POP,PS,_T,_T,H,1977,9455672.5,A,0,0
DATAFLOW,OECD.ELS.SAE:DSD_POPULATION@DF_POP_HIST(1.0),,I,PRT,POP,PS,_T,_T,H,1978,9558247.5,A,0,0
DATAFLOW,OECD.ELS.SAE:DSD_POPULATION@DF_POP_HIST(1.0),,I,PRT,POP,PS,_T,_T,H,1979,9661264.5,A,0,0
DATAFLOW,OECD.ELS.SAE:DSD_POPULATION@DF_POP_HIST(1.0),,I,PRT,POP,PS,_T,_T,H,1980,9766275.0,A,0,0
DATAFLOW,OECD.ELS.SAE:DSD_POPULATION@DF_POP_HIST(1.0),,I,PRT,POP,PS,_T,_T,H,1981,9851325.0,A,0,0
DATAFLOW,OECD.ELS.SAE:DSD_POPULATION@DF_POP_HIST(1.0),,I,PRT,POP,PS,_T,_T,H,1982,9911770.5,A,0,0
DATAFLOW,OECD.ELS.SAE:DSD_POPULATION@DF_POP_HIST(1.0),,I,PRT,POP,PS,_T,_T,H,1983,9957865.0,A,0,0
DATAFLOW,OECD.ELS.SAE:DSD_POPULATION@DF_POP_HIST(1.0),,I,PRT,POP,PS,_T,_T,H,1984,9996232.0,A,0,0
DATAFLOW,OECD.ELS.SAE:DSD_POPULATION@DF_POP_HIST(1.0),,I,PRT,POP,PS,_T,_T,H,1985,10023613.0,A,0,0
DATAFLOW,OECD.ELS.SAE:DSD_POPULATION@DF_POP_HIST(1.0),,I,PRT,POP,PS,_T,_T,H,1988,10019610.0,A,0,0
DATAFLOW,OECD.ELS.SAE:DSD_POPULATION@DF_POP_HIST(1.0),,I,PRT,POP,PS,_T,_T,H,1989,10005000.0,A,0,0
DATAFLOW,OECD.ELS.SAE:DSD_POPULATION@DF_POP_HIST(1.0),,I,PRT,POP,PS,_T,_T,H,1990,9983218.0,A,0,0
DATAFLOW,OECD.ELS.SAE:DSD_POPULATION@DF_POP_HIST(1.0),,I,PRT,POP,PS,_T,_T,H,1991,9960235.0,A,0,0
DATAFLOW,OECD.ELS.SAE:DSD_POPULATION@DF_POP_HIST(1.0),,I,PRT,POP,PS,_T,_T,H,1992,9952493.5,A,0,0
DATAFLOW,OECD.ELS.SAE:DSD_POPULATION@DF_POP_HIST(1.0),,I,PRT,POP,PS,_T,_T,H,1993,9964674.5,A,0,0
DATAFLOW,OECD.ELS.SAE:DSD_POPULATION@DF_POP_HIST(1.0),,I,PRT,POP,PS,_T,_T,H,1994,9991525.0,A,0,0
DATAFLOW,OECD.ELS.SAE:DSD_POPULATION@DF_POP_HIST(1.0),,I,PRT,POP,PS,_T,_T,H,1995,10026176.0,A,0,0
DATAFLOW,OECD.ELS.SAE:DSD_POPULATION@DF_POP_HIST(1.0),,I,PRT,POP,PS,_T,_T,H,1997,10108977.0,A,0,0
DATAFLOW,OECD.ELS.SAE:DSD_POPULATION@DF_POP_HIST(1.0),,I,PRT,POP,PS,_T,_T,H,1998,10160196.0,A,0,0
DATAFLOW,OECD.ELS.SAE:DSD_POPULATION@DF_POP_HIST(1.0),,I,PRT,POP,PS,_T,_T,H,1999,10217828.0,A,0,0
DATAFLOW,OECD.ELS.SAE:DSD_POPULATION@DF_POP_HIST(1.0),,I,PRT,POP,PS,_T,_T,H,2000,10289898.0,A,0,0
DATAFLOW,OECD.ELS.SAE:DSD_POPULATION@DF_POP_HIST(1.0),,I,PRT,POP,PS,_T,_T,H,2003,10458821.0,A,0,0
DATAFLOW,OECD.ELS.SAE:DSD_POPULATION@DF_POP_HIST(1.0),,I,PRT,POP,PS,_T,_T,H,2004,10483861.0,A,0,0
DATAFLOW,OECD.ELS.SAE:DSD_POPULATION@DF_POP_HIST(1.0),,I,PRT,POP,PS,_T,_T,H,2005,10503330.0,A,0,0
DATAFLOW,OECD.ELS.SAE:DSD_POPULATION@DF_POP_HIST(1.0),,I,PRT,POP,PS,_T,_T,H,2006,10522288.0,A,0,0
DATAFLOW,OECD.ELS.SAE:DSD_POPULATION@DF_POP_HIST(1.0),,I,PRT,POP,PS,_T,_T,H,2010,10573100.0,A,0,0
DATAFLOW,OECD.ELS.SAE:DSD_POPULATION@DF_POP_HIST(1.0),,I,PRT,POP,PS,_T,_T,H,2016,10356516.0,A,0,0
DATAFLOW,OECD.ELS.SAE:DSD_POPULATION@DF_POP_HIST(1.0),,I,PRT,POP,PS,_T,_T,H,2017,10340124.0,A,0,0
DATAFLOW,OECD.ELS.SAE:DSD_POPULATION@DF_POP_HIST(1.0),,I,PRT,POP,PS,_T,_T,H,2018,10334633.0,A,0,0
DATAFLOW,OECD.ELS.SAE:DSD_POPULATION@DF_POP_HIST(1.0),,I,PRT,POP,PS,_T,_T,H,2020,10384846.0,A,0,0
DATAFLOW,OECD.ELS.SAE:DSD_POPULATION@DF_POP_HIST(1.0),,I,ESP,POP,PS,_T,_T,H,1962,31023366.0,A,0,0
DATAFLOW,OECD.ELS.SAE:DSD_POPULATION@DF_POP_HIST(1.0),,I,ESP,POP,PS,_T,_T,H,1963,31296651.0,A,0,0
DATAFLOW,OECD.ELS.SAE:DSD_POPULATION@DF_POP_HIST(1.0),,I,ESP,POP,PS,_T,_T,H,1964,31609195.0,A,0,0
DATAFLOW,OECD.ELS.SAE:DSD_POPULATION@DF_POP_HIST(1.0),,I,ESP,POP,PS,_T,_T,H,1965,31954292.0,A,0,0
DATAFLOW,OECD.ELS.SAE:DSD_POPULATION@DF_POP_HIST(1.0),,I,ESP,POP,PS,_T,_T,H,1966,32283194.0,A,0,0
DATAFLOW,OECD.ELS.SAE:DSD_POPULATION@DF_POP_HIST(1.0),,I,ESP,POP,PS,_T,_T,H,1967,32682947.0,A,0,0
DATAFLOW,OECD.ELS.SAE:DSD_POPULATION@DF_POP_HIST(1.0),,I,ESP,POP,PS,_T,_T,H,1968,33113135.0,A,0,0
DATAFLOW,OECD.ELS.SAE:DSD_POPULATION@DF_POP_HIST(1.0),,I,ESP,POP,PS,_T,_T,H,1969,33441054.0,A,0,0
DATAFLOW,OECD.ELS.SAE:DSD_POPULATION@DF_POP_HIST(1.0),,I,ESP,POP,PS,_T,_T,H,1970,33752818.0,A,0,0
DATAFLOW,OECD.ELS.SAE:DSD_POPULATION@DF_POP_HIST(1.0),,I,ESP,POP,PS,_T,_T,H,1971,34216274.0,A,0,0
DATAFLOW,OECD.ELS.SAE:DSD_POPULATION@DF_POP_HIST(1.0),,I,ESP,POP,PS,_T,_T,H,1972,34571714.0,A,0,0
DATAFLOW,OECD.ELS.SAE:DSD_POPULATION@DF_POP_HIST(1.0),,I,ESP,POP,PS,_T,_T,H,1973,34921497.0,A,0,0
DATAFLOW,OECD.ELS.SAE:DSD_POPULATION@DF_POP_HIST(1.0),,I,ESP,POP,PS,_T,_T,H,1974,35287558.0,A,0,0
DATAFLOW,OECD.ELS.SAE:DSD_POPULATION@DF_POP_HIST(1.0),,I,ESP,POP,PS,_T,_T,H,1975,35687714.0,A,0,0
DATAFLOW,OECD.ELS.SAE:DSD_POPULATION@DF_POP_HIST(1.0),,I,ESP,POP,PS,_T,_T,H,1976,36118035.0,A,0,0
DATAFLOW,OECD.ELS.SAE:DSD_POPULATION@DF_POP_HIST(1.0),,I,ESP,POP,PS,_T,_T,H,1977,36563834.0,A,0,0
DATAFLOW,OECD.ELS.SAE:DSD_POPULATION@DF_POP_HIST(1.0),,I,ESP,POP,PS,_T,_T,H,1978,36971471.0,A,0,0
DATAFLOW,OECD.ELS.SAE:DSD_POPULATION@DF_POP_HIST(1.0),,I,ESP,POP,PS,_T,_T,H,1979,37289006.0,A,0,0
DATAFLOW,OECD.ELS.SAE:DSD_POPULATION@DF_POP_HIST(1.0),,I,ESP,POP,PS,_T,_T,H,1980,37526911.0,A,0,0
DATAFLOW,OECD.ELS.SAE:DSD_POPULATION@DF_POP_HIST(1.0),,I,ESP,POP,PS,_T,_T,H,1981,37764458.0,A,0,0
DATAFLOW,OECD.ELS.SAE:DSD_POPULATION@DF_POP_HIST(1.0),,I,ESP,POP,PS,_T,_T,H,1982,37987108.0,A,0,0
DATAFLOW,OECD.ELS.SAE:DSD_POPULATION@DF_POP_HIST(1.0),,I,ESP,POP,PS,_T,_T,H,1983,38160263.0,A,0,0
DATAFLOW,OECD.ELS.SAE:DSD_POPULATION@DF_POP_HIST(1.0),,I,ESP,POP,PS,_T,_T,H,1984,38325244.0,A,0,0
DATAFLOW,OECD.ELS.SAE:DSD_POPULATION@DF_POP_HIST(1.0),,I,ESP,POP,PS,_T,_T,H,1985,38467025.0,A,0,0
DATAFLOW,OECD.ELS.SAE:DSD_POPULATION@DF_POP_HIST(1.0),,I,ESP,POP,PS,_T,_T,H,1986,38571941.0,A,0,0
DATAFLOW,OECD.ELS.SAE:DSD_POPULATION@DF_POP_HIST(1.0),,I,ESP,POP,PS,_T,_T,H,1987,38682322.0,A,0,0
DATAFLOW,OECD.ELS.SAE:DSD_POPULATION@DF_POP_HIST(1.0),,I,ESP,POP,PS,_T,_T,H,1988,38764307.0,A,0,0
DATAFLOW,OECD.ELS.SAE:DSD_POPULATION@DF_POP_HIST(1.0),,I,ESP,POP,PS,_T,_T,H,1989,38821377.0,A,0,0
DATAFLOW,OECD.ELS.SAE:DSD_POPULATION@DF_POP_HIST(1.0),,I,ESP,POP,PS,_T,_T,H,1990,38860827.0,A,0,0
DATAFLOW,OECD.ELS.SAE:DSD_POPULATION@DF_POP_HIST(1.0),,I,ESP,POP,PS,_T,_T,H,1991,38941622.0,A,0,0
DATAFLOW,OECD.ELS.SAE:DSD_POPULATION@DF_POP_HIST(1.0),,I,ESP,POP,PS,_T,_T,H,1992,39147940.0,A,0,0
DATAFLOW,OECD.ELS.SAE:DSD_POPULATION@DF_POP_HIST(1.0),,I,ESP,POP,PS,_T,_T,H,1993,39356082.0,A,0,0
DATAFLOW,OECD.ELS.SAE:DSD_POPULATION@DF_POP_HIST(1.0),,I,ESP,POP,PS,_T,_T,H,1994,39547353.0,A,0,0
DATAFLOW,OECD.ELS.SAE:DSD_POPULATION@DF_POP_HIST(1.0),,I,ESP,POP,PS,_T,_T,H,1995,39718895.0,A,0,0
DATAFLOW,OECD.ELS.SAE:DSD_POPULATION@DF_POP_HIST(1.0),,I,ESP,POP,PS,_T,_T,H,1996,39884246.0,A,0,0
DATAFLOW,OECD.ELS.SAE:DSD_POPULATION@DF_POP_HIST(1.0),,I,ESP,POP,PS,_T,_T,H,1997,40049974.0,A,0,0
DATAFLOW,OECD.ELS.SAE:DSD_POPULATION@DF_POP_HIST(1.0),,I,ESP,POP,PS,_T,_T,H,1998,40214066.0,A,0,0
DATAFLOW,OECD.ELS.SAE:DSD_POPULATION@DF_POP_HIST(1.0),,I,ESP,POP,PS,_T,_T,H,1999,40369667.0,A,0,0
DATAFLOW,OECD.ELS.SAE:DSD_POPULATION@DF_POP_HIST(1.0),,I,ESP,POP,PS,_T,_T,H,2000,40554387.0,A,0,0
DATAFLOW,OECD.ELS.SAE:DSD_POPULATION@DF_POP_HIST(1.0),,I,ESP,POP,PS,_T,_T,H,2001,40766049.0,A,0,0
DATAFLOW,OECD.ELS.SAE:DSD_POPULATION@DF_POP_HIST(1.0),,I,ESP,POP,PS,_T,_T,H,2002,41423520.0,A,0,0
DATAFLOW,OECD.ELS.SAE:DSD_POPULATION@DF_POP_HIST(1.0),,I,ESP,POP,PS,_T,_T,H,2003,42196231.0,A,0,0
DATAFLOW,OECD.ELS.SAE:DSD_POPULATION@DF_POP_HIST(1.0),,I,ESP,POP,PS,_T,_T,H,2004,42859172.0,A,0,0
DATAFLOW,OECD.ELS.SAE:DSD_POPULATION@DF_POP_HIST(1.0),,I,ESP,POP,PS,_T,_T,H,2005,43662613.0,A,0,0
DATAFLOW,OECD.ELS.SAE:DSD_POPULATION@DF_POP_HIST(1.0),,I,ESP,POP,PS,_T,_T,H,2006,44360521.0,A,0,0
DATAFLOW,OECD.ELS.SAE:DSD_POPULATION@DF_POP_HIST(1.0),,I,ESP,POP,PS,_T,_T,H,2007,45236004.0,A,0,0
DATAFLOW,OECD.ELS.SAE:DSD_POPULATION@DF_POP_HIST(1.0),,I,ESP,POP,PS,_T,_T,H,2008,45983169.0,A,0,0
DATAFLOW,OECD.ELS.SAE:DSD_POPULATION@DF_POP_HIST(1.0),,I,ESP,POP,PS,_T,_T,H,2009,46367550.0,A,0,0
DATAFLOW,OECD.ELS.SAE:DSD_POPULATION@DF_POP_HIST(1.0),,I,ESP,POP,PS,_T,_T,H,2010,46562483.0,A,0,0
DATAFLOW,OECD.ELS.SAE:DSD_POPULATION@DF_POP_HIST(1.0),,I,ESP,POP,PS,_T,_T,H,2011,46736257.0,A,0,0
DATAFLOW,OECD.ELS.SAE:DSD_POPULATION@DF_POP_HIST(1.0),,I,SWE,POP,PS,_T,_T,H,1950,7016496.0,A,0,0
DATAFLOW,OECD.ELS.SAE:DSD_POPULATION@DF_POP_HIST(1.0),,I,SWE,POP,PS,_T,_T,H,1951,7072824.0,A,0,0
DATAFLOW,OECD.ELS.SAE:DSD_POPULATION@DF_POP_HIST(1.0),,I,SWE,POP,PS,_T,_T,H,1952,7124675.0,A,0,0
DATAFLOW,OECD.ELS.SAE:DSD_POPULATION@DF_POP_HIST(1.0),,I,SWE,POP,PS,_T,_T,H,1953,7171458.0,A,0,0
DATAFLOW,OECD.ELS.SAE:DSD_POPULATION@DF_POP_HIST(1.0),,I,SWE,POP,PS,_T,_T,H,1954,7213487.0,A,0,0
DATAFLOW,OECD.ELS.SAE:DSD_POPULATION@DF_POP_HIST(1.0),,I,SWE,POP,PS,_T,_T,H,1955,7262384.0,A,0,0
DATAFLOW,OECD.ELS.SAE:DSD_POPULATION@DF_POP_HIST(1.0),,I,SWE,POP,PS,_T,_T,H,1956,7315622.0,A,0,0
DATAFLOW,OECD.ELS.SAE:DSD_POPULATION@DF_POP_HIST(1.0),,I,SWE,POP,PS,_T,_T,H,1957,7366998.0,A,0,0
DATAFLOW,OECD.ELS.SAE:DSD_POPULATION@DF_POP_HIST(1.0),,I,SWE,POP,PS,_T,_T,H,1958,7414468.0,A,0,0
DATAFLOW,OECD.ELS.SAE:DSD_POPULATION@DF_POP_HIST(1.0),,I,SWE,POP,PS,_T,_T,H,1959,7453705.0,A,0,0
DATAFLOW,OECD.ELS.SAE:DSD_POPULATION@DF_POP_HIST(1.0),,I,SWE,POP,PS,_T,_T,H,1960,7484655.0,A,0,0
DATAFLOW,OECD.ELS.SAE:DSD_POPULATION@DF_POP_HIST(1.0),,I,SWE,POP,PS,_T,_T,H,1961,7519998.0,A,0,0
DATAFLOW,OECD.ELS.SAE:DSD_POPULATION@DF_POP_HIST(1.0),,I,SWE,POP,PS,_T,_T,H,1962,7561582.0,A,0,0
DATAFLOW,OECD.ELS.SAE:DSD_POPULATION@DF_POP_HIST(1.0),,I,SWE,POP,PS,_T,_T,H,1963,7604326.0,A,0,0
DATAFLOW,OECD.ELS.SAE:DSD_POPULATION@DF_POP_HIST(1.0),,I,SWE,POP,PS,_T,_T,H,1964,7661351.0,A,0,0
DATAFLOW,OECD.ELS.SAE:DSD_POPULATION@DF_POP_HIST(1.0),,I,SWE,POP,PS,_T,_T,H,1965,7733852.0,A,0,0
DATAFLOW,OECD.ELS.SAE:DSD_POPULATION@DF_POP_HIST(1.0),,I,SWE,POP,PS,_T,_T,H,1966,7807795.0,A,0,0
DATAFLOW,OECD.ELS.SAE:DSD_POPULATION@DF_POP_HIST(1.0),,I,SWE,POP,PS,_T,_T,H,1967,7867942.0,A,0,0
DATAFLOW,OECD.ELS.SAE:DSD_POPULATION@DF_POP_HIST(1.0),,I,SWE,POP,PS,_T,_T,H,1968,7911980.0,A,0,0
DATAFLOW,OECD.ELS.SAE:DSD_POPULATION@DF_POP_HIST(1.0),,I,SWE,POP,PS,_T,_T,H,1969,7967732.0,A,0,0
DATAFLOW,OECD.ELS.SAE:DSD_POPULATION@DF_POP_HIST(1.0),,I,SWE,POP,PS,_T,_T,H,1970,8042706.0,A,0,0
DATAFLOW,OECD.ELS.SAE:DSD_POPULATION@DF_POP_HIST(1.0),,I,SWE,POP,PS,_T,_T,H,1971,8098145.0,A,0,0
DATAFLOW,OECD.ELS.SAE:DSD_POPULATION@DF_POP_HIST(1.0),,I,SWE,POP,PS,_T,_T,H,1972,8122154.0,A,0,0
DATAFLOW,OECD.ELS.SAE:DSD_POPULATION@DF_POP_HIST(1.0),,I,SWE,POP,PS,_T,_T,H,1973,8136779.0,A,0,0
DATAFLOW,OECD.ELS.SAE:DSD_POPULATION@DF_POP_HIST(1.0),,I,SWE,POP,PS,_T,_T,H,1974,8160562.0,A,0,0
DATAFLOW,OECD.ELS.SAE:DSD_POPULATION@DF_POP_HIST(1.0),,I,SWE,POP,PS,_T,_T,H,1975,8192567.0,A,0,0
DATAFLOW,OECD.ELS.SAE:DSD_POPULATION@DF_POP_HIST(1.0),,I,SWE,POP,PS,_T,_T,H,1976,8222309.0,A,0,0
DATAFLOW,OECD.ELS.SAE:DSD_POPULATION@DF_POP_HIST(1.0),,I,SWE,POP,PS,_T,_T,H,1977,8251653.0,A,0,0
DATAFLOW,OECD.ELS.SAE:DSD_POPULATION@DF_POP_HIST(1.0),,I,SWE,POP,PS,_T,_T,H,1978,8275775.0,A,0,0
DATAFLOW,OECD.ELS.SAE:DSD_POPULATION@DF_POP_HIST(1.0),,I,SWE,POP,PS,_T,_T,H,1979,8293728.0,A,0,0
DATAFLOW,OECD.ELS.SAE:DSD_POPULATION@DF_POP_HIST(1.0),,I,SWE,POP,PS,_T,_T,H,1980,8310477.0,A,0,0
DATAFLOW,OECD.ELS.SAE:DSD_POPULATION@DF_POP_HIST(1.0),,I,SWE,POP,PS,_T,_T,H,1981,8320482.0,A,0,0
DATAFLOW,OECD.ELS.SAE:DSD_POPULATION@DF_POP_HIST(1.0),,I,SWE,POP,PS,_T,_T,H,1982,8325260.0,A,0,0
DATAFLOW,OECD.ELS.SAE:DSD_POPULATION@DF_POP_HIST(1.0),,I,SWE,POP,PS,_T,_T,H,1983,8329025.0,A,0,0
DATAFLOW,OECD.ELS.SAE:DSD_POPULATION@DF_POP_HIST(1.0),,I,SWE,POP,PS,_T,_T,H,1984,8336595.0,A,0,0
DATAFLOW,OECD.ELS.SAE:DSD_POPULATION@DF_POP_HIST(1.0),,I,SWE,POP,PS,_T,_T,H,1985,8350378.0,A,0,0
DATAFLOW,OECD.ELS.SAE:DSD_POPULATION@DF_POP_HIST(1.0),,I,SWE,POP,PS,_T,_T,H,1986,8369824.0,A,0,0
DATAFLOW,OECD.ELS.SAE:DSD_POPULATION@DF_POP_HIST(1.0),,I,SWE,POP,PS,_T,_T,H,1987,8397797.0,A,0,0
DATAFLOW,OECD.ELS.SAE:DSD_POPULATION@DF_POP_HIST(1.0),,I,SWE,POP,PS,_T,_T,H,1988,8436483.0,A,0,0
DATAFLOW,OECD.ELS.SAE:DSD_POPULATION@DF_POP_HIST(1.0),,I,SWE,POP,PS,_T,_T,H,1989,8492959.0,A,0,0
DATAFLOW,OECD.ELS.SAE:DSD_POPULATION@DF_POP_HIST(1.0),,I,SWE,POP,PS,_T,_T,H,1990,8558834.0,A,0,0
DATAFLOW,OECD.ELS.SAE:DSD_POPULATION@DF_POP_HIST(1.0),,I,SWE,POP,PS,_T,_T,H,1991,8617376.0,A,0,0
DATAFLOW,OECD.ELS.SAE:DSD_POPULATION@DF_POP_HIST(1.0),,I,SWE,POP,PS,_T,_T,H,1992,8668065.0,A,0,0
DATAFLOW,OECD.ELS.SAE:DSD_POPULATION@DF_POP_HIST(1.0),,I,SWE,POP,PS,_T,_T,H,1993,8718558.0,A,0,0
DATAFLOW,OECD.ELS.SAE:DSD_POPULATION@DF_POP_HIST(1.0),,I,SWE,POP,PS,_T,_T,H,1994,8780741.0,A,0,0
DATAFLOW,OECD.ELS.SAE:DSD_POPULATION@DF_POP_HIST(1.0),,I,SWE,POP,PS,_T,_T,H,1995,8826944.0,A,0,0
DATAFLOW,OECD.ELS.SAE:DSD_POPULATION@DF_POP_HIST(1.0),,I,SWE,POP,PS,_T,_T,H,1996,8840999.0,A,0,0
DATAFLOW,OECD.ELS.SAE:DSD_POPULATION@DF_POP_HIST(1.0),,I,SWE,POP,PS,_T,_T,H,1997,8846059.0,A,0,0
DATAFLOW,OECD.ELS.SAE:DSD_POPULATION@DF_POP_HIST(1.0),,I,SWE,POP,PS,_T,_T,H,1998,8850975.0,A,0,0
DATAFLOW,OECD.ELS.SAE:DSD_POPULATION@DF_POP_HIST(1.0),,I,SWE,POP,PS,_T,_T,H,1999,8857879.0,A,0,0
DATAFLOW,OECD.ELS.SAE:DSD_POPULATION@DF_POP_HIST(1.0),,I,GBR,POP,PS,_T,_T,H,1950,50373389.0,A,0,0
DATAFLOW,OECD.ELS.SAE:DSD_POPULATION@DF_POP_HIST(1.0),,I,GBR,POP,PS,_T,_T,H,1951,50282336.0,A,0,0
DATAFLOW,OECD.ELS.SAE:DSD_POPULATION@DF_POP_HIST(1.0),,I,GBR,POP,PS,_T,_T,H,1952,50443878.0,A,0,0
DATAFLOW,OECD.ELS.SAE:DSD_POPULATION@DF_POP_HIST(1.0),,I,GBR,POP,PS,_T,_T,H,1953,50610712.0,A,0,0
DATAFLOW,OECD.ELS.SAE:DSD_POPULATION@DF_POP_HIST(1.0),,I,GBR,POP,PS,_T,_T,H,1954,50784636.0,A,0,0
DATAFLOW,OECD.ELS.SAE:DSD_POPULATION@DF_POP_HIST(1.0),,I,GBR,POP,PS,_T,_T,H,1955,50968092.0,A,0,0
DATAFLOW,OECD.ELS.SAE:DSD_POPULATION@DF_POP_HIST(1.0),,I,GBR,POP,PS,_T,_T,H,1956,51208178.0,A,0,0
DATAFLOW,OECD.ELS.SAE:DSD_POPULATION@DF_POP_HIST(1.0),,I,GBR,POP,PS,_T,_T,H,1957,51455520.0,A,0,0
DATAFLOW,OECD.ELS.SAE:DSD_POPULATION@DF_POP_HIST(1.0),,I,GBR,POP,PS,_T,_T,H,1958,51680292.0,A,0,0
DATAFLOW,OECD.ELS.SAE:DSD_POPULATION@DF_POP_HIST(1.0),,I,GBR,POP,PS,_T,_T,H,1959,51985360.0,A,0,0
DATAFLOW,OECD.ELS.SAE:DSD_POPULATION@DF_POP_HIST(1.0),,I,GBR,POP,PS,_T,_T,H,1960,52448523.0,A,0,0
DATAFLOW,OECD.ELS.SAE:DSD_POPULATION@DF_POP_HIST(1.0),,I,GBR,POP,PS,_T,_T,H,1961,52708934.0,A,0,0
DATAFLOW,OECD.ELS.SAE:DSD_POPULATION@DF_POP_HIST(1.0),,I,GBR,POP,PS,_T,_T,H,1962,53341128.0,A,0,0
DATAFLOW,OECD.ELS.SAE:DSD_POPULATION@DF_POP_HIST(1.0),,I,GBR,POP,PS,_T,_T,H,1963,53678200.0,A,0,0
DATAFLOW,OECD.ELS.SAE:DSD_POPULATION@DF_POP_HIST(1.0),,I,GBR,POP,PS,_T,_T,H,1964,54065700.0,A,0,0
DATAFLOW,OECD.ELS.SAE:DSD_POPULATION@DF_POP_HIST(1.0),,I,GBR,POP,PS,_T,_T,H,1965,54435700.0,A,0,0
DATAFLOW,OECD.ELS.SAE:DSD_POPULATION@DF_POP_HIST(1.0),,I,GBR,POP,PS,_T,_T,H,1966,54654100.0,A,0,0
DATAFLOW,OECD.ELS.SAE:DSD_POPULATION@DF_POP_HIST(1.0),,I,GBR,POP,PS,_T,_T,H,1967,54978400.0,A,0,0
DATAFLOW,OECD.ELS.SAE:DSD_POPULATION@DF_POP_HIST(1.0),,I,GBR,POP,PS,_T,_T,H,1968,55282500.0,A,0,0
DATAFLOW,OECD.ELS.SAE:DSD_POPULATION@DF_POP_HIST(1.0),,I,GBR,POP,PS,_T,_T,H,1969,55534000.0,A,0,0
DATAFLOW,OECD.ELS.SAE:DSD_POPULATION@DF_POP_HIST(1.0),,I,GBR,POP,PS,_T,_T,H,1970,55710700.0,A,0,0
DATAFLOW,OECD.ELS.SAE:DSD_POPULATION@DF_POP_HIST(1.0),,I,GBR,POP,PS,_T,_T,H,1971,55928013.0,A,0,0
DATAFLOW,OECD.ELS.SAE:DSD_POPULATION@DF_POP_HIST(1.0),,I,GBR,POP,PS,_T,_T,H,1972,56096677.0,A,0,0
DATAFLOW,OECD.ELS.SAE:DSD_POPULATION@DF_POP_HIST(1.0),,I,GBR,POP,PS,_T,_T,H,1973,56222893.0,A,0,0
DATAFLOW,OECD.ELS.SAE:DSD_POPULATION@DF_POP_HIST(1.0),,I,GBR,POP,PS,_T,_T,H,1974,56235642.0,A,0,0
DATAFLOW,OECD.ELS.SAE:DSD_POPULATION@DF_POP_HIST(1.0),,I,GBR,POP,PS,_T,_T,H,1975,56225718.0,A,0,0
DATAFLOW,OECD.ELS.SAE:DSD_POPULATION@DF_POP_HIST(1.0),,I,GBR,POP,PS,_T,_T,H,1976,56216121.0,A,0,0
DATAFLOW,OECD.ELS.SAE:DSD_POPULATION@DF_POP_HIST(1.0),,I,GBR,POP,PS,_T,_T,H,1977,56189910.0,A,0,0
DATAFLOW,OECD.ELS.SAE:DSD_POPULATION@DF_POP_HIST(1.0),,I,GBR,POP,PS,_T,_T,H,1978,56178025.0,A,0,0
DATAFLOW,OECD.ELS.SAE:DSD_POPULATION@DF_POP_HIST(1.0),,I,GBR,POP,PS,_T,_T,H,1979,56240053.0,A,0,0
DATAFLOW,OECD.ELS.SAE:DSD_POPULATION@DF_POP_HIST(1.0),,I,GBR,POP,PS,_T,_T,H,1980,56329673.0,A,0,0
DATAFLOW,OECD.ELS.SAE:DSD_POPULATION@DF_POP_HIST(1.0),,I,GBR,POP,PS,_T,_T,H,1981,56357464.0,A,0,0
DATAFLOW,OECD.ELS.SAE:DSD_POPULATION@DF_POP_HIST(1.0),,I,GBR,POP,PS,_T,_T,H,1982,56290711.0,A,0,0
DATAFLOW,OECD.ELS.SAE:DSD_POPULATION@DF_POP_HIST(1.0),,I,GBR,POP,PS,_T,_T,H,1983,56315677.0,A,0,0
DATAFLOW,OECD.ELS.SAE:DSD_POPULATION@DF_POP_HIST(1.0),,I,GBR,POP,PS,_T,_T,H,1984,56409327.0,A,0,0
DATAFLOW,OECD.ELS.SAE:DSD_POPULATION@DF_POP_HIST(1.0),,I,GBR,POP,PS,_T,_T,H,1985,56553955.0,A,0,0
DATAFLOW,OECD.ELS.SAE:DSD_POPULATION@DF_POP_HIST(1.0),,I,GBR,POP,PS,_T,_T,H,1986,56683835.0,A,0,0
DATAFLOW,OECD.ELS.SAE:DSD_POPULATION@DF_POP_HIST(1.0),,I,GBR,POP,PS,_T,_T,H,1987,56803958.0,A,0,0
DATAFLOW,OECD.ELS.SAE:DSD_POPULATION@DF_POP_HIST(1.0),,I,GBR,POP,PS,_T,_T,H,1988,56916448.0,A,0,0
DATAFLOW,OECD.ELS.SAE:DSD_POPULATION@DF_POP_HIST(1.0),,I,GBR,POP,PS,_T,_T,H,1989,57076451.0,A,0,0
DATAFLOW,OECD.ELS.SAE:DSD_POPULATION@DF_POP_HIST(1.0),,I,GBR,POP,PS,_T,_T,H,1990,57237493.0,A,0,0
DATAFLOW,OECD.ELS.SAE:DSD_POPULATION@DF_POP_HIST(1.0),,I,GBR,POP,PS,_T,_T,H,1991,57438658.0,A,0,0
DATAFLOW,OECD.ELS.SAE:DSD_POPULATION@DF_POP_HIST(1.0),,I,GBR,POP,PS,_T,_T,H,1992,57584530.0,A,0,0
DATAFLOW,OECD.ELS.SAE:DSD_POPULATION@DF_POP_HIST(1.0),,I,GBR,POP,PS,_T,_T,H,1993,57713889.0,A,0,0
DATAFLOW,OECD.ELS.SAE:DSD_POPULATION@DF_POP_HIST(1.0),,I,GBR,POP,PS,_T,_T,H,1994,57862145.0,A,0,0
DATAFLOW,OECD.ELS.SAE:DSD_POPULATION@DF_POP_HIST(1.0),,I,GBR,POP,PS,_T,_T,H,1995,58024799.0,A,0,0
DATAFLOW,OECD.ELS.SAE:DSD_POPULATION@DF_POP_HIST(1.0),,I,GBR,POP,PS,_T,_T,H,1996,58164374.0,A,0,0
DATAFLOW,OECD.ELS.SAE:DSD_POPULATION@DF_POP_HIST(1.0),,I,GBR,POP,PS,_T,_T,H,1997,58314249.0,A,0,0
DATAFLOW,OECD.ELS.SAE:DSD_POPULATION@DF_POP_HIST(1.0),,I,GBR,POP,PS,_T,_T,H,1998,58474943.0,A,0,0
DATAFLOW,OECD.ELS.SAE:DSD_POPULATION@DF_POP_HIST(1.0),,I,GBR,POP,PS,_T,_T,H,1999,58684427.0,A,0,0
DATAFLOW,OECD.ELS.SAE:DSD_POPULATION@DF_POP_HIST(1.0),,I,GBR,POP,PS,_T,_T,H,2000,58886065.0,A,0,0
DATAFLOW,OECD.ELS.SAE:DSD_POPULATION@DF_POP_HIST(1.0),,I,GBR,POP,PS,_T,_T,H,2001,59113016.0,A,0,0
DATAFLOW,OECD.ELS.SAE:DSD_POPULATION@DF_POP_HIST(1.0),,I,GBR,POP,PS,_T,_T,H,2002,59365677.0,A,0,0
DATAFLOW,OECD.ELS.SAE:DSD_POPULATION@DF_POP_HIST(1.0),,I,GBR,POP,PS,_T,_T,H,2003,59636662.0,A,0,0
DATAFLOW,OECD.ELS.SAE:DSD_POPULATION@DF_POP_HIST(1.0),,I,GBR,POP,PS,_T,_T,H,2004,59950364.0,A,0,0
DATAFLOW,OECD.ELS.SAE:DSD_POPULATION@DF_POP_HIST(1.0),,I,GBR,POP,PS,_T,_T,H,2005,60413276.0,A,0,0
DATAFLOW,OECD.ELS.SAE:DSD_POPULATION@DF_POP_HIST(1.0),,I,GBR,POP,PS,_T,_T,H,2007,61319075.0,A,0,0
DATAFLOW,OECD.ELS.SAE:DSD_POPULATION@DF_POP_HIST(1.0),,I,GBR,POP,PS,_T,_T,H,2008,61823772.0,A,0,0
DATAFLOW,OECD.ELS.SAE:DSD_POPULATION@DF_POP_HIST(1.0),,I,GBR,POP,PS,_T,_T,H,2009,62260486.0,A,0,0
DATAFLOW,OECD.ELS.SAE:DSD_POPULATION@DF_POP_HIST(1.0),,I,GBR,POP,PS,_T,_T,H,2010,62759456.0,A,0,0
DATAFLOW,OECD.ELS.SAE:DSD_POPULATION@DF_POP_HIST(1.0),,I,GBR,POP,PS,_T,_T,H,2011,63285145.0,A,0,0
DATAFLOW,OECD.ELS.SAE:DSD_POPULATION@DF_POP_HIST(1.0),,I,USA,POP,PS,_T,_T,H,1950,152271417.0,A,0,0
DATAFLOW,OECD.ELS.SAE:DSD_POPULATION@DF_POP_HIST(1.0),,I,USA,POP,PS,_T,_T,H,1951,154877889.0,A,0,0
DATAFLOW,OECD.ELS.SAE:DSD_POPULATION@DF_POP_HIST(1.0),,I,USA,POP,PS,_T,_T,H,1952,157552740.0,A,0,0
DATAFLOW,OECD.ELS.SAE:DSD_POPULATION@DF_POP_HIST(1.0),,I,USA,POP,PS,_T,_T,H,1953,160184192.0,A,0,0
DATAFLOW,OECD.ELS.SAE:DSD_POPULATION@DF_POP_HIST(1.0),,I,USA,POP,PS,_T,_T,H,1954,163025854.0,A,0,0
DATAFLOW,OECD.ELS.SAE:DSD_POPULATION@DF_POP_HIST(1.0),,I,USA,POP,PS,_T,_T,H,1955,165931202.0,A,0,0
DATAFLOW,OECD.ELS.SAE:DSD_POPULATION@DF_POP_HIST(1.0),,I,USA,POP,PS,_T,_T,H,1956,168903031.0,A,0,0
DATAFLOW,OECD.ELS.SAE:DSD_POPULATION@DF_POP_HIST(1.0),,I,USA,POP,PS,_T,_T,H,1957,171984130.0,A,0,0
DATAFLOW,OECD.ELS.SAE:DSD_POPULATION@DF_POP_HIST(1.0),,I,USA,POP,PS,_T,_T,H,1958,174881904.0,A,0,0
DATAFLOW,OECD.ELS.SAE:DSD_POPULATION@DF_POP_HIST(1.0),,I,USA,POP,PS,_T,_T,H,1959,177829628.0,A,0,0
DATAFLOW,OECD.ELS.SAE:DSD_POPULATION@DF_POP_HIST(1.0),,I,USA,POP,PS,_T,_T,H,1960,180671158.0,A,0,0
DATAFLOW,OECD.ELS.SAE:DSD_POPULATION@DF_POP_HIST(1.0),,I,USA,POP,PS,_T,_T,H,1961,183691481.0,A,0,0
DATAFLOW,OECD.ELS.SAE:DSD_POPULATION@DF_POP_HIST(1.0),,I,USA,POP,PS,_T,_T,H,1962,186537737.0,A,0,0
DATAFLOW,OECD.ELS.SAE:DSD_POPULATION@DF_POP_HIST(1.0),,I,USA,POP,PS,_T,_T,H,1963,189241798.0,A,0,0
DATAFLOW,OECD.ELS.SAE:DSD_POPULATION@DF_POP_HIST(1.0),,I,USA,POP,PS,_T,_T,H,1964,191888791.0,A,0,0
DATAFLOW,OECD.ELS.SAE:DSD_POPULATION@DF_POP_HIST(1.0),,I,USA,POP,PS,_T,_T,H,1965,194302963.0,A,0,0
DATAFLOW,OECD.ELS.SAE:DSD_POPULATION@DF_POP_HIST(1.0),,I,USA,POP,PS,_T,_T,H,1966,196560338.0,A,0,0
DATAFLOW,OECD.ELS.SAE:DSD_POPULATION@DF_POP_HIST(1.0),,I,USA,POP,PS,_T,_T,H,1967,198712056.0,A,0,0
DATAFLOW,OECD.ELS.SAE:DSD_POPULATION@DF_POP_HIST(1.0),,I,USA,POP,PS,_T,_T,H,1968,200706052.0,A,0,0
DATAFLOW,OECD.ELS.SAE:DSD_POPULATION@DF_POP_HIST(1.0),,I,USA,POP,PS,_T,_T,H,1969,202676946.0,A,0,0
DATAFLOW,OECD.ELS.SAE:DSD_POPULATION@DF_POP_HIST(1.0),,I,USA,POP,PS,_T,_T,H,1970,205052174.0,A,0,0
DATAFLOW,OECD.ELS.SAE:DSD_POPULATION@DF_POP_HIST(1.0),,I,USA,POP,PS,_T,_T,H,1971,207660677.0,A,0,0
DATAFLOW,OECD.ELS.SAE:DSD_POPULATION@DF_POP_HIST(1.0),,I,USA,POP,PS,_T,_T,H,1972,209896021.0,A,0,0
DATAFLOW,OECD.ELS.SAE:DSD_POPULATION@DF_POP_HIST(1.0),,I,USA,POP,PS,_T,_T,H,1973,211908788.0,A,0,0
DATAFLOW,OECD.ELS.SAE:DSD_POPULATION@DF_POP_HIST(1.0),,I,USA,POP,PS,_T,_T,H,1974,213853928.0,A,0,0
DATAFLOW,OECD.ELS.SAE:DSD_POPULATION@DF_POP_HIST(1.0),,I,USA,POP,PS,_T,_T,H,1975,215973199.0,A,0,0
DATAFLOW,OECD.ELS.SAE:DSD_POPULATION@DF_POP_HIST(1.0),,I,USA,POP,PS,_T,_T,H,1976,218035164.0,A,0,0
DATAFLOW,OECD.ELS.SAE:DSD_POPULATION@DF_POP_HIST(1.0),,I,USA,POP,PS,_T,_T,H,1977,220239425.0,A,0,0
DATAFLOW,OECD.ELS.SAE:DSD_POPULATION@DF_POP_HIST(1.0),,I,USA,POP,PS,_T,_T,H,1978,222584545.0,A,0,0
DATAFLOW,OECD.ELS.SAE:DSD_POPULATION@DF_POP_HIST(1.0),,I,USA,POP,PS,_T,_T,H,1979,225055487.0,A,0,0
DATAFLOW,OECD.ELS.SAE:DSD_POPULATION@DF_POP_HIST(1.0),,I,USA,POP,PS,_T,_T,H,1980,227224681.0,A,0,0
DATAFLOW,OECD.ELS.SAE:DSD_POPULATION@DF_POP_HIST(1.0),,I,USA,POP,PS,_T,_T,H,1981,229465714.0,A,0,0
DATAFLOW,OECD.ELS.SAE:DSD_POPULATION@DF_POP_HIST(1.0),,I,USA,POP,PS,_T,_T,H,1982,231664458.0,A,0,0
DATAFLOW,OECD.ELS.SAE:DSD_POPULATION@DF_POP_HIST(1.0),,I,USA,POP,PS,_T,_T,H,1983,233791994.0,A,0,0
DATAFLOW,OECD.ELS.SAE:DSD_POPULATION@DF_POP_HIST(1.0),,I,USA,POP,PS,_T,_T,H,1984,235824902.0,A,0,0
DATAFLOW,OECD.ELS.SAE:DSD_POPULATION@DF_POP_HIST(1.0),,I,USA,POP,PS,_T,_T,H,1985,237923795.0,A,0,0
DATAFLOW,OECD.ELS.SAE:DSD_POPULATION@DF_POP_HIST(1.0),,I,USA,POP,PS,_T,_T,H,1986,240132887.0,A,0,0
DATAFLOW,OECD.ELS.SAE:DSD_POPULATION@DF_POP_HIST(1.0),,I,USA,POP,PS,_T,_T,H,1987,242288918.0,A,0,0
DATAFLOW,OECD.ELS.SAE:DSD_POPULATION@DF_POP_HIST(1.0),,I,USA,POP,PS,_T,_T,H,1988,244498982.0,A,0,0
DATAFLOW,OECD.ELS.SAE:DSD_POPULATION@DF_POP_HIST(1.0),,I,USA,POP,PS,_T,_T,H,1989,246819230.0,A,0,0
DATAFLOW,OECD.ELS.SAE:DSD_POPULATION@DF_POP_HIST(1.0),,I,USA,POP,PS,_T,_T,H,1990,249622814.0,A,0,0
DATAFLOW,OECD.ELS.SAE:DSD_POPULATION@DF_POP_HIST(1.0),,I,USA,POP,PS,_T,_T,H,1991,252980941.0,A,0,0
DATAFLOW,OECD.ELS.SAE:DSD_POPULATION@DF_POP_HIST(1.0),,I,USA,POP,PS,_T,_T,H,1992,256514224.0,A,0,0
DATAFLOW,OECD.ELS.SAE:DSD_POPULATION@DF_POP_HIST(1.0),,I,USA,POP,PS,_T,_T,H,1993,259918588.0,A,0,0
DATAFLOW,OECD.ELS.SAE:DSD_POPULATION@DF_POP_HIST(1.0),,I,USA,POP,PS,_T,_T,H,1994,263125821.0,A,0,0
DATAFLOW,OECD.ELS.SAE:DSD_POPULATION@DF_POP_HIST(1.0),,I,USA,POP,PS,_T,_T,H,1995,266278393.0,A,0,0
DATAFLOW,OECD.ELS.SAE:DSD_POPULATION@DF_POP_HIST(1.0),,I,USA,POP,PS,_T,_T,H,1996,269394284.0,A,0,0
DATAFLOW,OECD.ELS.SAE:DSD_POPULATION@DF_POP_HIST(1.0),,I,USA,POP,PS,_T,_T,H,1997,272646925.0,A,0,0
DATAFLOW,OECD.ELS.SAE:DSD_POPULATION@DF_POP_HIST(1.0),,I,USA,POP,PS,_T,_T,H,1998,275854104.0,A,0,0
DATAFLOW,OECD.ELS.SAE:DSD_POPULATION@DF_POP_HIST(1.0),,I,USA,POP,PS,_T,_T,H,1999,279040168.0,A,0,0
DATAFLOW,OECD.ELS.SAE:DSD_POPULATION@DF_POP_HIST(1.0),,I,USA,POP,PS,_T,_T,H,2000,282162411.0,A,0,0
DATAFLOW,OECD.ELS.SAE:DSD_POPULATION@DF_POP_HIST(1.0),,I,USA,POP,PS,_T,_T,H,2001,284968955.0,A,0,0
DATAFLOW,OECD.ELS.SAE:DSD_POPULATION@DF_POP_HIST(1.0),,I,USA,POP,PS,_T,_T,H,2002,287625193.0,A,0,0
DATAFLOW,OECD.ELS.SAE:DSD_POPULATION@DF_POP_HIST(1.0),,I,USA,POP,PS,_T,_T,H,2003,290107933.0,A,0,0
DATAFLOW,OECD.ELS.SAE:DSD_POPULATION@DF_POP_HIST(1.0),,I,USA,POP,PS,_T,_T,H,2004,292805298.0,A,0,0
DATAFLOW,OECD.ELS.SAE:DSD_POPULATION@DF_POP_HIST(1.0),,I,USA,POP,PS,_T,_T,H,2005,295516599.0,A,0,0
DATAFLOW,OECD.ELS.SAE:DSD_POPULATION@DF_POP_HIST(1.0),,I,USA,POP,PS,_T,_T,H,2006,298379912.0,A,0,0
DATAFLOW,OECD.ELS.SAE:DSD_POPULATION@DF_POP_HIST(1.0),,I,USA,POP,PS,_T,_T,H,2007,301231207.0,A,0,0
DATAFLOW,OECD.ELS.SAE:DSD_POPULATION@DF_POP_HIST(1.0),,I,USA,POP,PS,_T,_T,H,2008,304093966.0,A,0,0
DATAFLOW,OECD.ELS.SAE:DSD_POPULATION@DF_POP_HIST(1.0),,I,USA,POP,PS,_T,_T,H,2009,306771529.0,A,0,0
DATAFLOW,OECD.ELS.SAE:DSD_POPULATION@DF_POP_HIST(1.0),,I,BRA,POP,PS,_T,_T,H,1980,122081510.0,A,0,0
DATAFLOW,OECD.ELS.SAE:DSD_POPULATION@DF_POP_HIST(1.0),,I,BRA,POP,PS,_T,_T,H,1981,124807167.0,A,0,0
DATAFLOW,OECD.ELS.SAE:DSD_POPULATION@DF_POP_HIST(1.0),,I,BRA,POP,PS,_T,_T,H,1982,127604588.0,A,0,0
DATAFLOW,OECD.ELS.SAE:DSD_POPULATION@DF_POP_HIST(1.0),,I,BRA,POP,PS,_T,_T,H,1983,130434274.0,A,0,0
DATAFLOW,OECD.ELS.SAE:DSD_POPULATION@DF_POP_HIST(1.0),,I,BRA,POP,PS,_T,_T,H,1984,133238189.0,A,0,0
DATAFLOW,OECD.ELS.SAE:DSD_POPULATION@DF_POP_HIST(1.0),,I,BRA,POP,PS,_T,_T,H,1985,135979454.0,A,0,0
DATAFLOW,OECD.ELS.SAE:DSD_POPULATION@DF_POP_HIST(1.0),,I,BRA,POP,PS,_T,_T,H,1986,138662472.0,A,0,0
DATAFLOW,OECD.ELS.SAE:DSD_POPULATION@DF_POP_HIST(1.0),,I,BRA,POP,PS,_T,_T,H,1987,141282564.0,A,0,0
DATAFLOW,OECD.ELS.SAE:DSD_POPULATION@DF_POP_HIST(1.0),,I,BRA,POP,PS,_T,_T,H,1988,143851505.0,A,0,0
DATAFLOW,OECD.ELS.SAE:DSD_POPULATION@DF_POP_HIST(1.0),,I,BRA,POP,PS,_T,_T,H,1989,146393753.0,A,0,0
DATAFLOW,OECD.ELS.SAE:DSD_POPULATION@DF_POP_HIST(1.0),,I,BRA,POP,PS,_T,_T,H,1990,148935328.0,A,0,0
DATAFLOW,OECD.ELS.SAE:DSD_POPULATION@DF_POP_HIST(1.0),,I,BRA,POP,PS,_T,_T,H,1991,151467861.0,A,0,0
DATAFLOW,OECD.ELS.SAE:DSD_POPULATION@DF_POP_HIST(1.0),,I,BRA,POP,PS,_T,_T,H,1992,153973883.0,A,0,0
DATAFLOW,OECD.ELS.SAE:DSD_POPULATION@DF_POP_HIST(1.0),,I,BRA,POP,PS,_T,_T,H,1993,156454116.0,A,0,0
DATAFLOW,OECD.ELS.SAE:DSD_POPULATION@DF_POP_HIST(1.0),,I,BRA,POP,PS,_T,_T,H,1994,158910651.0,A,0,0
DATAFLOW,OECD.ELS.SAE:DSD_POPULATION@DF_POP_HIST(1.0),,I,BRA,POP,PS,_T,_T,H,1995,161345581.0,A,0,0
DATAFLOW,OECD.ELS.SAE:DSD_POPULATION@DF_POP_HIST(1.0),,I,BRA,POP,PS,_T,_T,H,1996,163767821.0,A,0,0
DATAFLOW,OECD.ELS.SAE:DSD_POPULATION@DF_POP_HIST(1.0),,I,BRA,POP,PS,_T,_T,H,1997,166187066.0,A,0,0
DATAFLOW,OECD.ELS.SAE:DSD_POPULATION@DF_POP_HIST(1.0),,I,BRA,POP,PS,_T,_T,H,1998,168606400.0,A,0,0
DATAFLOW,OECD.ELS.SAE:DSD_POPULATION@DF_POP_HIST(1.0),,I,BRA,POP,PS,_T,_T,H,1999,171029011.0,A,0,0
DATAFLOW,OECD.ELS.SAE:DSD_POPULATION@DF_POP_HIST(1.0),,I,BRA,POP,PS,_T,_T,H,2000,173765726.0,A,0,0
DATAFLOW,OECD.ELS.SAE:DSD_POPULATION@DF_POP_HIST(1.0),,I,BRA,POP,PS,_T,_T,H,2001,176208646.0,A,0,0
DATAFLOW,OECD.ELS.SAE:DSD_POPULATION@DF_POP_HIST(1.0),,I,BRA,POP,PS,_T,_T,H,2002,178499255.0,A,0,0
DATAFLOW,OECD.ELS.SAE:DSD_POPULATION@DF_POP_HIST(1.0),,I,BRA,POP,PS,_T,_T,H,2003,180708344.0,A,0,0
DATAFLOW,OECD.ELS.SAE:DSD_POPULATION@DF_POP_HIST(1.0),,I,BRA,POP,PS,_T,_T,H,2004,182865043.0,A,0,0
DATAFLOW,OECD.ELS.SAE:DSD_POPULATION@DF_POP_HIST(1.0),,I,BRA,POP,PS,_T,_T,H,2005,184991143.0,A,0,0
DATAFLOW,OECD.ELS.SAE:DSD_POPULATION@DF_POP_HIST(1.0),,I,BRA,POP,PS,_T,_T,H,2006,187061610.0,A,0,0
DATAFLOW,OECD.ELS.SAE:DSD_POPULATION@DF_POP_HIST(1.0),,I,BRA,POP,PS,_T,_T,H,2007,189038268.0,A,0,0
DATAFLOW,OECD.ELS.SAE:DSD_POPULATION@DF_POP_HIST(1.0),,I,BRA,POP,PS,_T,_T,H,2008,191010274.0,A,0,0
DATAFLOW,OECD.ELS.SAE:DSD_POPULATION@DF_POP_HIST(1.0),,I,BRA,POP,PS,_T,_T,H,2009,192980905.0,A,0,0
DATAFLOW,OECD.ELS.SAE:DSD_POPULATION@DF_POP_HIST(1.0),,I,BRA,POP,PS,_T,_T,H,2010,194890682.0,A,0,0
DATAFLOW,OECD.ELS.SAE:DSD_POPULATION@DF_POP_HIST(1.0),,I,BRA,POP,PS,_T,_T,H,2011,196603732.0,A,0,0
DATAFLOW,OECD.ELS.SAE:DSD_POPULATION@DF_POP_HIST(1.0),,I,BRA,POP,PS,_T,_T,H,2012,198314934.0,A,0,0
DATAFLOW,OECD.ELS.SAE:DSD_POPULATION@DF_POP_HIST(1.0),,I,BRA,POP,PS,_T,_T,H,2013,200004188.0,A,0,0
DATAFLOW,OECD.ELS.SAE:DSD_POPULATION@DF_POP_HIST(1.0),,I,BRA,POP,PS,_T,_T,H,2014,201717541.0,A,0,0
DATAFLOW,OECD.ELS.SAE:DSD_POPULATION@DF_POP_HIST(1.0),,I,BRA,POP,PS,_T,_T,H,2015,203475683.0,A,0,0
DATAFLOW,OECD.ELS.SAE:DSD_POPULATION@DF_POP_HIST(1.0),,I,BRA,POP,PS,_T,_T,H,2016,205156587.0,A,0,0
DATAFLOW,OECD.ELS.SAE:DSD_POPULATION@DF_POP_HIST(1.0),,I,BRA,POP,PS,_T,_T,H,2017,206804741.0,A,0,0
DATAFLOW,OECD.ELS.SAE:DSD_POPULATION@DF_POP_HIST(1.0),,I,BRA,POP,PS,_T,_T,H,2018,208494900.0,A,0,0
DATAFLOW,OECD.ELS.SAE:DSD_POPULATION@DF_POP_HIST(1.0),,I,BRA,POP,PS,_T,_T,H,2019,210147125.0,A,0,0
DATAFLOW,OECD.ELS.SAE:DSD_POPULATION@DF_POP_HIST(1.0),,I,BRA,POP,PS,_T,_T,H,2020,211755692.0,A,0,0
DATAFLOW,OECD.ELS.SAE:DSD_POPULATION@DF_POP_HIST(1.0),,I,BRA,POP,PS,_T,_T,H,2021,213317639.0,A,0,0
DATAFLOW,OECD.ELS.SAE:DSD_POPULATION@DF_POP_HIST(1.0),,I,BRA,POP,PS,_T,_T,H,2022,214828540.0,A,0,0
DATAFLOW,OECD.ELS.SAE:DSD_POPULATION@DF_POP_HIST(1.0),,I,BGR,POP,PS,_T,_T,H,1960,7867374.0,A,0,0
DATAFLOW,OECD.ELS.SAE:DSD_POPULATION@DF_POP_HIST(1.0),,I,BGR,POP,PS,_T,_T,H,1961,7943118.0,A,0,0
DATAFLOW,OECD.ELS.SAE:DSD_POPULATION@DF_POP_HIST(1.0),,I,BGR,POP,PS,_T,_T,H,1962,8012946.0,A,0,0
DATAFLOW,OECD.ELS.SAE:DSD_POPULATION@DF_POP_HIST(1.0),,I,BGR,POP,PS,_T,_T,H,1963,8078145.0,A,0,0
DATAFLOW,OECD.ELS.SAE:DSD_POPULATION@DF_POP_HIST(1.0),,I,BGR,POP,PS,_T,_T,H,1964,8144340.0,A,0,0
DATAFLOW,OECD.ELS.SAE:DSD_POPULATION@DF_POP_HIST(1.0),,I,BGR,POP,PS,_T,_T,H,1965,8204168.0,A,0,0
DATAFLOW,OECD.ELS.SAE:DSD_POPULATION@DF_POP_HIST(1.0),,I,BGR,POP,PS,_T,_T,H,1966,8258057.0,A,0,0
DATAFLOW,OECD.ELS.SAE:DSD_POPULATION@DF_POP_HIST(1.0),,I,BGR,POP,PS,_T,_T,H,1967,8310226.0,A,0,0
DATAFLOW,OECD.ELS.SAE:DSD_POPULATION@DF_POP_HIST(1.0),,I,BGR,POP,PS,_T,_T,H,1968,8369603.0,A,0,0
DATAFLOW,OECD.ELS.SAE:DSD_POPULATION@DF_POP_HIST(1.0),,I,BGR,POP,PS,_T,_T,H,1969,8434172.0,A,0,0
DATAFLOW,OECD.ELS.SAE:DSD_POPULATION@DF_POP_HIST(1.0),,I,BGR,POP,PS,_T,_T,H,1970,8489574.0,A,0,0
DATAFLOW,OECD.ELS.SAE:DSD_POPULATION@DF_POP_HIST(1.0),,I,BGR,POP,PS,_T,_T,H,1971,8536395.0,A,0,0
DATAFLOW,OECD.ELS.SAE:DSD_POPULATION@DF_POP_HIST(1.0),,I,BGR,POP,PS,_T,_T,H,1972,8576200.0,A,0,0
DATAFLOW,OECD.ELS.SAE:DSD_POPULATION@DF_POP_HIST(1.0),,I,BGR,POP,PS,_T,_T,H,1973,8620967.0,A,0,0
DATAFLOW,OECD.ELS.SAE:DSD_POPULATION@DF_POP_HIST(1.0),,I,BGR,POP,PS,_T,_T,H,1974,8678745.0,A,0,0
DATAFLOW,OECD.ELS.SAE:DSD_POPULATION@DF_POP_HIST(1.0),,I,BGR,POP,PS,_T,_T,H,1975,8720742.0,A,0,0
DATAFLOW,OECD.ELS.SAE:DSD_POPULATION@DF_POP_HIST(1.0),,I,BGR,POP,PS,_T,_T,H,1976,8758599.0,A,0,0
DATAFLOW,OECD.ELS.SAE:DSD_POPULATION@DF_POP_HIST(1.0),,I,BGR,POP,PS,_T,_T,H,1977,8804183.0,A,0,0
DATAFLOW,OECD.ELS.SAE:DSD_POPULATION@DF_POP_HIST(1.0),,I,BGR,POP,PS,_T,_T,H,1978,8814032.0,A,0,0
DATAFLOW,OECD.ELS.SAE:DSD_POPULATION@DF_POP_HIST(1.0),,I,BGR,POP,PS,_T,_T,H,1979,8825940.0,A,0,0
DATAFLOW,OECD.ELS.SAE:DSD_POPULATION@DF_POP_HIST(1.0),,I,BGR,POP,PS,_T,_T,H,1980,8861535.0,A,0,0
DATAFLOW,OECD.ELS.SAE:DSD_POPULATION@DF_POP_HIST(1.0),,I,BGR,POP,PS,_T,_T,H,1981,8891117.0,A,0,0
DATAFLOW,OECD.ELS.SAE:DSD_POPULATION@DF_POP_HIST(1.0),,I,BGR,POP,PS,_T,_T,H,1982,8917457.0,A,0,0
DATAFLOW,OECD.ELS.SAE:DSD_POPULATION@DF_POP_HIST(1.0),,I,BGR,POP,PS,_T,_T,H,1983,8939738.0,A,0,0
DATAFLOW,OECD.ELS.SAE:DSD_POPULATION@DF_POP_HIST(1.0),,I,BGR,POP,PS,_T,_T,H,1984,8960679.0,A,0,0
DATAFLOW,OECD.ELS.SAE:DSD_POPULATION@DF_POP_HIST(1.0),,I,BGR,POP,PS,_T,_T,H,1985,8960547.0,A,0,0
DATAFLOW,OECD.ELS.SAE:DSD_POPULATION@DF_POP_HIST(1.0),,I,BGR,POP,PS,_T,_T,H,1986,8958171.0,A,0,0
DATAFLOW,OECD.ELS.SAE:DSD_POPULATION@DF_POP_HIST(1.0),,I,BGR,POP,PS,_T,_T,H,1987,8971359.0,A,0,0
DATAFLOW,OECD.ELS.SAE:DSD_POPULATION@DF_POP_HIST(1.0),,I,BGR,POP,PS,_T,_T,H,1988,8981446.0,A,0,0
DATAFLOW,OECD.ELS.SAE:DSD_POPULATION@DF_POP_HIST(1.0),,I,BGR,POP,PS,_T,_T,H,1989,8876972.0,A,0,0
DATAFLOW,OECD.ELS.SAE:DSD_POPULATION@DF_POP_HIST(1.0),,I,BGR,POP,PS,_T,_T,H,1993,8472313.0,A,0,0
DATAFLOW,OECD.ELS.SAE:DSD_POPULATION@DF_POP_HIST(1.0),,I,BGR,POP,PS,_T,_T,H,2004,7716860.0,A,0,0
DATAFLOW,OECD.ELS.SAE:DSD_POPULATION@DF_POP_HIST(1.0),,I,HRV,POP,PS,_T,_T,H,2001,4299642.0,A,0,0
DATAFLOW,OECD.ELS.SAE:DSD_POPULATION@DF_POP_HIST(1.0),,I,HRV,POP,PS,_T,_T,H,2002,4302174.0,A,0,0
DATAFLOW,OECD.ELS.SAE:DSD_POPULATION@DF_POP_HIST(1.0),,I,HRV,POP,PS,_T,_T,H,2003,4303399.0,A,0,0
DATAFLOW,OECD.ELS.SAE:DSD_POPULATION@DF_POP_HIST(1.0),,I,HRV,POP,PS,_T,_T,H,2004,4304600.0,A,0,0
DATAFLOW,OECD.ELS.SAE:DSD_POPULATION@DF_POP_HIST(1.0),,I,HRV,POP,PS,_T,_T,H,2005,4310145.0,A,0,0
DATAFLOW,OECD.ELS.SAE:DSD_POPULATION@DF_POP_HIST(1.0),,I,HRV,POP,PS,_T,_T,H,2006,4311159.0,A,0,0
DATAFLOW,OECD.ELS.SAE:DSD_POPULATION@DF_POP_HIST(1.0),,I,HRV,POP,PS,_T,_T,H,2007,4310217.0,A,0,0
DATAFLOW,OECD.ELS.SAE:DSD_POPULATION@DF_POP_HIST(1.0),,I,HRV,POP,PS,_T,_T,H,2008,4309705.0,A,0,0
DATAFLOW,OECD.ELS.SAE:DSD_POPULATION@DF_POP_HIST(1.0),,I,HRV,POP,PS,_T,_T,H,2009,4305181.0,A,0,0
DATAFLOW,OECD.ELS.SAE:DSD_POPULATION@DF_POP_HIST(1.0),,I,HRV,POP,PS,_T,_T,H,2010,4295427.0,A,0,0
DATAFLOW,OECD.ELS.SAE:DSD_POPULATION@DF_POP_HIST(1.0),,I,HRV,POP,PS,_T,_T,H,2011,4280622.0,A,0,0
DATAFLOW,OECD.ELS.SAE:DSD_POPULATION@DF_POP_HIST(1.0),,I,HRV,POP,PS,_T,_T,H,2021,3878981.0,A,0,0
DATAFLOW,OECD.ELS.SAE:DSD_POPULATION@DF_POP_HIST(1.0),,I,CYP,POP,PS,_T,_T,H,1982,523734.0,A,0,0
DATAFLOW,OECD.ELS.SAE:DSD_POPULATION@DF_POP_HIST(1.0),,I,CYP,POP,PS,_T,_T,H,1983,528071.0,A,0,0
DATAFLOW,OECD.ELS.SAE:DSD_POPULATION@DF_POP_HIST(1.0),,I,CYP,POP,PS,_T,_T,H,1984,534958.0,A,0,0
DATAFLOW,OECD.ELS.SAE:DSD_POPULATION@DF_POP_HIST(1.0),,I,CYP,POP,PS,_T,_T,H,1985,541502.0,A,0,0
DATAFLOW,OECD.ELS.SAE:DSD_POPULATION@DF_POP_HIST(1.0),,I,CYP,POP,PS,_T,_T,H,1986,547747.0,A,0,0
DATAFLOW,OECD.ELS.SAE:DSD_POPULATION@DF_POP_HIST(1.0),,I,CYP,POP,PS,_T,_T,H,1987,553736.0,A,0,0
DATAFLOW,OECD.ELS.SAE:DSD_POPULATION@DF_POP_HIST(1.0),,I,CYP,POP,PS,_T,_T,H,1988,559639.0,A,0,0
DATAFLOW,OECD.ELS.SAE:DSD_POPULATION@DF_POP_HIST(1.0),,I,CYP,POP,PS,_T,_T,H,1989,567674.0,A,0,0
DATAFLOW,OECD.ELS.SAE:DSD_POPULATION@DF_POP_HIST(1.0),,I,CYP,POP,PS,_T,_T,H,1990,579898.0,A,0,0
DATAFLOW,OECD.ELS.SAE:DSD_POPULATION@DF_POP_HIST(1.0),,I,CYP,POP,PS,_T,_T,H,1991,595105.0,A,0,0
DATAFLOW,OECD.ELS.SAE:DSD_POPULATION@DF_POP_HIST(1.0),,I,CYP,POP,PS,_T,_T,H,1992,611151.0,A,0,0
DATAFLOW,OECD.ELS.SAE:DSD_POPULATION@DF_POP_HIST(1.0),,I,CYP,POP,PS,_T,_T,H,1993,626087.0,A,0,0
DATAFLOW,OECD.ELS.SAE:DSD_POPULATION@DF_POP_HIST(1.0),,I,CYP,POP,PS,_T,_T,H,1994,639170.0,A,0,0
DATAFLOW,OECD.ELS.SAE:DSD_POPULATION@DF_POP_HIST(1.0),,I,CYP,POP,PS,_T,_T,H,1995,650860.0,A,0,0
DATAFLOW,OECD.ELS.SAE:DSD_POPULATION@DF_POP_HIST(1.0),,I,CYP,POP,PS,_T,_T,H,1996,661326.0,A,0,0
DATAFLOW,OECD.ELS.SAE:DSD_POPULATION@DF_POP_HIST(1.0),,I,CYP,POP,PS,_T,_T,H,1997,670764.0,A,0,0
DATAFLOW,OECD.ELS.SAE:DSD_POPULATION@DF_POP_HIST(1.0),,I,CYP,POP,PS,_T,_T,H,1998,679042.0,A,0,0
DATAFLOW,OECD.ELS.SAE:DSD_POPULATION@DF_POP_HIST(1.0),,I,CYP,POP,PS,_T,_T,H,1999,686675.0,A,0,0
DATAFLOW,OECD.ELS.SAE:DSD_POPULATION@DF_POP_HIST(1.0),,I,CYP,POP,PS,_T,_T,H,2000,694020.0,A,0,0
DATAFLOW,OECD.ELS.SAE:DSD_POPULATION@DF_POP_HIST(1.0),,I,CYP,POP,PS,_T,_T,H,2001,701537.0,A,0,0
DATAFLOW,OECD.ELS.SAE:DSD_POPULATION@DF_POP_HIST(1.0),,I,CYP,POP,PS,_T,_T,H,2002,709631.0,A,0,0
DATAFLOW,OECD.ELS.SAE:DSD_POPULATION@DF_POP_HIST(1.0),,I,CYP,POP,PS,_T,_T,H,2003,718305.0,A,0,0
DATAFLOW,OECD.ELS.SAE:DSD_POPULATION@DF_POP_HIST(1.0),,I,CYP,POP,PS,_T,_T,H,2004,727977.0,A,0,0
DATAFLOW,OECD.ELS.SAE:DSD_POPULATION@DF_POP_HIST(1.0),,I,CYP,POP,PS,_T,_T,H,2005,738541.0,A,0,0
DATAFLOW,OECD.ELS.SAE:DSD_POPULATION@DF_POP_HIST(1.0),,I,CYP,POP,PS,_T,_T,H,2006,750964.0,A,0,0
DATAFLOW,OECD.ELS.SAE:DSD_POPULATION@DF_POP_HIST(1.0),,I,CYP,POP,PS,_T,_T,H,2007,767128.0,A,0,0
DATAFLOW,OECD.ELS.SAE:DSD_POPULATION@DF_POP_HIST(1.0),,I,CYP,POP,PS,_T,_T,H,2008,786630.0,A,0,0
DATAFLOW,OECD.ELS.SAE:DSD_POPULATION@DF_POP_HIST(1.0),,I,CYP,POP,PS,_T,_T,H,2009,808038.0,A,0,0
DATAFLOW,OECD.ELS.SAE:DSD_POPULATION@DF_POP_HIST(1.0),,I,CYP,POP,PS,_T,_T,H,2010,829444.0,A,0,0
DATAFLOW,OECD.ELS.SAE:DSD_POPULATION@DF_POP_HIST(1.0),,I,CYP,POP,PS,_T,_T,H,2011,850882.0,A,0,0
DATAFLOW,OECD.ELS.SAE:DSD_POPULATION@DF_POP_HIST(1.0),,I,MLT,POP,PS,_T,_T,H,1984,330593.0,A,0,0
DATAFLOW,OECD.ELS.SAE:DSD_POPULATION@DF_POP_HIST(1.0),,I,MLT,POP,PS,_T,_T,H,1985,336452.0,A,0,0
DATAFLOW,OECD.ELS.SAE:DSD_POPULATION@DF_POP_HIST(1.0),,I,MLT,POP,PS,_T,_T,H,1986,342121.0,A,0,0
DATAFLOW,OECD.ELS.SAE:DSD_POPULATION@DF_POP_HIST(1.0),,I,MLT,POP,PS,_T,_T,H,1987,344485.0,A,0,0
DATAFLOW,OECD.ELS.SAE:DSD_POPULATION@DF_POP_HIST(1.0),,I,MLT,POP,PS,_T,_T,H,1988,347325.0,A,0,0
DATAFLOW,OECD.ELS.SAE:DSD_POPULATION@DF_POP_HIST(1.0),,I,MLT,POP,PS,_T,_T,H,1989,350722.0,A,0,0
DATAFLOW,OECD.ELS.SAE:DSD_POPULATION@DF_POP_HIST(1.0),,I,MLT,POP,PS,_T,_T,H,1990,354170.0,A,0,0
DATAFLOW,OECD.ELS.SAE:DSD_POPULATION@DF_POP_HIST(1.0),,I,MLT,POP,PS,_T,_T,H,1991,357727.0,A,0,0
DATAFLOW,OECD.ELS.SAE:DSD_POPULATION@DF_POP_HIST(1.0),,I,MLT,POP,PS,_T,_T,H,1992,361260.0,A,0,0
DATAFLOW,OECD.ELS.SAE:DSD_POPULATION@DF_POP_HIST(1.0),,I,MLT,POP,PS,_T,_T,H,1993,364704.0,A,0,0
DATAFLOW,OECD.ELS.SAE:DSD_POPULATION@DF_POP_HIST(1.0),,I,MLT,POP,PS,_T,_T,H,1994,367941.0,A,0,0
DATAFLOW,OECD.ELS.SAE:DSD_POPULATION@DF_POP_HIST(1.0),,I,MLT,POP,PS,_T,_T,H,1995,370433.0,A,0,0
DATAFLOW,OECD.ELS.SAE:DSD_POPULATION@DF_POP_HIST(1.0),,I,MLT,POP,PS,_T,_T,H,1996,372687.0,A,0,0
DATAFLOW,OECD.ELS.SAE:DSD_POPULATION@DF_POP_HIST(1.0),,I,MLT,POP,PS,_T,_T,H,1997,375236.0,A,0,0
DATAFLOW,OECD.ELS.SAE:DSD_POPULATION@DF_POP_HIST(1.0),,I,MLT,POP,PS,_T,_T,H,1998,377516.0,A,0,0
DATAFLOW,OECD.ELS.SAE:DSD_POPULATION@DF_POP_HIST(1.0),,I,MLT,POP,PS,_T,_T,H,1999,379360.0,A,0,0
DATAFLOW,OECD.ELS.SAE:DSD_POPULATION@DF_POP_HIST(1.0),,I,MLT,POP,PS,_T,_T,H,2000,385808.0,A,0,0
DATAFLOW,OECD.ELS.SAE:DSD_POPULATION@DF_POP_HIST(1.0),,I,MLT,POP,PS,_T,_T,H,2001,393028.0,A,0,0
DATAFLOW,OECD.ELS.SAE:DSD_POPULATION@DF_POP_HIST(1.0),,I,MLT,POP,PS,_T,_T,H,2002,395969.0,A,0,0
DATAFLOW,OECD.ELS.SAE:DSD_POPULATION@DF_POP_HIST(1.0),,I,MLT,POP,PS,_T,_T,H,2003,398582.0,A,0,0
DATAFLOW,OECD.ELS.SAE:DSD_POPULATION@DF_POP_HIST(1.0),,I,MLT,POP,PS,_T,_T,H,2004,401263.0,A,0,0
DATAFLOW,OECD.ELS.SAE:DSD_POPULATION@DF_POP_HIST(1.0),,I,MLT,POP,PS,_T,_T,H,2005,403825.0,A,0,0
DATAFLOW,OECD.ELS.SAE:DSD_POPULATION@DF_POP_HIST(1.0),,I,MLT,POP,PS,_T,_T,H,2006,405311.0,A,0,0
DATAFLOW,OECD.ELS.SAE:DSD_POPULATION@DF_POP_HIST(1.0),,I,MLT,POP,PS,_T,_T,H,2007,406725.0,A,0,0
DATAFLOW,OECD.ELS.SAE:DSD_POPULATION@DF_POP_HIST(1.0),,I,MLT,POP,PS,_T,_T,H,2008,409377.0,A,0,0
DATAFLOW,OECD.ELS.SAE:DSD_POPULATION@DF_POP_HIST(1.0),,I,MLT,POP,PS,_T,_T,H,2009,412474.0,A,0,0
DATAFLOW,OECD.ELS.SAE:DSD_POPULATION@DF_POP_HIST(1.0),,I,MLT,POP,PS,_T,_T,H,2010,414509.0,A,0,0
DATAFLOW,OECD.ELS.SAE:DSD_POPULATION@DF_POP_HIST(1.0),,I,MLT,POP,PS,_T,_T,H,2011,416264.0,A,0,0
DATAFLOW,OECD.ELS.SAE:DSD_POPULATION@DF_POP_HIST(1.0),,I,ROU,POP,PS,_T,_T,H,1968,19799831.0,A,0,0
DATAFLOW,OECD.ELS.SAE:DSD_POPULATION@DF_POP_HIST(1.0),,I,ROU,POP,PS,_T,_T,H,1969,20009141.0,A,0,0
DATAFLOW,OECD.ELS.SAE:DSD_POPULATION@DF_POP_HIST(1.0),,I,ROU,POP,PS,_T,_T,H,1970,20250396.0,A,0,0
DATAFLOW,OECD.ELS.SAE:DSD_POPULATION@DF_POP_HIST(1.0),,I,ROU,POP,PS,_T,_T,H,1971,20461575.0,A,0,0
DATAFLOW,OECD.ELS.SAE:DSD_POPULATION@DF_POP_HIST(1.0),,I,ROU,POP,PS,_T,_T,H,1972,20657956.0,A,0,0
DATAFLOW,OECD.ELS.SAE:DSD_POPULATION@DF_POP_HIST(1.0),,I,ROU,POP,PS,_T,_T,H,1973,20835682.0,A,0,0
DATAFLOW,OECD.ELS.SAE:DSD_POPULATION@DF_POP_HIST(1.0),,I,ROU,POP,PS,_T,_T,H,1974,21029428.0,A,0,0
DATAFLOW,OECD.ELS.SAE:DSD_POPULATION@DF_POP_HIST(1.0),,I,ROU,POP,PS,_T,_T,H,1975,21293586.0,A,0,0
DATAFLOW,OECD.ELS.SAE:DSD_POPULATION@DF_POP_HIST(1.0),,I,ROU,POP,PS,_T,_T,H,1976,21551631.0,A,0,0
DATAFLOW,OECD.ELS.SAE:DSD_POPULATION@DF_POP_HIST(1.0),,I,ROU,POP,PS,_T,_T,H,1977,21756097.0,A,0,0
DATAFLOW,OECD.ELS.SAE:DSD_POPULATION@DF_POP_HIST(1.0),,I,ROU,POP,PS,_T,_T,H,1978,21951467.0,A,0,0
DATAFLOW,OECD.ELS.SAE:DSD_POPULATION@DF_POP_HIST(1.0),,I,ROU,POP,PS,_T,_T,H,1979,22090484.0,A,0,0
DATAFLOW,OECD.ELS.SAE:DSD_POPULATION@DF_POP_HIST(1.0),,I,ROU,POP,PS,_T,_T,H,1980,22207284.0,A,0,0
DATAFLOW,OECD.ELS.SAE:DSD_POPULATION@DF_POP_HIST(1.0),,I,ROU,POP,PS,_T,_T,H,1981,22353071.0,A,0,0
DATAFLOW,OECD.ELS.SAE:DSD_POPULATION@DF_POP_HIST(1.0),,I,ROU,POP,PS,_T,_T,H,1982,22475742.0,A,0,0
DATAFLOW,OECD.ELS.SAE:DSD_POPULATION@DF_POP_HIST(1.0),,I,ROU,POP,PS,_T,_T,H,1983,22560476.0,A,0,0
DATAFLOW,OECD.ELS.SAE:DSD_POPULATION@DF_POP_HIST(1.0),,I,ROU,POP,PS,_T,_T,H,1984,22640545.0,A,0,0
DATAFLOW,OECD.ELS.SAE:DSD_POPULATION@DF_POP_HIST(1.0),,I,ROU,POP,PS,_T,_T,H,1985,22732997.0,A,0,0
DATAFLOW,OECD.ELS.SAE:DSD_POPULATION@DF_POP_HIST(1.0),,I,ROU,POP,PS,_T,_T,H,1986,22836836.0,A,0,0
DATAFLOW,OECD.ELS.SAE:DSD_POPULATION@DF_POP_HIST(1.0),,I,ROU,POP,PS,_T,_T,H,1987,22949427.0,A,0,0
DATAFLOW,OECD.ELS.SAE:DSD_POPULATION@DF_POP_HIST(1.0),,I,ROU,POP,PS,_T,_T,H,1988,23057660.0,A,0,0
DATAFLOW,OECD.ELS.SAE:DSD_POPULATION@DF_POP_HIST(1.0),,I,ROU,POP,PS,_T,_T,H,1989,23161460.0,A,0,0
DATAFLOW,OECD.ELS.SAE:DSD_POPULATION@DF_POP_HIST(1.0),,I,ROU,POP,PS,_T,_T,H,1990,23201832.0,A,0,0
DATAFLOW,OECD.ELS.SAE:DSD_POPULATION@DF_POP_HIST(1.0),,I,ROU,POP,PS,_T,_T,H,1991,23001160.0,A,0,0
DATAFLOW,OECD.ELS.SAE:DSD_POPULATION@DF_POP_HIST(1.0),,I,ROU,POP,PS,_T,_T,H,1992,22794284.0,A,0,0
DATAFLOW,OECD.ELS.SAE:DSD_POPULATION@DF_POP_HIST(1.0),,I,ROU,POP,PS,_T,_T,H,1993,22763283.0,A,0,0
DATAFLOW,OECD.ELS.SAE:DSD_POPULATION@DF_POP_HIST(1.0),,I,ROU,POP,PS,_T,_T,H,1994,22730216.0,A,0,0
DATAFLOW,OECD.ELS.SAE:DSD_POPULATION@DF_POP_HIST(1.0),,I,ROU,POP,PS,_T,_T,H,1995,22684268.0,A,0,0
DATAFLOW,OECD.ELS.SAE:DSD_POPULATION@DF_POP_HIST(1.0),,I,ROU,POP,PS,_T,_T,H,1996,22619005.0,A,0,0
DATAFLOW,OECD.ELS.SAE:DSD_POPULATION@DF_POP_HIST(1.0),,I,ROU,POP,PS,_T,_T,H,1997,22553982.0,A,0,0
DATAFLOW,OECD.ELS.SAE:DSD_POPULATION@DF_POP_HIST(1.0),,I,ROU,POP,PS,_T,_T,H,1998,22507354.0,A,0,0
DATAFLOW,OECD.ELS.SAE:DSD_POPULATION@DF_POP_HIST(1.0),,I,ROU,POP,PS,_T,_T,H,1999,22472043.0,A,0,0
DATAFLOW,OECD.ELS.SAE:DSD_POPULATION@DF_POP_HIST(1.0),,I,ROU,POP,PS,_T,_T,H,2000,22442973.0,A,0,0
DATAFLOW,OECD.ELS.SAE:DSD_POPULATION@DF_POP_HIST(1.0),,I,ROU,POP,PS,_T,_T,H,2001,22131974.0,A,0,0
DATAFLOW,OECD.ELS.SAE:DSD_POPULATION@DF_POP_HIST(1.0),,I,ROU,POP,PS,_T,_T,H,2002,21675775.0,A,0,0
DATAFLOW,OECD.ELS.SAE:DSD_POPULATION@DF_POP_HIST(1.0),,I,ROU,POP,PS,_T,_T,H,2003,21574365.0,A,0,0
DATAFLOW,OECD.ELS.SAE:DSD_POPULATION@DF_POP_HIST(1.0),,I,ROU,POP,PS,_T,_T,H,2004,21451845.0,A,0,0
DATAFLOW,OECD.ELS.SAE:DSD_POPULATION@DF_POP_HIST(1.0),,I,ROU,POP,PS,_T,_T,H,2005,21319673.0,A,0,0
DATAFLOW,OECD.ELS.SAE:DSD_POPULATION@DF_POP_HIST(1.0),,I,ROU,POP,PS,_T,_T,H,2006,21193749.0,A,0,0
DATAFLOW,OECD.ELS.SAE:DSD_POPULATION@DF_POP_HIST(1.0),,I,ROU,POP,PS,_T,_T,H,2007,20882980.0,A,0,0
DATAFLOW,OECD.ELS.SAE:DSD_POPULATION@DF_POP_HIST(1.0),,I,ROU,POP,PS,_T,_T,H,2008,20537848.0,A,0,0
DATAFLOW,OECD.ELS.SAE:DSD_POPULATION@DF_POP_HIST(1.0),,I,ROU,POP,PS,_T,_T,H,2009,20367437.0,A,0,0
DATAFLOW,OECD.ELS.SAE:DSD_POPULATION@DF_POP_HIST(1.0),,I,ROU,POP,PS,_T,_T,H,2010,20246798.0,A,0,0
DATAFLOW,OECD.ELS.SAE:DSD_POPULATION@DF_POP_HIST(1.0),,I,ROU,POP,PS,_T,_T,H,2011,20147657.0,A,0,0
DATAFLOW,OECD.ELS.SAE:DSD_POPULATION@DF_POP_HIST(1.0),,I,ROU,POP,PS,_T,_T,H,2012,20060182.0,A,0,0
DATAFLOW,OECD.ELS.SAE:DSD_POPULATION@DF_POP_HIST(1.0),,I,ROU,POP,PS,_T,_T,H,2013,19988694.0,A,0,0
DATAFLOW,OECD.ELS.SAE:DSD_POPULATION@DF_POP_HIST(1.0),,I,ROU,POP,PS,_T,_T,H,2014,19916451.0,A,0,0
DATAFLOW,OECD.ELS.SAE:DSD_POPULATION@DF_POP_HIST(1.0),,I,ROU,POP,PS,_T,_T,H,2015,19822250.0,A,0,0
DATAFLOW,OECD.ELS.SAE:DSD_POPULATION@DF_POP_HIST(1.0),,I,ROU,POP,PS,_T,_T,H,2016,19706424.0,A,0,0
DATAFLOW,OECD.ELS.SAE:DSD_POPULATION@DF_POP_HIST(1.0),,I,ROU,POP,PS,_T,_T,H,2017,19592933.0,A,0,0
DATAFLOW,OECD.ELS.SAE:DSD_POPULATION@DF_POP_HIST(1.0),,I,ROU,POP,PS,_T,_T,H,2018,19483840.0,A,0,0
DATAFLOW,OECD.ELS.SAE:DSD_POPULATION@DF_POP_HIST(1.0),,I,RUS,POP,PS,_T,_T,H,1990,147969413.0,A,0,0
DATAFLOW,OECD.ELS.SAE:DSD_POPULATION@DF_POP_HIST(1.0),,I,RUS,POP,PS,_T,_T,H,1991,148394220.0,A,0,0
DATAFLOW,OECD.ELS.SAE:DSD_POPULATION@DF_POP_HIST(1.0),,I,RUS,POP,PS,_T,_T,H,1992,148538190.0,A,0,0
DATAFLOW,OECD.ELS.SAE:DSD_POPULATION@DF_POP_HIST(1.0),,I,RUS,POP,PS,_T,_T,H,1993,148458780.0,A,0,0
DATAFLOW,OECD.ELS.SAE:DSD_POPULATION@DF_POP_HIST(1.0),,I,RUS,POP,PS,_T,_T,H,1994,148407906.0,A,0,0
DATAFLOW,OECD.ELS.SAE:DSD_POPULATION@DF_POP_HIST(1.0),,I,RUS,POP,PS,_T,_T,H,1995,148375796.0,A,0,0
DATAFLOW,OECD.ELS.SAE:DSD_POPULATION@DF_POP_HIST(1.0),,I,RUS,POP,PS,_T,_T,H,1996,148160121.0,A,0,0
DATAFLOW,OECD.ELS.SAE:DSD_POPULATION@DF_POP_HIST(1.0),,I,RUS,POP,PS,_T,_T,H,1997,147915371.0,A,0,0
DATAFLOW,OECD.ELS.SAE:DSD_POPULATION@DF_POP_HIST(1.0),,I,RUS,POP,PS,_T,_T,H,1998,147670787.0,A,0,0
DATAFLOW,OECD.ELS.SAE:DSD_POPULATION@DF_POP_HIST(1.0),,I,RUS,POP,PS,_T,_T,H,1999,147214777.0,A,0,0
DATAFLOW,OECD.ELS.SAE:DSD_POPULATION@DF_POP_HIST(1.0),,I,RUS,POP,PS,_T,_T,H,2000,146596873.0,A,0,0
DATAFLOW,OECD.ELS.SAE:DSD_POPULATION@DF_POP_HIST(1.0),,I,RUS,POP,PS,_T,_T,H,2001,145976465.0,A,0,0
DATAFLOW,OECD.ELS.SAE:DSD_POPULATION@DF_POP_HIST(1.0),,I,RUS,POP,PS,_T,_T,H,2002,145306489.0,A,0,0
DATAFLOW,OECD.ELS.SAE:DSD_POPULATION@DF_POP_HIST(1.0),,I,RUS,POP,PS,_T,_T,H,2003,144565937.0,A,0,0
DATAFLOW,OECD.ELS.SAE:DSD_POPULATION@DF_POP_HIST(1.0),,I,RUS,POP,PS,_T,_T,H,2004,143821218.0,A,0,0
DATAFLOW,OECD.ELS.SAE:DSD_POPULATION@DF_POP_HIST(1.0),,I,RUS,POP,PS,_T,_T,H,2005,143113885.0,A,0,0
DATAFLOW,OECD.ELS.SAE:DSD_POPULATION@DF_POP_HIST(1.0),,I,RUS,POP,PS,_T,_T,H,2006,142487259.0,A,0,0
DATAFLOW,OECD.ELS.SAE:DSD_POPULATION@DF_POP_HIST(1.0),,I,RUS,POP,PS,_T,_T,H,2007,142114903.0,A,0,0
DATAFLOW,OECD.ELS.SAE:DSD_POPULATION@DF_POP_HIST(1.0),,I,RUS,POP,PS,_T,_T,H,2008,141956413.0,A,0,0
DATAFLOW,OECD.ELS.SAE:DSD_POPULATION@DF_POP_HIST(1.0),,I,RUS,POP,PS,_T,_T,H,2009,141909248.0,A,0,0
DATAFLOW,OECD.ELS.SAE:DSD_POPULATION@DF_POP_HIST(1.0),,I,RUS,POP,PS,_T,_T,H,2010,142389969.0,A,0,0
DATAFLOW,OECD.ELS.SAE:DSD_POPULATION@DF_POP_HIST(1.0),,I,SAU,POP,PS,_T,_T,H,2022,32175224.0,A,0,0
DATAFLOW,OECD.ELS.SAE:DSD_POPULATION@DF_POP_HIST(1.0),,I,SGP,POP,PS,_T,_T,H,1960,1646400.0,A,0,0
DATAFLOW,OECD.ELS.SAE:DSD_POPULATION@DF_POP_HIST(1.0),,I,SGP,POP,PS,_T,_T,H,1961,1702400.0,A,0,0
DATAFLOW,OECD.ELS.SAE:DSD_POPULATION@DF_POP_HIST(1.0),,I,SGP,POP,PS,_T,_T,H,1962,1750200.0,A,0,0
DATAFLOW,OECD.ELS.SAE:DSD_POPULATION@DF_POP_HIST(1.0),,I,SGP,POP,PS,_T,_T,H,1963,1795000.0,A,0,0
DATAFLOW,OECD.ELS.SAE:DSD_POPULATION@DF_POP_HIST(1.0),,I,SGP,POP,PS,_T,_T,H,1964,1841600.0,A,0,0
DATAFLOW,OECD.ELS.SAE:DSD_POPULATION@DF_POP_HIST(1.0),,I,SGP,POP,PS,_T,_T,H,1965,1886900.0,A,0,0
DATAFLOW,OECD.ELS.SAE:DSD_POPULATION@DF_POP_HIST(1.0),,I,SGP,POP,PS,_T,_T,H,1966,1934400.0,A,0,0
DATAFLOW,OECD.ELS.SAE:DSD_POPULATION@DF_POP_HIST(1.0),,I,SGP,POP,PS,_T,_T,H,1967,1977600.0,A,0,0
DATAFLOW,OECD.ELS.SAE:DSD_POPULATION@DF_POP_HIST(1.0),,I,SGP,POP,PS,_T,_T,H,1968,2012000.0,A,0,0
DATAFLOW,OECD.ELS.SAE:DSD_POPULATION@DF_POP_HIST(1.0),,I,SGP,POP,PS,_T,_T,H,1969,2042500.0,A,0,0
DATAFLOW,OECD.ELS.SAE:DSD_POPULATION@DF_POP_HIST(1.0),,I,SGP,POP,PS,_T,_T,H,1970,2013563.0,A,0,0
DATAFLOW,OECD.ELS.SAE:DSD_POPULATION@DF_POP_HIST(1.0),,I,SGP,POP,PS,_T,_T,H,1971,2112900.0,A,0,0
DATAFLOW,OECD.ELS.SAE:DSD_POPULATION@DF_POP_HIST(1.0),,I,SGP,POP,PS,_T,_T,H,1972,2152400.0,A,0,0
DATAFLOW,OECD.ELS.SAE:DSD_POPULATION@DF_POP_HIST(1.0),,I,SGP,POP,PS,_T,_T,H,1973,2193000.0,A,0,0
DATAFLOW,OECD.ELS.SAE:DSD_POPULATION@DF_POP_HIST(1.0),,I,SGP,POP,PS,_T,_T,H,1974,2229800.0,A,0,0
DATAFLOW,OECD.ELS.SAE:DSD_POPULATION@DF_POP_HIST(1.0),,I,SGP,POP,PS,_T,_T,H,1975,2262600.0,A,0,0
DATAFLOW,OECD.ELS.SAE:DSD_POPULATION@DF_POP_HIST(1.0),,I,SGP,POP,PS,_T,_T,H,1976,2293300.0,A,0,0
DATAFLOW,OECD.ELS.SAE:DSD_POPULATION@DF_POP_HIST(1.0),,I,SGP,POP,PS,_T,_T,H,1977,2325300.0,A,0,0
DATAFLOW,OECD.ELS.SAE:DSD_POPULATION@DF_POP_HIST(1.0),,I,SGP,POP,PS,_T,_T,H,1978,2353600.0,A,0,0
DATAFLOW,OECD.ELS.SAE:DSD_POPULATION@DF_POP_HIST(1.0),,I,SGP,POP,PS,_T,_T,H,1979,2383500.0,A,0,0
DATAFLOW,OECD.ELS.SAE:DSD_POPULATION@DF_POP_HIST(1.0),,I,SGP,POP,PS,_T,_T,H,1980,2282125.0,A,0,0
DATAFLOW,OECD.ELS.SAE:DSD_POPULATION@DF_POP_HIST(1.0),,I,SGP,POP,PS,_T,_T,H,1981,2324403.0,A,0,0
DATAFLOW,OECD.ELS.SAE:DSD_POPULATION@DF_POP_HIST(1.0),,I,SGP,POP,PS,_T,_T,H,1982,2365707.0,A,0,0
DATAFLOW,OECD.ELS.SAE:DSD_POPULATION@DF_POP_HIST(1.0),,I,SGP,POP,PS,_T,_T,H,1983,2406165.0,A,0,0
DATAFLOW,OECD.ELS.SAE:DSD_POPULATION@DF_POP_HIST(1.0),,I,SGP,POP,PS,_T,_T,H,1984,2443705.0,A,0,0
DATAFLOW,OECD.ELS.SAE:DSD_POPULATION@DF_POP_HIST(1.0),,I,SGP,POP,PS,_T,_T,H,1985,2482615.0,A,0,0
DATAFLOW,OECD.ELS.SAE:DSD_POPULATION@DF_POP_HIST(1.0),,I,SGP,POP,PS,_T,_T,H,1986,2518598.0,A,0,0
DATAFLOW,OECD.ELS.SAE:DSD_POPULATION@DF_POP_HIST(1.0),,I,SGP,POP,PS,_T,_T,H,1987,2553864.0,A,0,0
DATAFLOW,OECD.ELS.SAE:DSD_POPULATION@DF_POP_HIST(1.0),,I,SGP,POP,PS,_T,_T,H,1988,2598458.0,A,0,0
DATAFLOW,OECD.ELS.SAE:DSD_POPULATION@DF_POP_HIST(1.0),,I,SGP,POP,PS,_T,_T,H,1989,2647627.0,A,0,0
DATAFLOW,OECD.ELS.SAE:DSD_POPULATION@DF_POP_HIST(1.0),,I,SGP,POP,PS,_T,_T,H,1990,2735868.0,A,0,0
DATAFLOW,OECD.ELS.SAE:DSD_POPULATION@DF_POP_HIST(1.0),,I,SGP,POP,PS,_T,_T,H,1991,2794704.0,A,0,0
DATAFLOW,OECD.ELS.SAE:DSD_POPULATION@DF_POP_HIST(1.0),,I,SGP,POP,PS,_T,_T,H,1992,2849754.0,A,0,0
DATAFLOW,OECD.ELS.SAE:DSD_POPULATION@DF_POP_HIST(1.0),,I,SGP,POP,PS,_T,_T,H,1993,2904547.0,A,0,0
DATAFLOW,OECD.ELS.SAE:DSD_POPULATION@DF_POP_HIST(1.0),,I,SGP,POP,PS,_T,_T,H,1994,2959350.0,A,0,0
DATAFLOW,OECD.ELS.SAE:DSD_POPULATION@DF_POP_HIST(1.0),,I,SGP,POP,PS,_T,_T,H,1995,3013515.0,A,0,0
DATAFLOW,OECD.ELS.SAE:DSD_POPULATION@DF_POP_HIST(1.0),,I,SGP,POP,PS,_T,_T,H,1996,3068132.0,A,0,0
DATAFLOW,OECD.ELS.SAE:DSD_POPULATION@DF_POP_HIST(1.0),,I,SGP,POP,PS,_T,_T,H,1997,3123403.0,A,0,0
DATAFLOW,OECD.ELS.SAE:DSD_POPULATION@DF_POP_HIST(1.0),,I,SGP,POP,PS,_T,_T,H,1998,3180018.0,A,0,0
DATAFLOW,OECD.ELS.SAE:DSD_POPULATION@DF_POP_HIST(1.0),,I,SGP,POP,PS,_T,_T,H,1999,3229681.0,A,0,0
DATAFLOW,OECD.ELS.SAE:DSD_POPULATION@DF_POP_HIST(1.0),,I,SGP,POP,PS,_T,_T,H,2000,3273363.0,A,0,0
DATAFLOW,OECD.ELS.SAE:DSD_POPULATION@DF_POP_HIST(1.0),,I,SGP,POP,PS,_T,_T,H,2001,3325902.0,A,0,0
DATAFLOW,OECD.ELS.SAE:DSD_POPULATION@DF_POP_HIST(1.0),,I,SGP,POP,PS,_T,_T,H,2002,3382944.0,A,0,0
DATAFLOW,OECD.ELS.SAE:DSD_POPULATION@DF_POP_HIST(1.0),,I,SGP,POP,PS,_T,_T,H,2003,3366891.0,A,0,0
DATAFLOW,OECD.ELS.SAE:DSD_POPULATION@DF_POP_HIST(1.0),,I,SGP,POP,PS,_T,_T,H,2004,3413266.0,A,0,0
DATAFLOW,OECD.ELS.SAE:DSD_POPULATION@DF_POP_HIST(1.0),,I,SGP,POP,PS,_T,_T,H,2005,3467814.0,A,0,0
DATAFLOW,OECD.ELS.SAE:DSD_POPULATION@DF_POP_HIST(1.0),,I,SGP,POP,PS,_T,_T,H,2006,3525894.0,A,0,0
DATAFLOW,OECD.ELS.SAE:DSD_POPULATION@DF_POP_HIST(1.0),,I,SGP,POP,PS,_T,_T,H,2007,3583082.0,A,0,0
DATAFLOW,OECD.ELS.SAE:DSD_POPULATION@DF_POP_HIST(1.0),,I,SGP,POP,PS,_T,_T,H,2008,3642659.0,A,0,0
DATAFLOW,OECD.ELS.SAE:DSD_POPULATION@DF_POP_HIST(1.0),,I,SGP,POP,PS,_T,_T,H,2009,3733876.0,A,0,0
DATAFLOW,OECD.ELS.SAE:DSD_POPULATION@DF_POP_HIST(1.0),,I,SGP,POP,PS,_T,_T,H,2010,3771721.0,A,0,0
DATAFLOW,OECD.ELS.SAE:DSD_POPULATION@DF_POP_HIST(1.0),,I,SGP,POP,PS,_T,_T,H,2011,3789251.0,A,0,0
DATAFLOW,OECD.ELS.SAE:DSD_POPULATION@DF_POP_HIST(1.0),,I,SGP,POP,PS,_T,_T,H,2012,3818205.0,A,0,0
DATAFLOW,OECD.ELS.SAE:DSD_POPULATION@DF_POP_HIST(1.0),,I,SGP,POP,PS,_T,_T,H,2013,3844751.0,A,0,0
DATAFLOW,OECD.ELS.SAE:DSD_POPULATION@DF_POP_HIST(1.0),,I,SGP,POP,PS,_T,_T,H,2014,3870739.0,A,0,0
DATAFLOW,OECD.ELS.SAE:DSD_POPULATION@DF_POP_HIST(1.0),,I,SGP,POP,PS,_T,_T,H,2015,3902690.0,A,0,0
DATAFLOW,OECD.ELS.SAE:DSD_POPULATION@DF_POP_HIST(1.0),,I,SGP,POP,PS,_T,_T,H,2016,3933559.0,A,0,0
DATAFLOW,OECD.ELS.SAE:DSD_POPULATION@DF_POP_HIST(1.0),,I,SGP,POP,PS,_T,_T,H,2017,3965796.0,A,0,0
DATAFLOW,OECD.ELS.SAE:DSD_POPULATION@DF_POP_HIST(1.0),,I,SGP,POP,PS,_T,_T,H,2018,3994283.0,A,0,0
DATAFLOW,OECD.ELS.SAE:DSD_POPULATION@DF_POP_HIST(1.0),,I,SGP,POP,PS,_T,_T,H,2019,4026209.0,A,0,0
DATAFLOW,OECD.ELS.SAE:DSD_POPULATION@DF_POP_HIST(1.0),,I,SGP,POP,PS,_T,_T,H,2020,4044210.0,A,0,0
DATAFLOW,OECD.ELS.SAE:DSD_POPULATION@DF_POP_HIST(1.0),,I,SGP,POP,PS,_T,_T,H,2021,3986842.0,A,0,0
DATAFLOW,OECD.ELS.SAE:DSD_POPULATION@DF_POP_HIST(1.0),,I,SGP,POP,PS,_T,_T,H,2022,4073239.0,A,0,0
DATAFLOW,OECD.ELS.SAE:DSD_POPULATION@DF_POP_HIST(1.0),,I,CRI,POP,PS,_T,_T,H,1950,893756.16,A,0,0
DATAFLOW,OECD.ELS.SAE:DSD_POPULATION@DF_POP_HIST(1.0),,I,CRI,POP,PS,_T,_T,H,1951,923908.15,A,0,0
DATAFLOW,OECD.ELS.SAE:DSD_POPULATION@DF_POP_HIST(1.0),,I,CRI,POP,PS,_T,_T,H,1952,956046.08,A,0,0
DATAFLOW,OECD.ELS.SAE:DSD_POPULATION@DF_POP_HIST(1.0),,I,CRI,POP,PS,_T,_T,H,1953,989628.36,A,0,0
DATAFLOW,OECD.ELS.SAE:DSD_POPULATION@DF_POP_HIST(1.0),,I,CRI,POP,PS,_T,_T,H,1954,1026095.1,A,0,0
DATAFLOW,OECD.ELS.SAE:DSD_POPULATION@DF_POP_HIST(1.0),,I,CRI,POP,PS,_T,_T,H,1955,1064944.8,A,0,0
DATAFLOW,OECD.ELS.SAE:DSD_POPULATION@DF_POP_HIST(1.0),,I,CRI,POP,PS,_T,_T,H,1956,1104690.9,A,0,0
DATAFLOW,OECD.ELS.SAE:DSD_POPULATION@DF_POP_HIST(1.0),,I,CRI,POP,PS,_T,_T,H,1957,1145770.0,A,0,0
DATAFLOW,OECD.ELS.SAE:DSD_POPULATION@DF_POP_HIST(1.0),,I,CRI,POP,PS,_T,_T,H,1958,1187093.7,A,0,0
DATAFLOW,OECD.ELS.SAE:DSD_POPULATION@DF_POP_HIST(1.0),,I,CRI,POP,PS,_T,_T,H,1959,1232254.8,A,0,0
DATAFLOW,OECD.ELS.SAE:DSD_POPULATION@DF_POP_HIST(1.0),,I,CRI,POP,PS,_T,_T,H,1960,1278456.3,A,0,0
DATAFLOW,OECD.ELS.SAE:DSD_POPULATION@DF_POP_HIST(1.0),,I,CRI,POP,PS,_T,_T,H,1961,1327905.9,A,0,0
DATAFLOW,OECD.ELS.SAE:DSD_POPULATION@DF_POP_HIST(1.0),,I,CRI,POP,PS,_T,_T,H,1962,1375893.9,A,0,0
DATAFLOW,OECD.ELS.SAE:DSD_POPULATION@DF_POP_HIST(1.0),,I,CRI,POP,PS,_T,_T,H,1963,1424324.6,A,0,0
DATAFLOW,OECD.ELS.SAE:DSD_POPULATION@DF_POP_HIST(1.0),,I,CRI,POP,PS,_T,_T,H,1964,1473665.8,A,0,0
DATAFLOW,OECD.ELS.SAE:DSD_POPULATION@DF_POP_HIST(1.0),,I,CRI,POP,PS,_T,_T,H,1965,1523249.5,A,0,0
DATAFLOW,OECD.ELS.SAE:DSD_POPULATION@DF_POP_HIST(1.0),,I,CRI,POP,PS,_T,_T,H,1966,1573592.5,A,0,0
DATAFLOW,OECD.ELS.SAE:DSD_POPULATION@DF_POP_HIST(1.0),,I,CRI,POP,PS,_T,_T,H,1967,1624275.1,A,0,0
DATAFLOW,OECD.ELS.SAE:DSD_POPULATION@DF_POP_HIST(1.0),,I,CRI,POP,PS,_T,_T,H,1968,1673478.4,A,0,0
DATAFLOW,OECD.ELS.SAE:DSD_POPULATION@DF_POP_HIST(1.0),,I,CRI,POP,PS,_T,_T,H,1969,1720321.1,A,0,0
DATAFLOW,OECD.ELS.SAE:DSD_POPULATION@DF_POP_HIST(1.0),,I,CRI,POP,PS,_T,_T,H,1970,1766953.8,A,0,0
DATAFLOW,OECD.ELS.SAE:DSD_POPULATION@DF_POP_HIST(1.0),,I,CRI,POP,PS,_T,_T,H,1971,1814526.9,A,0,0
DATAFLOW,OECD.ELS.SAE:DSD_POPULATION@DF_POP_HIST(1.0),,I,CRI,POP,PS,_T,_T,H,1972,1861737.2,A,0,0
DATAFLOW,OECD.ELS.SAE:DSD_POPULATION@DF_POP_HIST(1.0),,I,CRI,POP,PS,_T,_T,H,1973,1909376.7,A,0,0
DATAFLOW,OECD.ELS.SAE:DSD_POPULATION@DF_POP_HIST(1.0),,I,CRI,POP,PS,_T,_T,H,1974,1957856.3,A,0,0
DATAFLOW,OECD.ELS.SAE:DSD_POPULATION@DF_POP_HIST(1.0),,I,CRI,POP,PS,_T,_T,H,1975,2007378.1,A,0,0
DATAFLOW,OECD.ELS.SAE:DSD_POPULATION@DF_POP_HIST(1.0),,I,CRI,POP,PS,_T,_T,H,1976,2057385.2,A,0,0
DATAFLOW,OECD.ELS.SAE:DSD_POPULATION@DF_POP_HIST(1.0),,I,CRI,POP,PS,_T,_T,H,1977,2112610.3,A,0,0
DATAFLOW,OECD.ELS.SAE:DSD_POPULATION@DF_POP_HIST(1.0),,I,CRI,POP,PS,_T,_T,H,1978,2170440.3,A,0,0
DATAFLOW,OECD.ELS.SAE:DSD_POPULATION@DF_POP_HIST(1.0),,I,CRI,POP,PS,_T,_T,H,1979,2232940.6,A,0,0
DATAFLOW,OECD.ELS.SAE:DSD_POPULATION@DF_POP_HIST(1.0),,I,CRI,POP,PS,_T,_T,H,1980,2299022.1,A,0,0
DATAFLOW,OECD.ELS.SAE:DSD_POPULATION@DF_POP_HIST(1.0),,I,CRI,POP,PS,_T,_T,H,1981,2368000.9,A,0,0
DATAFLOW,OECD.ELS.SAE:DSD_POPULATION@DF_POP_HIST(1.0),,I,CRI,POP,PS,_T,_T,H,1982,2438680.0,A,0,0
DATAFLOW,OECD.ELS.SAE:DSD_POPULATION@DF_POP_HIST(1.0),,I,CRI,POP,PS,_T,_T,H,1983,2509190.1,A,0,0
DATAFLOW,OECD.ELS.SAE:DSD_POPULATION@DF_POP_HIST(1.0),,I,CRI,POP,PS,_T,_T,H,1984,2582116.9,A,0,0
DATAFLOW,OECD.ELS.SAE:DSD_POPULATION@DF_POP_HIST(1.0),,I,CRI,POP,PS,_T,_T,H,1985,2663129.6,A,0,0
DATAFLOW,OECD.ELS.SAE:DSD_POPULATION@DF_POP_HIST(1.0),,I,CRI,POP,PS,_T,_T,H,1986,2745705.5,A,0,0
DATAFLOW,OECD.ELS.SAE:DSD_POPULATION@DF_POP_HIST(1.0),,I,CRI,POP,PS,_T,_T,H,1987,2826606.1,A,0,0
DATAFLOW,OECD.ELS.SAE:DSD_POPULATION@DF_POP_HIST(1.0),,I,CRI,POP,PS,_T,_T,H,1988,2905304.4,A,0,0
DATAFLOW,OECD.ELS.SAE:DSD_POPULATION@DF_POP_HIST(1.0),,I,CRI,POP,PS,_T,_T,H,1989,2988314.8,A,0,0
DATAFLOW,OECD.ELS.SAE:DSD_POPULATION@DF_POP_HIST(1.0),,I,MEX,POP,PS,_T,_T,H,1950,28463441.0,A,0,0
DATAFLOW,OECD.ELS.SAE:DSD_POPULATION@DF_POP_HIST(1.0),,I,MEX,POP,PS,_T,_T,H,1951,29161024.0,A,0,0
DATAFLOW,OECD.ELS.SAE:DSD_POPULATION@DF_POP_HIST(1.0),,I,MEX,POP,PS,_T,_T,H,1952,29893469.0,A,0,0
DATAFLOW,OECD.ELS.SAE:DSD_POPULATION@DF_POP_HIST(1.0),,I,MEX,POP,PS,_T,_T,H,1953,30669402.0,A,0,0
DATAFLOW,OECD.ELS.SAE:DSD_POPULATION@DF_POP_HIST(1.0),,I,MEX,POP,PS,_T,_T,H,1954,31507175.0,A,0,0
DATAFLOW,OECD.ELS.SAE:DSD_POPULATION@DF_POP_HIST(1.0),,I,MEX,POP,PS,_T,_T,H,1955,32421555.0,A,0,0
DATAFLOW,OECD.ELS.SAE:DSD_POPULATION@DF_POP_HIST(1.0),,I,MEX,POP,PS,_T,_T,H,1956,33381410.0,A,0,0
DATAFLOW,OECD.ELS.SAE:DSD_POPULATION@DF_POP_HIST(1.0),,I,MEX,POP,PS,_T,_T,H,1957,34382245.0,A,0,0
DATAFLOW,OECD.ELS.SAE:DSD_POPULATION@DF_POP_HIST(1.0),,I,MEX,POP,PS,_T,_T,H,1958,35428062.0,A,0,0
DATAFLOW,OECD.ELS.SAE:DSD_POPULATION@DF_POP_HIST(1.0),,I,MEX,POP,PS,_T,_T,H,1959,36527873.0,A,0,0
DATAFLOW,OECD.ELS.SAE:DSD_POPULATION@DF_POP_HIST(1.0),,I,MEX,POP,PS,_T,_T,H,1960,37678427.0,A,0,0
DATAFLOW,OECD.ELS.SAE:DSD_POPULATION@DF_POP_HIST(1.0),,I,MEX,POP,PS,_T,_T,H,1961,38881128.0,A,0,0
DATAFLOW,OECD.ELS.SAE:DSD_POPULATION@DF_POP_HIST(1.0),,I,MEX,POP,PS,_T,_T,H,1962,40133786.0,A,0,0
DATAFLOW,OECD.ELS.SAE:DSD_POPULATION@DF_POP_HIST(1.0),,I,MEX,POP,PS,_T,_T,H,1963,41429336.0,A,0,0
DATAFLOW,OECD.ELS.SAE:DSD_POPULATION@DF_POP_HIST(1.0),,I,MEX,POP,PS,_T,_T,H,1964,42772209.0,A,0,0
DATAFLOW,OECD.ELS.SAE:DSD_POPULATION@DF_POP_HIST(1.0),,I,MEX,POP,PS,_T,_T,H,1965,44157094.0,A,0,0
DATAFLOW,OECD.ELS.SAE:DSD_POPULATION@DF_POP_HIST(1.0),,I,MEX,POP,PS,_T,_T,H,1966,45573114.0,A,0,0
DATAFLOW,OECD.ELS.SAE:DSD_POPULATION@DF_POP_HIST(1.0),,I,MEX,POP,PS,_T,_T,H,1967,47024169.0,A,0,0
DATAFLOW,OECD.ELS.SAE:DSD_POPULATION@DF_POP_HIST(1.0),,I,MEX,POP,PS,_T,_T,H,1968,48507808.0,A,0,0
DATAFLOW,OECD.ELS.SAE:DSD_POPULATION@DF_POP_HIST(1.0),,I,MEX,POP,PS,_T,_T,H,1969,50023146.0,A,0,0
DATAFLOW,OECD.ELS.SAE:DSD_POPULATION@DF_POP_HIST(1.0),,I,MEX,POP,PS,_T,_T,H,1970,51560567.0,A,0,0
DATAFLOW,OECD.ELS.SAE:DSD_POPULATION@DF_POP_HIST(1.0),,I,MEX,POP,PS,_T,_T,H,1971,53133584.0,A,0,0
DATAFLOW,OECD.ELS.SAE:DSD_POPULATION@DF_POP_HIST(1.0),,I,MEX,POP,PS,_T,_T,H,1972,54758696.0,A,0,0
DATAFLOW,OECD.ELS.SAE:DSD_POPULATION@DF_POP_HIST(1.0),,I,MEX,POP,PS,_T,_T,H,1973,56414565.0,A,0,0
DATAFLOW,OECD.ELS.SAE:DSD_POPULATION@DF_POP_HIST(1.0),,I,MEX,POP,PS,_T,_T,H,1974,58097331.0,A,0,0
DATAFLOW,OECD.ELS.SAE:DSD_POPULATION@DF_POP_HIST(1.0),,I,MEX,POP,PS,_T,_T,H,1975,59792538.0,A,0,0
DATAFLOW,OECD.ELS.SAE:DSD_POPULATION@DF_POP_HIST(1.0),,I,MEX,POP,PS,_T,_T,H,1976,61476071.0,A,0,0
DATAFLOW,OECD.ELS.SAE:DSD_POPULATION@DF_POP_HIST(1.0),,I,MEX,POP,PS,_T,_T,H,1977,63139218.0,A,0,0
DATAFLOW,OECD.ELS.SAE:DSD_POPULATION@DF_POP_HIST(1.0),,I,MEX,POP,PS,_T,_T,H,1978,64788304.0,A,0,0
DATAFLOW,OECD.ELS.SAE:DSD_POPULATION@DF_POP_HIST(1.0),,I,MEX,POP,PS,_T,_T,H,1979,66431403.0,A,0,0
DATAFLOW,OECD.ELS.SAE:DSD_POPULATION@DF_POP_HIST(1.0),,I,MEX,POP,PS,_T,_T,H,1980,68072118.0,A,0,0
DATAFLOW,OECD.ELS.SAE:DSD_POPULATION@DF_POP_HIST(1.0),,I,MEX,POP,PS,_T,_T,H,1981,69715468.0,A,0,0
DATAFLOW,OECD.ELS.SAE:DSD_POPULATION@DF_POP_HIST(1.0),,I,MEX,POP,PS,_T,_T,H,1982,71369508.0,A,0,0
DATAFLOW,OECD.ELS.SAE:DSD_POPULATION@DF_POP_HIST(1.0),,I,MEX,POP,PS,_T,_T,H,1983,73034559.0,A,0,0
DATAFLOW,OECD.ELS.SAE:DSD_POPULATION@DF_POP_HIST(1.0),,I,MEX,POP,PS,_T,_T,H,1984,74707346.0,A,0,0
DATAFLOW,OECD.ELS.SAE:DSD_POPULATION@DF_POP_HIST(1.0),,I,MEX,POP,PS,_T,_T,H,1985,76375259.0,A,0,0
DATAFLOW,OECD.ELS.SAE:DSD_POPULATION@DF_POP_HIST(1.0),,I,MEX,POP,PS,_T,_T,H,1986,78028665.0,A,0,0
DATAFLOW,OECD.ELS.SAE:DSD_POPULATION@DF_POP_HIST(1.0),,I,MEX,POP,PS,_T,_T,H,1987,79665004.0,A,0,0
DATAFLOW,OECD.ELS.SAE:DSD_POPULATION@DF_POP_HIST(1.0),,I,MEX,POP,PS,_T,_T,H,1988,81282371.0,A,0,0
DATAFLOW,OECD.ELS.SAE:DSD_POPULATION@DF_POP_HIST(1.0),,I,MEX,POP,PS,_T,_T,H,1989,82889981.0,A,0,0
DATAFLOW,OECD.ELS.SAE:DSD_POPULATION@DF_POP_HIST(1.0),,I,EU27,POP,PS,_T,_T,H,1950,328824714.0,A,0,0
DATAFLOW,OECD.ELS.SAE:DSD_POPULATION@DF_POP_HIST(1.0),,I,EU27,POP,PS,_T,_T,H,1951,330846582.0,A,0,0
DATAFLOW,OECD.ELS.SAE:DSD_POPULATION@DF_POP_HIST(1.0),,I,EU27,POP,PS,_T,_T,H,1952,333544576.0,A,0,0
DATAFLOW,OECD.ELS.SAE:DSD_POPULATION@DF_POP_HIST(1.0),,I,EU27,POP,PS,_T,_T,H,1953,336237366.0,A,0,0
DATAFLOW,OECD.ELS.SAE:DSD_POPULATION@DF_POP_HIST(1.0),,I,EU27,POP,PS,_T,_T,H,1954,338976315.0,A,0,0
DATAFLOW,OECD.ELS.SAE:DSD_POPULATION@DF_POP_HIST(1.0),,I,EU27,POP,PS,_T,_T,H,1955,341831325.0,A,0,0
DATAFLOW,OECD.ELS.SAE:DSD_POPULATION@DF_POP_HIST(1.0),,I,EU27,POP,PS,_T,_T,H,1956,344208830.0,A,0,0
DATAFLOW,OECD.ELS.SAE:DSD_POPULATION@DF_POP_HIST(1.0),,I,EU27,POP,PS,_T,_T,H,1957,346692133.0,A,0,0
DATAFLOW,OECD.ELS.SAE:DSD_POPULATION@DF_POP_HIST(1.0),,I,EU27,POP,PS,_T,_T,H,1958,349804734.0,A,0,0
DATAFLOW,OECD.ELS.SAE:DSD_POPULATION@DF_POP_HIST(1.0),,I,EU27,POP,PS,_T,_T,H,1959,352888335.0,A,0,0
DATAFLOW,OECD.ELS.SAE:DSD_POPULATION@DF_POP_HIST(1.0),,I,EU27,POP,PS,_T,_T,H,1960,355658984.0,A,0,0
DATAFLOW,OECD.ELS.SAE:DSD_POPULATION@DF_POP_HIST(1.0),,I,EU27,POP,PS,_T,_T,H,1961,358829056.0,A,0,0
DATAFLOW,OECD.ELS.SAE:DSD_POPULATION@DF_POP_HIST(1.0),,I,EU27,POP,PS,_T,_T,H,1962,362221496.0,A,0,0
DATAFLOW,OECD.ELS.SAE:DSD_POPULATION@DF_POP_HIST(1.0),,I,EU27,POP,PS,_T,_T,H,1963,365601049.0,A,0,0
DATAFLOW,OECD.ELS.SAE:DSD_POPULATION@DF_POP_HIST(1.0),,I,EU27,POP,PS,_T,_T,H,1964,368775379.0,A,0,0
DATAFLOW,OECD.ELS.SAE:DSD_POPULATION@DF_POP_HIST(1.0),,I,EU27,POP,PS,_T,_T,H,1965,371801270.0,A,0,0
DATAFLOW,OECD.ELS.SAE:DSD_POPULATION@DF_POP_HIST(1.0),,I,EU27,POP,PS,_T,_T,H,1966,374545111.0,A,0,0
DATAFLOW,OECD.ELS.SAE:DSD_POPULATION@DF_POP_HIST(1.0),,I,EU27,POP,PS,_T,_T,H,1967,377244637.0,A,0,0
DATAFLOW,OECD.ELS.SAE:DSD_POPULATION@DF_POP_HIST(1.0),,I,EU27,POP,PS,_T,_T,H,1968,380451749.0,A,0,0
DATAFLOW,OECD.ELS.SAE:DSD_POPULATION@DF_POP_HIST(1.0),,I,EU27,POP,PS,_T,_T,H,1969,383075696.0,A,0,0
DATAFLOW,OECD.ELS.SAE:DSD_POPULATION@DF_POP_HIST(1.0),,I,EU27,POP,PS,_T,_T,H,1970,385092691.0,A,0,0
DATAFLOW,OECD.ELS.SAE:DSD_POPULATION@DF_POP_HIST(1.0),,I,EU27,POP,PS,_T,_T,H,1971,387319356.0,A,0,0
DATAFLOW,OECD.ELS.SAE:DSD_POPULATION@DF_POP_HIST(1.0),,I,EU27,POP,PS,_T,_T,H,1972,389965874.0,A,0,0
DATAFLOW,OECD.ELS.SAE:DSD_POPULATION@DF_POP_HIST(1.0),,I,EU27,POP,PS,_T,_T,H,1973,392448238.0,A,0,0
DATAFLOW,OECD.ELS.SAE:DSD_POPULATION@DF_POP_HIST(1.0),,I,EU27,POP,PS,_T,_T,H,1974,394822348.0,A,0,0
DATAFLOW,OECD.ELS.SAE:DSD_POPULATION@DF_POP_HIST(1.0),,I,EU27,POP,PS,_T,_T,H,1975,397077225.0,A,0,0
DATAFLOW,OECD.ELS.SAE:DSD_POPULATION@DF_POP_HIST(1.0),,I,EU27,POP,PS,_T,_T,H,1976,399155798.0,A,0,0
DATAFLOW,OECD.ELS.SAE:DSD_POPULATION@DF_POP_HIST(1.0),,I,EU27,POP,PS,_T,_T,H,1977,401176295.0,A,0,0
DATAFLOW,OECD.ELS.SAE:DSD_POPULATION@DF_POP_HIST(1.0),,I,EU27,POP,PS,_T,_T,H,1978,403101563.0,A,0,0
DATAFLOW,OECD.ELS.SAE:DSD_POPULATION@DF_POP_HIST(1.0),,I,EU27,POP,PS,_T,_T,H,1979,404846749.0,A,0,0
DATAFLOW,OECD.ELS.SAE:DSD_POPULATION@DF_POP_HIST(1.0),,I,EU27,POP,PS,_T,_T,H,1980,406700358.0,A,0,0
DATAFLOW,OECD.ELS.SAE:DSD_POPULATION@DF_POP_HIST(1.0),,I,EU27,POP,PS,_T,_T,H,1981,408374373.0,A,0,0
DATAFLOW,OECD.ELS.SAE:DSD_POPULATION@DF_POP_HIST(1.0),,I,EU27,POP,PS,_T,_T,H,1982,409568188.0,A,0,0
DATAFLOW,OECD.ELS.SAE:DSD_POPULATION@DF_POP_HIST(1.0),,I,EU27,POP,PS,_T,_T,H,1983,410610034.0,A,0,0
DATAFLOW,OECD.ELS.SAE:DSD_POPULATION@DF_POP_HIST(1.0),,I,EU27,POP,PS,_T,_T,H,1984,411512879.0,A,0,0
DATAFLOW,OECD.ELS.SAE:DSD_POPULATION@DF_POP_HIST(1.0),,I,EU27,POP,PS,_T,_T,H,1985,412445168.0,A,0,0
DATAFLOW,OECD.ELS.SAE:DSD_POPULATION@DF_POP_HIST(1.0),,I,EU27,POP,PS,_T,_T,H,1986,413533810.0,A,0,0
DATAFLOW,OECD.ELS.SAE:DSD_POPULATION@DF_POP_HIST(1.0),,I,EU27,POP,PS,_T,_T,H,1987,414705652.0,A,0,0
DATAFLOW,OECD.ELS.SAE:DSD_POPULATION@DF_POP_HIST(1.0),,I,EU27,POP,PS,_T,_T,H,1988,416065050.0,A,0,0
DATAFLOW,OECD.ELS.SAE:DSD_POPULATION@DF_POP_HIST(1.0),,I,EU27,POP,PS,_T,_T,H,1989,417424361.0,A,0,0
DATAFLOW,OECD.ELS.SAE:DSD_POPULATION@DF_POP_HIST(1.0),,I,ARG,POP,PS,_T,_T,H,1950,17018036.0,A,0,0
DATAFLOW,OECD.ELS.SAE:DSD_POPULATION@DF_POP_HIST(1.0),,I,ARG,POP,PS,_T,_T,H,1951,17356467.0,A,0,0
DATAFLOW,OECD.ELS.SAE:DSD_POPULATION@DF_POP_HIST(1.0),,I,ARG,POP,PS,_T,_T,H,1952,17698877.0,A,0,0
DATAFLOW,OECD.ELS.SAE:DSD_POPULATION@DF_POP_HIST(1.0),,I,ARG,POP,PS,_T,_T,H,1953,18041302.0,A,0,0
DATAFLOW,OECD.ELS.SAE:DSD_POPULATION@DF_POP_HIST(1.0),,I,ARG,POP,PS,_T,_T,H,1954,18381213.0,A,0,0
DATAFLOW,OECD.ELS.SAE:DSD_POPULATION@DF_POP_HIST(1.0),,I,ARG,POP,PS,_T,_T,H,1955,18716029.0,A,0,0
DATAFLOW,OECD.ELS.SAE:DSD_POPULATION@DF_POP_HIST(1.0),,I,ARG,POP,PS,_T,_T,H,1956,19049964.0,A,0,0
DATAFLOW,OECD.ELS.SAE:DSD_POPULATION@DF_POP_HIST(1.0),,I,ARG,POP,PS,_T,_T,H,1957,19383035.0,A,0,0
DATAFLOW,OECD.ELS.SAE:DSD_POPULATION@DF_POP_HIST(1.0),,I,ARG,POP,PS,_T,_T,H,1958,19714253.0,A,0,0
DATAFLOW,OECD.ELS.SAE:DSD_POPULATION@DF_POP_HIST(1.0),,I,ARG,POP,PS,_T,_T,H,1959,20049609.0,A,0,0
DATAFLOW,OECD.ELS.SAE:DSD_POPULATION@DF_POP_HIST(1.0),,I,ARG,POP,PS,_T,_T,H,1960,20386045.0,A,0,0
DATAFLOW,OECD.ELS.SAE:DSD_POPULATION@DF_POP_HIST(1.0),,I,ARG,POP,PS,_T,_T,H,1961,20726276.0,A,0,0
DATAFLOW,OECD.ELS.SAE:DSD_POPULATION@DF_POP_HIST(1.0),,I,ARG,POP,PS,_T,_T,H,1962,21072538.0,A,0,0
DATAFLOW,OECD.ELS.SAE:DSD_POPULATION@DF_POP_HIST(1.0),,I,ARG,POP,PS,_T,_T,H,1963,21421705.0,A,0,0
DATAFLOW,OECD.ELS.SAE:DSD_POPULATION@DF_POP_HIST(1.0),,I,ARG,POP,PS,_T,_T,H,1964,21769453.0,A,0,0
DATAFLOW,OECD.ELS.SAE:DSD_POPULATION@DF_POP_HIST(1.0),,I,ARG,POP,PS,_T,_T,H,1965,22112629.0,A,0,0
DATAFLOW,OECD.ELS.SAE:DSD_POPULATION@DF_POP_HIST(1.0),,I,ARG,POP,PS,_T,_T,H,1966,22453893.0,A,0,0
DATAFLOW,OECD.ELS.SAE:DSD_POPULATION@DF_POP_HIST(1.0),,I,ARG,POP,PS,_T,_T,H,1967,22799059.0,A,0,0
DATAFLOW,OECD.ELS.SAE:DSD_POPULATION@DF_POP_HIST(1.0),,I,ARG,POP,PS,_T,_T,H,1968,23150583.0,A,0,0
DATAFLOW,OECD.ELS.SAE:DSD_POPULATION@DF_POP_HIST(1.0),,I,ARG,POP,PS,_T,_T,H,1969,23508711.0,A,0,0
DATAFLOW,OECD.ELS.SAE:DSD_POPULATION@DF_POP_HIST(1.0),,I,ARG,POP,PS,_T,_T,H,1970,23878327.0,A,0,0
DATAFLOW,OECD.ELS.SAE:DSD_POPULATION@DF_POP_HIST(1.0),,I,ARG,POP,PS,_T,_T,H,1971,24257208.0,A,0,0
DATAFLOW,OECD.ELS.SAE:DSD_POPULATION@DF_POP_HIST(1.0),,I,ARG,POP,PS,_T,_T,H,1972,24644328.0,A,0,0
DATAFLOW,OECD.ELS.SAE:DSD_POPULATION@DF_POP_HIST(1.0),,I,ARG,POP,PS,_T,_T,H,1973,25046005.0,A,0,0
DATAFLOW,OECD.ELS.SAE:DSD_POPULATION@DF_POP_HIST(1.0),,I,ARG,POP,PS,_T,_T,H,1974,25461351.0,A,0,0
DATAFLOW,OECD.ELS.SAE:DSD_POPULATION@DF_POP_HIST(1.0),,I,ARG,POP,PS,_T,_T,H,1975,25874107.0,A,0,0
DATAFLOW,OECD.ELS.SAE:DSD_POPULATION@DF_POP_HIST(1.0),,I,ARG,POP,PS,_T,_T,H,1976,26282283.0,A,0,0
DATAFLOW,OECD.ELS.SAE:DSD_POPULATION@DF_POP_HIST(1.0),,I,ARG,POP,PS,_T,_T,H,1977,26701805.0,A,0,0
DATAFLOW,OECD.ELS.SAE:DSD_POPULATION@DF_POP_HIST(1.0),,I,ARG,POP,PS,_T,_T,H,1978,27132158.0,A,0,0
DATAFLOW,OECD.ELS.SAE:DSD_POPULATION@DF_POP_HIST(1.0),,I,ARG,POP,PS,_T,_T,H,1979,27568895.0,A,0,0
DATAFLOW,OECD.ELS.SAE:DSD_POPULATION@DF_POP_HIST(1.0),,I,ARG,POP,PS,_T,_T,H,1980,28011596.0,A,0,0
DATAFLOW,OECD.ELS.SAE:DSD_POPULATION@DF_POP_HIST(1.0),,I,ARG,POP,PS,_T,_T,H,1981,28463959.0,A,0,0
DATAFLOW,OECD.ELS.SAE:DSD_POPULATION@DF_POP_HIST(1.0),,I,ARG,POP,PS,_T,_T,H,1982,28924262.0,A,0,0
DATAFLOW,OECD.ELS.SAE:DSD_POPULATION@DF_POP_HIST(1.0),,I,ARG,POP,PS,_T,_T,H,1983,29391332.0,A,0,0
DATAFLOW,OECD.ELS.SAE:DSD_POPULATION@DF_POP_HIST(1.0),,I,ARG,POP,PS,_T,_T,H,1984,29863093.0,A,0,0
DATAFLOW,OECD.ELS.SAE:DSD_POPULATION@DF_POP_HIST(1.0),,I,ARG,POP,PS,_T,_T,H,1985,30336441.0,A,0,0
DATAFLOW,OECD.ELS.SAE:DSD_POPULATION@DF_POP_HIST(1.0),,I,ARG,POP,PS,_T,_T,H,1986,30811980.0,A,0,0
DATAFLOW,OECD.ELS.SAE:DSD_POPULATION@DF_POP_HIST(1.0),,I,ARG,POP,PS,_T,_T,H,1987,31291762.0,A,0,0
DATAFLOW,OECD.ELS.SAE:DSD_POPULATION@DF_POP_HIST(1.0),,I,ARG,POP,PS,_T,_T,H,1988,31780532.0,A,0,0
DATAFLOW,OECD.ELS.SAE:DSD_POPULATION@DF_POP_HIST(1.0),,I,ARG,POP,PS,_T,_T,H,1989,32270948.0,A,0,0
DATAFLOW,OECD.ELS.SAE:DSD_POPULATION@DF_POP_HIST(1.0),,I,CHN,POP,PS,_T,_T,H,1950,544044358.0,A,0,0
DATAFLOW,OECD.ELS.SAE:DSD_POPULATION@DF_POP_HIST(1.0),,I,CHN,POP,PS,_T,_T,H,1951,553758247.0,A,0,0
DATAFLOW,OECD.ELS.SAE:DSD_POPULATION@DF_POP_HIST(1.0),,I,CHN,POP,PS,_T,_T,H,1952,565131438.0,A,0,0
DATAFLOW,OECD.ELS.SAE:DSD_POPULATION@DF_POP_HIST(1.0),,I,CHN,POP,PS,_T,_T,H,1953,577557138.0,A,0,0
DATAFLOW,OECD.ELS.SAE:DSD_POPULATION@DF_POP_HIST(1.0),,I,CHN,POP,PS,_T,_T,H,1954,590113858.0,A,0,0
DATAFLOW,OECD.ELS.SAE:DSD_POPULATION@DF_POP_HIST(1.0),,I,CHN,POP,PS,_T,_T,H,1955,603547007.0,A,0,0
DATAFLOW,OECD.ELS.SAE:DSD_POPULATION@DF_POP_HIST(1.0),,I,CHN,POP,PS,_T,_T,H,1956,616558583.0,A,0,0
DATAFLOW,OECD.ELS.SAE:DSD_POPULATION@DF_POP_HIST(1.0),,I,CHN,POP,PS,_T,_T,H,1957,630356208.0,A,0,0
DATAFLOW,OECD.ELS.SAE:DSD_POPULATION@DF_POP_HIST(1.0),,I,CHN,POP,PS,_T,_T,H,1958,644219479.0,A,0,0
DATAFLOW,OECD.ELS.SAE:DSD_POPULATION@DF_POP_HIST(1.0),,I,CHN,POP,PS,_T,_T,H,1959,652708217.0,A,0,0
DATAFLOW,OECD.ELS.SAE:DSD_POPULATION@DF_POP_HIST(1.0),,I,CHN,POP,PS,_T,_T,H,1960,654802069.0,A,0,0
DATAFLOW,OECD.ELS.SAE:DSD_POPULATION@DF_POP_HIST(1.0),,I,CHN,POP,PS,_T,_T,H,1961,655773486.0,A,0,0
DATAFLOW,OECD.ELS.SAE:DSD_POPULATION@DF_POP_HIST(1.0),,I,CHN,POP,PS,_T,_T,H,1962,665073691.0,A,0,0
DATAFLOW,OECD.ELS.SAE:DSD_POPULATION@DF_POP_HIST(1.0),,I,CHN,POP,PS,_T,_T,H,1963,684552645.0,A,0,0
DATAFLOW,OECD.ELS.SAE:DSD_POPULATION@DF_POP_HIST(1.0),,I,CHN,POP,PS,_T,_T,H,1964,704798265.0,A,0,0
DATAFLOW,OECD.ELS.SAE:DSD_POPULATION@DF_POP_HIST(1.0),,I,CHN,POP,PS,_T,_T,H,1965,723415733.0,A,0,0
DATAFLOW,OECD.ELS.SAE:DSD_POPULATION@DF_POP_HIST(1.0),,I,CHN,POP,PS,_T,_T,H,1966,742402213.0,A,0,0
DATAFLOW,OECD.ELS.SAE:DSD_POPULATION@DF_POP_HIST(1.0),,I,CHN,POP,PS,_T,_T,H,1967,761026026.0,A,0,0
DATAFLOW,OECD.ELS.SAE:DSD_POPULATION@DF_POP_HIST(1.0),,I,CHN,POP,PS,_T,_T,H,1968,781011025.0,A,0,0
DATAFLOW,OECD.ELS.SAE:DSD_POPULATION@DF_POP_HIST(1.0),,I,CHN,POP,PS,_T,_T,H,1969,802140332.0,A,0,0
DATAFLOW,OECD.ELS.SAE:DSD_POPULATION@DF_POP_HIST(1.0),,I,CHN,POP,PS,_T,_T,H,1970,823308967.0,A,0,0
DATAFLOW,OECD.ELS.SAE:DSD_POPULATION@DF_POP_HIST(1.0),,I,CHN,POP,PS,_T,_T,H,1971,844069867.0,A,0,0
DATAFLOW,OECD.ELS.SAE:DSD_POPULATION@DF_POP_HIST(1.0),,I,CHN,POP,PS,_T,_T,H,1972,863677814.0,A,0,0
DATAFLOW,OECD.ELS.SAE:DSD_POPULATION@DF_POP_HIST(1.0),,I,CHN,POP,PS,_T,_T,H,1973,882576946.0,A,0,0
DATAFLOW,OECD.ELS.SAE:DSD_POPULATION@DF_POP_HIST(1.0),,I,CHN,POP,PS,_T,_T,H,1974,900307582.0,A,0,0
DATAFLOW,OECD.ELS.SAE:DSD_POPULATION@DF_POP_HIST(1.0),,I,CHN,POP,PS,_T,_T,H,1975,916116793.0,A,0,0
DATAFLOW,OECD.ELS.SAE:DSD_POPULATION@DF_POP_HIST(1.0),,I,CHN,POP,PS,_T,_T,H,1976,930372292.0,A,0,0
DATAFLOW,OECD.ELS.SAE:DSD_POPULATION@DF_POP_HIST(1.0),,I,CHN,POP,PS,_T,_T,H,1977,943546375.0,A,0,0
DATAFLOW,OECD.ELS.SAE:DSD_POPULATION@DF_POP_HIST(1.0),,I,CHN,POP,PS,_T,_T,H,1978,956161485.0,A,0,0
DATAFLOW,OECD.ELS.SAE:DSD_POPULATION@DF_POP_HIST(1.0),,I,CHN,POP,PS,_T,_T,H,1979,969288069.0,A,0,0
DATAFLOW,OECD.ELS.SAE:DSD_POPULATION@DF_POP_HIST(1.0),,I,CHN,POP,PS,_T,_T,H,1980,983163542.0,A,0,0
DATAFLOW,OECD.ELS.SAE:DSD_POPULATION@DF_POP_HIST(1.0),,I,CHN,POP,PS,_T,_T,H,1981,997721071.0,A,0,0
DATAFLOW,OECD.ELS.SAE:DSD_POPULATION@DF_POP_HIST(1.0),,I,CHN,POP,PS,_T,_T,H,1982,1013590000.0,A,0,0
DATAFLOW,OECD.ELS.SAE:DSD_POPULATION@DF_POP_HIST(1.0),,I,CHN,POP,PS,_T,_T,H,1983,1029060000.0,A,0,0
DATAFLOW,OECD.ELS.SAE:DSD_POPULATION@DF_POP_HIST(1.0),,I,CHN,POP,PS,_T,_T,H,1984,1043850000.0,A,0,0
DATAFLOW,OECD.ELS.SAE:DSD_POPULATION@DF_POP_HIST(1.0),,I,CHN,POP,PS,_T,_T,H,1985,1059810000.0,A,0,0
DATAFLOW,OECD.ELS.SAE:DSD_POPULATION@DF_POP_HIST(1.0),,I,CHN,POP,PS,_T,_T,H,1986,1077230000.0,A,0,0
DATAFLOW,OECD.ELS.SAE:DSD_POPULATION@DF_POP_HIST(1.0),,I,CHN,POP,PS,_T,_T,H,1987,1096220000.0,A,0,0
DATAFLOW,OECD.ELS.SAE:DSD_POPULATION@DF_POP_HIST(1.0),,I,CHN,POP,PS,_T,_T,H,1988,1115240000.0,A,0,0
DATAFLOW,OECD.ELS.SAE:DSD_POPULATION@DF_POP_HIST(1.0),,I,CHN,POP,PS,_T,_T,H,1989,1133990000.0,A,0,0
DATAFLOW,OECD.ELS.SAE:DSD_POPULATION@DF_POP_HIST(1.0),,I,HRV,POP,PS,_T,_T,H,1950,3864990.0,A,0,0
DATAFLOW,OECD.ELS.SAE:DSD_POPULATION@DF_POP_HIST(1.0),,I,HRV,POP,PS,_T,_T,H,1951,3911671.0,A,0,0
DATAFLOW,OECD.ELS.SAE:DSD_POPULATION@DF_POP_HIST(1.0),,I,HRV,POP,PS,_T,_T,H,1952,3957414.0,A,0,0
DATAFLOW,OECD.ELS.SAE:DSD_POPULATION@DF_POP_HIST(1.0),,I,HRV,POP,PS,_T,_T,H,1953,4006122.0,A,0,0
DATAFLOW,OECD.ELS.SAE:DSD_POPULATION@DF_POP_HIST(1.0),,I,HRV,POP,PS,_T,_T,H,1954,4048114.0,A,0,0
DATAFLOW,OECD.ELS.SAE:DSD_POPULATION@DF_POP_HIST(1.0),,I,HRV,POP,PS,_T,_T,H,1955,4080735.0,A,0,0
DATAFLOW,OECD.ELS.SAE:DSD_POPULATION@DF_POP_HIST(1.0),,I,HRV,POP,PS,_T,_T,H,1956,4110124.0,A,0,0
DATAFLOW,OECD.ELS.SAE:DSD_POPULATION@DF_POP_HIST(1.0),,I,HRV,POP,PS,_T,_T,H,1957,4136704.0,A,0,0
DATAFLOW,OECD.ELS.SAE:DSD_POPULATION@DF_POP_HIST(1.0),,I,HRV,POP,PS,_T,_T,H,1958,4160692.0,A,0,0
DATAFLOW,OECD.ELS.SAE:DSD_POPULATION@DF_POP_HIST(1.0),,I,HRV,POP,PS,_T,_T,H,1959,4182093.0,A,0,0
DATAFLOW,OECD.ELS.SAE:DSD_POPULATION@DF_POP_HIST(1.0),,I,HRV,POP,PS,_T,_T,H,1960,4200264.0,A,0,0
DATAFLOW,OECD.ELS.SAE:DSD_POPULATION@DF_POP_HIST(1.0),,I,HRV,POP,PS,_T,_T,H,1961,4223427.0,A,0,0
DATAFLOW,OECD.ELS.SAE:DSD_POPULATION@DF_POP_HIST(1.0),,I,HRV,POP,PS,_T,_T,H,1962,4255014.0,A,0,0
DATAFLOW,OECD.ELS.SAE:DSD_POPULATION@DF_POP_HIST(1.0),,I,HRV,POP,PS,_T,_T,H,1963,4287266.0,A,0,0
DATAFLOW,OECD.ELS.SAE:DSD_POPULATION@DF_POP_HIST(1.0),,I,HRV,POP,PS,_T,_T,H,1964,4317757.0,A,0,0
DATAFLOW,OECD.ELS.SAE:DSD_POPULATION@DF_POP_HIST(1.0),,I,HRV,POP,PS,_T,_T,H,1965,4346706.0,A,0,0
DATAFLOW,OECD.ELS.SAE:DSD_POPULATION@DF_POP_HIST(1.0),,I,HRV,POP,PS,_T,_T,H,1966,4374301.0,A,0,0
DATAFLOW,OECD.ELS.SAE:DSD_POPULATION@DF_POP_HIST(1.0),,I,HRV,POP,PS,_T,_T,H,1967,4400269.0,A,0,0
DATAFLOW,OECD.ELS.SAE:DSD_POPULATION@DF_POP_HIST(1.0),,I,HRV,POP,PS,_T,_T,H,1968,4423828.0,A,0,0
DATAFLOW,OECD.ELS.SAE:DSD_POPULATION@DF_POP_HIST(1.0),,I,HRV,POP,PS,_T,_T,H,1969,4444447.0,A,0,0
DATAFLOW,OECD.ELS.SAE:DSD_POPULATION@DF_POP_HIST(1.0),,I,HRV,POP,PS,_T,_T,H,1970,4462673.0,A,0,0
DATAFLOW,OECD.ELS.SAE:DSD_POPULATION@DF_POP_HIST(1.0),,I,HRV,POP,PS,_T,_T,H,1971,4480162.0,A,0,0
DATAFLOW,OECD.ELS.SAE:DSD_POPULATION@DF_POP_HIST(1.0),,I,HRV,POP,PS,_T,_T,H,1972,4497891.0,A,0,0
DATAFLOW,OECD.ELS.SAE:DSD_POPULATION@DF_POP_HIST(1.0),,I,HRV,POP,PS,_T,_T,H,1973,4515758.0,A,0,0
DATAFLOW,OECD.ELS.SAE:DSD_POPULATION@DF_POP_HIST(1.0),,I,HRV,POP,PS,_T,_T,H,1974,4533953.0,A,0,0
DATAFLOW,OECD.ELS.SAE:DSD_POPULATION@DF_POP_HIST(1.0),,I,HRV,POP,PS,_T,_T,H,1975,4552730.0,A,0,0
DATAFLOW,OECD.ELS.SAE:DSD_POPULATION@DF_POP_HIST(1.0),,I,HRV,POP,PS,_T,_T,H,1976,4571750.0,A,0,0
DATAFLOW,OECD.ELS.SAE:DSD_POPULATION@DF_POP_HIST(1.0),,I,HRV,POP,PS,_T,_T,H,1977,4590623.0,A,0,0
DATAFLOW,OECD.ELS.SAE:DSD_POPULATION@DF_POP_HIST(1.0),,I,HRV,POP,PS,_T,_T,H,1978,4609020.0,A,0,0
DATAFLOW,OECD.ELS.SAE:DSD_POPULATION@DF_POP_HIST(1.0),,I,HRV,POP,PS,_T,_T,H,1979,4626959.0,A,0,0
DATAFLOW,OECD.ELS.SAE:DSD_POPULATION@DF_POP_HIST(1.0),,I,HRV,POP,PS,_T,_T,H,1980,4643896.0,A,0,0
DATAFLOW,OECD.ELS.SAE:DSD_POPULATION@DF_POP_HIST(1.0),,I,HRV,POP,PS,_T,_T,H,1981,4664258.0,A,0,0
DATAFLOW,OECD.ELS.SAE:DSD_POPULATION@DF_POP_HIST(1.0),,I,HRV,POP,PS,_T,_T,H,1982,4689156.0,A,0,0
DATAFLOW,OECD.ELS.SAE:DSD_POPULATION@DF_POP_HIST(1.0),,I,HRV,POP,PS,_T,_T,H,1983,4712884.0,A,0,0
DATAFLOW,OECD.ELS.SAE:DSD_POPULATION@DF_POP_HIST(1.0),,I,HRV,POP,PS,_T,_T,H,1984,4734488.0,A,0,0
DATAFLOW,OECD.ELS.SAE:DSD_POPULATION@DF_POP_HIST(1.0),,I,HRV,POP,PS,_T,_T,H,1985,4754555.0,A,0,0
DATAFLOW,OECD.ELS.SAE:DSD_POPULATION@DF_POP_HIST(1.0),,I,HRV,POP,PS,_T,_T,H,1986,4773051.0,A,0,0
DATAFLOW,OECD.ELS.SAE:DSD_POPULATION@DF_POP_HIST(1.0),,I,HRV,POP,PS,_T,_T,H,1987,4790209.0,A,0,0
DATAFLOW,OECD.ELS.SAE:DSD_POPULATION@DF_POP_HIST(1.0),,I,HRV,POP,PS,_T,_T,H,1988,4806032.0,A,0,0
DATAFLOW,OECD.ELS.SAE:DSD_POPULATION@DF_POP_HIST(1.0),,I,HRV,POP,PS,_T,_T,H,1989,4820733.0,A,0,0
DATAFLOW,OECD.ELS.SAE:DSD_POPULATION@DF_POP_HIST(1.0),,I,IND,POP,PS,_T,_T,H,1950,346278821.0,A,0,0
DATAFLOW,OECD.ELS.SAE:DSD_POPULATION@DF_POP_HIST(1.0),,I,IND,POP,PS,_T,_T,H,1951,353870057.0,A,0,0
DATAFLOW,OECD.ELS.SAE:DSD_POPULATION@DF_POP_HIST(1.0),,I,IND,POP,PS,_T,_T,H,1952,361874903.0,A,0,0
DATAFLOW,OECD.ELS.SAE:DSD_POPULATION@DF_POP_HIST(1.0),,I,IND,POP,PS,_T,_T,H,1953,370104573.0,A,0,0
DATAFLOW,OECD.ELS.SAE:DSD_POPULATION@DF_POP_HIST(1.0),,I,IND,POP,PS,_T,_T,H,1954,378687138.0,A,0,0
DATAFLOW,OECD.ELS.SAE:DSD_POPULATION@DF_POP_HIST(1.0),,I,IND,POP,PS,_T,_T,H,1955,387700887.0,A,0,0
DATAFLOW,OECD.ELS.SAE:DSD_POPULATION@DF_POP_HIST(1.0),,I,IND,POP,PS,_T,_T,H,1956,396988903.0,A,0,0
DATAFLOW,OECD.ELS.SAE:DSD_POPULATION@DF_POP_HIST(1.0),,I,IND,POP,PS,_T,_T,H,1957,406253888.0,A,0,0
DATAFLOW,OECD.ELS.SAE:DSD_POPULATION@DF_POP_HIST(1.0),,I,IND,POP,PS,_T,_T,H,1958,415777442.0,A,0,0
DATAFLOW,OECD.ELS.SAE:DSD_POPULATION@DF_POP_HIST(1.0),,I,IND,POP,PS,_T,_T,H,1959,425780669.0,A,0,0
DATAFLOW,OECD.ELS.SAE:DSD_POPULATION@DF_POP_HIST(1.0),,I,IND,POP,PS,_T,_T,H,1960,435990338.0,A,0,0
DATAFLOW,OECD.ELS.SAE:DSD_POPULATION@DF_POP_HIST(1.0),,I,IND,POP,PS,_T,_T,H,1961,446564729.0,A,0,0
DATAFLOW,OECD.ELS.SAE:DSD_POPULATION@DF_POP_HIST(1.0),,I,IND,POP,PS,_T,_T,H,1962,457283090.0,A,0,0
DATAFLOW,OECD.ELS.SAE:DSD_POPULATION@DF_POP_HIST(1.0),,I,IND,POP,PS,_T,_T,H,1963,468138575.0,A,0,0
DATAFLOW,OECD.ELS.SAE:DSD_POPULATION@DF_POP_HIST(1.0),,I,IND,POP,PS,_T,_T,H,1964,479229598.0,A,0,0
DATAFLOW,OECD.ELS.SAE:DSD_POPULATION@DF_POP_HIST(1.0),,I,IND,POP,PS,_T,_T,H,1965,490140146.0,A,0,0
DATAFLOW,OECD.ELS.SAE:DSD_POPULATION@DF_POP_HIST(1.0),,I,IND,POP,PS,_T,_T,H,1966,500740247.0,A,0,0
DATAFLOW,OECD.ELS.SAE:DSD_POPULATION@DF_POP_HIST(1.0),,I,IND,POP,PS,_T,_T,H,1967,511606372.0,A,0,0
DATAFLOW,OECD.ELS.SAE:DSD_POPULATION@DF_POP_HIST(1.0),,I,IND,POP,PS,_T,_T,H,1968,522716889.0,A,0,0
DATAFLOW,OECD.ELS.SAE:DSD_POPULATION@DF_POP_HIST(1.0),,I,IND,POP,PS,_T,_T,H,1969,533880544.0,A,0,0
DATAFLOW,OECD.ELS.SAE:DSD_POPULATION@DF_POP_HIST(1.0),,I,IND,POP,PS,_T,_T,H,1970,545864268.0,A,0,0
DATAFLOW,OECD.ELS.SAE:DSD_POPULATION@DF_POP_HIST(1.0),,I,IND,POP,PS,_T,_T,H,1971,558096387.0,A,0,0
DATAFLOW,OECD.ELS.SAE:DSD_POPULATION@DF_POP_HIST(1.0),,I,IND,POP,PS,_T,_T,H,1972,570482142.0,A,0,0
DATAFLOW,OECD.ELS.SAE:DSD_POPULATION@DF_POP_HIST(1.0),,I,IND,POP,PS,_T,_T,H,1973,583465598.0,A,0,0
DATAFLOW,OECD.ELS.SAE:DSD_POPULATION@DF_POP_HIST(1.0),,I,IND,POP,PS,_T,_T,H,1974,597041391.0,A,0,0
DATAFLOW,OECD.ELS.SAE:DSD_POPULATION@DF_POP_HIST(1.0),,I,IND,POP,PS,_T,_T,H,1975,611309535.0,A,0,0
DATAFLOW,OECD.ELS.SAE:DSD_POPULATION@DF_POP_HIST(1.0),,I,IND,POP,PS,_T,_T,H,1976,625861883.0,A,0,0
DATAFLOW,OECD.ELS.SAE:DSD_POPULATION@DF_POP_HIST(1.0),,I,IND,POP,PS,_T,_T,H,1977,640801103.0,A,0,0
DATAFLOW,OECD.ELS.SAE:DSD_POPULATION@DF_POP_HIST(1.0),,I,IND,POP,PS,_T,_T,H,1978,655728229.0,A,0,0
DATAFLOW,OECD.ELS.SAE:DSD_POPULATION@DF_POP_HIST(1.0),,I,IND,POP,PS,_T,_T,H,1979,671155747.0,A,0,0
DATAFLOW,OECD.ELS.SAE:DSD_POPULATION@DF_POP_HIST(1.0),,I,IND,POP,PS,_T,_T,H,1980,687354025.0,A,0,0
DATAFLOW,OECD.ELS.SAE:DSD_POPULATION@DF_POP_HIST(1.0),,I,IND,POP,PS,_T,_T,H,1981,703696250.0,A,0,0
DATAFLOW,OECD.ELS.SAE:DSD_POPULATION@DF_POP_HIST(1.0),,I,IND,POP,PS,_T,_T,H,1982,720313473.0,A,0,0
DATAFLOW,OECD.ELS.SAE:DSD_POPULATION@DF_POP_HIST(1.0),,I,IND,POP,PS,_T,_T,H,1983,737372681.0,A,0,0
DATAFLOW,OECD.ELS.SAE:DSD_POPULATION@DF_POP_HIST(1.0),,I,IND,POP,PS,_T,_T,H,1984,754875449.0,A,0,0
DATAFLOW,OECD.ELS.SAE:DSD_POPULATION@DF_POP_HIST(1.0),,I,IND,POP,PS,_T,_T,H,1985,772647793.0,A,0,0
DATAFLOW,OECD.ELS.SAE:DSD_POPULATION@DF_POP_HIST(1.0),,I,IND,POP,PS,_T,_T,H,1986,790689978.0,A,0,0
DATAFLOW,OECD.ELS.SAE:DSD_POPULATION@DF_POP_HIST(1.0),,I,IND,POP,PS,_T,_T,H,1987,808931270.0,A,0,0
DATAFLOW,OECD.ELS.SAE:DSD_POPULATION@DF_POP_HIST(1.0),,I,IND,POP,PS,_T,_T,H,1988,827342990.0,A,0,0
DATAFLOW,OECD.ELS.SAE:DSD_POPULATION@DF_POP_HIST(1.0),,I,IND,POP,PS,_T,_T,H,1989,846039529.0,A,0,0
DATAFLOW,OECD.ELS.SAE:DSD_POPULATION@DF_POP_HIST(1.0),,I,IDN,POP,PS,_T,_T,H,1950,68799025.0,A,0,0
DATAFLOW,OECD.ELS.SAE:DSD_POPULATION@DF_POP_HIST(1.0),,I,IDN,POP,PS,_T,_T,H,1951,70286303.0,A,0,0
DATAFLOW,OECD.ELS.SAE:DSD_POPULATION@DF_POP_HIST(1.0),,I,IDN,POP,PS,_T,_T,H,1952,71876432.0,A,0,0
DATAFLOW,OECD.ELS.SAE:DSD_POPULATION@DF_POP_HIST(1.0),,I,IDN,POP,PS,_T,_T,H,1953,73569144.0,A,0,0
DATAFLOW,OECD.ELS.SAE:DSD_POPULATION@DF_POP_HIST(1.0),,I,IDN,POP,PS,_T,_T,H,1954,75367369.0,A,0,0
DATAFLOW,OECD.ELS.SAE:DSD_POPULATION@DF_POP_HIST(1.0),,I,IDN,POP,PS,_T,_T,H,1955,77273507.0,A,0,0
DATAFLOW,OECD.ELS.SAE:DSD_POPULATION@DF_POP_HIST(1.0),,I,IDN,POP,PS,_T,_T,H,1956,79282549.0,A,0,0
DATAFLOW,OECD.ELS.SAE:DSD_POPULATION@DF_POP_HIST(1.0),,I,IDN,POP,PS,_T,_T,H,1957,81390834.0,A,0,0
DATAFLOW,OECD.ELS.SAE:DSD_POPULATION@DF_POP_HIST(1.0),,I,IDN,POP,PS,_T,_T,H,1958,83592762.0,A,0,0
DATAFLOW,OECD.ELS.SAE:DSD_POPULATION@DF_POP_HIST(1.0),,I,IDN,POP,PS,_T,_T,H,1959,85892869.0,A,0,0
DATAFLOW,OECD.ELS.SAE:DSD_POPULATION@DF_POP_HIST(1.0),,I,IDN,POP,PS,_T,_T,H,1960,88296070.0,A,0,0
DATAFLOW,OECD.ELS.SAE:DSD_POPULATION@DF_POP_HIST(1.0),,I,IDN,POP,PS,_T,_T,H,1961,90791249.0,A,0,0
DATAFLOW,OECD.ELS.SAE:DSD_POPULATION@DF_POP_HIST(1.0),,I,IDN,POP,PS,_T,_T,H,1962,93375850.0,A,0,0
DATAFLOW,OECD.ELS.SAE:DSD_POPULATION@DF_POP_HIST(1.0),,I,IDN,POP,PS,_T,_T,H,1963,96051424.0,A,0,0
DATAFLOW,OECD.ELS.SAE:DSD_POPULATION@DF_POP_HIST(1.0),,I,IDN,POP,PS,_T,_T,H,1964,98833749.0,A,0,0
DATAFLOW,OECD.ELS.SAE:DSD_POPULATION@DF_POP_HIST(1.0),,I,IDN,POP,PS,_T,_T,H,1965,101365130.0,A,0,0
DATAFLOW,OECD.ELS.SAE:DSD_POPULATION@DF_POP_HIST(1.0),,I,IDN,POP,PS,_T,_T,H,1966,103792754.0,A,0,0
DATAFLOW,OECD.ELS.SAE:DSD_POPULATION@DF_POP_HIST(1.0),,I,IDN,POP,PS,_T,_T,H,1967,106526393.0,A,0,0
DATAFLOW,OECD.ELS.SAE:DSD_POPULATION@DF_POP_HIST(1.0),,I,IDN,POP,PS,_T,_T,H,1968,109450006.0,A,0,0
DATAFLOW,OECD.ELS.SAE:DSD_POPULATION@DF_POP_HIST(1.0),,I,IDN,POP,PS,_T,_T,H,1969,112517639.0,A,0,0
DATAFLOW,OECD.ELS.SAE:DSD_POPULATION@DF_POP_HIST(1.0),,I,IDN,POP,PS,_T,_T,H,1970,115657495.0,A,0,0
DATAFLOW,OECD.ELS.SAE:DSD_POPULATION@DF_POP_HIST(1.0),,I,IDN,POP,PS,_T,_T,H,1971,118833702.0,A,0,0
DATAFLOW,OECD.ELS.SAE:DSD_POPULATION@DF_POP_HIST(1.0),,I,IDN,POP,PS,_T,_T,H,1972,122039841.0,A,0,0
DATAFLOW,OECD.ELS.SAE:DSD_POPULATION@DF_POP_HIST(1.0),,I,IDN,POP,PS,_T,_T,H,1973,125288515.0,A,0,0
DATAFLOW,OECD.ELS.SAE:DSD_POPULATION@DF_POP_HIST(1.0),,I,IDN,POP,PS,_T,_T,H,1974,128555045.0,A,0,0
DATAFLOW,OECD.ELS.SAE:DSD_POPULATION@DF_POP_HIST(1.0),,I,IDN,POP,PS,_T,_T,H,1975,131843848.0,A,0,0
DATAFLOW,OECD.ELS.SAE:DSD_POPULATION@DF_POP_HIST(1.0),,I,IDN,POP,PS,_T,_T,H,1976,135173655.0,A,0,0
DATAFLOW,OECD.ELS.SAE:DSD_POPULATION@DF_POP_HIST(1.0),,I,IDN,POP,PS,_T,_T,H,1977,138533541.0,A,0,0
DATAFLOW,OECD.ELS.SAE:DSD_POPULATION@DF_POP_HIST(1.0),,I,IDN,POP,PS,_T,_T,H,1978,141953163.0,A,0,0
DATAFLOW,OECD.ELS.SAE:DSD_POPULATION@DF_POP_HIST(1.0),,I,IDN,POP,PS,_T,_T,H,1979,145434834.0,A,0,0
DATAFLOW,OECD.ELS.SAE:DSD_POPULATION@DF_POP_HIST(1.0),,I,IDN,POP,PS,_T,_T,H,1980,148950540.0,A,0,0
DATAFLOW,OECD.ELS.SAE:DSD_POPULATION@DF_POP_HIST(1.0),,I,IDN,POP,PS,_T,_T,H,1981,152485035.0,A,0,0
DATAFLOW,OECD.ELS.SAE:DSD_POPULATION@DF_POP_HIST(1.0),,I,IDN,POP,PS,_T,_T,H,1982,156052152.0,A,0,0
DATAFLOW,OECD.ELS.SAE:DSD_POPULATION@DF_POP_HIST(1.0),,I,IDN,POP,PS,_T,_T,H,1983,159651381.0,A,0,0
DATAFLOW,OECD.ELS.SAE:DSD_POPULATION@DF_POP_HIST(1.0),,I,IDN,POP,PS,_T,_T,H,1984,163251124.0,A,0,0
DATAFLOW,OECD.ELS.SAE:DSD_POPULATION@DF_POP_HIST(1.0),,I,IDN,POP,PS,_T,_T,H,1985,166776185.0,A,0,0
DATAFLOW,OECD.ELS.SAE:DSD_POPULATION@DF_POP_HIST(1.0),,I,IDN,POP,PS,_T,_T,H,1986,170175065.0,A,0,0
DATAFLOW,OECD.ELS.SAE:DSD_POPULATION@DF_POP_HIST(1.0),,I,IDN,POP,PS,_T,_T,H,1987,173511154.0,A,0,0
DATAFLOW,OECD.ELS.SAE:DSD_POPULATION@DF_POP_HIST(1.0),,I,IDN,POP,PS,_T,_T,H,1988,176855065.0,A,0,0
DATAFLOW,OECD.ELS.SAE:DSD_POPULATION@DF_POP_HIST(1.0),,I,IDN,POP,PS,_T,_T,H,1989,180201630.0,A,0,0
DATAFLOW,OECD.ELS.SAE:DSD_POPULATION@DF_POP_HIST(1.0),,I,RUS,POP,PS,_T,_T,H,1950,103392360.0,A,0,0
DATAFLOW,OECD.ELS.SAE:DSD_POPULATION@DF_POP_HIST(1.0),,I,RUS,POP,PS,_T,_T,H,1951,104844658.0,A,0,0
DATAFLOW,OECD.ELS.SAE:DSD_POPULATION@DF_POP_HIST(1.0),,I,RUS,POP,PS,_T,_T,H,1952,106326382.0,A,0,0
DATAFLOW,OECD.ELS.SAE:DSD_POPULATION@DF_POP_HIST(1.0),,I,RUS,POP,PS,_T,_T,H,1953,107851679.0,A,0,0
DATAFLOW,OECD.ELS.SAE:DSD_POPULATION@DF_POP_HIST(1.0),,I,RUS,POP,PS,_T,_T,H,1954,109463239.0,A,0,0
DATAFLOW,OECD.ELS.SAE:DSD_POPULATION@DF_POP_HIST(1.0),,I,RUS,POP,PS,_T,_T,H,1955,111160992.0,A,0,0
DATAFLOW,OECD.ELS.SAE:DSD_POPULATION@DF_POP_HIST(1.0),,I,RUS,POP,PS,_T,_T,H,1956,112909103.0,A,0,0
DATAFLOW,OECD.ELS.SAE:DSD_POPULATION@DF_POP_HIST(1.0),,I,RUS,POP,PS,_T,_T,H,1957,114730335.0,A,0,0
DATAFLOW,OECD.ELS.SAE:DSD_POPULATION@DF_POP_HIST(1.0),,I,RUS,POP,PS,_T,_T,H,1958,116588766.0,A,0,0
DATAFLOW,OECD.ELS.SAE:DSD_POPULATION@DF_POP_HIST(1.0),,I,RUS,POP,PS,_T,_T,H,1959,118293890.0,A,0,0
DATAFLOW,OECD.ELS.SAE:DSD_POPULATION@DF_POP_HIST(1.0),,I,RUS,POP,PS,_T,_T,H,1960,119934141.0,A,0,0
DATAFLOW,OECD.ELS.SAE:DSD_POPULATION@DF_POP_HIST(1.0),,I,RUS,POP,PS,_T,_T,H,1961,121604304.0,A,0,0
DATAFLOW,OECD.ELS.SAE:DSD_POPULATION@DF_POP_HIST(1.0),,I,RUS,POP,PS,_T,_T,H,1962,123111713.0,A,0,0
DATAFLOW,OECD.ELS.SAE:DSD_POPULATION@DF_POP_HIST(1.0),,I,RUS,POP,PS,_T,_T,H,1963,124449753.0,A,0,0
DATAFLOW,OECD.ELS.SAE:DSD_POPULATION@DF_POP_HIST(1.0),,I,RUS,POP,PS,_T,_T,H,1964,125630154.0,A,0,0
DATAFLOW,OECD.ELS.SAE:DSD_POPULATION@DF_POP_HIST(1.0),,I,RUS,POP,PS,_T,_T,H,1965,126634214.0,A,0,0
DATAFLOW,OECD.ELS.SAE:DSD_POPULATION@DF_POP_HIST(1.0),,I,RUS,POP,PS,_T,_T,H,1966,127533631.0,A,0,0
DATAFLOW,OECD.ELS.SAE:DSD_POPULATION@DF_POP_HIST(1.0),,I,RUS,POP,PS,_T,_T,H,1967,128342644.0,A,0,0
DATAFLOW,OECD.ELS.SAE:DSD_POPULATION@DF_POP_HIST(1.0),,I,RUS,POP,PS,_T,_T,H,1968,129065041.0,A,0,0
DATAFLOW,OECD.ELS.SAE:DSD_POPULATION@DF_POP_HIST(1.0),,I,RUS,POP,PS,_T,_T,H,1969,129762187.0,A,0,0
DATAFLOW,OECD.ELS.SAE:DSD_POPULATION@DF_POP_HIST(1.0),,I,RUS,POP,PS,_T,_T,H,1970,130367189.0,A,0,0
DATAFLOW,OECD.ELS.SAE:DSD_POPULATION@DF_POP_HIST(1.0),,I,RUS,POP,PS,_T,_T,H,1971,130987113.0,A,0,0
DATAFLOW,OECD.ELS.SAE:DSD_POPULATION@DF_POP_HIST(1.0),,I,RUS,POP,PS,_T,_T,H,1972,131726419.0,A,0,0
DATAFLOW,OECD.ELS.SAE:DSD_POPULATION@DF_POP_HIST(1.0),,I,RUS,POP,PS,_T,_T,H,1973,132475149.0,A,0,0
DATAFLOW,OECD.ELS.SAE:DSD_POPULATION@DF_POP_HIST(1.0),,I,RUS,POP,PS,_T,_T,H,1974,133259158.0,A,0,0
DATAFLOW,OECD.ELS.SAE:DSD_POPULATION@DF_POP_HIST(1.0),,I,RUS,POP,PS,_T,_T,H,1975,134136098.0,A,0,0
DATAFLOW,OECD.ELS.SAE:DSD_POPULATION@DF_POP_HIST(1.0),,I,RUS,POP,PS,_T,_T,H,1976,135080690.0,A,0,0
DATAFLOW,OECD.ELS.SAE:DSD_POPULATION@DF_POP_HIST(1.0),,I,RUS,POP,PS,_T,_T,H,1977,136040976.0,A,0,0
DATAFLOW,OECD.ELS.SAE:DSD_POPULATION@DF_POP_HIST(1.0),,I,RUS,POP,PS,_T,_T,H,1978,136979087.0,A,0,0
DATAFLOW,OECD.ELS.SAE:DSD_POPULATION@DF_POP_HIST(1.0),,I,RUS,POP,PS,_T,_T,H,1979,137816541.0,A,0,0
DATAFLOW,OECD.ELS.SAE:DSD_POPULATION@DF_POP_HIST(1.0),,I,RUS,POP,PS,_T,_T,H,1980,138572623.0,A,0,0
DATAFLOW,OECD.ELS.SAE:DSD_POPULATION@DF_POP_HIST(1.0),,I,RUS,POP,PS,_T,_T,H,1981,139351498.0,A,0,0
DATAFLOW,OECD.ELS.SAE:DSD_POPULATION@DF_POP_HIST(1.0),,I,RUS,POP,PS,_T,_T,H,1982,140247748.0,A,0,0
DATAFLOW,OECD.ELS.SAE:DSD_POPULATION@DF_POP_HIST(1.0),,I,RUS,POP,PS,_T,_T,H,1983,141331278.0,A,0,0
DATAFLOW,OECD.ELS.SAE:DSD_POPULATION@DF_POP_HIST(1.0),,I,RUS,POP,PS,_T,_T,H,1984,142464239.0,A,0,0
DATAFLOW,OECD.ELS.SAE:DSD_POPULATION@DF_POP_HIST(1.0),,I,RUS,POP,PS,_T,_T,H,1985,143569389.0,A,0,0
DATAFLOW,OECD.ELS.SAE:DSD_POPULATION@DF_POP_HIST(1.0),,I,RUS,POP,PS,_T,_T,H,1986,144807813.0,A,0,0
DATAFLOW,OECD.ELS.SAE:DSD_POPULATION@DF_POP_HIST(1.0),,I,RUS,POP,PS,_T,_T,H,1987,146147383.0,A,0,0
DATAFLOW,OECD.ELS.SAE:DSD_POPULATION@DF_POP_HIST(1.0),,I,RUS,POP,PS,_T,_T,H,1988,147364489.0,A,0,0
DATAFLOW,OECD.ELS.SAE:DSD_POPULATION@DF_POP_HIST(1.0),,I,RUS,POP,PS,_T,_T,H,1989,148281866.0,A,0,0
DATAFLOW,OECD.ELS.SAE:DSD_POPULATION@DF_POP_HIST(1.0),,I,SAU,POP,PS,_T,_T,H,1950,1703271.0,A,0,0
DATAFLOW,OECD.ELS.SAE:DSD_POPULATION@DF_POP_HIST(1.0),,I,SAU,POP,PS,_T,_T,H,1951,1763607.0,A,0,0
DATAFLOW,OECD.ELS.SAE:DSD_POPULATION@DF_POP_HIST(1.0),,I,SAU,POP,PS,_T,_T,H,1952,1826509.0,A,0,0
DATAFLOW,OECD.ELS.SAE:DSD_POPULATION@DF_POP_HIST(1.0),,I,SAU,POP,PS,_T,_T,H,1953,1892162.0,A,0,0
DATAFLOW,OECD.ELS.SAE:DSD_POPULATION@DF_POP_HIST(1.0),,I,SAU,POP,PS,_T,_T,H,1954,1960623.0,A,0,0
DATAFLOW,OECD.ELS.SAE:DSD_POPULATION@DF_POP_HIST(1.0),,I,SAU,POP,PS,_T,_T,H,1955,2031955.0,A,0,0
DATAFLOW,OECD.ELS.SAE:DSD_POPULATION@DF_POP_HIST(1.0),,I,SAU,POP,PS,_T,_T,H,1956,2106227.0,A,0,0
DATAFLOW,OECD.ELS.SAE:DSD_POPULATION@DF_POP_HIST(1.0),,I,SAU,POP,PS,_T,_T,H,1957,2183543.0,A,0,0
DATAFLOW,OECD.ELS.SAE:DSD_POPULATION@DF_POP_HIST(1.0),,I,SAU,POP,PS,_T,_T,H,1958,2264095.0,A,0,0
DATAFLOW,OECD.ELS.SAE:DSD_POPULATION@DF_POP_HIST(1.0),,I,SAU,POP,PS,_T,_T,H,1959,2348011.0,A,0,0
DATAFLOW,OECD.ELS.SAE:DSD_POPULATION@DF_POP_HIST(1.0),,I,SAU,POP,PS,_T,_T,H,1960,2435403.0,A,0,0
DATAFLOW,OECD.ELS.SAE:DSD_POPULATION@DF_POP_HIST(1.0),,I,SAU,POP,PS,_T,_T,H,1961,2526347.0,A,0,0
DATAFLOW,OECD.ELS.SAE:DSD_POPULATION@DF_POP_HIST(1.0),,I,SAU,POP,PS,_T,_T,H,1962,2620910.0,A,0,0
DATAFLOW,OECD.ELS.SAE:DSD_POPULATION@DF_POP_HIST(1.0),,I,SAU,POP,PS,_T,_T,H,1963,2719341.0,A,0,0
DATAFLOW,OECD.ELS.SAE:DSD_POPULATION@DF_POP_HIST(1.0),,I,SAU,POP,PS,_T,_T,H,1964,2821968.0,A,0,0
DATAFLOW,OECD.ELS.SAE:DSD_POPULATION@DF_POP_HIST(1.0),,I,SAU,POP,PS,_T,_T,H,1965,2928771.0,A,0,0
DATAFLOW,OECD.ELS.SAE:DSD_POPULATION@DF_POP_HIST(1.0),,I,SAU,POP,PS,_T,_T,H,1966,3039887.0,A,0,0
DATAFLOW,OECD.ELS.SAE:DSD_POPULATION@DF_POP_HIST(1.0),,I,SAU,POP,PS,_T,_T,H,1967,3157242.0,A,0,0
DATAFLOW,OECD.ELS.SAE:DSD_POPULATION@DF_POP_HIST(1.0),,I,SAU,POP,PS,_T,_T,H,1968,3282711.0,A,0,0
DATAFLOW,OECD.ELS.SAE:DSD_POPULATION@DF_POP_HIST(1.0),,I,SAU,POP,PS,_T,_T,H,1969,3417114.0,A,0,0
DATAFLOW,OECD.ELS.SAE:DSD_POPULATION@DF_POP_HIST(1.0),,I,SAU,POP,PS,_T,_T,H,1970,3562470.0,A,0,0
DATAFLOW,OECD.ELS.SAE:DSD_POPULATION@DF_POP_HIST(1.0),,I,SAU,POP,PS,_T,_T,H,1971,3724031.0,A,0,0
DATAFLOW,OECD.ELS.SAE:DSD_POPULATION@DF_POP_HIST(1.0),,I,SAU,POP,PS,_T,_T,H,1972,3905722.0,A,0,0
DATAFLOW,OECD.ELS.SAE:DSD_POPULATION@DF_POP_HIST(1.0),,I,SAU,POP,PS,_T,_T,H,1973,4106344.0,A,0,0
DATAFLOW,OECD.ELS.SAE:DSD_POPULATION@DF_POP_HIST(1.0),,I,SAU,POP,PS,_T,_T,H,1974,4323632.0,A,0,0
DATAFLOW,OECD.ELS.SAE:DSD_POPULATION@DF_POP_HIST(1.0),,I,SAU,POP,PS,_T,_T,H,1975,4556287.0,A,0,0
DATAFLOW,OECD.ELS.SAE:DSD_POPULATION@DF_POP_HIST(1.0),,I,SAU,POP,PS,_T,_T,H,1976,4807933.0,A,0,0
DATAFLOW,OECD.ELS.SAE:DSD_POPULATION@DF_POP_HIST(1.0),,I,SAU,POP,PS,_T,_T,H,1977,5083048.0,A,0,0
DATAFLOW,OECD.ELS.SAE:DSD_POPULATION@DF_POP_HIST(1.0),,I,SAU,POP,PS,_T,_T,H,1978,5381902.0,A,0,0
DATAFLOW,OECD.ELS.SAE:DSD_POPULATION@DF_POP_HIST(1.0),,I,SAU,POP,PS,_T,_T,H,1979,5703698.0,A,0,0
DATAFLOW,OECD.ELS.SAE:DSD_POPULATION@DF_POP_HIST(1.0),,I,SAU,POP,PS,_T,_T,H,1980,6047997.0,A,0,0
DATAFLOW,OECD.ELS.SAE:DSD_POPULATION@DF_POP_HIST(1.0),,I,SAU,POP,PS,_T,_T,H,1981,6420551.0,A,0,0
DATAFLOW,OECD.ELS.SAE:DSD_POPULATION@DF_POP_HIST(1.0),,I,SAU,POP,PS,_T,_T,H,1982,6824486.0,A,0,0
DATAFLOW,OECD.ELS.SAE:DSD_POPULATION@DF_POP_HIST(1.0),,I,SAU,POP,PS,_T,_T,H,1983,7252941.0,A,0,0
DATAFLOW,OECD.ELS.SAE:DSD_POPULATION@DF_POP_HIST(1.0),,I,SAU,POP,PS,_T,_T,H,1984,7697307.0,A,0,0
DATAFLOW,OECD.ELS.SAE:DSD_POPULATION@DF_POP_HIST(1.0),,I,SAU,POP,PS,_T,_T,H,1985,8151779.0,A,0,0
DATAFLOW,OECD.ELS.SAE:DSD_POPULATION@DF_POP_HIST(1.0),,I,SAU,POP,PS,_T,_T,H,1986,8628639.0,A,0,0
DATAFLOW,OECD.ELS.SAE:DSD_POPULATION@DF_POP_HIST(1.0),,I,SAU,POP,PS,_T,_T,H,1987,9130194.0,A,0,0
DATAFLOW,OECD.ELS.SAE:DSD_POPULATION@DF_POP_HIST(1.0),,I,SAU,POP,PS,_T,_T,H,1988,9629165.0,A,0,0
DATAFLOW,OECD.ELS.SAE:DSD_POPULATION@DF_POP_HIST(1.0),,I,SAU,POP,PS,_T,_T,H,1989,10128394.0,A,0,0
DATAFLOW,OECD.ELS.SAE:DSD_POPULATION@DF_POP_HIST(1.0),,I,ZAF,POP,PS,_T,_T,H,1950,13038491.0,A,0,0
DATAFLOW,OECD.ELS.SAE:DSD_POPULATION@DF_POP_HIST(1.0),,I,ZAF,POP,PS,_T,_T,H,1951,13309020.0,A,0,0
DATAFLOW,OECD.ELS.SAE:DSD_POPULATION@DF_POP_HIST(1.0),,I,ZAF,POP,PS,_T,_T,H,1952,13595543.0,A,0,0
DATAFLOW,OECD.ELS.SAE:DSD_POPULATION@DF_POP_HIST(1.0),,I,ZAF,POP,PS,_T,_T,H,1953,13892910.0,A,0,0
DATAFLOW,OECD.ELS.SAE:DSD_POPULATION@DF_POP_HIST(1.0),,I,ZAF,POP,PS,_T,_T,H,1954,14203779.0,A,0,0
DATAFLOW,OECD.ELS.SAE:DSD_POPULATION@DF_POP_HIST(1.0),,I,ZAF,POP,PS,_T,_T,H,1955,14533365.0,A,0,0
DATAFLOW,OECD.ELS.SAE:DSD_POPULATION@DF_POP_HIST(1.0),,I,ZAF,POP,PS,_T,_T,H,1956,14880686.0,A,0,0
DATAFLOW,OECD.ELS.SAE:DSD_POPULATION@DF_POP_HIST(1.0),,I,ZAF,POP,PS,_T,_T,H,1957,15244839.0,A,0,0
DATAFLOW,OECD.ELS.SAE:DSD_POPULATION@DF_POP_HIST(1.0),,I,ZAF,POP,PS,_T,_T,H,1958,15620418.0,A,0,0
DATAFLOW,OECD.ELS.SAE:DSD_POPULATION@DF_POP_HIST(1.0),,I,ZAF,POP,PS,_T,_T,H,1959,16014974.0,A,0,0
DATAFLOW,OECD.ELS.SAE:DSD_POPULATION@DF_POP_HIST(1.0),,I,ZAF,POP,PS,_T,_T,H,1960,16440172.0,A,0,0
DATAFLOW,OECD.ELS.SAE:DSD_POPULATION@DF_POP_HIST(1.0),,I,ZAF,POP,PS,_T,_T,H,1961,16908035.0,A,0,0
DATAFLOW,OECD.ELS.SAE:DSD_POPULATION@DF_POP_HIST(1.0),,I,ZAF,POP,PS,_T,_T,H,1962,17418522.0,A,0,0
DATAFLOW,OECD.ELS.SAE:DSD_POPULATION@DF_POP_HIST(1.0),,I,ZAF,POP,PS,_T,_T,H,1963,17954564.0,A,0,0
DATAFLOW,OECD.ELS.SAE:DSD_POPULATION@DF_POP_HIST(1.0),,I,ZAF,POP,PS,_T,_T,H,1964,18511361.0,A,0,0
DATAFLOW,OECD.ELS.SAE:DSD_POPULATION@DF_POP_HIST(1.0),,I,ZAF,POP,PS,_T,_T,H,1965,19089380.0,A,0,0
DATAFLOW,OECD.ELS.SAE:DSD_POPULATION@DF_POP_HIST(1.0),,I,ZAF,POP,PS,_T,_T,H,1966,19690087.0,A,0,0
DATAFLOW,OECD.ELS.SAE:DSD_POPULATION@DF_POP_HIST(1.0),,I,ZAF,POP,PS,_T,_T,H,1967,20314066.0,A,0,0
DATAFLOW,OECD.ELS.SAE:DSD_POPULATION@DF_POP_HIST(1.0),,I,ZAF,POP,PS,_T,_T,H,1968,20957287.0,A,0,0
DATAFLOW,OECD.ELS.SAE:DSD_POPULATION@DF_POP_HIST(1.0),,I,ZAF,POP,PS,_T,_T,H,1969,21614676.0,A,0,0
DATAFLOW,OECD.ELS.SAE:DSD_POPULATION@DF_POP_HIST(1.0),,I,ZAF,POP,PS,_T,_T,H,1970,22279984.0,A,0,0
DATAFLOW,OECD.ELS.SAE:DSD_POPULATION@DF_POP_HIST(1.0),,I,ZAF,POP,PS,_T,_T,H,1971,22942143.0,A,0,0
DATAFLOW,OECD.ELS.SAE:DSD_POPULATION@DF_POP_HIST(1.0),,I,ZAF,POP,PS,_T,_T,H,1972,23609456.0,A,0,0
DATAFLOW,OECD.ELS.SAE:DSD_POPULATION@DF_POP_HIST(1.0),,I,ZAF,POP,PS,_T,_T,H,1973,24294263.0,A,0,0
DATAFLOW,OECD.ELS.SAE:DSD_POPULATION@DF_POP_HIST(1.0),,I,ZAF,POP,PS,_T,_T,H,1974,24989108.0,A,0,0
DATAFLOW,OECD.ELS.SAE:DSD_POPULATION@DF_POP_HIST(1.0),,I,ZAF,POP,PS,_T,_T,H,1975,25690940.0,A,0,0
DATAFLOW,OECD.ELS.SAE:DSD_POPULATION@DF_POP_HIST(1.0),,I,ZAF,POP,PS,_T,_T,H,1976,26395450.0,A,0,0
DATAFLOW,OECD.ELS.SAE:DSD_POPULATION@DF_POP_HIST(1.0),,I,ZAF,POP,PS,_T,_T,H,1977,27118952.0,A,0,0
DATAFLOW,OECD.ELS.SAE:DSD_POPULATION@DF_POP_HIST(1.0),,I,ZAF,POP,PS,_T,_T,H,1978,27869507.0,A,0,0
DATAFLOW,OECD.ELS.SAE:DSD_POPULATION@DF_POP_HIST(1.0),,I,ZAF,POP,PS,_T,_T,H,1979,28634162.0,A,0,0
DATAFLOW,OECD.ELS.SAE:DSD_POPULATION@DF_POP_HIST(1.0),,I,ZAF,POP,PS,_T,_T,H,1980,29518857.0,A,0,0
DATAFLOW,OECD.ELS.SAE:DSD_POPULATION@DF_POP_HIST(1.0),,I,ZAF,POP,PS,_T,_T,H,1981,30541044.0,A,0,0
DATAFLOW,OECD.ELS.SAE:DSD_POPULATION@DF_POP_HIST(1.0),,I,ZAF,POP,PS,_T,_T,H,1982,31615339.0,A,0,0
DATAFLOW,OECD.ELS.SAE:DSD_POPULATION@DF_POP_HIST(1.0),,I,ZAF,POP,PS,_T,_T,H,1983,32739304.0,A,0,0
DATAFLOW,OECD.ELS.SAE:DSD_POPULATION@DF_POP_HIST(1.0),,I,ZAF,POP,PS,_T,_T,H,1984,33892788.0,A,0,0
DATAFLOW,OECD.ELS.SAE:DSD_POPULATION@DF_POP_HIST(1.0),,I,ZAF,POP,PS,_T,_T,H,1985,35042093.0,A,0,0
DATAFLOW,OECD.ELS.SAE:DSD_POPULATION@DF_POP_HIST(1.0),,I,ZAF,POP,PS,_T,_T,H,1986,36180515.0,A,0,0
DATAFLOW,OECD.ELS.SAE:DSD_POPULATION@DF_POP_HIST(1.0),,I,ZAF,POP,PS,_T,_T,H,1987,37326190.0,A,0,0
DATAFLOW,OECD.ELS.SAE:DSD_POPULATION@DF_POP_HIST(1.0),,I,ZAF,POP,PS,_T,_T,H,1988,38480649.0,A,0,0
DATAFLOW,OECD.ELS.SAE:DSD_POPULATION@DF_POP_HIST(1.0),,I,ZAF,POP,PS,_T,_T,H,1989,39628575.0,A,0,0
DATAFLOW,OECD.ELS.SAE:DSD_POPULATION@DF_POP_HIST(1.0),,I,W,POP,PS,_T,_T,H,1950,2493090000.0,A,0,0
DATAFLOW,OECD.ELS.SAE:DSD_POPULATION@DF_POP_HIST(1.0),,I,W,POP,PS,_T,_T,H,1951,2536930000.0,A,0,0
DATAFLOW,OECD.ELS.SAE:DSD_POPULATION@DF_POP_HIST(1.0),,I,W,POP,PS,_T,_T,H,1952,2584090000.0,A,0,0
DATAFLOW,OECD.ELS.SAE:DSD_POPULATION@DF_POP_HIST(1.0),,I,W,POP,PS,_T,_T,H,1953,2634110000.0,A,0,0
DATAFLOW,OECD.ELS.SAE:DSD_POPULATION@DF_POP_HIST(1.0),,I,W,POP,PS,_T,_T,H,1954,2685890000.0,A,0,0
DATAFLOW,OECD.ELS.SAE:DSD_POPULATION@DF_POP_HIST(1.0),,I,W,POP,PS,_T,_T,H,1955,2740210000.0,A,0,0
DATAFLOW,OECD.ELS.SAE:DSD_POPULATION@DF_POP_HIST(1.0),,I,W,POP,PS,_T,_T,H,1956,2795410000.0,A,0,0
DATAFLOW,OECD.ELS.SAE:DSD_POPULATION@DF_POP_HIST(1.0),,I,W,POP,PS,_T,_T,H,1957,2852620000.0,A,0,0
DATAFLOW,OECD.ELS.SAE:DSD_POPULATION@DF_POP_HIST(1.0),,I,W,POP,PS,_T,_T,H,1958,2911250000.0,A,0,0
DATAFLOW,OECD.ELS.SAE:DSD_POPULATION@DF_POP_HIST(1.0),,I,W,POP,PS,_T,_T,H,1959,2965950000.0,A,0,0
DATAFLOW,OECD.ELS.SAE:DSD_POPULATION@DF_POP_HIST(1.0),,I,W,POP,PS,_T,_T,H,1960,3015470000.0,A,0,0
DATAFLOW,OECD.ELS.SAE:DSD_POPULATION@DF_POP_HIST(1.0),,I,W,POP,PS,_T,_T,H,1961,3064870000.0,A,0,0
DATAFLOW,OECD.ELS.SAE:DSD_POPULATION@DF_POP_HIST(1.0),,I,W,POP,PS,_T,_T,H,1962,3123370000.0,A,0,0
DATAFLOW,OECD.ELS.SAE:DSD_POPULATION@DF_POP_HIST(1.0),,I,W,POP,PS,_T,_T,H,1963,3192810000.0,A,0,0
DATAFLOW,OECD.ELS.SAE:DSD_POPULATION@DF_POP_HIST(1.0),,I,W,POP,PS,_T,_T,H,1964,3264490000.0,A,0,0
DATAFLOW,OECD.ELS.SAE:DSD_POPULATION@DF_POP_HIST(1.0),,I,W,POP,PS,_T,_T,H,1965,3334530000.0,A,0,0
DATAFLOW,OECD.ELS.SAE:DSD_POPULATION@DF_POP_HIST(1.0),,I,W,POP,PS,_T,_T,H,1966,3404040000.0,A,0,0
DATAFLOW,OECD.ELS.SAE:DSD_POPULATION@DF_POP_HIST(1.0),,I,W,POP,PS,_T,_T,H,1967,3473410000.0,A,0,0
DATAFLOW,OECD.ELS.SAE:DSD_POPULATION@DF_POP_HIST(1.0),,I,W,POP,PS,_T,_T,H,1968,3545190000.0,A,0,0
DATAFLOW,OECD.ELS.SAE:DSD_POPULATION@DF_POP_HIST(1.0),,I,W,POP,PS,_T,_T,H,1969,3619490000.0,A,0,0
DATAFLOW,OECD.ELS.SAE:DSD_POPULATION@DF_POP_HIST(1.0),,I,W,POP,PS,_T,_T,H,1970,3694680000.0,A,0,0
DATAFLOW,OECD.ELS.SAE:DSD_POPULATION@DF_POP_HIST(1.0),,I,W,POP,PS,_T,_T,H,1971,3769850000.0,A,0,0
DATAFLOW,OECD.ELS.SAE:DSD_POPULATION@DF_POP_HIST(1.0),,I,W,POP,PS,_T,_T,H,1972,3844920000.0,A,0,0
DATAFLOW,OECD.ELS.SAE:DSD_POPULATION@DF_POP_HIST(1.0),,I,W,POP,PS,_T,_T,H,1973,3920810000.0,A,0,0
DATAFLOW,OECD.ELS.SAE:DSD_POPULATION@DF_POP_HIST(1.0),,I,W,POP,PS,_T,_T,H,1974,3996420000.0,A,0,0
DATAFLOW,OECD.ELS.SAE:DSD_POPULATION@DF_POP_HIST(1.0),,I,W,POP,PS,_T,_T,H,1975,4070740000.0,A,0,0
DATAFLOW,OECD.ELS.SAE:DSD_POPULATION@DF_POP_HIST(1.0),,I,W,POP,PS,_T,_T,H,1976,4144250000.0,A,0,0
DATAFLOW,OECD.ELS.SAE:DSD_POPULATION@DF_POP_HIST(1.0),,I,W,POP,PS,_T,_T,H,1977,4217860000.0,A,0,0
DATAFLOW,OECD.ELS.SAE:DSD_POPULATION@DF_POP_HIST(1.0),,I,W,POP,PS,_T,_T,H,1978,4292100000.0,A,0,0
DATAFLOW,OECD.ELS.SAE:DSD_POPULATION@DF_POP_HIST(1.0),,I,W,POP,PS,_T,_T,H,1979,4368540000.0,A,0,0
DATAFLOW,OECD.ELS.SAE:DSD_POPULATION@DF_POP_HIST(1.0),,I,W,POP,PS,_T,_T,H,1980,4447610000.0,A,0,0
DATAFLOW,OECD.ELS.SAE:DSD_POPULATION@DF_POP_HIST(1.0),,I,W,POP,PS,_T,_T,H,1981,4528780000.0,A,0,0
DATAFLOW,OECD.ELS.SAE:DSD_POPULATION@DF_POP_HIST(1.0),,I,W,POP,PS,_T,_T,H,1982,4612670000.0,A,0,0
DATAFLOW,OECD.ELS.SAE:DSD_POPULATION@DF_POP_HIST(1.0),,I,W,POP,PS,_T,_T,H,1983,4697330000.0,A,0,0
DATAFLOW,OECD.ELS.SAE:DSD_POPULATION@DF_POP_HIST(1.0),,I,W,POP,PS,_T,_T,H,1984,4782180000.0,A,0,0
DATAFLOW,OECD.ELS.SAE:DSD_POPULATION@DF_POP_HIST(1.0),,I,W,POP,PS,_T,_T,H,1985,4868940000.0,A,0,0
DATAFLOW,OECD.ELS.SAE:DSD_POPULATION@DF_POP_HIST(1.0),,I,W,POP,PS,_T,_T,H,1986,4958070000.0,A,0,0
DATAFLOW,OECD.ELS.SAE:DSD_POPULATION@DF_POP_HIST(1.0),,I,W,POP,PS,_T,_T,H,1987,5049750000.0,A,0,0
DATAFLOW,OECD.ELS.SAE:DSD_POPULATION@DF_POP_HIST(1.0),,I,W,POP,PS,_T,_T,H,1988,5141990000.0,A,0,0
DATAFLOW,OECD.ELS.SAE:DSD_POPULATION@DF_POP_HIST(1.0),,I,W,POP,PS,_T,_T,H,1989,5234430000.0,A,0,0
DATAFLOW,OECD.ELS.SAE:DSD_POPULATION@DF_POP_HIST(1.0),,I,G20,POP,PS,_T,_T,H,1950,1854490000.0,A,0,0
DATAFLOW,OECD.ELS.SAE:DSD_POPULATION@DF_POP_HIST(1.0),,I,G20,POP,PS,_T,_T,H,1951,1884810000.0,A,0,0
DATAFLOW,OECD.ELS.SAE:DSD_POPULATION@DF_POP_HIST(1.0),,I,G20,POP,PS,_T,_T,H,1952,1918820000.0,A,0,0
DATAFLOW,OECD.ELS.SAE:DSD_POPULATION@DF_POP_HIST(1.0),,I,G20,POP,PS,_T,_T,H,1953,1954330000.0,A,0,0
DATAFLOW,OECD.ELS.SAE:DSD_POPULATION@DF_POP_HIST(1.0),,I,G20,POP,PS,_T,_T,H,1954,1990960000.0,A,0,0
DATAFLOW,OECD.ELS.SAE:DSD_POPULATION@DF_POP_HIST(1.0),,I,G20,POP,PS,_T,_T,H,1955,2029520000.0,A,0,0
DATAFLOW,OECD.ELS.SAE:DSD_POPULATION@DF_POP_HIST(1.0),,I,G20,POP,PS,_T,_T,H,1956,2067770000.0,A,0,0
DATAFLOW,OECD.ELS.SAE:DSD_POPULATION@DF_POP_HIST(1.0),,I,G20,POP,PS,_T,_T,H,1957,2107370000.0,A,0,0
DATAFLOW,OECD.ELS.SAE:DSD_POPULATION@DF_POP_HIST(1.0),,I,G20,POP,PS,_T,_T,H,1958,2148030000.0,A,0,0
DATAFLOW,OECD.ELS.SAE:DSD_POPULATION@DF_POP_HIST(1.0),,I,G20,POP,PS,_T,_T,H,1959,2184000000.0,A,0,0
DATAFLOW,OECD.ELS.SAE:DSD_POPULATION@DF_POP_HIST(1.0),,I,G20,POP,PS,_T,_T,H,1960,2212480000.0,A,0,0
DATAFLOW,OECD.ELS.SAE:DSD_POPULATION@DF_POP_HIST(1.0),,I,G20,POP,PS,_T,_T,H,1961,2241930000.0,A,0,0
DATAFLOW,OECD.ELS.SAE:DSD_POPULATION@DF_POP_HIST(1.0),,I,G20,POP,PS,_T,_T,H,1962,2280280000.0,A,0,0
DATAFLOW,OECD.ELS.SAE:DSD_POPULATION@DF_POP_HIST(1.0),,I,G20,POP,PS,_T,_T,H,1963,2328650000.0,A,0,0
DATAFLOW,OECD.ELS.SAE:DSD_POPULATION@DF_POP_HIST(1.0),,I,G20,POP,PS,_T,_T,H,1964,2377910000.0,A,0,0
DATAFLOW,OECD.ELS.SAE:DSD_POPULATION@DF_POP_HIST(1.0),,I,G20,POP,PS,_T,_T,H,1965,2424690000.0,A,0,0
DATAFLOW,OECD.ELS.SAE:DSD_POPULATION@DF_POP_HIST(1.0),,I,G20,POP,PS,_T,_T,H,1966,2470490000.0,A,0,0
DATAFLOW,OECD.ELS.SAE:DSD_POPULATION@DF_POP_HIST(1.0),,I,G20,POP,PS,_T,_T,H,1967,2516800000.0,A,0,0
DATAFLOW,OECD.ELS.SAE:DSD_POPULATION@DF_POP_HIST(1.0),,I,G20,POP,PS,_T,_T,H,1968,2565170000.0,A,0,0
DATAFLOW,OECD.ELS.SAE:DSD_POPULATION@DF_POP_HIST(1.0),,I,G20,POP,PS,_T,_T,H,1969,2614380000.0,A,0,0
DATAFLOW,OECD.ELS.SAE:DSD_POPULATION@DF_POP_HIST(1.0),,I,G20,POP,PS,_T,_T,H,1970,2664190000.0,A,0,0
DATAFLOW,OECD.ELS.SAE:DSD_POPULATION@DF_POP_HIST(1.0),,I,G20,POP,PS,_T,_T,H,1971,2714920000.0,A,0,0
DATAFLOW,OECD.ELS.SAE:DSD_POPULATION@DF_POP_HIST(1.0),,I,G20,POP,PS,_T,_T,H,1972,2764710000.0,A,0,0
DATAFLOW,OECD.ELS.SAE:DSD_POPULATION@DF_POP_HIST(1.0),,I,G20,POP,PS,_T,_T,H,1973,2814120000.0,A,0,0
DATAFLOW,OECD.ELS.SAE:DSD_POPULATION@DF_POP_HIST(1.0),,I,G20,POP,PS,_T,_T,H,1974,2862870000.0,A,0,0
DATAFLOW,OECD.ELS.SAE:DSD_POPULATION@DF_POP_HIST(1.0),,I,G20,POP,PS,_T,_T,H,1975,2910500000.0,A,0,0
DATAFLOW,OECD.ELS.SAE:DSD_POPULATION@DF_POP_HIST(1.0),,I,G20,POP,PS,_T,_T,H,1976,2956410000.0,A,0,0
DATAFLOW,OECD.ELS.SAE:DSD_POPULATION@DF_POP_HIST(1.0),,I,G20,POP,PS,_T,_T,H,1977,3001710000.0,A,0,0
DATAFLOW,OECD.ELS.SAE:DSD_POPULATION@DF_POP_HIST(1.0),,I,G20,POP,PS,_T,_T,H,1978,3046580000.0,A,0,0
DATAFLOW,OECD.ELS.SAE:DSD_POPULATION@DF_POP_HIST(1.0),,I,G20,POP,PS,_T,_T,H,1979,3092490000.0,A,0,0
DATAFLOW,OECD.ELS.SAE:DSD_POPULATION@DF_POP_HIST(1.0),,I,G20,POP,PS,_T,_T,H,1980,3140860000.0,A,0,0
DATAFLOW,OECD.ELS.SAE:DSD_POPULATION@DF_POP_HIST(1.0),,I,G20,POP,PS,_T,_T,H,1981,3189310000.0,A,0,0
DATAFLOW,OECD.ELS.SAE:DSD_POPULATION@DF_POP_HIST(1.0),,I,G20,POP,PS,_T,_T,H,1982,3239110000.0,A,0,0
DATAFLOW,OECD.ELS.SAE:DSD_POPULATION@DF_POP_HIST(1.0),,I,G20,POP,PS,_T,_T,H,1983,3289060000.0,A,0,0
DATAFLOW,OECD.ELS.SAE:DSD_POPULATION@DF_POP_HIST(1.0),,I,G20,POP,PS,_T,_T,H,1984,3338550000.0,A,0,0
DATAFLOW,OECD.ELS.SAE:DSD_POPULATION@DF_POP_HIST(1.0),,I,G20,POP,PS,_T,_T,H,1985,3389400000.0,A,0,0
DATAFLOW,OECD.ELS.SAE:DSD_POPULATION@DF_POP_HIST(1.0),,I,G20,POP,PS,_T,_T,H,1986,3442040000.0,A,0,0
DATAFLOW,OECD.ELS.SAE:DSD_POPULATION@DF_POP_HIST(1.0),,I,G20,POP,PS,_T,_T,H,1987,3496240000.0,A,0,0
DATAFLOW,OECD.ELS.SAE:DSD_POPULATION@DF_POP_HIST(1.0),,I,G20,POP,PS,_T,_T,H,1988,3550680000.0,A,0,0
DATAFLOW,OECD.ELS.SAE:DSD_POPULATION@DF_POP_HIST(1.0),,I,G20,POP,PS,_T,_T,H,1989,3605080000.0,A,0,0
DATAFLOW,OECD.ELS.SAE:DSD_POPULATION@DF_POP_HIST(1.0),,I,OECD,POP,PS,_T,_T,H,1950,710164352.0,A,0,0
DATAFLOW,OECD.ELS.SAE:DSD_POPULATION@DF_POP_HIST(1.0),,I,OECD,POP,PS,_T,_T,H,1951,718467232.0,A,0,0
DATAFLOW,OECD.ELS.SAE:DSD_POPULATION@DF_POP_HIST(1.0),,I,OECD,POP,PS,_T,_T,H,1952,728111328.0,A,0,0
DATAFLOW,OECD.ELS.SAE:DSD_POPULATION@DF_POP_HIST(1.0),,I,OECD,POP,PS,_T,_T,H,1953,737707431.0,A,0,0
DATAFLOW,OECD.ELS.SAE:DSD_POPULATION@DF_POP_HIST(1.0),,I,OECD,POP,PS,_T,_T,H,1954,747683333.0,A,0,0
DATAFLOW,OECD.ELS.SAE:DSD_POPULATION@DF_POP_HIST(1.0),,I,OECD,POP,PS,_T,_T,H,1955,758052340.0,A,0,0
DATAFLOW,OECD.ELS.SAE:DSD_POPULATION@DF_POP_HIST(1.0),,I,OECD,POP,PS,_T,_T,H,1956,768102286.0,A,0,0
DATAFLOW,OECD.ELS.SAE:DSD_POPULATION@DF_POP_HIST(1.0),,I,OECD,POP,PS,_T,_T,H,1957,778530327.0,A,0,0
DATAFLOW,OECD.ELS.SAE:DSD_POPULATION@DF_POP_HIST(1.0),,I,OECD,POP,PS,_T,_T,H,1958,789504029.0,A,0,0
DATAFLOW,OECD.ELS.SAE:DSD_POPULATION@DF_POP_HIST(1.0),,I,OECD,POP,PS,_T,_T,H,1959,800675270.0,A,0,0
DATAFLOW,OECD.ELS.SAE:DSD_POPULATION@DF_POP_HIST(1.0),,I,OECD,POP,PS,_T,_T,H,1960,810713619.0,A,0,0
DATAFLOW,OECD.ELS.SAE:DSD_POPULATION@DF_POP_HIST(1.0),,I,OECD,POP,PS,_T,_T,H,1961,822127592.0,A,0,0
DATAFLOW,OECD.ELS.SAE:DSD_POPULATION@DF_POP_HIST(1.0),,I,OECD,POP,PS,_T,_T,H,1962,834033852.0,A,0,0
DATAFLOW,OECD.ELS.SAE:DSD_POPULATION@DF_POP_HIST(1.0),,I,OECD,POP,PS,_T,_T,H,1963,845655002.0,A,0,0
DATAFLOW,OECD.ELS.SAE:DSD_POPULATION@DF_POP_HIST(1.0),,I,OECD,POP,PS,_T,_T,H,1964,857160226.0,A,0,0
DATAFLOW,OECD.ELS.SAE:DSD_POPULATION@DF_POP_HIST(1.0),,I,OECD,POP,PS,_T,_T,H,1965,868358234.0,A,0,0
DATAFLOW,OECD.ELS.SAE:DSD_POPULATION@DF_POP_HIST(1.0),,I,OECD,POP,PS,_T,_T,H,1966,878684883.0,A,0,0
DATAFLOW,OECD.ELS.SAE:DSD_POPULATION@DF_POP_HIST(1.0),,I,OECD,POP,PS,_T,_T,H,1967,889212885.0,A,0,0
DATAFLOW,OECD.ELS.SAE:DSD_POPULATION@DF_POP_HIST(1.0),,I,OECD,POP,PS,_T,_T,H,1968,899532401.0,A,0,0
DATAFLOW,OECD.ELS.SAE:DSD_POPULATION@DF_POP_HIST(1.0),,I,OECD,POP,PS,_T,_T,H,1969,909871747.0,A,0,0
DATAFLOW,OECD.ELS.SAE:DSD_POPULATION@DF_POP_HIST(1.0),,I,OECD,POP,PS,_T,_T,H,1970,919884765.0,A,0,0
DATAFLOW,OECD.ELS.SAE:DSD_POPULATION@DF_POP_HIST(1.0),,I,OECD,POP,PS,_T,_T,H,1971,930883325.0,A,0,0
DATAFLOW,OECD.ELS.SAE:DSD_POPULATION@DF_POP_HIST(1.0),,I,OECD,POP,PS,_T,_T,H,1972,941844243.0,A,0,0
DATAFLOW,OECD.ELS.SAE:DSD_POPULATION@DF_POP_HIST(1.0),,I,OECD,POP,PS,_T,_T,H,1973,952286891.0,A,0,0
DATAFLOW,OECD.ELS.SAE:DSD_POPULATION@DF_POP_HIST(1.0),,I,OECD,POP,PS,_T,_T,H,1974,962509736.0,A,0,0
DATAFLOW,OECD.ELS.SAE:DSD_POPULATION@DF_POP_HIST(1.0),,I,OECD,POP,PS,_T,_T,H,1975,972548536.0,A,0,0
DATAFLOW,OECD.ELS.SAE:DSD_POPULATION@DF_POP_HIST(1.0),,I,OECD,POP,PS,_T,_T,H,1976,981881092.0,A,0,0
DATAFLOW,OECD.ELS.SAE:DSD_POPULATION@DF_POP_HIST(1.0),,I,OECD,POP,PS,_T,_T,H,1977,991170840.0,A,0,0
DATAFLOW,OECD.ELS.SAE:DSD_POPULATION@DF_POP_HIST(1.0),,I,OECD,POP,PS,_T,_T,H,1978,1000510000.0,A,0,0
DATAFLOW,OECD.ELS.SAE:DSD_POPULATION@DF_POP_HIST(1.0),,I,OECD,POP,PS,_T,_T,H,1979,1009910000.0,A,0,0
DATAFLOW,OECD.ELS.SAE:DSD_POPULATION@DF_POP_HIST(1.0),,I,OECD,POP,PS,_T,_T,H,1980,1019260000.0,A,0,0
DATAFLOW,OECD.ELS.SAE:DSD_POPULATION@DF_POP_HIST(1.0),,I,OECD,POP,PS,_T,_T,H,1981,1028640000.0,A,0,0
DATAFLOW,OECD.ELS.SAE:DSD_POPULATION@DF_POP_HIST(1.0),,I,OECD,POP,PS,_T,_T,H,1982,1037690000.0,A,0,0
DATAFLOW,OECD.ELS.SAE:DSD_POPULATION@DF_POP_HIST(1.0),,I,OECD,POP,PS,_T,_T,H,1983,1046400000.0,A,0,0
DATAFLOW,OECD.ELS.SAE:DSD_POPULATION@DF_POP_HIST(1.0),,I,OECD,POP,PS,_T,_T,H,1984,1054820000.0,A,0,0
DATAFLOW,OECD.ELS.SAE:DSD_POPULATION@DF_POP_HIST(1.0),,I,OECD,POP,PS,_T,_T,H,1985,1063340000.0,A,0,0
DATAFLOW,OECD.ELS.SAE:DSD_POPULATION@DF_POP_HIST(1.0),,I,OECD,POP,PS,_T,_T,H,1986,1071960000.0,A,0,0
DATAFLOW,OECD.ELS.SAE:DSD_POPULATION@DF_POP_HIST(1.0),,I,OECD,POP,PS,_T,_T,H,1987,1080380000.0,A,0,0
DATAFLOW,OECD.ELS.SAE:DSD_POPULATION@DF_POP_HIST(1.0),,I,OECD,POP,PS,_T,_T,H,1988,1088990000.0,A,0,0
DATAFLOW,OECD.ELS.SAE:DSD_POPULATION@DF_POP_HIST(1.0),,I,OECD,POP,PS,_T,_T,H,1989,1098020000.0,A,0,0
DATAFLOW,OECD.ELS.SAE:DSD_POPULATION@DF_POP_HIST(1.0),,I,MLT,POP,PS,_T,_T,H,1950,294680.0,A,0,0
DATAFLOW,OECD.ELS.SAE:DSD_POPULATION@DF_POP_HIST(1.0),,I,MLT,POP,PS,_T,_T,H,1951,300455.0,A,0,0
DATAFLOW,OECD.ELS.SAE:DSD_POPULATION@DF_POP_HIST(1.0),,I,MLT,POP,PS,_T,_T,H,1952,304908.0,A,0,0
DATAFLOW,OECD.ELS.SAE:DSD_POPULATION@DF_POP_HIST(1.0),,I,MLT,POP,PS,_T,_T,H,1953,309344.0,A,0,0
DATAFLOW,OECD.ELS.SAE:DSD_POPULATION@DF_POP_HIST(1.0),,I,MLT,POP,PS,_T,_T,H,1954,313745.0,A,0,0
DATAFLOW,OECD.ELS.SAE:DSD_POPULATION@DF_POP_HIST(1.0),,I,MLT,POP,PS,_T,_T,H,1955,318139.0,A,0,0
DATAFLOW,OECD.ELS.SAE:DSD_POPULATION@DF_POP_HIST(1.0),,I,MLT,POP,PS,_T,_T,H,1956,322456.0,A,0,0
DATAFLOW,OECD.ELS.SAE:DSD_POPULATION@DF_POP_HIST(1.0),,I,MLT,POP,PS,_T,_T,H,1957,326694.0,A,0,0
DATAFLOW,OECD.ELS.SAE:DSD_POPULATION@DF_POP_HIST(1.0),,I,MLT,POP,PS,_T,_T,H,1958,329408.0,A,0,0
DATAFLOW,OECD.ELS.SAE:DSD_POPULATION@DF_POP_HIST(1.0),,I,MLT,POP,PS,_T,_T,H,1959,330353.0,A,0,0
DATAFLOW,OECD.ELS.SAE:DSD_POPULATION@DF_POP_HIST(1.0),,I,MLT,POP,PS,_T,_T,H,1960,330820.0,A,0,0
DATAFLOW,OECD.ELS.SAE:DSD_POPULATION@DF_POP_HIST(1.0),,I,MLT,POP,PS,_T,_T,H,1961,330849.0,A,0,0
DATAFLOW,OECD.ELS.SAE:DSD_POPULATION@DF_POP_HIST(1.0),,I,MLT,POP,PS,_T,_T,H,1962,330488.0,A,0,0
DATAFLOW,OECD.ELS.SAE:DSD_POPULATION@DF_POP_HIST(1.0),,I,MLT,POP,PS,_T,_T,H,1963,329805.0,A,0,0
DATAFLOW,OECD.ELS.SAE:DSD_POPULATION@DF_POP_HIST(1.0),,I,MLT,POP,PS,_T,_T,H,1964,328788.0,A,0,0
DATAFLOW,OECD.ELS.SAE:DSD_POPULATION@DF_POP_HIST(1.0),,I,MLT,POP,PS,_T,_T,H,1965,327398.0,A,0,0
DATAFLOW,OECD.ELS.SAE:DSD_POPULATION@DF_POP_HIST(1.0),,I,MLT,POP,PS,_T,_T,H,1966,325675.0,A,0,0
DATAFLOW,OECD.ELS.SAE:DSD_POPULATION@DF_POP_HIST(1.0),,I,MLT,POP,PS,_T,_T,H,1967,323813.0,A,0,0
DATAFLOW,OECD.ELS.SAE:DSD_POPULATION@DF_POP_HIST(1.0),,I,MLT,POP,PS,_T,_T,H,1968,323512.0,A,0,0
DATAFLOW,OECD.ELS.SAE:DSD_POPULATION@DF_POP_HIST(1.0),,I,MLT,POP,PS,_T,_T,H,1969,324753.0,A,0,0
DATAFLOW,OECD.ELS.SAE:DSD_POPULATION@DF_POP_HIST(1.0),,I,MLT,POP,PS,_T,_T,H,1970,326011.0,A,0,0
DATAFLOW,OECD.ELS.SAE:DSD_POPULATION@DF_POP_HIST(1.0),,I,MLT,POP,PS,_T,_T,H,1971,327293.0,A,0,0
DATAFLOW,OECD.ELS.SAE:DSD_POPULATION@DF_POP_HIST(1.0),,I,MLT,POP,PS,_T,_T,H,1972,328609.0,A,0,0
DATAFLOW,OECD.ELS.SAE:DSD_POPULATION@DF_POP_HIST(1.0),,I,MLT,POP,PS,_T,_T,H,1973,330053.0,A,0,0
DATAFLOW,OECD.ELS.SAE:DSD_POPULATION@DF_POP_HIST(1.0),,I,MLT,POP,PS,_T,_T,H,1974,331679.0,A,0,0
DATAFLOW,OECD.ELS.SAE:DSD_POPULATION@DF_POP_HIST(1.0),,I,MLT,POP,PS,_T,_T,H,1975,333450.0,A,0,0
DATAFLOW,OECD.ELS.SAE:DSD_POPULATION@DF_POP_HIST(1.0),,I,MLT,POP,PS,_T,_T,H,1976,335286.0,A,0,0
DATAFLOW,OECD.ELS.SAE:DSD_POPULATION@DF_POP_HIST(1.0),,I,MLT,POP,PS,_T,_T,H,1977,337161.0,A,0,0
DATAFLOW,OECD.ELS.SAE:DSD_POPULATION@DF_POP_HIST(1.0),,I,MLT,POP,PS,_T,_T,H,1978,339061.0,A,0,0
DATAFLOW,OECD.ELS.SAE:DSD_POPULATION@DF_POP_HIST(1.0),,I,MLT,POP,PS,_T,_T,H,1979,340971.0,A,0,0
DATAFLOW,OECD.ELS.SAE:DSD_POPULATION@DF_POP_HIST(1.0),,I,MLT,POP,PS,_T,_T,H,1980,342877.0,A,0,0
DATAFLOW,OECD.ELS.SAE:DSD_POPULATION@DF_POP_HIST(1.0),,I,MLT,POP,PS,_T,_T,H,1981,344752.0,A,0,0
DATAFLOW,OECD.ELS.SAE:DSD_POPULATION@DF_POP_HIST(1.0),,I,MLT,POP,PS,_T,_T,H,1982,346644.0,A,0,0
DATAFLOW,OECD.ELS.SAE:DSD_POPULATION@DF_POP_HIST(1.0),,I,MLT,POP,PS,_T,_T,H,1983,348591.0,A,0,0
DATAFLOW,OECD.ELS.SAE:DSD_POPULATION@DF_POP_HIST(1.0),,I,CYP,POP,PS,_T,_T,H,1950,493871.0,A,0,0
DATAFLOW,OECD.ELS.SAE:DSD_POPULATION@DF_POP_HIST(1.0),,I,CYP,POP,PS,_T,_T,H,1951,501050.0,A,0,0
DATAFLOW,OECD.ELS.SAE:DSD_POPULATION@DF_POP_HIST(1.0),,I,CYP,POP,PS,_T,_T,H,1952,508690.0,A,0,0
DATAFLOW,OECD.ELS.SAE:DSD_POPULATION@DF_POP_HIST(1.0),,I,CYP,POP,PS,_T,_T,H,1953,516730.0,A,0,0
DATAFLOW,OECD.ELS.SAE:DSD_POPULATION@DF_POP_HIST(1.0),,I,CYP,POP,PS,_T,_T,H,1954,525111.0,A,0,0
DATAFLOW,OECD.ELS.SAE:DSD_POPULATION@DF_POP_HIST(1.0),,I,CYP,POP,PS,_T,_T,H,1955,533865.0,A,0,0
DATAFLOW,OECD.ELS.SAE:DSD_POPULATION@DF_POP_HIST(1.0),,I,CYP,POP,PS,_T,_T,H,1956,543071.0,A,0,0
DATAFLOW,OECD.ELS.SAE:DSD_POPULATION@DF_POP_HIST(1.0),,I,CYP,POP,PS,_T,_T,H,1957,552830.0,A,0,0
DATAFLOW,OECD.ELS.SAE:DSD_POPULATION@DF_POP_HIST(1.0),,I,CYP,POP,PS,_T,_T,H,1958,563284.0,A,0,0
DATAFLOW,OECD.ELS.SAE:DSD_POPULATION@DF_POP_HIST(1.0),,I,CYP,POP,PS,_T,_T,H,1959,574559.0,A,0,0
DATAFLOW,OECD.ELS.SAE:DSD_POPULATION@DF_POP_HIST(1.0),,I,CYP,POP,PS,_T,_T,H,1960,586490.0,A,0,0
DATAFLOW,OECD.ELS.SAE:DSD_POPULATION@DF_POP_HIST(1.0),,I,CYP,POP,PS,_T,_T,H,1961,595514.0,A,0,0
DATAFLOW,OECD.ELS.SAE:DSD_POPULATION@DF_POP_HIST(1.0),,I,CYP,POP,PS,_T,_T,H,1962,601466.0,A,0,0
DATAFLOW,OECD.ELS.SAE:DSD_POPULATION@DF_POP_HIST(1.0),,I,CYP,POP,PS,_T,_T,H,1963,607252.0,A,0,0
DATAFLOW,OECD.ELS.SAE:DSD_POPULATION@DF_POP_HIST(1.0),,I,CYP,POP,PS,_T,_T,H,1964,612521.0,A,0,0
DATAFLOW,OECD.ELS.SAE:DSD_POPULATION@DF_POP_HIST(1.0),,I,CYP,POP,PS,_T,_T,H,1965,617736.0,A,0,0
DATAFLOW,OECD.ELS.SAE:DSD_POPULATION@DF_POP_HIST(1.0),,I,CYP,POP,PS,_T,_T,H,1966,623390.0,A,0,0
DATAFLOW,OECD.ELS.SAE:DSD_POPULATION@DF_POP_HIST(1.0),,I,CYP,POP,PS,_T,_T,H,1967,629251.0,A,0,0
DATAFLOW,OECD.ELS.SAE:DSD_POPULATION@DF_POP_HIST(1.0),,I,CYP,POP,PS,_T,_T,H,1968,635157.0,A,0,0
DATAFLOW,OECD.ELS.SAE:DSD_POPULATION@DF_POP_HIST(1.0),,I,CYP,POP,PS,_T,_T,H,1969,641189.0,A,0,0
DATAFLOW,OECD.ELS.SAE:DSD_POPULATION@DF_POP_HIST(1.0),,I,CYP,POP,PS,_T,_T,H,1970,647446.0,A,0,0
DATAFLOW,OECD.ELS.SAE:DSD_POPULATION@DF_POP_HIST(1.0),,I,CYP,POP,PS,_T,_T,H,1971,654050.0,A,0,0
DATAFLOW,OECD.ELS.SAE:DSD_POPULATION@DF_POP_HIST(1.0),,I,CYP,POP,PS,_T,_T,H,1972,661063.0,A,0,0
DATAFLOW,OECD.ELS.SAE:DSD_POPULATION@DF_POP_HIST(1.0),,I,CYP,POP,PS,_T,_T,H,1973,665937.0,A,0,0
DATAFLOW,OECD.ELS.SAE:DSD_POPULATION@DF_POP_HIST(1.0),,I,CYP,POP,PS,_T,_T,H,1974,663254.0,A,0,0
DATAFLOW,OECD.ELS.SAE:DSD_POPULATION@DF_POP_HIST(1.0),,I,CYP,POP,PS,_T,_T,H,1975,659405.0,A,0,0
DATAFLOW,OECD.ELS.SAE:DSD_POPULATION@DF_POP_HIST(1.0),,I,CYP,POP,PS,_T,_T,H,1976,662032.0,A,0,0
DATAFLOW,OECD.ELS.SAE:DSD_POPULATION@DF_POP_HIST(1.0),,I,CYP,POP,PS,_T,_T,H,1977,667101.0,A,0,0
DATAFLOW,OECD.ELS.SAE:DSD_POPULATION@DF_POP_HIST(1.0),,I,CYP,POP,PS,_T,_T,H,1978,672249.0,A,0,0
DATAFLOW,OECD.ELS.SAE:DSD_POPULATION@DF_POP_HIST(1.0),,I,CYP,POP,PS,_T,_T,H,1979,677549.0,A,0,0
DATAFLOW,OECD.ELS.SAE:DSD_POPULATION@DF_POP_HIST(1.0),,I,CYP,POP,PS,_T,_T,H,1980,683076.0,A,0,0
DATAFLOW,OECD.ELS.SAE:DSD_POPULATION@DF_POP_HIST(1.0),,I,CYP,POP,PS,_T,_T,H,1981,688893.0,A,0,0
DATAFLOW,OECD.ELS.SAE:DSD_POPULATION@DF_POP_HIST(1.0),,I,BRA,POP,PS,_T,_T,H,1950,53408551.0,A,0,0
DATAFLOW,OECD.ELS.SAE:DSD_POPULATION@DF_POP_HIST(1.0),,I,BRA,POP,PS,_T,_T,H,1951,55018851.0,A,0,0
DATAFLOW,OECD.ELS.SAE:DSD_POPULATION@DF_POP_HIST(1.0),,I,BRA,POP,PS,_T,_T,H,1952,56694872.0,A,0,0
DATAFLOW,OECD.ELS.SAE:DSD_POPULATION@DF_POP_HIST(1.0),,I,BRA,POP,PS,_T,_T,H,1953,58433757.0,A,0,0
DATAFLOW,OECD.ELS.SAE:DSD_POPULATION@DF_POP_HIST(1.0),,I,BRA,POP,PS,_T,_T,H,1954,60235122.0,A,0,0
DATAFLOW,OECD.ELS.SAE:DSD_POPULATION@DF_POP_HIST(1.0),,I,BRA,POP,PS,_T,_T,H,1955,62101388.0,A,0,0
DATAFLOW,OECD.ELS.SAE:DSD_POPULATION@DF_POP_HIST(1.0),,I,BRA,POP,PS,_T,_T,H,1956,64033995.0,A,0,0
DATAFLOW,OECD.ELS.SAE:DSD_POPULATION@DF_POP_HIST(1.0),,I,BRA,POP,PS,_T,_T,H,1957,66031492.0,A,0,0
DATAFLOW,OECD.ELS.SAE:DSD_POPULATION@DF_POP_HIST(1.0),,I,BRA,POP,PS,_T,_T,H,1958,68092141.0,A,0,0
DATAFLOW,OECD.ELS.SAE:DSD_POPULATION@DF_POP_HIST(1.0),,I,BRA,POP,PS,_T,_T,H,1959,70214470.0,A,0,0
DATAFLOW,OECD.ELS.SAE:DSD_POPULATION@DF_POP_HIST(1.0),,I,BRA,POP,PS,_T,_T,H,1960,72388126.0,A,0,0
DATAFLOW,OECD.ELS.SAE:DSD_POPULATION@DF_POP_HIST(1.0),,I,BRA,POP,PS,_T,_T,H,1961,74605447.0,A,0,0
DATAFLOW,OECD.ELS.SAE:DSD_POPULATION@DF_POP_HIST(1.0),,I,BRA,POP,PS,_T,_T,H,1962,76865323.0,A,0,0
DATAFLOW,OECD.ELS.SAE:DSD_POPULATION@DF_POP_HIST(1.0),,I,BRA,POP,PS,_T,_T,H,1963,79164235.0,A,0,0
DATAFLOW,OECD.ELS.SAE:DSD_POPULATION@DF_POP_HIST(1.0),,I,BRA,POP,PS,_T,_T,H,1964,81488595.0,A,0,0
DATAFLOW,OECD.ELS.SAE:DSD_POPULATION@DF_POP_HIST(1.0),,I,BRA,POP,PS,_T,_T,H,1965,83817583.0,A,0,0
DATAFLOW,OECD.ELS.SAE:DSD_POPULATION@DF_POP_HIST(1.0),,I,BRA,POP,PS,_T,_T,H,1966,86139359.0,A,0,0
DATAFLOW,OECD.ELS.SAE:DSD_POPULATION@DF_POP_HIST(1.0),,I,BRA,POP,PS,_T,_T,H,1967,88446124.0,A,0,0
DATAFLOW,OECD.ELS.SAE:DSD_POPULATION@DF_POP_HIST(1.0),,I,BRA,POP,PS,_T,_T,H,1968,90741240.0,A,0,0
DATAFLOW,OECD.ELS.SAE:DSD_POPULATION@DF_POP_HIST(1.0),,I,BRA,POP,PS,_T,_T,H,1969,93045777.0,A,0,0
DATAFLOW,OECD.ELS.SAE:DSD_POPULATION@DF_POP_HIST(1.0),,I,BRA,POP,PS,_T,_T,H,1970,95375651.0,A,0,0
DATAFLOW,OECD.ELS.SAE:DSD_POPULATION@DF_POP_HIST(1.0),,I,BRA,POP,PS,_T,_T,H,1971,97739273.0,A,0,0
DATAFLOW,OECD.ELS.SAE:DSD_POPULATION@DF_POP_HIST(1.0),,I,BRA,POP,PS,_T,_T,H,1972,100146797.0,A,0,0
DATAFLOW,OECD.ELS.SAE:DSD_POPULATION@DF_POP_HIST(1.0),,I,BRA,POP,PS,_T,_T,H,1973,102600976.0,A,0,0
DATAFLOW,OECD.ELS.SAE:DSD_POPULATION@DF_POP_HIST(1.0),,I,BRA,POP,PS,_T,_T,H,1974,105089675.0,A,0,0
DATAFLOW,OECD.ELS.SAE:DSD_POPULATION@DF_POP_HIST(1.0),,I,BRA,POP,PS,_T,_T,H,1975,107619565.0,A,0,0
DATAFLOW,OECD.ELS.SAE:DSD_POPULATION@DF_POP_HIST(1.0),,I,BRA,POP,PS,_T,_T,H,1976,110213349.0,A,0,0
DATAFLOW,OECD.ELS.SAE:DSD_POPULATION@DF_POP_HIST(1.0),,I,BRA,POP,PS,_T,_T,H,1977,112875292.0,A,0,0
DATAFLOW,OECD.ELS.SAE:DSD_POPULATION@DF_POP_HIST(1.0),,I,BRA,POP,PS,_T,_T,H,1978,115600942.0,A,0,0
DATAFLOW,OECD.ELS.SAE:DSD_POPULATION@DF_POP_HIST(1.0),,I,BRA,POP,PS,_T,_T,H,1979,118380821.0,A,0,0
DATAFLOW,OECD.ELS.SAE:DSD_POPULATION@DF_POP_HIST(1.0),,I,LVA,POP,PS,_T,_T,H,1950,1918720.0,A,0,0
DATAFLOW,OECD.ELS.SAE:DSD_POPULATION@DF_POP_HIST(1.0),,I,LVA,POP,PS,_T,_T,H,1951,1933915.0,A,0,0
DATAFLOW,OECD.ELS.SAE:DSD_POPULATION@DF_POP_HIST(1.0),,I,LVA,POP,PS,_T,_T,H,1952,1949535.0,A,0,0
DATAFLOW,OECD.ELS.SAE:DSD_POPULATION@DF_POP_HIST(1.0),,I,LVA,POP,PS,_T,_T,H,1953,1965198.0,A,0,0
DATAFLOW,OECD.ELS.SAE:DSD_POPULATION@DF_POP_HIST(1.0),,I,LVA,POP,PS,_T,_T,H,1954,1982034.0,A,0,0
DATAFLOW,OECD.ELS.SAE:DSD_POPULATION@DF_POP_HIST(1.0),,I,LVA,POP,PS,_T,_T,H,1955,2000462.0,A,0,0
DATAFLOW,OECD.ELS.SAE:DSD_POPULATION@DF_POP_HIST(1.0),,I,LVA,POP,PS,_T,_T,H,1956,2019505.0,A,0,0
DATAFLOW,OECD.ELS.SAE:DSD_POPULATION@DF_POP_HIST(1.0),,I,LVA,POP,PS,_T,_T,H,1957,2040115.0,A,0,0
DATAFLOW,OECD.ELS.SAE:DSD_POPULATION@DF_POP_HIST(1.0),,I,LVA,POP,PS,_T,_T,H,1958,2063292.0,A,0,0
DATAFLOW,OECD.ELS.SAE:DSD_POPULATION@DF_POP_HIST(1.0),,I,LVA,POP,PS,_T,_T,H,1959,2096981.0,A,0,0
DATAFLOW,OECD.ELS.SAE:DSD_POPULATION@DF_POP_HIST(1.0),,I,LVA,POP,PS,_T,_T,H,1960,2131171.0,A,0,0
DATAFLOW,OECD.ELS.SAE:DSD_POPULATION@DF_POP_HIST(1.0),,I,LVA,POP,PS,_T,_T,H,1961,2157169.0,A,0,0
DATAFLOW,OECD.ELS.SAE:DSD_POPULATION@DF_POP_HIST(1.0),,I,LVA,POP,PS,_T,_T,H,1962,2182285.0,A,0,0
DATAFLOW,OECD.ELS.SAE:DSD_POPULATION@DF_POP_HIST(1.0),,I,LVA,POP,PS,_T,_T,H,1963,2205801.0,A,0,0
DATAFLOW,OECD.ELS.SAE:DSD_POPULATION@DF_POP_HIST(1.0),,I,LVA,POP,PS,_T,_T,H,1964,2229758.0,A,0,0
DATAFLOW,OECD.ELS.SAE:DSD_POPULATION@DF_POP_HIST(1.0),,I,LVA,POP,PS,_T,_T,H,1965,2252762.0,A,0,0
DATAFLOW,OECD.ELS.SAE:DSD_POPULATION@DF_POP_HIST(1.0),,I,LVA,POP,PS,_T,_T,H,1966,2274349.0,A,0,0
DATAFLOW,OECD.ELS.SAE:DSD_POPULATION@DF_POP_HIST(1.0),,I,LVA,POP,PS,_T,_T,H,1967,2296079.0,A,0,0
DATAFLOW,OECD.ELS.SAE:DSD_POPULATION@DF_POP_HIST(1.0),,I,LVA,POP,PS,_T,_T,H,1968,2317284.0,A,0,0
DATAFLOW,OECD.ELS.SAE:DSD_POPULATION@DF_POP_HIST(1.0),,I,LVA,POP,PS,_T,_T,H,1969,2337666.0,A,0,0
DATAFLOW,OECD.ELS.SAE:DSD_POPULATION@DF_POP_HIST(1.0),,I,LTU,POP,PS,_T,_T,H,1950,2432995.0,A,0,0
DATAFLOW,OECD.ELS.SAE:DSD_POPULATION@DF_POP_HIST(1.0),,I,LTU,POP,PS,_T,_T,H,1951,2458819.0,A,0,0
DATAFLOW,OECD.ELS.SAE:DSD_POPULATION@DF_POP_HIST(1.0),,I,LTU,POP,PS,_T,_T,H,1952,2486410.0,A,0,0
DATAFLOW,OECD.ELS.SAE:DSD_POPULATION@DF_POP_HIST(1.0),,I,LTU,POP,PS,_T,_T,H,1953,2515124.0,A,0,0
DATAFLOW,OECD.ELS.SAE:DSD_POPULATION@DF_POP_HIST(1.0),,I,LTU,POP,PS,_T,_T,H,1954,2544703.0,A,0,0
DATAFLOW,OECD.ELS.SAE:DSD_POPULATION@DF_POP_HIST(1.0),,I,LTU,POP,PS,_T,_T,H,1955,2575311.0,A,0,0
DATAFLOW,OECD.ELS.SAE:DSD_POPULATION@DF_POP_HIST(1.0),,I,LTU,POP,PS,_T,_T,H,1956,2607334.0,A,0,0
DATAFLOW,OECD.ELS.SAE:DSD_POPULATION@DF_POP_HIST(1.0),,I,LTU,POP,PS,_T,_T,H,1957,2641761.0,A,0,0
DATAFLOW,OECD.ELS.SAE:DSD_POPULATION@DF_POP_HIST(1.0),,I,LTU,POP,PS,_T,_T,H,1958,2678936.0,A,0,0
DATAFLOW,OECD.ELS.SAE:DSD_POPULATION@DF_POP_HIST(1.0),,I,LTU,POP,PS,_T,_T,H,1959,2722674.0,A,0,0
DATAFLOW,OECD.ELS.SAE:DSD_POPULATION@DF_POP_HIST(1.0),,I,LTU,POP,PS,_T,_T,H,1960,2769095.0,A,0,0
DATAFLOW,OECD.ELS.SAE:DSD_POPULATION@DF_POP_HIST(1.0),,I,LTU,POP,PS,_T,_T,H,1961,2812599.0,A,0,0
DATAFLOW,OECD.ELS.SAE:DSD_POPULATION@DF_POP_HIST(1.0),,I,LTU,POP,PS,_T,_T,H,1962,2853287.0,A,0,0
DATAFLOW,OECD.ELS.SAE:DSD_POPULATION@DF_POP_HIST(1.0),,I,LTU,POP,PS,_T,_T,H,1963,2891072.0,A,0,0
DATAFLOW,OECD.ELS.SAE:DSD_POPULATION@DF_POP_HIST(1.0),,I,LTU,POP,PS,_T,_T,H,1964,2928854.0,A,0,0
DATAFLOW,OECD.ELS.SAE:DSD_POPULATION@DF_POP_HIST(1.0),,I,LTU,POP,PS,_T,_T,H,1965,2965262.0,A,0,0
DATAFLOW,OECD.ELS.SAE:DSD_POPULATION@DF_POP_HIST(1.0),,I,LTU,POP,PS,_T,_T,H,1966,3000357.0,A,0,0
DATAFLOW,OECD.ELS.SAE:DSD_POPULATION@DF_POP_HIST(1.0),,I,LTU,POP,PS,_T,_T,H,1967,3035378.0,A,0,0
DATAFLOW,OECD.ELS.SAE:DSD_POPULATION@DF_POP_HIST(1.0),,I,LTU,POP,PS,_T,_T,H,1968,3070265.0,A,0,0
DATAFLOW,OECD.ELS.SAE:DSD_POPULATION@DF_POP_HIST(1.0),,I,LTU,POP,PS,_T,_T,H,1969,3103419.0,A,0,0
DATAFLOW,OECD.ELS.SAE:DSD_POPULATION@DF_POP_HIST(1.0),,I,LUX,POP,PS,_T,_T,H,1950,296570.0,A,0,0
DATAFLOW,OECD.ELS.SAE:DSD_POPULATION@DF_POP_HIST(1.0),,I,LUX,POP,PS,_T,_T,H,1951,298160.0,A,0,0
DATAFLOW,OECD.ELS.SAE:DSD_POPULATION@DF_POP_HIST(1.0),,I,LUX,POP,PS,_T,_T,H,1952,299901.0,A,0,0
DATAFLOW,OECD.ELS.SAE:DSD_POPULATION@DF_POP_HIST(1.0),,I,LUX,POP,PS,_T,_T,H,1953,301683.0,A,0,0
DATAFLOW,OECD.ELS.SAE:DSD_POPULATION@DF_POP_HIST(1.0),,I,LUX,POP,PS,_T,_T,H,1954,303481.0,A,0,0
DATAFLOW,OECD.ELS.SAE:DSD_POPULATION@DF_POP_HIST(1.0),,I,LUX,POP,PS,_T,_T,H,1955,305312.0,A,0,0
DATAFLOW,OECD.ELS.SAE:DSD_POPULATION@DF_POP_HIST(1.0),,I,LUX,POP,PS,_T,_T,H,1956,306958.0,A,0,0
DATAFLOW,OECD.ELS.SAE:DSD_POPULATION@DF_POP_HIST(1.0),,I,LUX,POP,PS,_T,_T,H,1957,308440.0,A,0,0
DATAFLOW,OECD.ELS.SAE:DSD_POPULATION@DF_POP_HIST(1.0),,I,LUX,POP,PS,_T,_T,H,1958,310038.0,A,0,0
DATAFLOW,OECD.ELS.SAE:DSD_POPULATION@DF_POP_HIST(1.0),,I,LUX,POP,PS,_T,_T,H,1959,312034.0,A,0,0
DATAFLOW,OECD.ELS.SAE:DSD_POPULATION@DF_POP_HIST(1.0),,I,LUX,POP,PS,_T,_T,H,1960,313877.0,A,0,0
DATAFLOW,OECD.ELS.SAE:DSD_POPULATION@DF_POP_HIST(1.0),,I,LUX,POP,PS,_T,_T,H,1961,316342.0,A,0,0
DATAFLOW,OECD.ELS.SAE:DSD_POPULATION@DF_POP_HIST(1.0),,I,LUX,POP,PS,_T,_T,H,1962,319651.0,A,0,0
DATAFLOW,OECD.ELS.SAE:DSD_POPULATION@DF_POP_HIST(1.0),,I,LUX,POP,PS,_T,_T,H,1963,322848.0,A,0,0
DATAFLOW,OECD.ELS.SAE:DSD_POPULATION@DF_POP_HIST(1.0),,I,LUX,POP,PS,_T,_T,H,1964,326233.0,A,0,0
DATAFLOW,OECD.ELS.SAE:DSD_POPULATION@DF_POP_HIST(1.0),,I,LUX,POP,PS,_T,_T,H,1965,329702.0,A,0,0
DATAFLOW,OECD.ELS.SAE:DSD_POPULATION@DF_POP_HIST(1.0),,I,LUX,POP,PS,_T,_T,H,1966,333077.0,A,0,0
DATAFLOW,OECD.ELS.SAE:DSD_POPULATION@DF_POP_HIST(1.0),,I,LUX,POP,PS,_T,_T,H,1967,335517.0,A,0,0
DATAFLOW,OECD.ELS.SAE:DSD_POPULATION@DF_POP_HIST(1.0),,I,LUX,POP,PS,_T,_T,H,1968,337007.0,A,0,0
DATAFLOW,OECD.ELS.SAE:DSD_POPULATION@DF_POP_HIST(1.0),,I,LUX,POP,PS,_T,_T,H,1969,338263.0,A,0,0
DATAFLOW,OECD.ELS.SAE:DSD_POPULATION@DF_POP_HIST(1.0),,I,EST,POP,PS,_T,_T,H,1950,1102042.0,A,0,0
DATAFLOW,OECD.ELS.SAE:DSD_POPULATION@DF_POP_HIST(1.0),,I,EST,POP,PS,_T,_T,H,1951,1116198.0,A,0,0
DATAFLOW,OECD.ELS.SAE:DSD_POPULATION@DF_POP_HIST(1.0),,I,EST,POP,PS,_T,_T,H,1952,1129876.0,A,0,0
DATAFLOW,OECD.ELS.SAE:DSD_POPULATION@DF_POP_HIST(1.0),,I,EST,POP,PS,_T,_T,H,1953,1142640.0,A,0,0
DATAFLOW,OECD.ELS.SAE:DSD_POPULATION@DF_POP_HIST(1.0),,I,EST,POP,PS,_T,_T,H,1954,1154804.0,A,0,0
DATAFLOW,OECD.ELS.SAE:DSD_POPULATION@DF_POP_HIST(1.0),,I,EST,POP,PS,_T,_T,H,1955,1166871.0,A,0,0
DATAFLOW,OECD.ELS.SAE:DSD_POPULATION@DF_POP_HIST(1.0),,I,EST,POP,PS,_T,_T,H,1956,1178171.0,A,0,0
DATAFLOW,OECD.ELS.SAE:DSD_POPULATION@DF_POP_HIST(1.0),,I,EST,POP,PS,_T,_T,H,1957,1188778.0,A,0,0
DATAFLOW,OECD.ELS.SAE:DSD_POPULATION@DF_POP_HIST(1.0),,I,EST,POP,PS,_T,_T,H,1958,1200406.0,A,0,0
DATAFLOW,OECD.ELS.SAE:DSD_POPULATION@DF_POP_HIST(1.0),,I,EST,POP,PS,_T,_T,H,1959,1209939.0,A,0,0
DATAFLOW,OECD.ELS.SAE:DSD_POPULATION@DF_POP_HIST(1.0),,I,EST,POP,PS,_T,_T,H,1960,1220453.0,A,0,0
DATAFLOW,OECD.ELS.SAE:DSD_POPULATION@DF_POP_HIST(1.0),,I,EST,POP,PS,_T,_T,H,1961,1235168.0,A,0,0
DATAFLOW,OECD.ELS.SAE:DSD_POPULATION@DF_POP_HIST(1.0),,I,EST,POP,PS,_T,_T,H,1962,1249624.0,A,0,0
DATAFLOW,OECD.ELS.SAE:DSD_POPULATION@DF_POP_HIST(1.0),,I,EST,POP,PS,_T,_T,H,1963,1263756.0,A,0,0
DATAFLOW,OECD.ELS.SAE:DSD_POPULATION@DF_POP_HIST(1.0),,I,EST,POP,PS,_T,_T,H,1964,1278340.0,A,0,0
DATAFLOW,OECD.ELS.SAE:DSD_POPULATION@DF_POP_HIST(1.0),,I,EST,POP,PS,_T,_T,H,1965,1292804.0,A,0,0
DATAFLOW,OECD.ELS.SAE:DSD_POPULATION@DF_POP_HIST(1.0),,I,EST,POP,PS,_T,_T,H,1966,1306438.0,A,0,0
DATAFLOW,OECD.ELS.SAE:DSD_POPULATION@DF_POP_HIST(1.0),,I,EST,POP,PS,_T,_T,H,1967,1320053.0,A,0,0
DATAFLOW,OECD.ELS.SAE:DSD_POPULATION@DF_POP_HIST(1.0),,I,EST,POP,PS,_T,_T,H,1968,1334299.0,A,0,0
DATAFLOW,OECD.ELS.SAE:DSD_POPULATION@DF_POP_HIST(1.0),,I,EST,POP,PS,_T,_T,H,1969,1348702.0,A,0,0
DATAFLOW,OECD.ELS.SAE:DSD_POPULATION@DF_POP_HIST(1.0),,I,ROU,POP,PS,_T,_T,H,1950,16397279.0,A,0,0
DATAFLOW,OECD.ELS.SAE:DSD_POPULATION@DF_POP_HIST(1.0),,I,ROU,POP,PS,_T,_T,H,1951,16625600.0,A,0,0
DATAFLOW,OECD.ELS.SAE:DSD_POPULATION@DF_POP_HIST(1.0),,I,ROU,POP,PS,_T,_T,H,1952,16846047.0,A,0,0
DATAFLOW,OECD.ELS.SAE:DSD_POPULATION@DF_POP_HIST(1.0),,I,ROU,POP,PS,_T,_T,H,1953,17057698.0,A,0,0
DATAFLOW,OECD.ELS.SAE:DSD_POPULATION@DF_POP_HIST(1.0),,I,ROU,POP,PS,_T,_T,H,1954,17266663.0,A,0,0
DATAFLOW,OECD.ELS.SAE:DSD_POPULATION@DF_POP_HIST(1.0),,I,ROU,POP,PS,_T,_T,H,1955,17475268.0,A,0,0
DATAFLOW,OECD.ELS.SAE:DSD_POPULATION@DF_POP_HIST(1.0),,I,ROU,POP,PS,_T,_T,H,1956,17691496.0,A,0,0
DATAFLOW,OECD.ELS.SAE:DSD_POPULATION@DF_POP_HIST(1.0),,I,ROU,POP,PS,_T,_T,H,1957,17887289.0,A,0,0
DATAFLOW,OECD.ELS.SAE:DSD_POPULATION@DF_POP_HIST(1.0),,I,ROU,POP,PS,_T,_T,H,1958,18046129.0,A,0,0
DATAFLOW,OECD.ELS.SAE:DSD_POPULATION@DF_POP_HIST(1.0),,I,ROU,POP,PS,_T,_T,H,1959,18187698.0,A,0,0
DATAFLOW,OECD.ELS.SAE:DSD_POPULATION@DF_POP_HIST(1.0),,I,ROU,POP,PS,_T,_T,H,1960,18313495.0,A,0,0
DATAFLOW,OECD.ELS.SAE:DSD_POPULATION@DF_POP_HIST(1.0),,I,ROU,POP,PS,_T,_T,H,1961,18422514.0,A,0,0
DATAFLOW,OECD.ELS.SAE:DSD_POPULATION@DF_POP_HIST(1.0),,I,ROU,POP,PS,_T,_T,H,1962,18511669.0,A,0,0
DATAFLOW,OECD.ELS.SAE:DSD_POPULATION@DF_POP_HIST(1.0),,I,ROU,POP,PS,_T,_T,H,1963,18587430.0,A,0,0
DATAFLOW,OECD.ELS.SAE:DSD_POPULATION@DF_POP_HIST(1.0),,I,ROU,POP,PS,_T,_T,H,1964,18655401.0,A,0,0
DATAFLOW,OECD.ELS.SAE:DSD_POPULATION@DF_POP_HIST(1.0),,I,ROU,POP,PS,_T,_T,H,1965,18713054.0,A,0,0
DATAFLOW,OECD.ELS.SAE:DSD_POPULATION@DF_POP_HIST(1.0),,I,ROU,POP,PS,_T,_T,H,1966,18776259.0,A,0,0
DATAFLOW,OECD.ELS.SAE:DSD_POPULATION@DF_POP_HIST(1.0),,I,ROU,POP,PS,_T,_T,H,1967,18998555.0,A,0,0
DATAFLOW,OECD.ELS.SAE:DSD_POPULATION@DF_POP_HIST(1.0),,I,SGP,POP,PS,_T,_T,H,1950,1013313.0,A,0,0
DATAFLOW,OECD.ELS.SAE:DSD_POPULATION@DF_POP_HIST(1.0),,I,SGP,POP,PS,_T,_T,H,1951,1068035.0,A,0,0
DATAFLOW,OECD.ELS.SAE:DSD_POPULATION@DF_POP_HIST(1.0),,I,SGP,POP,PS,_T,_T,H,1952,1126090.0,A,0,0
DATAFLOW,OECD.ELS.SAE:DSD_POPULATION@DF_POP_HIST(1.0),,I,SGP,POP,PS,_T,_T,H,1953,1187520.0,A,0,0
DATAFLOW,OECD.ELS.SAE:DSD_POPULATION@DF_POP_HIST(1.0),,I,SGP,POP,PS,_T,_T,H,1954,1252281.0,A,0,0
DATAFLOW,OECD.ELS.SAE:DSD_POPULATION@DF_POP_HIST(1.0),,I,SGP,POP,PS,_T,_T,H,1955,1320230.0,A,0,0
DATAFLOW,OECD.ELS.SAE:DSD_POPULATION@DF_POP_HIST(1.0),,I,SGP,POP,PS,_T,_T,H,1956,1390956.0,A,0,0
DATAFLOW,OECD.ELS.SAE:DSD_POPULATION@DF_POP_HIST(1.0),,I,SGP,POP,PS,_T,_T,H,1957,1458271.0,A,0,0
DATAFLOW,OECD.ELS.SAE:DSD_POPULATION@DF_POP_HIST(1.0),,I,SGP,POP,PS,_T,_T,H,1958,1515727.0,A,0,0
DATAFLOW,OECD.ELS.SAE:DSD_POPULATION@DF_POP_HIST(1.0),,I,SGP,POP,PS,_T,_T,H,1959,1567754.0,A,0,0
DATAFLOW,OECD.ELS.SAE:DSD_POPULATION@DF_POP_HIST(1.0),,I,KOR,POP,PS,_T,_T,H,1950,19757321.0,A,0,0
DATAFLOW,OECD.ELS.SAE:DSD_POPULATION@DF_POP_HIST(1.0),,I,KOR,POP,PS,_T,_T,H,1951,19868990.0,A,0,0
DATAFLOW,OECD.ELS.SAE:DSD_POPULATION@DF_POP_HIST(1.0),,I,KOR,POP,PS,_T,_T,H,1952,20229879.0,A,0,0
DATAFLOW,OECD.ELS.SAE:DSD_POPULATION@DF_POP_HIST(1.0),,I,KOR,POP,PS,_T,_T,H,1953,20775325.0,A,0,0
DATAFLOW,OECD.ELS.SAE:DSD_POPULATION@DF_POP_HIST(1.0),,I,KOR,POP,PS,_T,_T,H,1954,21415573.0,A,0,0
DATAFLOW,OECD.ELS.SAE:DSD_POPULATION@DF_POP_HIST(1.0),,I,KOR,POP,PS,_T,_T,H,1955,22125103.0,A,0,0
DATAFLOW,OECD.ELS.SAE:DSD_POPULATION@DF_POP_HIST(1.0),,I,KOR,POP,PS,_T,_T,H,1956,22874434.0,A,0,0
DATAFLOW,OECD.ELS.SAE:DSD_POPULATION@DF_POP_HIST(1.0),,I,KOR,POP,PS,_T,_T,H,1957,23660791.0,A,0,0
DATAFLOW,OECD.ELS.SAE:DSD_POPULATION@DF_POP_HIST(1.0),,I,KOR,POP,PS,_T,_T,H,1958,24473927.0,A,0,0
DATAFLOW,OECD.ELS.SAE:DSD_POPULATION@DF_POP_HIST(1.0),,I,KOR,POP,PS,_T,_T,H,1959,25298233.0,A,0,0
DATAFLOW,OECD.ELS.SAE:DSD_POPULATION@DF_POP_HIST(1.0),,I,ESP,POP,PS,_T,_T,H,1950,28077049.0,A,0,0
DATAFLOW,OECD.ELS.SAE:DSD_POPULATION@DF_POP_HIST(1.0),,I,ESP,POP,PS,_T,_T,H,1951,28214860.0,A,0,0
DATAFLOW,OECD.ELS.SAE:DSD_POPULATION@DF_POP_HIST(1.0),,I,ESP,POP,PS,_T,_T,H,1952,28406041.0,A,0,0
DATAFLOW,OECD.ELS.SAE:DSD_POPULATION@DF_POP_HIST(1.0),,I,ESP,POP,PS,_T,_T,H,1953,28632697.0,A,0,0
DATAFLOW,OECD.ELS.SAE:DSD_POPULATION@DF_POP_HIST(1.0),,I,ESP,POP,PS,_T,_T,H,1954,28857828.0,A,0,0
DATAFLOW,OECD.ELS.SAE:DSD_POPULATION@DF_POP_HIST(1.0),,I,ESP,POP,PS,_T,_T,H,1955,29089776.0,A,0,0
DATAFLOW,OECD.ELS.SAE:DSD_POPULATION@DF_POP_HIST(1.0),,I,ESP,POP,PS,_T,_T,H,1956,29323669.0,A,0,0
DATAFLOW,OECD.ELS.SAE:DSD_POPULATION@DF_POP_HIST(1.0),,I,ESP,POP,PS,_T,_T,H,1957,29569964.0,A,0,0
DATAFLOW,OECD.ELS.SAE:DSD_POPULATION@DF_POP_HIST(1.0),,I,ESP,POP,PS,_T,_T,H,1958,29849659.0,A,0,0
DATAFLOW,OECD.ELS.SAE:DSD_POPULATION@DF_POP_HIST(1.0),,I,ESP,POP,PS,_T,_T,H,1959,30140707.0,A,0,0
DATAFLOW,OECD.ELS.SAE:DSD_POPULATION@DF_POP_HIST(1.0),,I,ESP,POP,PS,_T,_T,H,1960,30404939.0,A,0,0
DATAFLOW,OECD.ELS.SAE:DSD_POPULATION@DF_POP_HIST(1.0),,I,ESP,POP,PS,_T,_T,H,1961,30699567.0,A,0,0
DATAFLOW,OECD.ELS.SAE:DSD_POPULATION@DF_POP_HIST(1.0),,I,POL,POP,PS,_T,_T,H,1950,24780161.0,A,0,0
DATAFLOW,OECD.ELS.SAE:DSD_POPULATION@DF_POP_HIST(1.0),,I,POL,POP,PS,_T,_T,H,1951,25222692.0,A,0,0
DATAFLOW,OECD.ELS.SAE:DSD_POPULATION@DF_POP_HIST(1.0),,I,POL,POP,PS,_T,_T,H,1952,25672460.0,A,0,0
DATAFLOW,OECD.ELS.SAE:DSD_POPULATION@DF_POP_HIST(1.0),,I,POL,POP,PS,_T,_T,H,1953,26126456.0,A,0,0
DATAFLOW,OECD.ELS.SAE:DSD_POPULATION@DF_POP_HIST(1.0),,I,POL,POP,PS,_T,_T,H,1954,26590474.0,A,0,0
DATAFLOW,OECD.ELS.SAE:DSD_POPULATION@DF_POP_HIST(1.0),,I,POL,POP,PS,_T,_T,H,1955,27063640.0,A,0,0
DATAFLOW,OECD.ELS.SAE:DSD_POPULATION@DF_POP_HIST(1.0),,I,POL,POP,PS,_T,_T,H,1956,27535568.0,A,0,0
DATAFLOW,OECD.ELS.SAE:DSD_POPULATION@DF_POP_HIST(1.0),,I,POL,POP,PS,_T,_T,H,1957,28076498.0,A,0,0
DATAFLOW,OECD.ELS.SAE:DSD_POPULATION@DF_POP_HIST(1.0),,I,POL,POP,PS,_T,_T,H,1958,28643640.0,A,0,0
DATAFLOW,OECD.ELS.SAE:DSD_POPULATION@DF_POP_HIST(1.0),,I,POL,POP,PS,_T,_T,H,1959,29132527.0,A,0,0
DATAFLOW,OECD.ELS.SAE:DSD_POPULATION@DF_POP_HIST(1.0),,I,BGR,POP,PS,_T,_T,H,1950,7248511.0,A,0,0
DATAFLOW,OECD.ELS.SAE:DSD_POPULATION@DF_POP_HIST(1.0),,I,BGR,POP,PS,_T,_T,H,1951,7314435.0,A,0,0
DATAFLOW,OECD.ELS.SAE:DSD_POPULATION@DF_POP_HIST(1.0),,I,BGR,POP,PS,_T,_T,H,1952,7361952.0,A,0,0
DATAFLOW,OECD.ELS.SAE:DSD_POPULATION@DF_POP_HIST(1.0),,I,BGR,POP,PS,_T,_T,H,1953,7415922.0,A,0,0
DATAFLOW,OECD.ELS.SAE:DSD_POPULATION@DF_POP_HIST(1.0),,I,BGR,POP,PS,_T,_T,H,1954,7476269.0,A,0,0
DATAFLOW,OECD.ELS.SAE:DSD_POPULATION@DF_POP_HIST(1.0),,I,BGR,POP,PS,_T,_T,H,1955,7533654.0,A,0,0
DATAFLOW,OECD.ELS.SAE:DSD_POPULATION@DF_POP_HIST(1.0),,I,BGR,POP,PS,_T,_T,H,1956,7587166.0,A,0,0
DATAFLOW,OECD.ELS.SAE:DSD_POPULATION@DF_POP_HIST(1.0),,I,BGR,POP,PS,_T,_T,H,1957,7649539.0,A,0,0
DATAFLOW,OECD.ELS.SAE:DSD_POPULATION@DF_POP_HIST(1.0),,I,BGR,POP,PS,_T,_T,H,1958,7724891.0,A,0,0
DATAFLOW,OECD.ELS.SAE:DSD_POPULATION@DF_POP_HIST(1.0),,I,BGR,POP,PS,_T,_T,H,1959,7794173.0,A,0,0
DATAFLOW,OECD.ELS.SAE:DSD_POPULATION@DF_POP_HIST(1.0),,I,DEU,POP,PS,_T,_T,H,1950,69847782.0,A,0,0
DATAFLOW,OECD.ELS.SAE:DSD_POPULATION@DF_POP_HIST(1.0),,I,PRT,POP,PS,_T,_T,H,1986,10032734.0,A,0,0
DATAFLOW,OECD.ELS.SAE:DSD_POPULATION@DF_POP_HIST(1.0),,I,PRT,POP,PS,_T,_T,H,1987,10030031.0,A,0,0
DATAFLOW,OECD.ELS.SAE:DSD_POPULATION@DF_POP_HIST(1.0),,I,POL,POP,PS,_T,_T,H,2000,38258478.0,A,0,0
DATAFLOW,OECD.ELS.SAE:DSD_POPULATION@DF_POP_HIST(1.0),,I,PRT,POP,PS,_T,_T,H,1996,10063945.0,A,0,0
DATAFLOW,OECD.ELS.SAE:DSD_POPULATION@DF_POP_HIST(1.0),,I,PRT,POP,PS,_T,_T,H,2001,10362722.0,A,0,0
DATAFLOW,OECD.ELS.SAE:DSD_POPULATION@DF_POP_HIST(1.0),,I,PRT,POP,PS,_T,_T,H,2002,10419631.0,A,0,0
DATAFLOW,OECD.ELS.SAE:DSD_POPULATION@DF_POP_HIST(1.0),,I,PRT,POP,PS,_T,_T,H,2007,10542964.0,A,0,0
DATAFLOW,OECD.ELS.SAE:DSD_POPULATION@DF_POP_HIST(1.0),,I,PRT,POP,PS,_T,_T,H,2008,10558177.0,A,0,0
DATAFLOW,OECD.ELS.SAE:DSD_POPULATION@DF_POP_HIST(1.0),,I,PRT,POP,PS,_T,_T,H,2009,10568247.0,A,0,0
DATAFLOW,OECD.ELS.SAE:DSD_POPULATION@DF_POP_HIST(1.0),,I,PRT,POP,PS,_T,_T,H,2011,10574536.0,A,0,0
DATAFLOW,OECD.ELS.SAE:DSD_POPULATION@DF_POP_HIST(1.0),,I,PRT,POP,PS,_T,_T,H,2012,10531420.0,A,0,0
DATAFLOW,OECD.ELS.SAE:DSD_POPULATION@DF_POP_HIST(1.0),,I,PRT,POP,PS,_T,_T,H,2013,10473991.0,A,0,0
DATAFLOW,OECD.ELS.SAE:DSD_POPULATION@DF_POP_HIST(1.0),,I,PRT,POP,PS,_T,_T,H,2014,10419607.0,A,0,0
DATAFLOW,OECD.ELS.SAE:DSD_POPULATION@DF_POP_HIST(1.0),,I,PRT,POP,PS,_T,_T,H,2015,10381838.0,A,0,0
DATAFLOW,OECD.ELS.SAE:DSD_POPULATION@DF_POP_HIST(1.0),,I,G20,POP,PS,_T,_T,H,1990,3659580000.0,A,0,0
DATAFLOW,OECD.ELS.SAE:DSD_POPULATION@DF_POP_HIST(1.0),,I,G20,POP,PS,_T,_T,H,1991,3714110000.0,A,0,0
DATAFLOW,OECD.ELS.SAE:DSD_POPULATION@DF_POP_HIST(1.0),,I,G20,POP,PS,_T,_T,H,2001,4164430000.0,A,0,0
DATAFLOW,OECD.ELS.SAE:DSD_POPULATION@DF_POP_HIST(1.0),,I,G20,POP,PS,_T,_T,H,2004,4285270000.0,A,0,0
DATAFLOW,OECD.ELS.SAE:DSD_POPULATION@DF_POP_HIST(1.0),,I,G20,POP,PS,_T,_T,H,2005,4325900000.0,A,0,0
DATAFLOW,OECD.ELS.SAE:DSD_POPULATION@DF_POP_HIST(1.0),,I,G20,POP,PS,_T,_T,H,2007,4407310000.0,A,0,0
DATAFLOW,OECD.ELS.SAE:DSD_POPULATION@DF_POP_HIST(1.0),,I,CHL,POP,PS,_T,_T,H,2025,20206953.0,A,0,0
DATAFLOW,OECD.ELS.SAE:DSD_POPULATION@DF_POP_HIST(1.0),,I,COL,POP,PS,_T,_T,H,2025,53110609.0,A,0,0
DATAFLOW,OECD.ELS.SAE:DSD_POPULATION@DF_POP_HIST(1.0),,I,KOR,POP,PS,_T,_T,H,2025,51684564.0,A,0,0
DATAFLOW,OECD.ELS.SAE:DSD_POPULATION@DF_POP_HIST(1.0),,I,BRA,POP,PS,_T,_T,H,2025,219029093.0,A,0,0
DATAFLOW,OECD.ELS.SAE:DSD_POPULATION@DF_POP_HIST(1.0),,I,MLT,POP,PS,_T,_T,H,2012,419506.0,A,0,0
DATAFLOW,OECD.ELS.SAE:DSD_POPULATION@DF_POP_HIST(1.0),,I,MLT,POP,PS,_T,_T,H,2013,424814.0,A,0,0
DATAFLOW,OECD.ELS.SAE:DSD_POPULATION@DF_POP_HIST(1.0),,I,MLT,POP,PS,_T,_T,H,2014,433481.0,A,0,0
DATAFLOW,OECD.ELS.SAE:DSD_POPULATION@DF_POP_HIST(1.0),,I,MLT,POP,PS,_T,_T,H,2015,444223.0,A,0,0
DATAFLOW,OECD.ELS.SAE:DSD_POPULATION@DF_POP_HIST(1.0),,I,MLT,POP,PS,_T,_T,H,2016,454504.0,A,0,0
DATAFLOW,OECD.ELS.SAE:DSD_POPULATION@DF_POP_HIST(1.0),,I,ESP,POP,PS,_T,_T,H,2012,46749303.0,A,0,0
DATAFLOW,OECD.ELS.SAE:DSD_POPULATION@DF_POP_HIST(1.0),,I,ESP,POP,PS,_T,_T,H,2013,46581124.0,A,0,0
DATAFLOW,OECD.ELS.SAE:DSD_POPULATION@DF_POP_HIST(1.0),,I,ESP,POP,PS,_T,_T,H,2014,46433050.0,A,0,0
DATAFLOW,OECD.ELS.SAE:DSD_POPULATION@DF_POP_HIST(1.0),,I,ESP,POP,PS,_T,_T,H,2015,46384379.0,A,0,0
DATAFLOW,OECD.ELS.SAE:DSD_POPULATION@DF_POP_HIST(1.0),,I,ESP,POP,PS,_T,_T,H,2016,46427100.0,A,0,0
DATAFLOW,OECD.ELS.SAE:DSD_POPULATION@DF_POP_HIST(1.0),,I,HUN,POP,PS,_T,_T,H,2012,9913588.0,A,0,0
DATAFLOW,OECD.ELS.SAE:DSD_POPULATION@DF_POP_HIST(1.0),,I,HUN,POP,PS,_T,_T,H,2013,9872737.0,A,0,0
DATAFLOW,OECD.ELS.SAE:DSD_POPULATION@DF_POP_HIST(1.0),,I,HUN,POP,PS,_T,_T,H,2014,9833034.0,A,0,0
DATAFLOW,OECD.ELS.SAE:DSD_POPULATION@DF_POP_HIST(1.0),,I,HUN,POP,PS,_T,_T,H,2015,9797756.0,A,0,0
DATAFLOW,OECD.ELS.SAE:DSD_POPULATION@DF_POP_HIST(1.0),,I,HUN,POP,PS,_T,_T,H,2016,9759760.0,A,0,0
DATAFLOW,OECD.ELS.SAE:DSD_POPULATION@DF_POP_HIST(1.0),,I,RUS,POP,PS,_T,_T,H,2011,143018195.0,A,0,0
DATAFLOW,OECD.ELS.SAE:DSD_POPULATION@DF_POP_HIST(1.0),,I,RUS,POP,PS,_T,_T,H,2012,143378447.0,A,0,0
DATAFLOW,OECD.ELS.SAE:DSD_POPULATION@DF_POP_HIST(1.0),,I,RUS,POP,PS,_T,_T,H,2013,143805638.0,A,0,0
DATAFLOW,OECD.ELS.SAE:DSD_POPULATION@DF_POP_HIST(1.0),,I,RUS,POP,PS,_T,_T,H,2014,146508169.0,A,0,0
DATAFLOW,OECD.ELS.SAE:DSD_POPULATION@DF_POP_HIST(1.0),,I,RUS,POP,PS,_T,_T,H,2015,146963159.0,A,0,0
DATAFLOW,OECD.ELS.SAE:DSD_POPULATION@DF_POP_HIST(1.0),,I,RUS,POP,PS,_T,_T,H,2016,147381167.0,A,0,0
DATAFLOW,OECD.ELS.SAE:DSD_POPULATION@DF_POP_HIST(1.0),,I,ISL,POP,PS,_T,_T,H,2011,312510.0,A,0,0
DATAFLOW,OECD.ELS.SAE:DSD_POPULATION@DF_POP_HIST(1.0),,I,ISL,POP,PS,_T,_T,H,2012,314498.0,A,0,0
DATAFLOW,OECD.ELS.SAE:DSD_POPULATION@DF_POP_HIST(1.0),,I,ISL,POP,PS,_T,_T,H,2013,317765.0,A,0,0
DATAFLOW,OECD.ELS.SAE:DSD_POPULATION@DF_POP_HIST(1.0),,I,ISL,POP,PS,_T,_T,H,2014,321378.0,A,0,0
DATAFLOW,OECD.ELS.SAE:DSD_POPULATION@DF_POP_HIST(1.0),,I,ISL,POP,PS,_T,_T,H,2015,324530.0,A,0,0
DATAFLOW,OECD.ELS.SAE:DSD_POPULATION@DF_POP_HIST(1.0),,I,ISL,POP,PS,_T,_T,H,2016,329272.0,A,0,0
DATAFLOW,OECD.ELS.SAE:DSD_POPULATION@DF_POP_HIST(1.0),,I,AUS,POP,PS,_T,_T,H,2017,24592588.0,A,0,0
DATAFLOW,OECD.ELS.SAE:DSD_POPULATION@DF_POP_HIST(1.0),,I,HUN,POP,PS,_T,_T,H,2017,9726755.0,A,0,0
DATAFLOW,OECD.ELS.SAE:DSD_POPULATION@DF_POP_HIST(1.0),,I,ISL,POP,PS,_T,_T,H,2017,337346.0,A,0,0
DATAFLOW,OECD.ELS.SAE:DSD_POPULATION@DF_POP_HIST(1.0),,I,IRL,POP,PS,_T,_T,H,2017,4810895.0,A,0,0
DATAFLOW,OECD.ELS.SAE:DSD_POPULATION@DF_POP_HIST(1.0),,I,ESP,POP,PS,_T,_T,H,2017,46510461.0,A,0,0
DATAFLOW,OECD.ELS.SAE:DSD_POPULATION@DF_POP_HIST(1.0),,I,MLT,POP,PS,_T,_T,H,2017,467110.0,A,0,0
DATAFLOW,OECD.ELS.SAE:DSD_POPULATION@DF_POP_HIST(1.0),,I,RUS,POP,PS,_T,_T,H,2017,147688545.0,A,0,0
DATAFLOW,OECD.ELS.SAE:DSD_POPULATION@DF_POP_HIST(1.0),,I,BGR,POP,PS,_T,_T,H,2003,7775333.0,A,0,0
DATAFLOW,OECD.ELS.SAE:DSD_POPULATION@DF_POP_HIST(1.0),,I,BGR,POP,PS,_T,_T,H,2005,7658968.0,A,0,0
DATAFLOW,OECD.ELS.SAE:DSD_POPULATION@DF_POP_HIST(1.0),,I,BGR,POP,PS,_T,_T,H,2006,7601021.0,A,0,0
DATAFLOW,OECD.ELS.SAE:DSD_POPULATION@DF_POP_HIST(1.0),,I,BGR,POP,PS,_T,_T,H,2007,7545339.0,A,0,0
DATAFLOW,OECD.ELS.SAE:DSD_POPULATION@DF_POP_HIST(1.0),,I,BGR,POP,PS,_T,_T,H,2008,7492568.0,A,0,0
DATAFLOW,OECD.ELS.SAE:DSD_POPULATION@DF_POP_HIST(1.0),,I,BGR,POP,PS,_T,_T,H,2009,7444447.0,A,0,0
DATAFLOW,OECD.ELS.SAE:DSD_POPULATION@DF_POP_HIST(1.0),,I,BGR,POP,PS,_T,_T,H,2010,7395591.0,A,0,0
DATAFLOW,OECD.ELS.SAE:DSD_POPULATION@DF_POP_HIST(1.0),,I,BGR,POP,PS,_T,_T,H,2011,7348329.0,A,0,0
DATAFLOW,OECD.ELS.SAE:DSD_POPULATION@DF_POP_HIST(1.0),,I,AUS,POP,PS,_T,_T,H,2018,24963258.0,A,0,0
DATAFLOW,OECD.ELS.SAE:DSD_POPULATION@DF_POP_HIST(1.0),,I,HUN,POP,PS,_T,_T,H,2018,9706961.0,A,0,0
DATAFLOW,OECD.ELS.SAE:DSD_POPULATION@DF_POP_HIST(1.0),,I,ISL,POP,PS,_T,_T,H,2018,345821.0,A,0,0
DATAFLOW,OECD.ELS.SAE:DSD_POPULATION@DF_POP_HIST(1.0),,I,IRL,POP,PS,_T,_T,H,2018,4884896.0,A,0,0
DATAFLOW,OECD.ELS.SAE:DSD_POPULATION@DF_POP_HIST(1.0),,I,ESP,POP,PS,_T,_T,H,2018,46715383.0,A,0,0
DATAFLOW,OECD.ELS.SAE:DSD_POPULATION@DF_POP_HIST(1.0),,I,MLT,POP,PS,_T,_T,H,2018,483901.0,A,0,0
DATAFLOW,OECD.ELS.SAE:DSD_POPULATION@DF_POP_HIST(1.0),,I,RUS,POP,PS,_T,_T,H,2018,147818888.0,A,0,0
DATAFLOW,OECD.ELS.SAE:DSD_POPULATION@DF_POP_HIST(1.0),,I,OECD,POP,PS,_T,_T,H,1990,1107570000.0,A,0,0
DATAFLOW,OECD.ELS.SAE:DSD_POPULATION@DF_POP_HIST(1.0),,I,OECD,POP,PS,_T,_T,H,1991,1119440000.0,A,0,0
DATAFLOW,OECD.ELS.SAE:DSD_POPULATION@DF_POP_HIST(1.0),,I,OECD,POP,PS,_T,_T,H,2001,1210270000.0,A,0,0
DATAFLOW,OECD.ELS.SAE:DSD_POPULATION@DF_POP_HIST(1.0),,I,OECD,POP,PS,_T,_T,H,2002,1219100000.0,A,0,0
DATAFLOW,OECD.ELS.SAE:DSD_POPULATION@DF_POP_HIST(1.0),,I,OECD,POP,PS,_T,_T,H,2003,1227810000.0,A,0,0
DATAFLOW,OECD.ELS.SAE:DSD_POPULATION@DF_POP_HIST(1.0),,I,OECD,POP,PS,_T,_T,H,2004,1236530000.0,A,0,0
DATAFLOW,OECD.ELS.SAE:DSD_POPULATION@DF_POP_HIST(1.0),,I,OECD,POP,PS,_T,_T,H,2005,1245470000.0,A,0,0
DATAFLOW,OECD.ELS.SAE:DSD_POPULATION@DF_POP_HIST(1.0),,I,OECD,POP,PS,_T,_T,H,2007,1264570000.0,A,0,0
DATAFLOW,OECD.ELS.SAE:DSD_POPULATION@DF_POP_HIST(1.0),,I,OECD,POP,PS,_T,_T,H,2008,1274740000.0,A,0,0
DATAFLOW,OECD.ELS.SAE:DSD_POPULATION@DF_POP_HIST(1.0),,I,OECD,POP,PS,_T,_T,H,2009,1284010000.0,A,0,0
DATAFLOW,OECD.ELS.SAE:DSD_POPULATION@DF_POP_HIST(1.0),,I,TUR,POP,PS,_T,_T,H,2001,65166331.0,A,0,0
DATAFLOW,OECD.ELS.SAE:DSD_POPULATION@DF_POP_HIST(1.0),,I,TUR,POP,PS,_T,_T,H,2002,66002506.0,A,0,0
DATAFLOW,OECD.ELS.SAE:DSD_POPULATION@DF_POP_HIST(1.0),,I,TUR,POP,PS,_T,_T,H,2007,70158112.0,A,0,0
DATAFLOW,OECD.ELS.SAE:DSD_POPULATION@DF_POP_HIST(1.0),,I,AUS,POP,PS,_T,_T,H,2019,25334826.0,A,0,0
DATAFLOW,OECD.ELS.SAE:DSD_POPULATION@DF_POP_HIST(1.0),,I,HUN,POP,PS,_T,_T,H,2019,9694826.0,A,0,0
DATAFLOW,OECD.ELS.SAE:DSD_POPULATION@DF_POP_HIST(1.0),,I,ISL,POP,PS,_T,_T,H,2019,351754.0,A,0,0
DATAFLOW,OECD.ELS.SAE:DSD_POPULATION@DF_POP_HIST(1.0),,I,IRL,POP,PS,_T,_T,H,2019,4958471.0,A,0,0
DATAFLOW,OECD.ELS.SAE:DSD_POPULATION@DF_POP_HIST(1.0),,I,NZL,POP,PS,_T,_T,H,2019,4970300.0,A,0,0
DATAFLOW,OECD.ELS.SAE:DSD_POPULATION@DF_POP_HIST(1.0),,I,PRT,POP,PS,_T,_T,H,2019,10354446.0,A,0,0
DATAFLOW,OECD.ELS.SAE:DSD_POPULATION@DF_POP_HIST(1.0),,I,ESP,POP,PS,_T,_T,H,2019,47087778.0,A,0,0
DATAFLOW,OECD.ELS.SAE:DSD_POPULATION@DF_POP_HIST(1.0),,I,MLT,POP,PS,_T,_T,H,2019,503910.0,A,0,0
DATAFLOW,OECD.ELS.SAE:DSD_POPULATION@DF_POP_HIST(1.0),,I,ROU,POP,PS,_T,_T,H,2019,19394228.0,A,0,0
DATAFLOW,OECD.ELS.SAE:DSD_POPULATION@DF_POP_HIST(1.0),,I,RUS,POP,PS,_T,_T,H,2019,147899994.0,A,0,0
DATAFLOW,OECD.ELS.SAE:DSD_POPULATION@DF_POP_HIST(1.0),,I,ZAF,POP,PS,_T,_T,H,1990,40746268.0,A,0,0
DATAFLOW,OECD.ELS.SAE:DSD_POPULATION@DF_POP_HIST(1.0),,I,ZAF,POP,PS,_T,_T,H,1991,41687898.0,A,0,0
DATAFLOW,OECD.ELS.SAE:DSD_POPULATION@DF_POP_HIST(1.0),,I,ZAF,POP,PS,_T,_T,H,1992,42443509.0,A,0,0
DATAFLOW,OECD.ELS.SAE:DSD_POPULATION@DF_POP_HIST(1.0),,I,ZAF,POP,PS,_T,_T,H,1993,43297156.0,A,0,0
DATAFLOW,OECD.ELS.SAE:DSD_POPULATION@DF_POP_HIST(1.0),,I,ZAF,POP,PS,_T,_T,H,1994,44004139.0,A,0,0
DATAFLOW,OECD.ELS.SAE:DSD_POPULATION@DF_POP_HIST(1.0),,I,ZAF,POP,PS,_T,_T,H,1995,44541554.0,A,0,0
DATAFLOW,OECD.ELS.SAE:DSD_POPULATION@DF_POP_HIST(1.0),,I,ZAF,POP,PS,_T,_T,H,1996,45123018.0,A,0,0
DATAFLOW,OECD.ELS.SAE:DSD_POPULATION@DF_POP_HIST(1.0),,I,ZAF,POP,PS,_T,_T,H,1997,45666838.0,A,0,0
DATAFLOW,OECD.ELS.SAE:DSD_POPULATION@DF_POP_HIST(1.0),,I,ZAF,POP,PS,_T,_T,H,1998,46223880.0,A,0,0
DATAFLOW,OECD.ELS.SAE:DSD_POPULATION@DF_POP_HIST(1.0),,I,ZAF,POP,PS,_T,_T,H,1999,46730335.0,A,0,0
DATAFLOW,OECD.ELS.SAE:DSD_POPULATION@DF_POP_HIST(1.0),,I,ZAF,POP,PS,_T,_T,H,2000,47159719.0,A,0,0
DATAFLOW,OECD.ELS.SAE:DSD_POPULATION@DF_POP_HIST(1.0),,I,ZAF,POP,PS,_T,_T,H,2001,47566800.0,A,0,0
DATAFLOW,OECD.ELS.SAE:DSD_POPULATION@DF_POP_HIST(1.0),,I,ZAF,POP,PS,_T,_T,H,2002,46572861.0,A,0,0
DATAFLOW,OECD.ELS.SAE:DSD_POPULATION@DF_POP_HIST(1.0),,I,ZAF,POP,PS,_T,_T,H,2003,47005180.0,A,0,0
DATAFLOW,OECD.ELS.SAE:DSD_POPULATION@DF_POP_HIST(1.0),,I,ZAF,POP,PS,_T,_T,H,2004,47504691.0,A,0,0
DATAFLOW,OECD.ELS.SAE:DSD_POPULATION@DF_POP_HIST(1.0),,I,ZAF,POP,PS,_T,_T,H,2005,48060577.0,A,0,0
DATAFLOW,OECD.ELS.SAE:DSD_POPULATION@DF_POP_HIST(1.0),,I,ZAF,POP,PS,_T,_T,H,2006,48642306.0,A,0,0
DATAFLOW,OECD.ELS.SAE:DSD_POPULATION@DF_POP_HIST(1.0),,I,ZAF,POP,PS,_T,_T,H,2007,49264665.0,A,0,0
DATAFLOW,OECD.ELS.SAE:DSD_POPULATION@DF_POP_HIST(1.0),,I,AUS,POP,PS,_T,_T,H,2020,25649248.0,A,0,0
DATAFLOW,OECD.ELS.SAE:DSD_POPULATION@DF_POP_HIST(1.0),,I,FRA,POP,PS,_T,_T,H,2020,67569466.0,A,0,0
DATAFLOW,OECD.ELS.SAE:DSD_POPULATION@DF_POP_HIST(1.0),,I,HUN,POP,PS,_T,_T,H,2020,9670416.0,A,0,0
DATAFLOW,OECD.ELS.SAE:DSD_POPULATION@DF_POP_HIST(1.0),,I,ISL,POP,PS,_T,_T,H,2020,356165.0,A,0,0
DATAFLOW,OECD.ELS.SAE:DSD_POPULATION@DF_POP_HIST(1.0),,I,IRL,POP,PS,_T,_T,H,2020,5029875.0,A,0,0
DATAFLOW,OECD.ELS.SAE:DSD_POPULATION@DF_POP_HIST(1.0),,I,ISR,POP,PS,_T,_T,H,2020,9215117.0,A,0,0
DATAFLOW,OECD.ELS.SAE:DSD_POPULATION@DF_POP_HIST(1.0),,I,NZL,POP,PS,_T,_T,H,2020,5072400.0,A,0,0
DATAFLOW,OECD.ELS.SAE:DSD_POPULATION@DF_POP_HIST(1.0),,I,POL,POP,PS,_T,_T,H,2020,38177724.0,A,0,0
DATAFLOW,OECD.ELS.SAE:DSD_POPULATION@DF_POP_HIST(1.0),,I,ESP,POP,PS,_T,_T,H,2020,47344852.0,A,0,0
DATAFLOW,OECD.ELS.SAE:DSD_POPULATION@DF_POP_HIST(1.0),,I,MLT,POP,PS,_T,_T,H,2020,515490.0,A,0,0
DATAFLOW,OECD.ELS.SAE:DSD_POPULATION@DF_POP_HIST(1.0),,I,ROU,POP,PS,_T,_T,H,2020,19296076.0,A,0,0
DATAFLOW,OECD.ELS.SAE:DSD_POPULATION@DF_POP_HIST(1.0),,I,RUS,POP,PS,_T,_T,H,2020,147707517.0,A,0,0
DATAFLOW,OECD.ELS.SAE:DSD_POPULATION@DF_POP_HIST(1.0),,I,HUN,POP,PS,_T,_T,H,2022,9605078.0,A,0,0
DATAFLOW,OECD.ELS.SAE:DSD_POPULATION@DF_POP_HIST(1.0),,I,ISL,POP,PS,_T,_T,H,2022,370069.0,A,0,0
DATAFLOW,OECD.ELS.SAE:DSD_POPULATION@DF_POP_HIST(1.0),,I,IRL,POP,PS,_T,_T,H,2022,5183966.0,A,0,0
DATAFLOW,OECD.ELS.SAE:DSD_POPULATION@DF_POP_HIST(1.0),,I,ISR,POP,PS,_T,_T,H,2022,9557506.0,A,0,0
DATAFLOW,OECD.ELS.SAE:DSD_POPULATION@DF_POP_HIST(1.0),,I,ITA,POP,PS,_T,_T,H,2022,59013671.0,A,0,0
DATAFLOW,OECD.ELS.SAE:DSD_POPULATION@DF_POP_HIST(1.0),,I,KOR,POP,PS,_T,_T,H,2022,51672569.0,A,0,0
DATAFLOW,OECD.ELS.SAE:DSD_POPULATION@DF_POP_HIST(1.0),,I,LTU,POP,PS,_T,_T,H,2022,2831638.0,A,0,0
DATAFLOW,OECD.ELS.SAE:DSD_POPULATION@DF_POP_HIST(1.0),,I,NLD,POP,PS,_T,_T,H,2022,17700981.0,A,0,0
DATAFLOW,OECD.ELS.SAE:DSD_POPULATION@DF_POP_HIST(1.0),,I,NZL,POP,PS,_T,_T,H,2022,5081700.0,A,0,0
DATAFLOW,OECD.ELS.SAE:DSD_POPULATION@DF_POP_HIST(1.0),,I,ESP,POP,PS,_T,_T,H,2022,47781354.0,A,0,0
DATAFLOW,OECD.ELS.SAE:DSD_POPULATION@DF_POP_HIST(1.0),,I,CHE,POP,PS,_T,_T,H,2022,8777085.0,A,0,0
DATAFLOW,OECD.ELS.SAE:DSD_POPULATION@DF_POP_HIST(1.0),,I,MLT,POP,PS,_T,_T,H,2022,531114.0,A,0,0
DATAFLOW,OECD.ELS.SAE:DSD_POPULATION@DF_POP_HIST(1.0),,I,RUS,POP,PS,_T,_T,H,2022,146713735.0,A,0,0
DATAFLOW,OECD.ELS.SAE:DSD_POPULATION@DF_POP_HIST(1.0),,I,AUS,POP,PS,_T,_T,H,2021,25685412.0,A,0,0
DATAFLOW,OECD.ELS.SAE:DSD_POPULATION@DF_POP_HIST(1.0),,I,FRA,POP,PS,_T,_T,H,2021,67878650.0,A,0,0
DATAFLOW,OECD.ELS.SAE:DSD_POPULATION@DF_POP_HIST(1.0),,I,HUN,POP,PS,_T,_T,H,2021,9630930.0,A,0,0
DATAFLOW,OECD.ELS.SAE:DSD_POPULATION@DF_POP_HIST(1.0),,I,ISL,POP,PS,_T,_T,H,2021,361606.0,A,0,0
DATAFLOW,OECD.ELS.SAE:DSD_POPULATION@DF_POP_HIST(1.0),,I,IRL,POP,PS,_T,_T,H,2021,5074668.0,A,0,0
DATAFLOW,OECD.ELS.SAE:DSD_POPULATION@DF_POP_HIST(1.0),,I,ISR,POP,PS,_T,_T,H,2021,9371368.0,A,0,0
DATAFLOW,OECD.ELS.SAE:DSD_POPULATION@DF_POP_HIST(1.0),,I,KOR,POP,PS,_T,_T,H,2021,51769539.0,A,0,0
DATAFLOW,OECD.ELS.SAE:DSD_POPULATION@DF_POP_HIST(1.0),,I,NZL,POP,PS,_T,_T,H,2021,5084600.0,A,0,0
DATAFLOW,OECD.ELS.SAE:DSD_POPULATION@DF_POP_HIST(1.0),,I,POL,POP,PS,_T,_T,H,2021,37989517.0,A,0,0
DATAFLOW,OECD.ELS.SAE:DSD_POPULATION@DF_POP_HIST(1.0),,I,ESP,POP,PS,_T,_T,H,2021,47346836.0,A,0,0
DATAFLOW,OECD.ELS.SAE:DSD_POPULATION@DF_POP_HIST(1.0),,I,MLT,POP,PS,_T,_T,H,2021,518147.0,A,0,0
DATAFLOW,OECD.ELS.SAE:DSD_POPULATION@DF_POP_HIST(1.0),,I,ROU,POP,PS,_T,_T,H,2021,19140432.0,A,0,0
DATAFLOW,OECD.ELS.SAE:DSD_POPULATION@DF_POP_HIST(1.0),,I,RUS,POP,PS,_T,_T,H,2021,147217903.0,A,0,0
DATAFLOW,OECD.ELS.SAE:DSD_POPULATION@DF_POP_HIST(1.0),,I,CAN,POP,PS,_T,_T,H,2001,31020855.0,A,0,0
DATAFLOW,OECD.ELS.SAE:DSD_POPULATION@DF_POP_HIST(1.0),,I,CAN,POP,PS,_T,_T,H,2002,31359199.0,A,0,0
DATAFLOW,OECD.ELS.SAE:DSD_POPULATION@DF_POP_HIST(1.0),,I,CAN,POP,PS,_T,_T,H,2003,31642461.0,A,0,0
DATAFLOW,OECD.ELS.SAE:DSD_POPULATION@DF_POP_HIST(1.0),,I,CAN,POP,PS,_T,_T,H,2004,31938807.0,A,0,0
DATAFLOW,OECD.ELS.SAE:DSD_POPULATION@DF_POP_HIST(1.0),,I,CAN,POP,PS,_T,_T,H,2005,32242732.0,A,0,0
DATAFLOW,OECD.ELS.SAE:DSD_POPULATION@DF_POP_HIST(1.0),,I,CAN,POP,PS,_T,_T,H,2006,32571193.0,A,0,0
DATAFLOW,OECD.ELS.SAE:DSD_POPULATION@DF_POP_HIST(1.0),,I,CAN,POP,PS,_T,_T,H,2007,32888886.0,A,0,0
DATAFLOW,OECD.ELS.SAE:DSD_POPULATION@DF_POP_HIST(1.0),,I,CAN,POP,PS,_T,_T,H,2008,33247298.0,A,0,0
DATAFLOW,OECD.ELS.SAE:DSD_POPULATION@DF_POP_HIST(1.0),,I,CAN,POP,PS,_T,_T,H,2009,33630069.0,A,0,0
DATAFLOW,OECD.ELS.SAE:DSD_POPULATION@DF_POP_HIST(1.0),,I,CAN,POP,PS,_T,_T,H,2010,34005902.0,A,0,0
DATAFLOW,OECD.ELS.SAE:DSD_POPULATION@DF_POP_HIST(1.0),,I,CAN,POP,PS,_T,_T,H,2011,34339221.0,A,0,0
DATAFLOW,OECD.ELS.SAE:DSD_POPULATION@DF_POP_HIST(1.0),,I,CAN,POP,PS,_T,_T,H,2012,34713395.0,A,0,0
DATAFLOW,OECD.ELS.SAE:DSD_POPULATION@DF_POP_HIST(1.0),,I,CAN,POP,PS,_T,_T,H,2013,35080992.0,A,0,0
DATAFLOW,OECD.ELS.SAE:DSD_POPULATION@DF_POP_HIST(1.0),,I,CAN,POP,PS,_T,_T,H,2014,35434066.0,A,0,0
DATAFLOW,OECD.ELS.SAE:DSD_POPULATION@DF_POP_HIST(1.0),,I,CAN,POP,PS,_T,_T,H,2015,35704498.0,A,0,0
DATAFLOW,OECD.ELS.SAE:DSD_POPULATION@DF_POP_HIST(1.0),,I,CAN,POP,PS,_T,_T,H,2016,36110803.0,A,0,0
DATAFLOW,OECD.ELS.SAE:DSD_POPULATION@DF_POP_HIST(1.0),,I,CAN,POP,PS,_T,_T,H,2017,36545075.0,A,0,0
DATAFLOW,OECD.ELS.SAE:DSD_POPULATION@DF_POP_HIST(1.0),,I,CAN,POP,PS,_T,_T,H,2018,37072620.0,A,0,0
DATAFLOW,OECD.ELS.SAE:DSD_POPULATION@DF_POP_HIST(1.0),,I,CAN,POP,PS,_T,_T,H,2019,37618495.0,A,0,0
DATAFLOW,OECD.ELS.SAE:DSD_POPULATION@DF_POP_HIST(1.0),,I,CAN,POP,PS,_T,_T,H,2020,38028638.0,A,0,0
DATAFLOW,OECD.ELS.SAE:DSD_POPULATION@DF_POP_HIST(1.0),,I,CAN,POP,PS,_T,_T,H,2021,38239864.0,A,0,0
DATAFLOW,OECD.ELS.SAE:DSD_POPULATION@DF_POP_HIST(1.0),,I,HRV,POP,PS,_T,_T,H,1990,4835065.0,A,0,0
DATAFLOW,OECD.ELS.SAE:DSD_POPULATION@DF_POP_HIST(1.0),,I,HRV,POP,PS,_T,_T,H,1991,4825157.0,A,0,0
DATAFLOW,OECD.ELS.SAE:DSD_POPULATION@DF_POP_HIST(1.0),,I,HRV,POP,PS,_T,_T,H,1992,4782233.0,A,0,0
DATAFLOW,OECD.ELS.SAE:DSD_POPULATION@DF_POP_HIST(1.0),,I,HRV,POP,PS,_T,_T,H,1993,4729743.0,A,0,0
DATAFLOW,OECD.ELS.SAE:DSD_POPULATION@DF_POP_HIST(1.0),,I,HRV,POP,PS,_T,_T,H,1994,4675514.0,A,0,0
DATAFLOW,OECD.ELS.SAE:DSD_POPULATION@DF_POP_HIST(1.0),,I,HRV,POP,PS,_T,_T,H,1995,4619360.0,A,0,0
DATAFLOW,OECD.ELS.SAE:DSD_POPULATION@DF_POP_HIST(1.0),,I,HRV,POP,PS,_T,_T,H,1996,4562299.0,A,0,0
DATAFLOW,OECD.ELS.SAE:DSD_POPULATION@DF_POP_HIST(1.0),,I,HRV,POP,PS,_T,_T,H,1997,4504621.0,A,0,0
DATAFLOW,OECD.ELS.SAE:DSD_POPULATION@DF_POP_HIST(1.0),,I,HRV,POP,PS,_T,_T,H,1998,4445667.0,A,0,0
DATAFLOW,OECD.ELS.SAE:DSD_POPULATION@DF_POP_HIST(1.0),,I,HRV,POP,PS,_T,_T,H,1999,4385822.0,A,0,0
DATAFLOW,OECD.ELS.SAE:DSD_POPULATION@DF_POP_HIST(1.0),,I,HRV,POP,PS,_T,_T,H,2000,4326105.0,A,0,0
DATAFLOW,OECD.ELS.SAE:DSD_POPULATION@DF_POP_HIST(1.0),,I,HRV,POP,PS,_T,_T,H,2012,4260368.0,A,0,0
DATAFLOW,OECD.ELS.SAE:DSD_POPULATION@DF_POP_HIST(1.0),,I,HRV,POP,PS,_T,_T,H,2013,4233922.0,A,0,0
DATAFLOW,OECD.ELS.SAE:DSD_POPULATION@DF_POP_HIST(1.0),,I,HRV,POP,PS,_T,_T,H,2014,4201598.0,A,0,0
DATAFLOW,OECD.ELS.SAE:DSD_POPULATION@DF_POP_HIST(1.0),,I,HRV,POP,PS,_T,_T,H,2015,4151725.0,A,0,0
DATAFLOW,OECD.ELS.SAE:DSD_POPULATION@DF_POP_HIST(1.0),,I,HRV,POP,PS,_T,_T,H,2016,4106867.0,A,0,0
DATAFLOW,OECD.ELS.SAE:DSD_POPULATION@DF_POP_HIST(1.0),,I,HRV,POP,PS,_T,_T,H,2017,4041407.0,A,0,0
DATAFLOW,OECD.ELS.SAE:DSD_POPULATION@DF_POP_HIST(1.0),,I,HRV,POP,PS,_T,_T,H,2018,3988775.0,A,0,0
DATAFLOW,OECD.ELS.SAE:DSD_POPULATION@DF_POP_HIST(1.0),,I,HRV,POP,PS,_T,_T,H,2019,3949390.0,A,0,0
DATAFLOW,OECD.ELS.SAE:DSD_POPULATION@DF_POP_HIST(1.0),,I,HRV,POP,PS,_T,_T,H,2020,3914206.0,A,0,0
DATAFLOW,OECD.ELS.SAE:DSD_POPULATION@DF_POP_HIST(1.0),,I,HRV,POP,PS,_T,_T,H,2022,3855641.0,A,0,0
DATAFLOW,OECD.ELS.SAE:DSD_POPULATION@DF_POP_HIST(1.0),,I,AUT,POP,PS,_T,_T,H,2002,8080292.0,A,0,0
DATAFLOW,OECD.ELS.SAE:DSD_POPULATION@DF_POP_HIST(1.0),,I,AUT,POP,PS,_T,_T,H,2003,8114402.0,A,0,0
DATAFLOW,OECD.ELS.SAE:DSD_POPULATION@DF_POP_HIST(1.0),,I,AUT,POP,PS,_T,_T,H,2004,8166432.0,A,0,0
DATAFLOW,OECD.ELS.SAE:DSD_POPULATION@DF_POP_HIST(1.0),,I,AUT,POP,PS,_T,_T,H,2005,8222090.0,A,0,0
DATAFLOW,OECD.ELS.SAE:DSD_POPULATION@DF_POP_HIST(1.0),,I,AUT,POP,PS,_T,_T,H,2006,8265675.0,A,0,0
DATAFLOW,OECD.ELS.SAE:DSD_POPULATION@DF_POP_HIST(1.0),,I,AUT,POP,PS,_T,_T,H,2007,8293654.0,A,0,0
DATAFLOW,OECD.ELS.SAE:DSD_POPULATION@DF_POP_HIST(1.0),,I,AUT,POP,PS,_T,_T,H,2008,8319388.0,A,0,0
DATAFLOW,OECD.ELS.SAE:DSD_POPULATION@DF_POP_HIST(1.0),,I,AUT,POP,PS,_T,_T,H,2009,8338752.0,A,0,0
DATAFLOW,OECD.ELS.SAE:DSD_POPULATION@DF_POP_HIST(1.0),,I,AUT,POP,PS,_T,_T,H,2010,8357367.0,A,0,0
DATAFLOW,OECD.ELS.SAE:DSD_POPULATION@DF_POP_HIST(1.0),,I,AUT,POP,PS,_T,_T,H,2011,8384901.0,A,0,0
DATAFLOW,OECD.ELS.SAE:DSD_POPULATION@DF_POP_HIST(1.0),,I,AUT,POP,PS,_T,_T,H,2012,8420328.0,A,0,0
DATAFLOW,OECD.ELS.SAE:DSD_POPULATION@DF_POP_HIST(1.0),,I,AUT,POP,PS,_T,_T,H,2013,8472176.0,A,0,0
DATAFLOW,OECD.ELS.SAE:DSD_POPULATION@DF_POP_HIST(1.0),,I,AUT,POP,PS,_T,_T,H,2014,8538350.0,A,0,0
DATAFLOW,OECD.ELS.SAE:DSD_POPULATION@DF_POP_HIST(1.0),,I,AUT,POP,PS,_T,_T,H,2015,8618709.0,A,0,0
DATAFLOW,OECD.ELS.SAE:DSD_POPULATION@DF_POP_HIST(1.0),,I,AUT,POP,PS,_T,_T,H,2016,8737663.0,A,0,0
DATAFLOW,OECD.ELS.SAE:DSD_POPULATION@DF_POP_HIST(1.0),,I,AUT,POP,PS,_T,_T,H,2017,8790624.0,A,0,0
DATAFLOW,OECD.ELS.SAE:DSD_POPULATION@DF_POP_HIST(1.0),,I,AUT,POP,PS,_T,_T,H,2018,8833192.0,A,0,0
DATAFLOW,OECD.ELS.SAE:DSD_POPULATION@DF_POP_HIST(1.0),,I,AUT,POP,PS,_T,_T,H,2019,8872344.0,A,0,0
DATAFLOW,OECD.ELS.SAE:DSD_POPULATION@DF_POP_HIST(1.0),,I,AUT,POP,PS,_T,_T,H,2020,8912293.0,A,0,0
DATAFLOW,OECD.ELS.SAE:DSD_POPULATION@DF_POP_HIST(1.0),,I,AUT,POP,PS,_T,_T,H,2021,8945279.0,A,0,0
DATAFLOW,OECD.ELS.SAE:DSD_POPULATION@DF_POP_HIST(1.0),,I,AUT,POP,PS,_T,_T,H,2022,9058407.0,A,0,0
DATAFLOW,OECD.ELS.SAE:DSD_POPULATION@DF_POP_HIST(1.0),,I,AUT,POP,PS,_T,_T,H,2024,9174908.0,A,0,0
DATAFLOW,OECD.ELS.SAE:DSD_POPULATION@DF_POP_HIST(1.0),,I,BEL,POP,PS,_T,_T,H,2024,11794601.0,A,0,0
DATAFLOW,OECD.ELS.SAE:DSD_POPULATION@DF_POP_HIST(1.0),,I,CHL,POP,PS,_T,_T,H,2024,20086377.0,A,0,0
DATAFLOW,OECD.ELS.SAE:DSD_POPULATION@DF_POP_HIST(1.0),,I,COL,POP,PS,_T,_T,H,2024,52695952.0,A,0,0
DATAFLOW,OECD.ELS.SAE:DSD_POPULATION@DF_POP_HIST(1.0),,I,CZE,POP,PS,_T,_T,H,2024,10886531.0,A,0,0
DATAFLOW,OECD.ELS.SAE:DSD_POPULATION@DF_POP_HIST(1.0),,I,DNK,POP,PS,_T,_T,H,2024,5972420.0,A,0,0
DATAFLOW,OECD.ELS.SAE:DSD_POPULATION@DF_POP_HIST(1.0),,I,EST,POP,PS,_T,_T,H,2024,1372341.0,A,0,0
DATAFLOW,OECD.ELS.SAE:DSD_POPULATION@DF_POP_HIST(1.0),,I,FIN,POP,PS,_T,_T,H,2024,5619914.0,A,0,0
DATAFLOW,OECD.ELS.SAE:DSD_POPULATION@DF_POP_HIST(1.0),,I,ISL,POP,PS,_T,_T,H,2024,386583.0,A,0,0
DATAFLOW,OECD.ELS.SAE:DSD_POPULATION@DF_POP_HIST(1.0),,I,IRL,POP,PS,_T,_T,H,2024,5380313.0,A,0,0
DATAFLOW,OECD.ELS.SAE:DSD_POPULATION@DF_POP_HIST(1.0),,I,JPN,POP,PS,_T,_T,H,2024,123801750.0,A,0,0
DATAFLOW,OECD.ELS.SAE:DSD_POPULATION@DF_POP_HIST(1.0),,I,KOR,POP,PS,_T,_T,H,2024,51751065.0,A,0,0
DATAFLOW,OECD.ELS.SAE:DSD_POPULATION@DF_POP_HIST(1.0),,I,LUX,POP,PS,_T,_T,H,2024,677010.0,A,0,0
DATAFLOW,OECD.ELS.SAE:DSD_POPULATION@DF_POP_HIST(1.0),,I,NOR,POP,PS,_T,_T,H,2024,5572273.0,A,0,0
DATAFLOW,OECD.ELS.SAE:DSD_POPULATION@DF_POP_HIST(1.0),,I,POL,POP,PS,_T,_T,H,2024,37563071.0,A,0,0
DATAFLOW,OECD.ELS.SAE:DSD_POPULATION@DF_POP_HIST(1.0),,I,SVK,POP,PS,_T,_T,H,2024,5422069.0,A,0,0
DATAFLOW,OECD.ELS.SAE:DSD_POPULATION@DF_POP_HIST(1.0),,I,SVN,POP,PS,_T,_T,H,2024,2126324.0,A,0,0
DATAFLOW,OECD.ELS.SAE:DSD_POPULATION@DF_POP_HIST(1.0),,I,TUR,POP,PS,_T,_T,H,2024,85518662.0,A,0,0
DATAFLOW,OECD.ELS.SAE:DSD_POPULATION@DF_POP_HIST(1.0),,I,BRA,POP,PS,_T,_T,H,2024,217684462.0,A,0,0
DATAFLOW,OECD.ELS.SAE:DSD_POPULATION@DF_POP_HIST(1.0),,I,SGP,POP,PS,_T,_T,H,2024,4180868.0,A,0,0
DATAFLOW,OECD.ELS.SAE:DSD_POPULATION@DF_POP_HIST(1.0),,I,SAU,POP,PS,_T,_T,H,1990,10640691.0,A,0,0
DATAFLOW,OECD.ELS.SAE:DSD_POPULATION@DF_POP_HIST(1.0),,I,SAU,POP,PS,_T,_T,H,1991,11160744.0,A,0,0
DATAFLOW,OECD.ELS.SAE:DSD_POPULATION@DF_POP_HIST(1.0),,I,SAU,POP,PS,_T,_T,H,1992,11686676.0,A,0,0
DATAFLOW,OECD.ELS.SAE:DSD_POPULATION@DF_POP_HIST(1.0),,I,SAU,POP,PS,_T,_T,H,1993,12215862.0,A,0,0
DATAFLOW,OECD.ELS.SAE:DSD_POPULATION@DF_POP_HIST(1.0),,I,SAU,POP,PS,_T,_T,H,1994,12750040.0,A,0,0
DATAFLOW,OECD.ELS.SAE:DSD_POPULATION@DF_POP_HIST(1.0),,I,SAU,POP,PS,_T,_T,H,1995,13289245.0,A,0,0
DATAFLOW,OECD.ELS.SAE:DSD_POPULATION@DF_POP_HIST(1.0),,I,SAU,POP,PS,_T,_T,H,1996,13831009.0,A,0,0
DATAFLOW,OECD.ELS.SAE:DSD_POPULATION@DF_POP_HIST(1.0),,I,SAU,POP,PS,_T,_T,H,1997,14374943.0,A,0,0
DATAFLOW,OECD.ELS.SAE:DSD_POPULATION@DF_POP_HIST(1.0),,I,SAU,POP,PS,_T,_T,H,1998,14922185.0,A,0,0
DATAFLOW,OECD.ELS.SAE:DSD_POPULATION@DF_POP_HIST(1.0),,I,SAU,POP,PS,_T,_T,H,1999,15472075.0,A,0,0
DATAFLOW,OECD.ELS.SAE:DSD_POPULATION@DF_POP_HIST(1.0),,I,SAU,POP,PS,_T,_T,H,2000,16177722.0,A,0,0
DATAFLOW,OECD.ELS.SAE:DSD_POPULATION@DF_POP_HIST(1.0),,I,SAU,POP,PS,_T,_T,H,2001,17041397.0,A,0,0
DATAFLOW,OECD.ELS.SAE:DSD_POPULATION@DF_POP_HIST(1.0),,I,SAU,POP,PS,_T,_T,H,2002,17910910.0,A,0,0
DATAFLOW,OECD.ELS.SAE:DSD_POPULATION@DF_POP_HIST(1.0),,I,SAU,POP,PS,_T,_T,H,2003,18786767.0,A,0,0
DATAFLOW,OECD.ELS.SAE:DSD_POPULATION@DF_POP_HIST(1.0),,I,SAU,POP,PS,_T,_T,H,2004,19669480.0,A,0,0
DATAFLOW,OECD.ELS.SAE:DSD_POPULATION@DF_POP_HIST(1.0),,I,SAU,POP,PS,_T,_T,H,2005,20559890.0,A,0,0
DATAFLOW,OECD.ELS.SAE:DSD_POPULATION@DF_POP_HIST(1.0),,I,SAU,POP,PS,_T,_T,H,2006,21459144.0,A,0,0
DATAFLOW,OECD.ELS.SAE:DSD_POPULATION@DF_POP_HIST(1.0),,I,SAU,POP,PS,_T,_T,H,2007,22368313.0,A,0,0
DATAFLOW,OECD.ELS.SAE:DSD_POPULATION@DF_POP_HIST(1.0),,I,SAU,POP,PS,_T,_T,H,2008,23287877.0,A,0,0
DATAFLOW,OECD.ELS.SAE:DSD_POPULATION@DF_POP_HIST(1.0),,I,SAU,POP,PS,_T,_T,H,2009,24217654.0,A,0,0
DATAFLOW,OECD.ELS.SAE:DSD_POPULATION@DF_POP_HIST(1.0),,I,SAU,POP,PS,_T,_T,H,2010,23978487.0,A,0,0
DATAFLOW,OECD.ELS.SAE:DSD_POPULATION@DF_POP_HIST(1.0),,I,SAU,POP,PS,_T,_T,H,2011,25091867.0,A,0,0
DATAFLOW,OECD.ELS.SAE:DSD_POPULATION@DF_POP_HIST(1.0),,I,SAU,POP,PS,_T,_T,H,2012,26168861.0,A,0,0
DATAFLOW,OECD.ELS.SAE:DSD_POPULATION@DF_POP_HIST(1.0),,I,SAU,POP,PS,_T,_T,H,2013,27624004.0,A,0,0
DATAFLOW,OECD.ELS.SAE:DSD_POPULATION@DF_POP_HIST(1.0),,I,SAU,POP,PS,_T,_T,H,2014,28309273.0,A,0,0
DATAFLOW,OECD.ELS.SAE:DSD_POPULATION@DF_POP_HIST(1.0),,I,SAU,POP,PS,_T,_T,H,2015,29816382.0,A,0,0
DATAFLOW,OECD.ELS.SAE:DSD_POPULATION@DF_POP_HIST(1.0),,I,SAU,POP,PS,_T,_T,H,2016,30954198.0,A,0,0
DATAFLOW,OECD.ELS.SAE:DSD_POPULATION@DF_POP_HIST(1.0),,I,SAU,POP,PS,_T,_T,H,2017,30977355.0,A,0,0
DATAFLOW,OECD.ELS.SAE:DSD_POPULATION@DF_POP_HIST(1.0),,I,SAU,POP,PS,_T,_T,H,2018,30196281.0,A,0,0
DATAFLOW,OECD.ELS.SAE:DSD_POPULATION@DF_POP_HIST(1.0),,I,SAU,POP,PS,_T,_T,H,2019,30063799.0,A,0,0
DATAFLOW,OECD.ELS.SAE:DSD_POPULATION@DF_POP_HIST(1.0),,I,SAU,POP,PS,_T,_T,H,2020,31552510.0,A,0,0
DATAFLOW,OECD.ELS.SAE:DSD_POPULATION@DF_POP_HIST(1.0),,I,SAU,POP,PS,_T,_T,H,2021,30784383.0,A,0,0
DATAFLOW,OECD.ELS.SAE:DSD_POPULATION@DF_POP_HIST(1.0),,I,SAU,POP,PS,_T,_T,H,2024,35300280.0,A,0,0
DATAFLOW,OECD.ELS.SAE:DSD_POPULATION@DF_POP_HIST(1.0),,I,W,POP,PS,_T,_T,H,1990,5327800000.0,A,0,0
DATAFLOW,OECD.ELS.SAE:DSD_POPULATION@DF_POP_HIST(1.0),,I,W,POP,PS,_T,_T,H,1991,5418740000.0,A,0,0
DATAFLOW,OECD.ELS.SAE:DSD_POPULATION@DF_POP_HIST(1.0),,I,W,POP,PS,_T,_T,H,1992,5505990000.0,A,0,0
DATAFLOW,OECD.ELS.SAE:DSD_POPULATION@DF_POP_HIST(1.0),,I,W,POP,PS,_T,_T,H,1993,5591540000.0,A,0,0
DATAFLOW,OECD.ELS.SAE:DSD_POPULATION@DF_POP_HIST(1.0),,I,W,POP,PS,_T,_T,H,1994,5675550000.0,A,0,0
DATAFLOW,OECD.ELS.SAE:DSD_POPULATION@DF_POP_HIST(1.0),,I,W,POP,PS,_T,_T,H,1995,5758880000.0,A,0,0
DATAFLOW,OECD.ELS.SAE:DSD_POPULATION@DF_POP_HIST(1.0),,I,W,POP,PS,_T,_T,H,1996,5842060000.0,A,0,0
DATAFLOW,OECD.ELS.SAE:DSD_POPULATION@DF_POP_HIST(1.0),,I,W,POP,PS,_T,_T,H,1997,5924790000.0,A,0,0
DATAFLOW,OECD.ELS.SAE:DSD_POPULATION@DF_POP_HIST(1.0),,I,W,POP,PS,_T,_T,H,1998,6007070000.0,A,0,0
DATAFLOW,OECD.ELS.SAE:DSD_POPULATION@DF_POP_HIST(1.0),,I,W,POP,PS,_T,_T,H,1999,6089010000.0,A,0,0
DATAFLOW,OECD.ELS.SAE:DSD_POPULATION@DF_POP_HIST(1.0),,I,W,POP,PS,_T,_T,H,2000,6171700000.0,A,0,0
DATAFLOW,OECD.ELS.SAE:DSD_POPULATION@DF_POP_HIST(1.0),,I,W,POP,PS,_T,_T,H,2001,6254940000.0,A,0,0
DATAFLOW,OECD.ELS.SAE:DSD_POPULATION@DF_POP_HIST(1.0),,I,W,POP,PS,_T,_T,H,2002,6337730000.0,A,0,0
DATAFLOW,OECD.ELS.SAE:DSD_POPULATION@DF_POP_HIST(1.0),,I,W,POP,PS,_T,_T,H,2003,6420360000.0,A,0,0
DATAFLOW,OECD.ELS.SAE:DSD_POPULATION@DF_POP_HIST(1.0),,I,W,POP,PS,_T,_T,H,2004,6503380000.0,A,0,0
DATAFLOW,OECD.ELS.SAE:DSD_POPULATION@DF_POP_HIST(1.0),,I,W,POP,PS,_T,_T,H,2005,6586970000.0,A,0,0
DATAFLOW,OECD.ELS.SAE:DSD_POPULATION@DF_POP_HIST(1.0),,I,W,POP,PS,_T,_T,H,2006,6671450000.0,A,0,0
DATAFLOW,OECD.ELS.SAE:DSD_POPULATION@DF_POP_HIST(1.0),,I,W,POP,PS,_T,_T,H,2007,6757310000.0,A,0,0
DATAFLOW,OECD.ELS.SAE:DSD_POPULATION@DF_POP_HIST(1.0),,I,W,POP,PS,_T,_T,H,2008,6844460000.0,A,0,0
DATAFLOW,OECD.ELS.SAE:DSD_POPULATION@DF_POP_HIST(1.0),,I,W,POP,PS,_T,_T,H,2009,6932770000.0,A,0,0
DATAFLOW,OECD.ELS.SAE:DSD_POPULATION@DF_POP_HIST(1.0),,I,W,POP,PS,_T,_T,H,2010,7021730000.0,A,0,0
DATAFLOW,OECD.ELS.SAE:DSD_POPULATION@DF_POP_HIST(1.0),,I,W,POP,PS,_T,_T,H,2011,7110920000.0,A,0,0
DATAFLOW,OECD.ELS.SAE:DSD_POPULATION@DF_POP_HIST(1.0),,I,W,POP,PS,_T,_T,H,2012,7201200000.0,A,0,0
DATAFLOW,OECD.ELS.SAE:DSD_POPULATION@DF_POP_HIST(1.0),,I,W,POP,PS,_T,_T,H,2013,7291790000.0,A,0,0
DATAFLOW,OECD.ELS.SAE:DSD_POPULATION@DF_POP_HIST(1.0),,I,W,POP,PS,_T,_T,H,2014,7381620000.0,A,0,0
DATAFLOW,OECD.ELS.SAE:DSD_POPULATION@DF_POP_HIST(1.0),,I,W,POP,PS,_T,_T,H,2015,7470490000.0,A,0,0
DATAFLOW,OECD.ELS.SAE:DSD_POPULATION@DF_POP_HIST(1.0),,I,W,POP,PS,_T,_T,H,2016,7558550000.0,A,0,0
DATAFLOW,OECD.ELS.SAE:DSD_POPULATION@DF_POP_HIST(1.0),,I,W,POP,PS,_T,_T,H,2017,7645620000.0,A,0,0
DATAFLOW,OECD.ELS.SAE:DSD_POPULATION@DF_POP_HIST(1.0),,I,W,POP,PS,_T,_T,H,2018,7729900000.0,A,0,0
DATAFLOW,OECD.ELS.SAE:DSD_POPULATION@DF_POP_HIST(1.0),,I,W,POP,PS,_T,_T,H,2019,7811290000.0,A,0,0
DATAFLOW,OECD.ELS.SAE:DSD_POPULATION@DF_POP_HIST(1.0),,I,W,POP,PS,_T,_T,H,2020,7887000000.0,A,0,0
DATAFLOW,OECD.ELS.SAE:DSD_POPULATION@DF_POP_HIST(1.0),,I,W,POP,PS,_T,_T,H,2021,7954450000.0,A,0,0
DATAFLOW,OECD.ELS.SAE:DSD_POPULATION@DF_POP_HIST(1.0),,I,W,POP,PS,_T,_T,H,2022,8021410000.0,A,0,0
DATAFLOW,OECD.ELS.SAE:DSD_POPULATION@DF_POP_HIST(1.0),,I,W,POP,PS,_T,_T,H,2024,8161970000.0,A,0,0
DATAFLOW,OECD.ELS.SAE:DSD_POPULATION@DF_POP_HIST(1.0),,I,W,POP,PS,_T,_T,H,2025,8231610000.0,A,0,0
DATAFLOW,OECD.ELS.SAE:DSD_POPULATION@DF_POP_HIST(1.0),,I,IDN,POP,PS,_T,_T,H,1990,183501098.0,A,0,0
DATAFLOW,OECD.ELS.SAE:DSD_POPULATION@DF_POP_HIST(1.0),,I,IDN,POP,PS,_T,_T,H,1991,186778238.0,A,0,0
DATAFLOW,OECD.ELS.SAE:DSD_POPULATION@DF_POP_HIST(1.0),,I,IDN,POP,PS,_T,_T,H,1992,190043744.0,A,0,0
DATAFLOW,OECD.ELS.SAE:DSD_POPULATION@DF_POP_HIST(1.0),,I,IDN,POP,PS,_T,_T,H,1993,193305168.0,A,0,0
DATAFLOW,OECD.ELS.SAE:DSD_POPULATION@DF_POP_HIST(1.0),,I,IDN,POP,PS,_T,_T,H,1994,196591828.0,A,0,0
DATAFLOW,OECD.ELS.SAE:DSD_POPULATION@DF_POP_HIST(1.0),,I,IDN,POP,PS,_T,_T,H,1995,199888057.0,A,0,0
DATAFLOW,OECD.ELS.SAE:DSD_POPULATION@DF_POP_HIST(1.0),,I,IDN,POP,PS,_T,_T,H,1996,203204348.0,A,0,0
DATAFLOW,OECD.ELS.SAE:DSD_POPULATION@DF_POP_HIST(1.0),,I,IDN,POP,PS,_T,_T,H,1997,206536095.0,A,0,0
DATAFLOW,OECD.ELS.SAE:DSD_POPULATION@DF_POP_HIST(1.0),,I,IDN,POP,PS,_T,_T,H,1998,209826788.0,A,0,0
DATAFLOW,OECD.ELS.SAE:DSD_POPULATION@DF_POP_HIST(1.0),,I,IDN,POP,PS,_T,_T,H,1999,213004668.0,A,0,0
DATAFLOW,OECD.ELS.SAE:DSD_POPULATION@DF_POP_HIST(1.0),,I,IDN,POP,PS,_T,_T,H,2000,216077790.0,A,0,0
DATAFLOW,OECD.ELS.SAE:DSD_POPULATION@DF_POP_HIST(1.0),,I,IDN,POP,PS,_T,_T,H,2001,219097902.0,A,0,0
DATAFLOW,OECD.ELS.SAE:DSD_POPULATION@DF_POP_HIST(1.0),,I,IDN,POP,PS,_T,_T,H,2002,222088495.0,A,0,0
DATAFLOW,OECD.ELS.SAE:DSD_POPULATION@DF_POP_HIST(1.0),,I,IDN,POP,PS,_T,_T,H,2003,225048008.0,A,0,0
DATAFLOW,OECD.ELS.SAE:DSD_POPULATION@DF_POP_HIST(1.0),,I,IDN,POP,PS,_T,_T,H,2004,227926649.0,A,0,0
DATAFLOW,OECD.ELS.SAE:DSD_POPULATION@DF_POP_HIST(1.0),,I,IDN,POP,PS,_T,_T,H,2005,230871650.0,A,0,0
DATAFLOW,OECD.ELS.SAE:DSD_POPULATION@DF_POP_HIST(1.0),,I,IDN,POP,PS,_T,_T,H,2006,233951652.0,A,0,0
DATAFLOW,OECD.ELS.SAE:DSD_POPULATION@DF_POP_HIST(1.0),,I,IDN,POP,PS,_T,_T,H,2007,237062337.0,A,0,0
DATAFLOW,OECD.ELS.SAE:DSD_POPULATION@DF_POP_HIST(1.0),,I,IDN,POP,PS,_T,_T,H,2008,240157903.0,A,0,0
DATAFLOW,OECD.ELS.SAE:DSD_POPULATION@DF_POP_HIST(1.0),,I,IDN,POP,PS,_T,_T,H,2009,243220028.0,A,0,0
DATAFLOW,OECD.ELS.SAE:DSD_POPULATION@DF_POP_HIST(1.0),,I,IDN,POP,PS,_T,_T,H,2010,246305322.0,A,0,0
DATAFLOW,OECD.ELS.SAE:DSD_POPULATION@DF_POP_HIST(1.0),,I,IDN,POP,PS,_T,_T,H,2011,249470032.0,A,0,0
DATAFLOW,OECD.ELS.SAE:DSD_POPULATION@DF_POP_HIST(1.0),,I,IDN,POP,PS,_T,_T,H,2012,252698525.0,A,0,0
DATAFLOW,OECD.ELS.SAE:DSD_POPULATION@DF_POP_HIST(1.0),,I,IDN,POP,PS,_T,_T,H,2013,255852467.0,A,0,0
DATAFLOW,OECD.ELS.SAE:DSD_POPULATION@DF_POP_HIST(1.0),,I,IDN,POP,PS,_T,_T,H,2014,258877399.0,A,0,0
DATAFLOW,OECD.ELS.SAE:DSD_POPULATION@DF_POP_HIST(1.0),,I,IDN,POP,PS,_T,_T,H,2015,261799249.0,A,0,0
DATAFLOW,OECD.ELS.SAE:DSD_POPULATION@DF_POP_HIST(1.0),,I,IDN,POP,PS,_T,_T,H,2016,264627418.0,A,0,0
DATAFLOW,OECD.ELS.SAE:DSD_POPULATION@DF_POP_HIST(1.0),,I,IDN,POP,PS,_T,_T,H,2017,267346658.0,A,0,0
DATAFLOW,OECD.ELS.SAE:DSD_POPULATION@DF_POP_HIST(1.0),,I,IDN,POP,PS,_T,_T,H,2018,269951846.0,A,0,0
DATAFLOW,OECD.ELS.SAE:DSD_POPULATION@DF_POP_HIST(1.0),,I,IDN,POP,PS,_T,_T,H,2019,272489381.0,A,0,0
DATAFLOW,OECD.ELS.SAE:DSD_POPULATION@DF_POP_HIST(1.0),,I,IDN,POP,PS,_T,_T,H,2020,269576540.0,A,0,0
DATAFLOW,OECD.ELS.SAE:DSD_POPULATION@DF_POP_HIST(1.0),,I,IDN,POP,PS,_T,_T,H,2021,272679150.0,A,0,0
DATAFLOW,OECD.ELS.SAE:DSD_POPULATION@DF_POP_HIST(1.0),,I,IDN,POP,PS,_T,_T,H,2022,275719910.0,A,0,0
DATAFLOW,OECD.ELS.SAE:DSD_POPULATION@DF_POP_HIST(1.0),,I,IDN,POP,PS,_T,_T,H,2024,281603800.0,A,0,0
DATAFLOW,OECD.ELS.SAE:DSD_POPULATION@DF_POP_HIST(1.0),,I,IDN,POP,PS,_T,_T,H,2025,284438780.0,A,0,0
DATAFLOW,OECD.ELS.SAE:DSD_POPULATION@DF_POP_HIST(1.0),,I,IND,POP,PS,_T,_T,H,1990,864972221.0,A,0,0
DATAFLOW,OECD.ELS.SAE:DSD_POPULATION@DF_POP_HIST(1.0),,I,IND,POP,PS,_T,_T,H,1991,883927600.0,A,0,0
DATAFLOW,OECD.ELS.SAE:DSD_POPULATION@DF_POP_HIST(1.0),,I,IND,POP,PS,_T,_T,H,1992,902957070.0,A,0,0
DATAFLOW,OECD.ELS.SAE:DSD_POPULATION@DF_POP_HIST(1.0),,I,IND,POP,PS,_T,_T,H,1993,922118387.0,A,0,0
DATAFLOW,OECD.ELS.SAE:DSD_POPULATION@DF_POP_HIST(1.0),,I,IND,POP,PS,_T,_T,H,1994,941163767.0,A,0,0
DATAFLOW,OECD.ELS.SAE:DSD_POPULATION@DF_POP_HIST(1.0),,I,IND,POP,PS,_T,_T,H,1995,960301044.0,A,0,0
DATAFLOW,OECD.ELS.SAE:DSD_POPULATION@DF_POP_HIST(1.0),,I,IND,POP,PS,_T,_T,H,1996,979678458.0,A,0,0
DATAFLOW,OECD.ELS.SAE:DSD_POPULATION@DF_POP_HIST(1.0),,I,IND,POP,PS,_T,_T,H,1997,999133762.0,A,0,0
DATAFLOW,OECD.ELS.SAE:DSD_POPULATION@DF_POP_HIST(1.0),,I,IND,POP,PS,_T,_T,H,1998,1018670000.0,A,0,0
DATAFLOW,OECD.ELS.SAE:DSD_POPULATION@DF_POP_HIST(1.0),,I,IND,POP,PS,_T,_T,H,1999,1038230000.0,A,0,0
DATAFLOW,OECD.ELS.SAE:DSD_POPULATION@DF_POP_HIST(1.0),,I,IND,POP,PS,_T,_T,H,2000,1057920000.0,A,0,0
DATAFLOW,OECD.ELS.SAE:DSD_POPULATION@DF_POP_HIST(1.0),,I,IND,POP,PS,_T,_T,H,2001,1077900000.0,A,0,0
DATAFLOW,OECD.ELS.SAE:DSD_POPULATION@DF_POP_HIST(1.0),,I,IND,POP,PS,_T,_T,H,2002,1097600000.0,A,0,0
DATAFLOW,OECD.ELS.SAE:DSD_POPULATION@DF_POP_HIST(1.0),,I,IND,POP,PS,_T,_T,H,2003,1116800000.0,A,0,0
DATAFLOW,OECD.ELS.SAE:DSD_POPULATION@DF_POP_HIST(1.0),,I,IND,POP,PS,_T,_T,H,2004,1135990000.0,A,0,0
DATAFLOW,OECD.ELS.SAE:DSD_POPULATION@DF_POP_HIST(1.0),,I,IND,POP,PS,_T,_T,H,2005,1154680000.0,A,0,0
DATAFLOW,OECD.ELS.SAE:DSD_POPULATION@DF_POP_HIST(1.0),,I,IND,POP,PS,_T,_T,H,2006,1172880000.0,A,0,0
DATAFLOW,OECD.ELS.SAE:DSD_POPULATION@DF_POP_HIST(1.0),,I,IND,POP,PS,_T,_T,H,2007,1190680000.0,A,0,0
DATAFLOW,OECD.ELS.SAE:DSD_POPULATION@DF_POP_HIST(1.0),,I,IND,POP,PS,_T,_T,H,2008,1207930000.0,A,0,0
DATAFLOW,OECD.ELS.SAE:DSD_POPULATION@DF_POP_HIST(1.0),,I,IND,POP,PS,_T,_T,H,2009,1225520000.0,A,0,0
DATAFLOW,OECD.ELS.SAE:DSD_POPULATION@DF_POP_HIST(1.0),,I,IND,POP,PS,_T,_T,H,2010,1243480000.0,A,0,0
DATAFLOW,OECD.ELS.SAE:DSD_POPULATION@DF_POP_HIST(1.0),,I,IND,POP,PS,_T,_T,H,2011,1261220000.0,A,0,0
DATAFLOW,OECD.ELS.SAE:DSD_POPULATION@DF_POP_HIST(1.0),,I,IND,POP,PS,_T,_T,H,2012,1278670000.0,A,0,0
DATAFLOW,OECD.ELS.SAE:DSD_POPULATION@DF_POP_HIST(1.0),,I,IND,POP,PS,_T,_T,H,2013,1295830000.0,A,0,0
DATAFLOW,OECD.ELS.SAE:DSD_POPULATION@DF_POP_HIST(1.0),,I,IND,POP,PS,_T,_T,H,2014,1312280000.0,A,0,0
DATAFLOW,OECD.ELS.SAE:DSD_POPULATION@DF_POP_HIST(1.0),,I,IND,POP,PS,_T,_T,H,2015,1328020000.0,A,0,0
DATAFLOW,OECD.ELS.SAE:DSD_POPULATION@DF_POP_HIST(1.0),,I,IND,POP,PS,_T,_T,H,2016,1343940000.0,A,0,0
DATAFLOW,OECD.ELS.SAE:DSD_POPULATION@DF_POP_HIST(1.0),,I,IND,POP,PS,_T,_T,H,2017,1359660000.0,A,0,0
DATAFLOW,OECD.ELS.SAE:DSD_POPULATION@DF_POP_HIST(1.0),,I,IND,POP,PS,_T,_T,H,2018,1374660000.0,A,0,0
DATAFLOW,OECD.ELS.SAE:DSD_POPULATION@DF_POP_HIST(1.0),,I,IND,POP,PS,_T,_T,H,2019,1389030000.0,A,0,0
DATAFLOW,OECD.ELS.SAE:DSD_POPULATION@DF_POP_HIST(1.0),,I,IND,POP,PS,_T,_T,H,2020,1402620000.0,A,0,0
DATAFLOW,OECD.ELS.SAE:DSD_POPULATION@DF_POP_HIST(1.0),,I,IND,POP,PS,_T,_T,H,2021,1414200000.0,A,0,0
DATAFLOW,OECD.ELS.SAE:DSD_POPULATION@DF_POP_HIST(1.0),,I,IND,POP,PS,_T,_T,H,2022,1425420000.0,A,0,0
DATAFLOW,OECD.ELS.SAE:DSD_POPULATION@DF_POP_HIST(1.0),,I,IND,POP,PS,_T,_T,H,2024,1450940000.0,A,0,0
DATAFLOW,OECD.ELS.SAE:DSD_POPULATION@DF_POP_HIST(1.0),,I,IND,POP,PS,_T,_T,H,2025,1463870000.0,A,0,0
DATAFLOW,OECD.ELS.SAE:DSD_POPULATION@DF_POP_HIST(1.0),,I,CHN,POP,PS,_T,_T,H,1990,1153580000.0,A,0,0
DATAFLOW,OECD.ELS.SAE:DSD_POPULATION@DF_POP_HIST(1.0),,I,CHN,POP,PS,_T,_T,H,1991,1170790000.0,A,0,0
DATAFLOW,OECD.ELS.SAE:DSD_POPULATION@DF_POP_HIST(1.0),,I,CHN,POP,PS,_T,_T,H,1992,1184570000.0,A,0,0
DATAFLOW,OECD.ELS.SAE:DSD_POPULATION@DF_POP_HIST(1.0),,I,CHN,POP,PS,_T,_T,H,1993,1197310000.0,A,0,0
DATAFLOW,OECD.ELS.SAE:DSD_POPULATION@DF_POP_HIST(1.0),,I,CHN,POP,PS,_T,_T,H,1994,1209000000.0,A,0,0
DATAFLOW,OECD.ELS.SAE:DSD_POPULATION@DF_POP_HIST(1.0),,I,CHN,POP,PS,_T,_T,H,1995,1220130000.0,A,0,0
DATAFLOW,OECD.ELS.SAE:DSD_POPULATION@DF_POP_HIST(1.0),,I,CHN,POP,PS,_T,_T,H,1996,1230940000.0,A,0,0
DATAFLOW,OECD.ELS.SAE:DSD_POPULATION@DF_POP_HIST(1.0),,I,CHN,POP,PS,_T,_T,H,1997,1241140000.0,A,0,0
DATAFLOW,OECD.ELS.SAE:DSD_POPULATION@DF_POP_HIST(1.0),,I,CHN,POP,PS,_T,_T,H,1998,1250850000.0,A,0,0
DATAFLOW,OECD.ELS.SAE:DSD_POPULATION@DF_POP_HIST(1.0),,I,CHN,POP,PS,_T,_T,H,1999,1260180000.0,A,0,0
DATAFLOW,OECD.ELS.SAE:DSD_POPULATION@DF_POP_HIST(1.0),,I,CHN,POP,PS,_T,_T,H,2000,1269580000.0,A,0,0
DATAFLOW,OECD.ELS.SAE:DSD_POPULATION@DF_POP_HIST(1.0),,I,CHN,POP,PS,_T,_T,H,2001,1278730000.0,A,0,0
DATAFLOW,OECD.ELS.SAE:DSD_POPULATION@DF_POP_HIST(1.0),,I,CHN,POP,PS,_T,_T,H,2002,1286870000.0,A,0,0
DATAFLOW,OECD.ELS.SAE:DSD_POPULATION@DF_POP_HIST(1.0),,I,CHN,POP,PS,_T,_T,H,2003,1294520000.0,A,0,0
DATAFLOW,OECD.ELS.SAE:DSD_POPULATION@DF_POP_HIST(1.0),,I,CHN,POP,PS,_T,_T,H,2004,1302100000.0,A,0,0
DATAFLOW,OECD.ELS.SAE:DSD_POPULATION@DF_POP_HIST(1.0),,I,CHN,POP,PS,_T,_T,H,2005,1310030000.0,A,0,0
DATAFLOW,OECD.ELS.SAE:DSD_POPULATION@DF_POP_HIST(1.0),,I,CHN,POP,PS,_T,_T,H,2006,1318050000.0,A,0,0
DATAFLOW,OECD.ELS.SAE:DSD_POPULATION@DF_POP_HIST(1.0),,I,CHN,POP,PS,_T,_T,H,2007,1325810000.0,A,0,0
DATAFLOW,OECD.ELS.SAE:DSD_POPULATION@DF_POP_HIST(1.0),,I,CHN,POP,PS,_T,_T,H,2008,1333820000.0,A,0,0
DATAFLOW,OECD.ELS.SAE:DSD_POPULATION@DF_POP_HIST(1.0),,I,CHN,POP,PS,_T,_T,H,2009,1342520000.0,A,0,0
DATAFLOW,OECD.ELS.SAE:DSD_POPULATION@DF_POP_HIST(1.0),,I,CHN,POP,PS,_T,_T,H,2010,1351560000.0,A,0,0
DATAFLOW,OECD.ELS.SAE:DSD_POPULATION@DF_POP_HIST(1.0),,I,CHN,POP,PS,_T,_T,H,2011,1360250000.0,A,0,0
DATAFLOW,OECD.ELS.SAE:DSD_POPULATION@DF_POP_HIST(1.0),,I,CHN,POP,PS,_T,_T,H,2012,1369520000.0,A,0,0
DATAFLOW,OECD.ELS.SAE:DSD_POPULATION@DF_POP_HIST(1.0),,I,CHN,POP,PS,_T,_T,H,2013,1379010000.0,A,0,0
DATAFLOW,OECD.ELS.SAE:DSD_POPULATION@DF_POP_HIST(1.0),,I,CHN,POP,PS,_T,_T,H,2014,1387950000.0,A,0,0
DATAFLOW,OECD.ELS.SAE:DSD_POPULATION@DF_POP_HIST(1.0),,I,CHN,POP,PS,_T,_T,H,2015,1396130000.0,A,0,0
DATAFLOW,OECD.ELS.SAE:DSD_POPULATION@DF_POP_HIST(1.0),,I,CHN,POP,PS,_T,_T,H,2016,1404050000.0,A,0,0
DATAFLOW,OECD.ELS.SAE:DSD_POPULATION@DF_POP_HIST(1.0),,I,CHN,POP,PS,_T,_T,H,2017,1412350000.0,A,0,0
DATAFLOW,OECD.ELS.SAE:DSD_POPULATION@DF_POP_HIST(1.0),,I,CHN,POP,PS,_T,_T,H,2018,1419010000.0,A,0,0
DATAFLOW,OECD.ELS.SAE:DSD_POPULATION@DF_POP_HIST(1.0),,I,CHN,POP,PS,_T,_T,H,2019,1423520000.0,A,0,0
DATAFLOW,OECD.ELS.SAE:DSD_POPULATION@DF_POP_HIST(1.0),,I,CHN,POP,PS,_T,_T,H,2020,1426110000.0,A,0,0
DATAFLOW,OECD.ELS.SAE:DSD_POPULATION@DF_POP_HIST(1.0),,I,CHN,POP,PS,_T,_T,H,2021,1426440000.0,A,0,0
DATAFLOW,OECD.ELS.SAE:DSD_POPULATION@DF_POP_HIST(1.0),,I,CHN,POP,PS,_T,_T,H,2022,1425180000.0,A,0,0
DATAFLOW,OECD.ELS.SAE:DSD_POPULATION@DF_POP_HIST(1.0),,I,CHN,POP,PS,_T,_T,H,2024,1419320000.0,A,0,0
DATAFLOW,OECD.ELS.SAE:DSD_POPULATION@DF_POP_HIST(1.0),,I,CHN,POP,PS,_T,_T,H,2025,1416100000.0,A,0,0
DATAFLOW,OECD.ELS.SAE:DSD_POPULATION@DF_POP_HIST(1.0),,I,ARG,POP,PS,_T,_T,H,1990,32755901.0,A,0,0
DATAFLOW,OECD.ELS.SAE:DSD_POPULATION@DF_POP_HIST(1.0),,I,ARG,POP,PS,_T,_T,H,1991,33230294.0,A,0,0
DATAFLOW,OECD.ELS.SAE:DSD_POPULATION@DF_POP_HIST(1.0),,I,ARG,POP,PS,_T,_T,H,1992,33693527.0,A,0,0
DATAFLOW,OECD.ELS.SAE:DSD_POPULATION@DF_POP_HIST(1.0),,I,ARG,POP,PS,_T,_T,H,1993,34152717.0,A,0,0
DATAFLOW,OECD.ELS.SAE:DSD_POPULATION@DF_POP_HIST(1.0),,I,ARG,POP,PS,_T,_T,H,1994,34613491.0,A,0,0
DATAFLOW,OECD.ELS.SAE:DSD_POPULATION@DF_POP_HIST(1.0),,I,ARG,POP,PS,_T,_T,H,1995,35070020.0,A,0,0
DATAFLOW,OECD.ELS.SAE:DSD_POPULATION@DF_POP_HIST(1.0),,I,ARG,POP,PS,_T,_T,H,1996,35513793.0,A,0,0
DATAFLOW,OECD.ELS.SAE:DSD_POPULATION@DF_POP_HIST(1.0),,I,ARG,POP,PS,_T,_T,H,1997,35947791.0,A,0,0
DATAFLOW,OECD.ELS.SAE:DSD_POPULATION@DF_POP_HIST(1.0),,I,ARG,POP,PS,_T,_T,H,1998,36372860.0,A,0,0
DATAFLOW,OECD.ELS.SAE:DSD_POPULATION@DF_POP_HIST(1.0),,I,ARG,POP,PS,_T,_T,H,1999,36794682.0,A,0,0
DATAFLOW,OECD.ELS.SAE:DSD_POPULATION@DF_POP_HIST(1.0),,I,ARG,POP,PS,_T,_T,H,2000,37213984.0,A,0,0
DATAFLOW,OECD.ELS.SAE:DSD_POPULATION@DF_POP_HIST(1.0),,I,ARG,POP,PS,_T,_T,H,2001,37624825.0,A,0,0
DATAFLOW,OECD.ELS.SAE:DSD_POPULATION@DF_POP_HIST(1.0),,I,ARG,POP,PS,_T,_T,H,2002,38029349.0,A,0,0
DATAFLOW,OECD.ELS.SAE:DSD_POPULATION@DF_POP_HIST(1.0),,I,ARG,POP,PS,_T,_T,H,2003,38424282.0,A,0,0
DATAFLOW,OECD.ELS.SAE:DSD_POPULATION@DF_POP_HIST(1.0),,I,ARG,POP,PS,_T,_T,H,2004,38815916.0,A,0,0
DATAFLOW,OECD.ELS.SAE:DSD_POPULATION@DF_POP_HIST(1.0),,I,ARG,POP,PS,_T,_T,H,2005,39216789.0,A,0,0
DATAFLOW,OECD.ELS.SAE:DSD_POPULATION@DF_POP_HIST(1.0),,I,ARG,POP,PS,_T,_T,H,2006,39622115.0,A,0,0
DATAFLOW,OECD.ELS.SAE:DSD_POPULATION@DF_POP_HIST(1.0),,I,ARG,POP,PS,_T,_T,H,2007,40016763.0,A,0,0
DATAFLOW,OECD.ELS.SAE:DSD_POPULATION@DF_POP_HIST(1.0),,I,ARG,POP,PS,_T,_T,H,2008,40424148.0,A,0,0
DATAFLOW,OECD.ELS.SAE:DSD_POPULATION@DF_POP_HIST(1.0),,I,ARG,POP,PS,_T,_T,H,2009,40854831.0,A,0,0
DATAFLOW,OECD.ELS.SAE:DSD_POPULATION@DF_POP_HIST(1.0),,I,ARG,POP,PS,_T,_T,H,2010,41288694.0,A,0,0
DATAFLOW,OECD.ELS.SAE:DSD_POPULATION@DF_POP_HIST(1.0),,I,ARG,POP,PS,_T,_T,H,2011,41730660.0,A,0,0
DATAFLOW,OECD.ELS.SAE:DSD_POPULATION@DF_POP_HIST(1.0),,I,ARG,POP,PS,_T,_T,H,2012,42161721.0,A,0,0
DATAFLOW,OECD.ELS.SAE:DSD_POPULATION@DF_POP_HIST(1.0),,I,ARG,POP,PS,_T,_T,H,2013,42582455.0,A,0,0
DATAFLOW,OECD.ELS.SAE:DSD_POPULATION@DF_POP_HIST(1.0),,I,ARG,POP,PS,_T,_T,H,2014,43024071.0,A,0,0
DATAFLOW,OECD.ELS.SAE:DSD_POPULATION@DF_POP_HIST(1.0),,I,ARG,POP,PS,_T,_T,H,2015,43477012.0,A,0,0
DATAFLOW,OECD.ELS.SAE:DSD_POPULATION@DF_POP_HIST(1.0),,I,ARG,POP,PS,_T,_T,H,2016,43900313.0,A,0,0
DATAFLOW,OECD.ELS.SAE:DSD_POPULATION@DF_POP_HIST(1.0),,I,ARG,POP,PS,_T,_T,H,2017,44288894.0,A,0,0
DATAFLOW,OECD.ELS.SAE:DSD_POPULATION@DF_POP_HIST(1.0),,I,ARG,POP,PS,_T,_T,H,2018,44654882.0,A,0,0
DATAFLOW,OECD.ELS.SAE:DSD_POPULATION@DF_POP_HIST(1.0),,I,ARG,POP,PS,_T,_T,H,2019,44973465.0,A,0,0
DATAFLOW,OECD.ELS.SAE:DSD_POPULATION@DF_POP_HIST(1.0),,I,ARG,POP,PS,_T,_T,H,2020,45191965.0,A,0,0
DATAFLOW,OECD.ELS.SAE:DSD_POPULATION@DF_POP_HIST(1.0),,I,ARG,POP,PS,_T,_T,H,2021,45312281.0,A,0,0
DATAFLOW,OECD.ELS.SAE:DSD_POPULATION@DF_POP_HIST(1.0),,I,ARG,POP,PS,_T,_T,H,2022,45407904.0,A,0,0
DATAFLOW,OECD.ELS.SAE:DSD_POPULATION@DF_POP_HIST(1.0),,I,ARG,POP,PS,_T,_T,H,2024,45696159.0,A,0,0
DATAFLOW,OECD.ELS.SAE:DSD_POPULATION@DF_POP_HIST(1.0),,I,ARG,POP,PS,_T,_T,H,2025,45851378.0,A,0,0
DATAFLOW,OECD.ELS.SAE:DSD_POPULATION@DF_POP_HIST(1.0),,I,MEX,POP,PS,_T,_T,H,1990,84502988.0,A,0,0
DATAFLOW,OECD.ELS.SAE:DSD_POPULATION@DF_POP_HIST(1.0),,I,MEX,POP,PS,_T,_T,H,1991,86127477.0,A,0,0
DATAFLOW,OECD.ELS.SAE:DSD_POPULATION@DF_POP_HIST(1.0),,I,MEX,POP,PS,_T,_T,H,1992,87753131.0,A,0,0
DATAFLOW,OECD.ELS.SAE:DSD_POPULATION@DF_POP_HIST(1.0),,I,MEX,POP,PS,_T,_T,H,1993,89364560.0,A,0,0
DATAFLOW,OECD.ELS.SAE:DSD_POPULATION@DF_POP_HIST(1.0),,I,MEX,POP,PS,_T,_T,H,1994,90953505.0,A,0,0
DATAFLOW,OECD.ELS.SAE:DSD_POPULATION@DF_POP_HIST(1.0),,I,MEX,POP,PS,_T,_T,H,1995,92506744.0,A,0,0
DATAFLOW,OECD.ELS.SAE:DSD_POPULATION@DF_POP_HIST(1.0),,I,MEX,POP,PS,_T,_T,H,1996,94005638.0,A,0,0
DATAFLOW,OECD.ELS.SAE:DSD_POPULATION@DF_POP_HIST(1.0),,I,MEX,POP,PS,_T,_T,H,1997,95438019.0,A,0,0
DATAFLOW,OECD.ELS.SAE:DSD_POPULATION@DF_POP_HIST(1.0),,I,MEX,POP,PS,_T,_T,H,1998,96799183.0,A,0,0
DATAFLOW,OECD.ELS.SAE:DSD_POPULATION@DF_POP_HIST(1.0),,I,MEX,POP,PS,_T,_T,H,1999,98085415.0,A,0,0
DATAFLOW,OECD.ELS.SAE:DSD_POPULATION@DF_POP_HIST(1.0),,I,MEX,POP,PS,_T,_T,H,2000,99368858.0,A,0,0
DATAFLOW,OECD.ELS.SAE:DSD_POPULATION@DF_POP_HIST(1.0),,I,MEX,POP,PS,_T,_T,H,2001,100739263.0,A,0,0
DATAFLOW,OECD.ELS.SAE:DSD_POPULATION@DF_POP_HIST(1.0),,I,MEX,POP,PS,_T,_T,H,2002,102167274.0,A,0,0
DATAFLOW,OECD.ELS.SAE:DSD_POPULATION@DF_POP_HIST(1.0),,I,MEX,POP,PS,_T,_T,H,2003,103587899.0,A,0,0
DATAFLOW,OECD.ELS.SAE:DSD_POPULATION@DF_POP_HIST(1.0),,I,MEX,POP,PS,_T,_T,H,2004,104970581.0,A,0,0
DATAFLOW,OECD.ELS.SAE:DSD_POPULATION@DF_POP_HIST(1.0),,I,MEX,POP,PS,_T,_T,H,2005,106370948.0,A,0,0
DATAFLOW,OECD.ELS.SAE:DSD_POPULATION@DF_POP_HIST(1.0),,I,MEX,POP,PS,_T,_T,H,2006,107885646.0,A,0,0
DATAFLOW,OECD.ELS.SAE:DSD_POPULATION@DF_POP_HIST(1.0),,I,MEX,POP,PS,_T,_T,H,2007,109538665.0,A,0,0
DATAFLOW,OECD.ELS.SAE:DSD_POPULATION@DF_POP_HIST(1.0),,I,MEX,POP,PS,_T,_T,H,2008,111275915.0,A,0,0
DATAFLOW,OECD.ELS.SAE:DSD_POPULATION@DF_POP_HIST(1.0),,I,MEX,POP,PS,_T,_T,H,2009,113030218.0,A,0,0
DATAFLOW,OECD.ELS.SAE:DSD_POPULATION@DF_POP_HIST(1.0),,I,MEX,POP,PS,_T,_T,H,2010,114756059.0,A,0,0
DATAFLOW,OECD.ELS.SAE:DSD_POPULATION@DF_POP_HIST(1.0),,I,MEX,POP,PS,_T,_T,H,2011,116446180.0,A,0,0
DATAFLOW,OECD.ELS.SAE:DSD_POPULATION@DF_POP_HIST(1.0),,I,MEX,POP,PS,_T,_T,H,2012,118060514.0,A,0,0
DATAFLOW,OECD.ELS.SAE:DSD_POPULATION@DF_POP_HIST(1.0),,I,MEX,POP,PS,_T,_T,H,2013,119597654.0,A,0,0
DATAFLOW,OECD.ELS.SAE:DSD_POPULATION@DF_POP_HIST(1.0),,I,MEX,POP,PS,_T,_T,H,2014,121048604.0,A,0,0
DATAFLOW,OECD.ELS.SAE:DSD_POPULATION@DF_POP_HIST(1.0),,I,MEX,POP,PS,_T,_T,H,2015,122368490.0,A,0,0
DATAFLOW,OECD.ELS.SAE:DSD_POPULATION@DF_POP_HIST(1.0),,I,MEX,POP,PS,_T,_T,H,2016,123587407.0,A,0,0
DATAFLOW,OECD.ELS.SAE:DSD_POPULATION@DF_POP_HIST(1.0),,I,MEX,POP,PS,_T,_T,H,2017,124777172.0,A,0,0
DATAFLOW,OECD.ELS.SAE:DSD_POPULATION@DF_POP_HIST(1.0),,I,MEX,POP,PS,_T,_T,H,2018,125995825.0,A,0,0
DATAFLOW,OECD.ELS.SAE:DSD_POPULATION@DF_POP_HIST(1.0),,I,MEX,POP,PS,_T,_T,H,2019,127215666.0,A,0,0
DATAFLOW,OECD.ELS.SAE:DSD_POPULATION@DF_POP_HIST(1.0),,I,MEX,POP,PS,_T,_T,H,2020,128209170.0,A,0,0
DATAFLOW,OECD.ELS.SAE:DSD_POPULATION@DF_POP_HIST(1.0),,I,MEX,POP,PS,_T,_T,H,2021,128982939.0,A,0,0
DATAFLOW,OECD.ELS.SAE:DSD_POPULATION@DF_POP_HIST(1.0),,I,MEX,POP,PS,_T,_T,H,2022,129960600.0,A,0,0
DATAFLOW,OECD.ELS.SAE:DSD_POPULATION@DF_POP_HIST(1.0),,I,MEX,POP,PS,_T,_T,H,2024,132274416.0,A,0,0
DATAFLOW,OECD.ELS.SAE:DSD_POPULATION@DF_POP_HIST(1.0),,I,MEX,POP,PS,_T,_T,H,2025,133367428.0,A,0,0
DATAFLOW,OECD.ELS.SAE:DSD_POPULATION@DF_POP_HIST(1.0),,I,CRI,POP,PS,_T,_T,H,1990,3073708.9,A,0,0
DATAFLOW,OECD.ELS.SAE:DSD_POPULATION@DF_POP_HIST(1.0),,I,CRI,POP,PS,_T,_T,H,1991,3157913.6,A,0,0
DATAFLOW,OECD.ELS.SAE:DSD_POPULATION@DF_POP_HIST(1.0),,I,CRI,POP,PS,_T,_T,H,1992,3242753.8,A,0,0
DATAFLOW,OECD.ELS.SAE:DSD_POPULATION@DF_POP_HIST(1.0),,I,CRI,POP,PS,_T,_T,H,1993,3328470.9,A,0,0
DATAFLOW,OECD.ELS.SAE:DSD_POPULATION@DF_POP_HIST(1.0),,I,CRI,POP,PS,_T,_T,H,1994,3412559.8,A,0,0
DATAFLOW,OECD.ELS.SAE:DSD_POPULATION@DF_POP_HIST(1.0),,I,CRI,POP,PS,_T,_T,H,1995,3499614.8,A,0,0
DATAFLOW,OECD.ELS.SAE:DSD_POPULATION@DF_POP_HIST(1.0),,I,CRI,POP,PS,_T,_T,H,1996,3582865.3,A,0,0
DATAFLOW,OECD.ELS.SAE:DSD_POPULATION@DF_POP_HIST(1.0),,I,CRI,POP,PS,_T,_T,H,1997,3667367.0,A,0,0
DATAFLOW,OECD.ELS.SAE:DSD_POPULATION@DF_POP_HIST(1.0),,I,CRI,POP,PS,_T,_T,H,1998,3747162.3,A,0,0
DATAFLOW,OECD.ELS.SAE:DSD_POPULATION@DF_POP_HIST(1.0),,I,CRI,POP,PS,_T,_T,H,1999,3826005.9,A,0,0
DATAFLOW,OECD.ELS.SAE:DSD_POPULATION@DF_POP_HIST(1.0),,I,CRI,POP,PS,_T,_T,H,2000,3902212.7,A,0,0
DATAFLOW,OECD.ELS.SAE:DSD_POPULATION@DF_POP_HIST(1.0),,I,CRI,POP,PS,_T,_T,H,2001,3976741.2,A,0,0
DATAFLOW,OECD.ELS.SAE:DSD_POPULATION@DF_POP_HIST(1.0),,I,CRI,POP,PS,_T,_T,H,2002,4044374.4,A,0,0
DATAFLOW,OECD.ELS.SAE:DSD_POPULATION@DF_POP_HIST(1.0),,I,CRI,POP,PS,_T,_T,H,2003,4111348.6,A,0,0
DATAFLOW,OECD.ELS.SAE:DSD_POPULATION@DF_POP_HIST(1.0),,I,CRI,POP,PS,_T,_T,H,2004,4177263.4,A,0,0
DATAFLOW,OECD.ELS.SAE:DSD_POPULATION@DF_POP_HIST(1.0),,I,CRI,POP,PS,_T,_T,H,2005,4242068.9,A,0,0
DATAFLOW,OECD.ELS.SAE:DSD_POPULATION@DF_POP_HIST(1.0),,I,CRI,POP,PS,_T,_T,H,2006,4306736.5,A,0,0
DATAFLOW,OECD.ELS.SAE:DSD_POPULATION@DF_POP_HIST(1.0),,I,CRI,POP,PS,_T,_T,H,2007,4372776.5,A,0,0
DATAFLOW,OECD.ELS.SAE:DSD_POPULATION@DF_POP_HIST(1.0),,I,CRI,POP,PS,_T,_T,H,2008,4438324.5,A,0,0
DATAFLOW,OECD.ELS.SAE:DSD_POPULATION@DF_POP_HIST(1.0),,I,CRI,POP,PS,_T,_T,H,2009,4500648.5,A,0,0
DATAFLOW,OECD.ELS.SAE:DSD_POPULATION@DF_POP_HIST(1.0),,I,CRI,POP,PS,_T,_T,H,2010,4561646.5,A,0,0
DATAFLOW,OECD.ELS.SAE:DSD_POPULATION@DF_POP_HIST(1.0),,I,CRI,POP,PS,_T,_T,H,2011,4626016.1,A,0,0
DATAFLOW,OECD.ELS.SAE:DSD_POPULATION@DF_POP_HIST(1.0),,I,CRI,POP,PS,_T,_T,H,2012,4688595.7,A,0,0
DATAFLOW,OECD.ELS.SAE:DSD_POPULATION@DF_POP_HIST(1.0),,I,CRI,POP,PS,_T,_T,H,2013,4749448.1,A,0,0
DATAFLOW,OECD.ELS.SAE:DSD_POPULATION@DF_POP_HIST(1.0),,I,CRI,POP,PS,_T,_T,H,2014,4810154.7,A,0,0
DATAFLOW,OECD.ELS.SAE:DSD_POPULATION@DF_POP_HIST(1.0),,I,CRI,POP,PS,_T,_T,H,2015,4868995.7,A,0,0
DATAFLOW,OECD.ELS.SAE:DSD_POPULATION@DF_POP_HIST(1.0),,I,CRI,POP,PS,_T,_T,H,2016,4925331.3,A,0,0
DATAFLOW,OECD.ELS.SAE:DSD_POPULATION@DF_POP_HIST(1.0),,I,CRI,POP,PS,_T,_T,H,2017,4978065.4,A,0,0
DATAFLOW,OECD.ELS.SAE:DSD_POPULATION@DF_POP_HIST(1.0),,I,CRI,POP,PS,_T,_T,H,2018,5027878.2,A,0,0
DATAFLOW,OECD.ELS.SAE:DSD_POPULATION@DF_POP_HIST(1.0),,I,CRI,POP,PS,_T,_T,H,2019,5069310.6,A,0,0
DATAFLOW,OECD.ELS.SAE:DSD_POPULATION@DF_POP_HIST(1.0),,I,CRI,POP,PS,_T,_T,H,2020,5101851.9,A,0,0
DATAFLOW,OECD.ELS.SAE:DSD_POPULATION@DF_POP_HIST(1.0),,I,CRI,POP,PS,_T,_T,H,2021,5129585.5,A,0,0
DATAFLOW,OECD.ELS.SAE:DSD_POPULATION@DF_POP_HIST(1.0),,I,CRI,POP,PS,_T,_T,H,2022,5157658.6,A,0,0
DATAFLOW,OECD.ELS.SAE:DSD_POPULATION@DF_POP_HIST(1.0),,I,CRI,POP,PS,_T,_T,H,2024,5224148.4,A,0,0
DATAFLOW,OECD.ELS.SAE:DSD_POPULATION@DF_POP_HIST(1.0),,I,CRI,POP,PS,_T,_T,H,2025,5254712.3,A,0,0
DATAFLOW,OECD.ELS.SAE:DSD_POPULATION@DF_POP_HIST(1.0),,I,AUT,POP,PS,_T,_T,H,2023,9125730.0,A,0,0
DATAFLOW,OECD.ELS.SAE:DSD_POPULATION@DF_POP_HIST(1.0),,I,BEL,POP,PS,_T,_T,H,2023,11730606.0,A,0,0
DATAFLOW,OECD.ELS.SAE:DSD_POPULATION@DF_POP_HIST(1.0),,I,CHL,POP,PS,_T,_T,H,2023,19960889.0,A,0,0
DATAFLOW,OECD.ELS.SAE:DSD_POPULATION@DF_POP_HIST(1.0),,I,COL,POP,PS,_T,_T,H,2023,52215503.0,A,0,0
DATAFLOW,OECD.ELS.SAE:DSD_POPULATION@DF_POP_HIST(1.0),,I,CRI,POP,PS,_T,_T,H,2023,5191864.4,A,0,0
DATAFLOW,OECD.ELS.SAE:DSD_POPULATION@DF_POP_HIST(1.0),,I,CZE,POP,PS,_T,_T,H,2023,10878042.0,A,0,0
DATAFLOW,OECD.ELS.SAE:DSD_POPULATION@DF_POP_HIST(1.0),,I,DNK,POP,PS,_T,_T,H,2023,5944145.0,A,0,0
DATAFLOW,OECD.ELS.SAE:DSD_POPULATION@DF_POP_HIST(1.0),,I,EST,POP,PS,_T,_T,H,2023,1370286.0,A,0,0
DATAFLOW,OECD.ELS.SAE:DSD_POPULATION@DF_POP_HIST(1.0),,I,FIN,POP,PS,_T,_T,H,2023,5583901.0,A,0,0
DATAFLOW,OECD.ELS.SAE:DSD_POPULATION@DF_POP_HIST(1.0),,I,HUN,POP,PS,_T,_T,H,2023,9592192.0,A,0,0
DATAFLOW,OECD.ELS.SAE:DSD_POPULATION@DF_POP_HIST(1.0),,I,ISL,POP,PS,_T,_T,H,2023,379470.0,A,0,0
DATAFLOW,OECD.ELS.SAE:DSD_POPULATION@DF_POP_HIST(1.0),,I,IRL,POP,PS,_T,_T,H,2023,5281612.0,A,0,0
DATAFLOW,OECD.ELS.SAE:DSD_POPULATION@DF_POP_HIST(1.0),,I,ISR,POP,PS,_T,_T,H,2023,9633000.0,A,0,0
DATAFLOW,OECD.ELS.SAE:DSD_POPULATION@DF_POP_HIST(1.0),,I,ITA,POP,PS,_T,_T,H,2023,58984217.0,A,0,0
DATAFLOW,OECD.ELS.SAE:DSD_POPULATION@DF_POP_HIST(1.0),,I,JPN,POP,PS,_T,_T,H,2023,124351877.0,A,0,0
DATAFLOW,OECD.ELS.SAE:DSD_POPULATION@DF_POP_HIST(1.0),,I,KOR,POP,PS,_T,_T,H,2023,51712619.0,A,0,0
DATAFLOW,OECD.ELS.SAE:DSD_POPULATION@DF_POP_HIST(1.0),,I,LTU,POP,PS,_T,_T,H,2023,2871585.0,A,0,0
DATAFLOW,OECD.ELS.SAE:DSD_POPULATION@DF_POP_HIST(1.0),,I,LUX,POP,PS,_T,_T,H,2023,666428.0,A,0,0
DATAFLOW,OECD.ELS.SAE:DSD_POPULATION@DF_POP_HIST(1.0),,I,MEX,POP,PS,_T,_T,H,2023,131135337.0,A,0,0
DATAFLOW,OECD.ELS.SAE:DSD_POPULATION@DF_POP_HIST(1.0),,I,NLD,POP,PS,_T,_T,H,2023,17877121.0,A,0,0
DATAFLOW,OECD.ELS.SAE:DSD_POPULATION@DF_POP_HIST(1.0),,I,NZL,POP,PS,_T,_T,H,2023,5200000.0,A,0,0
DATAFLOW,OECD.ELS.SAE:DSD_POPULATION@DF_POP_HIST(1.0),,I,NOR,POP,PS,_T,_T,H,2023,5519596.0,A,0,0
DATAFLOW,OECD.ELS.SAE:DSD_POPULATION@DF_POP_HIST(1.0),,I,POL,POP,PS,_T,_T,H,2023,37698294.0,A,0,0
DATAFLOW,OECD.ELS.SAE:DSD_POPULATION@DF_POP_HIST(1.0),,I,SVK,POP,PS,_T,_T,H,2023,5426739.5,A,0,0
DATAFLOW,OECD.ELS.SAE:DSD_POPULATION@DF_POP_HIST(1.0),,I,SVN,POP,PS,_T,_T,H,2023,2120937.0,A,0,0
DATAFLOW,OECD.ELS.SAE:DSD_POPULATION@DF_POP_HIST(1.0),,I,ESP,POP,PS,_T,_T,H,2023,48320520.0,A,0,0
DATAFLOW,OECD.ELS.SAE:DSD_POPULATION@DF_POP_HIST(1.0),,I,CHE,POP,PS,_T,_T,H,2023,8888818.0,A,0,0
DATAFLOW,OECD.ELS.SAE:DSD_POPULATION@DF_POP_HIST(1.0),,I,TUR,POP,PS,_T,_T,H,2023,85325967.0,A,0,0
DATAFLOW,OECD.ELS.SAE:DSD_POPULATION@DF_POP_HIST(1.0),,I,ARG,POP,PS,_T,_T,H,2023,45538401.0,A,0,0
DATAFLOW,OECD.ELS.SAE:DSD_POPULATION@DF_POP_HIST(1.0),,I,BRA,POP,PS,_T,_T,H,2023,216284269.0,A,0,0
DATAFLOW,OECD.ELS.SAE:DSD_POPULATION@DF_POP_HIST(1.0),,I,CHN,POP,PS,_T,_T,H,2023,1422580000.0,A,0,0
DATAFLOW,OECD.ELS.SAE:DSD_POPULATION@DF_POP_HIST(1.0),,I,HRV,POP,PS,_T,_T,H,2023,3859686.0,A,0,0
DATAFLOW,OECD.ELS.SAE:DSD_POPULATION@DF_POP_HIST(1.0),,I,CYP,POP,PS,_T,_T,H,2023,957724.0,A,0,0
DATAFLOW,OECD.ELS.SAE:DSD_POPULATION@DF_POP_HIST(1.0),,I,IND,POP,PS,_T,_T,H,2023,1438070000.0,A,0,0
DATAFLOW,OECD.ELS.SAE:DSD_POPULATION@DF_POP_HIST(1.0),,I,IDN,POP,PS,_T,_T,H,2023,278696190.0,A,0,0
DATAFLOW,OECD.ELS.SAE:DSD_POPULATION@DF_POP_HIST(1.0),,I,MLT,POP,PS,_T,_T,H,2023,552743.0,A,0,0
DATAFLOW,OECD.ELS.SAE:DSD_POPULATION@DF_POP_HIST(1.0),,I,ROU,POP,PS,_T,_T,H,2023,19065215.0,A,0,0
DATAFLOW,OECD.ELS.SAE:DSD_POPULATION@DF_POP_HIST(1.0),,I,RUS,POP,PS,_T,_T,H,2023,146299107.0,A,0,0
DATAFLOW,OECD.ELS.SAE:DSD_POPULATION@DF_POP_HIST(1.0),,I,SAU,POP,PS,_T,_T,H,2023,33702731.0,A,0,0
DATAFLOW,OECD.ELS.SAE:DSD_POPULATION@DF_POP_HIST(1.0),,I,SGP,POP,PS,_T,_T,H,2023,4149253.0,A,0,0
DATAFLOW,OECD.ELS.SAE:DSD_POPULATION@DF_POP_HIST(1.0),,I,W,POP,PS,_T,_T,H,2023,8091730000.0,A,0,0
DATAFLOW,OECD.ELS.SAE:DSD_POPULATION@DF_POP_HIST(1.0),,I,OECD,POP,PS,_T,_T,H,1992,1129990000.0,A,0,0
DATAFLOW,OECD.ELS.SAE:DSD_POPULATION@DF_POP_HIST(1.0),,I,OECD,POP,PS,_T,_T,H,1993,1139900000.0,A,0,0
DATAFLOW,OECD.ELS.SAE:DSD_POPULATION@DF_POP_HIST(1.0),,I,OECD,POP,PS,_T,_T,H,1994,1149190000.0,A,0,0
DATAFLOW,OECD.ELS.SAE:DSD_POPULATION@DF_POP_HIST(1.0),,I,OECD,POP,PS,_T,_T,H,1995,1158250000.0,A,0,0
DATAFLOW,OECD.ELS.SAE:DSD_POPULATION@DF_POP_HIST(1.0),,I,OECD,POP,PS,_T,_T,H,1996,1167130000.0,A,0,0
DATAFLOW,OECD.ELS.SAE:DSD_POPULATION@DF_POP_HIST(1.0),,I,OECD,POP,PS,_T,_T,H,1997,1175940000.0,A,0,0
DATAFLOW,OECD.ELS.SAE:DSD_POPULATION@DF_POP_HIST(1.0),,I,OECD,POP,PS,_T,_T,H,1998,1184370000.0,A,0,0
DATAFLOW,OECD.ELS.SAE:DSD_POPULATION@DF_POP_HIST(1.0),,I,OECD,POP,PS,_T,_T,H,1999,1192750000.0,A,0,0
DATAFLOW,OECD.ELS.SAE:DSD_POPULATION@DF_POP_HIST(1.0),,I,OECD,POP,PS,_T,_T,H,2000,1201500000.0,A,0,0
DATAFLOW,OECD.ELS.SAE:DSD_POPULATION@DF_POP_HIST(1.0),,I,OECD,POP,PS,_T,_T,H,2006,1254690000.0,A,0,0
DATAFLOW,OECD.ELS.SAE:DSD_POPULATION@DF_POP_HIST(1.0),,I,OECD,POP,PS,_T,_T,H,2010,1293280000.0,A,0,0
DATAFLOW,OECD.ELS.SAE:DSD_POPULATION@DF_POP_HIST(1.0),,I,OECD,POP,PS,_T,_T,H,2011,1300220000.0,A,0,0
DATAFLOW,OECD.ELS.SAE:DSD_POPULATION@DF_POP_HIST(1.0),,I,OECD,POP,PS,_T,_T,H,2012,1308300000.0,A,0,0
DATAFLOW,OECD.ELS.SAE:DSD_POPULATION@DF_POP_HIST(1.0),,I,OECD,POP,PS,_T,_T,H,2013,1316010000.0,A,0,0
DATAFLOW,OECD.ELS.SAE:DSD_POPULATION@DF_POP_HIST(1.0),,I,OECD,POP,PS,_T,_T,H,2014,1324310000.0,A,0,0
DATAFLOW,OECD.ELS.SAE:DSD_POPULATION@DF_POP_HIST(1.0),,I,OECD,POP,PS,_T,_T,H,2015,1332560000.0,A,0,0
DATAFLOW,OECD.ELS.SAE:DSD_POPULATION@DF_POP_HIST(1.0),,I,OECD,POP,PS,_T,_T,H,2016,1341120000.0,A,0,0
DATAFLOW,OECD.ELS.SAE:DSD_POPULATION@DF_POP_HIST(1.0),,I,OECD,POP,PS,_T,_T,H,2017,1348970000.0,A,0,0
DATAFLOW,OECD.ELS.SAE:DSD_POPULATION@DF_POP_HIST(1.0),,I,OECD,POP,PS,_T,_T,H,2018,1357030000.0,A,0,0
DATAFLOW,OECD.ELS.SAE:DSD_POPULATION@DF_POP_HIST(1.0),,I,OECD,POP,PS,_T,_T,H,2019,1365330000.0,A,0,0
DATAFLOW,OECD.ELS.SAE:DSD_POPULATION@DF_POP_HIST(1.0),,I,OECD,POP,PS,_T,_T,H,2020,1371160000.0,A,0,0
DATAFLOW,OECD.ELS.SAE:DSD_POPULATION@DF_POP_HIST(1.0),,I,OECD,POP,PS,_T,_T,H,2021,1374190000.0,A,0,0
DATAFLOW,OECD.ELS.SAE:DSD_POPULATION@DF_POP_HIST(1.0),,I,OECD,POP,PS,_T,_T,H,2022,1382090000.0,A,0,0
DATAFLOW,OECD.ELS.SAE:DSD_POPULATION@DF_POP_HIST(1.0),,I,OECD,POP,PS,_T,_T,H,2023,1390680000.0,A,0,0
DATAFLOW,OECD.ELS.SAE:DSD_POPULATION@DF_POP_HIST(1.0),,I,SWE,POP,PS,_T,_T,H,2000,8869255.0,A,0,0
DATAFLOW,OECD.ELS.SAE:DSD_POPULATION@DF_POP_HIST(1.0),,I,SWE,POP,PS,_T,_T,H,2001,8894674.0,A,0,0
DATAFLOW,OECD.ELS.SAE:DSD_POPULATION@DF_POP_HIST(1.0),,I,SWE,POP,PS,_T,_T,H,2002,8924529.0,A,0,0
DATAFLOW,OECD.ELS.SAE:DSD_POPULATION@DF_POP_HIST(1.0),,I,SWE,POP,PS,_T,_T,H,2003,8956664.0,A,0,0
DATAFLOW,OECD.ELS.SAE:DSD_POPULATION@DF_POP_HIST(1.0),,I,SWE,POP,PS,_T,_T,H,2004,8992217.0,A,0,0
DATAFLOW,OECD.ELS.SAE:DSD_POPULATION@DF_POP_HIST(1.0),,I,SWE,POP,PS,_T,_T,H,2005,9024186.0,A,0,0
DATAFLOW,OECD.ELS.SAE:DSD_POPULATION@DF_POP_HIST(1.0),,I,SWE,POP,PS,_T,_T,H,2006,9082995.0,A,0,0
DATAFLOW,OECD.ELS.SAE:DSD_POPULATION@DF_POP_HIST(1.0),,I,SWE,POP,PS,_T,_T,H,2007,9142817.0,A,0,0
DATAFLOW,OECD.ELS.SAE:DSD_POPULATION@DF_POP_HIST(1.0),,I,SWE,POP,PS,_T,_T,H,2008,9215021.0,A,0,0
DATAFLOW,OECD.ELS.SAE:DSD_POPULATION@DF_POP_HIST(1.0),,I,SWE,POP,PS,_T,_T,H,2009,9292359.0,A,0,0
DATAFLOW,OECD.ELS.SAE:DSD_POPULATION@DF_POP_HIST(1.0),,I,SWE,POP,PS,_T,_T,H,2010,9373379.0,A,0,0
DATAFLOW,OECD.ELS.SAE:DSD_POPULATION@DF_POP_HIST(1.0),,I,SWE,POP,PS,_T,_T,H,2011,9446812.0,A,0,0
DATAFLOW,OECD.ELS.SAE:DSD_POPULATION@DF_POP_HIST(1.0),,I,SWE,POP,PS,_T,_T,H,2012,9514406.0,A,0,0
DATAFLOW,OECD.ELS.SAE:DSD_POPULATION@DF_POP_HIST(1.0),,I,SWE,POP,PS,_T,_T,H,2013,9596436.0,A,0,0
DATAFLOW,OECD.ELS.SAE:DSD_POPULATION@DF_POP_HIST(1.0),,I,SWE,POP,PS,_T,_T,H,2014,9694194.0,A,0,0
DATAFLOW,OECD.ELS.SAE:DSD_POPULATION@DF_POP_HIST(1.0),,I,SWE,POP,PS,_T,_T,H,2015,9793172.0,A,0,0
DATAFLOW,OECD.ELS.SAE:DSD_POPULATION@DF_POP_HIST(1.0),,I,SWE,POP,PS,_T,_T,H,2016,9906331.0,A,0,0
DATAFLOW,OECD.ELS.SAE:DSD_POPULATION@DF_POP_HIST(1.0),,I,SWE,POP,PS,_T,_T,H,2017,10053061.0,A,0,0
DATAFLOW,OECD.ELS.SAE:DSD_POPULATION@DF_POP_HIST(1.0),,I,SWE,POP,PS,_T,_T,H,2018,10171524.0,A,0,0
DATAFLOW,OECD.ELS.SAE:DSD_POPULATION@DF_POP_HIST(1.0),,I,SWE,POP,PS,_T,_T,H,2019,10281189.0,A,0,0
DATAFLOW,OECD.ELS.SAE:DSD_POPULATION@DF_POP_HIST(1.0),,I,SWE,POP,PS,_T,_T,H,2020,10352390.0,A,0,0
DATAFLOW,OECD.ELS.SAE:DSD_POPULATION@DF_POP_HIST(1.0),,I,SWE,POP,PS,_T,_T,H,2021,10409248.0,A,0,0
DATAFLOW,OECD.ELS.SAE:DSD_POPULATION@DF_POP_HIST(1.0),,I,SWE,POP,PS,_T,_T,H,2022,10487859.0,A,0,0
DATAFLOW,OECD.ELS.SAE:DSD_POPULATION@DF_POP_HIST(1.0),,I,SWE,POP,PS,_T,_T,H,2023,10545310.0,A,0,0
DATAFLOW,OECD.ELS.SAE:DSD_POPULATION@DF_POP_HIST(1.0),,I,ZAF,POP,PS,_T,_T,H,2008,50068486.0,A,0,0
DATAFLOW,OECD.ELS.SAE:DSD_POPULATION@DF_POP_HIST(1.0),,I,ZAF,POP,PS,_T,_T,H,2009,50783099.0,A,0,0
DATAFLOW,OECD.ELS.SAE:DSD_POPULATION@DF_POP_HIST(1.0),,I,ZAF,POP,PS,_T,_T,H,2010,51507827.0,A,0,0
DATAFLOW,OECD.ELS.SAE:DSD_POPULATION@DF_POP_HIST(1.0),,I,ZAF,POP,PS,_T,_T,H,2011,52285283.0,A,0,0
DATAFLOW,OECD.ELS.SAE:DSD_POPULATION@DF_POP_HIST(1.0),,I,ZAF,POP,PS,_T,_T,H,2012,53125563.0,A,0,0
DATAFLOW,OECD.ELS.SAE:DSD_POPULATION@DF_POP_HIST(1.0),,I,ZAF,POP,PS,_T,_T,H,2013,53960768.0,A,0,0
DATAFLOW,OECD.ELS.SAE:DSD_POPULATION@DF_POP_HIST(1.0),,I,ZAF,POP,PS,_T,_T,H,2014,54837001.0,A,0,0
DATAFLOW,OECD.ELS.SAE:DSD_POPULATION@DF_POP_HIST(1.0),,I,ZAF,POP,PS,_T,_T,H,2015,55669436.0,A,0,0
DATAFLOW,OECD.ELS.SAE:DSD_POPULATION@DF_POP_HIST(1.0),,I,ZAF,POP,PS,_T,_T,H,2016,56436023.0,A,0,0
DATAFLOW,OECD.ELS.SAE:DSD_POPULATION@DF_POP_HIST(1.0),,I,ZAF,POP,PS,_T,_T,H,2017,57210747.0,A,0,0
DATAFLOW,OECD.ELS.SAE:DSD_POPULATION@DF_POP_HIST(1.0),,I,ZAF,POP,PS,_T,_T,H,2018,58038876.0,A,0,0
DATAFLOW,OECD.ELS.SAE:DSD_POPULATION@DF_POP_HIST(1.0),,I,ZAF,POP,PS,_T,_T,H,2019,58889765.0,A,0,0
DATAFLOW,OECD.ELS.SAE:DSD_POPULATION@DF_POP_HIST(1.0),,I,ZAF,POP,PS,_T,_T,H,2020,59694268.0,A,0,0
DATAFLOW,OECD.ELS.SAE:DSD_POPULATION@DF_POP_HIST(1.0),,I,ZAF,POP,PS,_T,_T,H,2021,60234725.0,A,0,0
DATAFLOW,OECD.ELS.SAE:DSD_POPULATION@DF_POP_HIST(1.0),,I,ZAF,POP,PS,_T,_T,H,2022,60867031.0,A,0,0
DATAFLOW,OECD.ELS.SAE:DSD_POPULATION@DF_POP_HIST(1.0),,I,ZAF,POP,PS,_T,_T,H,2023,61578350.0,A,0,0
DATAFLOW,OECD.ELS.SAE:DSD_POPULATION@DF_POP_HIST(1.0),,I,GBR,POP,PS,_T,_T,H,2006,60826967.0,A,0,0
DATAFLOW,OECD.ELS.SAE:DSD_POPULATION@DF_POP_HIST(1.0),,I,GBR,POP,PS,_T,_T,H,2012,63710543.0,A,0,0
DATAFLOW,OECD.ELS.SAE:DSD_POPULATION@DF_POP_HIST(1.0),,I,GBR,POP,PS,_T,_T,H,2013,64138221.0,A,0,0
DATAFLOW,OECD.ELS.SAE:DSD_POPULATION@DF_POP_HIST(1.0),,I,GBR,POP,PS,_T,_T,H,2014,64618693.0,A,0,0
DATAFLOW,OECD.ELS.SAE:DSD_POPULATION@DF_POP_HIST(1.0),,I,GBR,POP,PS,_T,_T,H,2015,65086958.0,A,0,0
DATAFLOW,OECD.ELS.SAE:DSD_POPULATION@DF_POP_HIST(1.0),,I,GBR,POP,PS,_T,_T,H,2016,65605841.0,A,0,0
DATAFLOW,OECD.ELS.SAE:DSD_POPULATION@DF_POP_HIST(1.0),,I,GBR,POP,PS,_T,_T,H,2017,65964292.0,A,0,0
DATAFLOW,OECD.ELS.SAE:DSD_POPULATION@DF_POP_HIST(1.0),,I,GBR,POP,PS,_T,_T,H,2018,66286727.0,A,0,0
DATAFLOW,OECD.ELS.SAE:DSD_POPULATION@DF_POP_HIST(1.0),,I,GBR,POP,PS,_T,_T,H,2019,66627507.0,A,0,0
DATAFLOW,OECD.ELS.SAE:DSD_POPULATION@DF_POP_HIST(1.0),,I,GBR,POP,PS,_T,_T,H,2020,66739867.0,A,0,0
DATAFLOW,OECD.ELS.SAE:DSD_POPULATION@DF_POP_HIST(1.0),,I,GBR,POP,PS,_T,_T,H,2021,66977988.0,A,0,0
DATAFLOW,OECD.ELS.SAE:DSD_POPULATION@DF_POP_HIST(1.0),,I,GBR,POP,PS,_T,_T,H,2022,67636134.0,A,0,0
DATAFLOW,OECD.ELS.SAE:DSD_POPULATION@DF_POP_HIST(1.0),,I,GBR,POP,PS,_T,_T,H,2023,68526183.0,A,0,0
DATAFLOW,OECD.ELS.SAE:DSD_POPULATION@DF_POP_HIST(1.0),,I,BGR,POP,PS,_T,_T,H,1990,8718288.0,A,0,0
DATAFLOW,OECD.ELS.SAE:DSD_POPULATION@DF_POP_HIST(1.0),,I,BGR,POP,PS,_T,_T,H,1991,8632369.0,A,0,0
DATAFLOW,OECD.ELS.SAE:DSD_POPULATION@DF_POP_HIST(1.0),,I,BGR,POP,PS,_T,_T,H,1992,8540160.0,A,0,0
DATAFLOW,OECD.ELS.SAE:DSD_POPULATION@DF_POP_HIST(1.0),,I,BGR,POP,PS,_T,_T,H,1994,8443588.0,A,0,0
DATAFLOW,OECD.ELS.SAE:DSD_POPULATION@DF_POP_HIST(1.0),,I,BGR,POP,PS,_T,_T,H,1995,8406070.0,A,0,0
DATAFLOW,OECD.ELS.SAE:DSD_POPULATION@DF_POP_HIST(1.0),,I,BGR,POP,PS,_T,_T,H,1996,8362818.0,A,0,0
DATAFLOW,OECD.ELS.SAE:DSD_POPULATION@DF_POP_HIST(1.0),,I,BGR,POP,PS,_T,_T,H,1997,8312061.0,A,0,0
DATAFLOW,OECD.ELS.SAE:DSD_POPULATION@DF_POP_HIST(1.0),,I,BGR,POP,PS,_T,_T,H,1998,8256780.0,A,0,0
DATAFLOW,OECD.ELS.SAE:DSD_POPULATION@DF_POP_HIST(1.0),,I,BGR,POP,PS,_T,_T,H,1999,8210621.0,A,0,0
DATAFLOW,OECD.ELS.SAE:DSD_POPULATION@DF_POP_HIST(1.0),,I,BGR,POP,PS,_T,_T,H,2000,8170171.0,A,0,0
DATAFLOW,OECD.ELS.SAE:DSD_POPULATION@DF_POP_HIST(1.0),,I,BGR,POP,PS,_T,_T,H,2001,8009138.0,A,0,0
DATAFLOW,OECD.ELS.SAE:DSD_POPULATION@DF_POP_HIST(1.0),,I,BGR,POP,PS,_T,_T,H,2002,7843520.0,A,0,0
DATAFLOW,OECD.ELS.SAE:DSD_POPULATION@DF_POP_HIST(1.0),,I,BGR,POP,PS,_T,_T,H,2012,7264891.0,A,0,0
DATAFLOW,OECD.ELS.SAE:DSD_POPULATION@DF_POP_HIST(1.0),,I,BGR,POP,PS,_T,_T,H,2013,7160010.0,A,0,0
DATAFLOW,OECD.ELS.SAE:DSD_POPULATION@DF_POP_HIST(1.0),,I,BGR,POP,PS,_T,_T,H,2014,7073576.0,A,0,0
DATAFLOW,OECD.ELS.SAE:DSD_POPULATION@DF_POP_HIST(1.0),,I,BGR,POP,PS,_T,_T,H,2015,6984223.0,A,0,0
DATAFLOW,OECD.ELS.SAE:DSD_POPULATION@DF_POP_HIST(1.0),,I,BGR,POP,PS,_T,_T,H,2016,6894133.0,A,0,0
DATAFLOW,OECD.ELS.SAE:DSD_POPULATION@DF_POP_HIST(1.0),,I,BGR,POP,PS,_T,_T,H,2017,6803473.0,A,0,0
DATAFLOW,OECD.ELS.SAE:DSD_POPULATION@DF_POP_HIST(1.0),,I,BGR,POP,PS,_T,_T,H,2018,6710797.0,A,0,0
DATAFLOW,OECD.ELS.SAE:DSD_POPULATION@DF_POP_HIST(1.0),,I,BGR,POP,PS,_T,_T,H,2019,6616726.0,A,0,0
DATAFLOW,OECD.ELS.SAE:DSD_POPULATION@DF_POP_HIST(1.0),,I,BGR,POP,PS,_T,_T,H,2020,6550692.0,A,0,0
DATAFLOW,OECD.ELS.SAE:DSD_POPULATION@DF_POP_HIST(1.0),,I,BGR,POP,PS,_T,_T,H,2021,6507301.0,A,0,0
DATAFLOW,OECD.ELS.SAE:DSD_POPULATION@DF_POP_HIST(1.0),,I,BGR,POP,PS,_T,_T,H,2022,6465094.0,A,0,0
DATAFLOW,OECD.ELS.SAE:DSD_POPULATION@DF_POP_HIST(1.0),,I,BGR,POP,PS,_T,_T,H,2023,6446597.0,A,0,0
DATAFLOW,OECD.ELS.SAE:DSD_POPULATION@DF_POP_HIST(1.0),,I,USA,POP,PS,_T,_T,H,2010,309378227.0,A,0,0
DATAFLOW,OECD.ELS.SAE:DSD_POPULATION@DF_POP_HIST(1.0),,I,USA,POP,PS,_T,_T,H,2011,311839461.0,A,0,0
DATAFLOW,OECD.ELS.SAE:DSD_POPULATION@DF_POP_HIST(1.0),,I,USA,POP,PS,_T,_T,H,2012,314339099.0,A,0,0
DATAFLOW,OECD.ELS.SAE:DSD_POPULATION@DF_POP_HIST(1.0),,I,USA,POP,PS,_T,_T,H,2013,316726282.0,A,0,0
DATAFLOW,OECD.ELS.SAE:DSD_POPULATION@DF_POP_HIST(1.0),,I,USA,POP,PS,_T,_T,H,2014,319257560.0,A,0,0
DATAFLOW,OECD.ELS.SAE:DSD_POPULATION@DF_POP_HIST(1.0),,I,USA,POP,PS,_T,_T,H,2015,321815121.0,A,0,0
DATAFLOW,OECD.ELS.SAE:DSD_POPULATION@DF_POP_HIST(1.0),,I,USA,POP,PS,_T,_T,H,2016,324353340.0,A,0,0
DATAFLOW,OECD.ELS.SAE:DSD_POPULATION@DF_POP_HIST(1.0),,I,USA,POP,PS,_T,_T,H,2017,326608609.0,A,0,0
DATAFLOW,OECD.ELS.SAE:DSD_POPULATION@DF_POP_HIST(1.0),,I,USA,POP,PS,_T,_T,H,2018,328529577.0,A,0,0
DATAFLOW,OECD.ELS.SAE:DSD_POPULATION@DF_POP_HIST(1.0),,I,USA,POP,PS,_T,_T,H,2019,330226227.0,A,0,0
DATAFLOW,OECD.ELS.SAE:DSD_POPULATION@DF_POP_HIST(1.0),,I,USA,POP,PS,_T,_T,H,2020,331578104.0,A,0,0
DATAFLOW,OECD.ELS.SAE:DSD_POPULATION@DF_POP_HIST(1.0),,I,USA,POP,PS,_T,_T,H,2021,332100166.0,A,0,0
DATAFLOW,OECD.ELS.SAE:DSD_POPULATION@DF_POP_HIST(1.0),,I,USA,POP,PS,_T,_T,H,2022,333996304.0,A,0,0
DATAFLOW,OECD.ELS.SAE:DSD_POPULATION@DF_POP_HIST(1.0),,I,USA,POP,PS,_T,_T,H,2023,336755052.0,A,0,0
DATAFLOW,OECD.ELS.SAE:DSD_POPULATION@DF_POP_HIST(1.0),,I,CYP,POP,PS,_T,_T,H,2012,862432.0,A,0,0
DATAFLOW,OECD.ELS.SAE:DSD_POPULATION@DF_POP_HIST(1.0),,I,CYP,POP,PS,_T,_T,H,2013,861450.0,A,0,0
DATAFLOW,OECD.ELS.SAE:DSD_POPULATION@DF_POP_HIST(1.0),,I,CYP,POP,PS,_T,_T,H,2014,860441.0,A,0,0
DATAFLOW,OECD.ELS.SAE:DSD_POPULATION@DF_POP_HIST(1.0),,I,CYP,POP,PS,_T,_T,H,2015,862302.0,A,0,0
DATAFLOW,OECD.ELS.SAE:DSD_POPULATION@DF_POP_HIST(1.0),,I,CYP,POP,PS,_T,_T,H,2016,866819.0,A,0,0
DATAFLOW,OECD.ELS.SAE:DSD_POPULATION@DF_POP_HIST(1.0),,I,CYP,POP,PS,_T,_T,H,2017,874238.0,A,0,0
DATAFLOW,OECD.ELS.SAE:DSD_POPULATION@DF_POP_HIST(1.0),,I,CYP,POP,PS,_T,_T,H,2018,884395.0,A,0,0
DATAFLOW,OECD.ELS.SAE:DSD_POPULATION@DF_POP_HIST(1.0),,I,CYP,POP,PS,_T,_T,H,2019,896320.0,A,0,0
DATAFLOW,OECD.ELS.SAE:DSD_POPULATION@DF_POP_HIST(1.0),,I,CYP,POP,PS,_T,_T,H,2020,908456.0,A,0,0
DATAFLOW,OECD.ELS.SAE:DSD_POPULATION@DF_POP_HIST(1.0),,I,CYP,POP,PS,_T,_T,H,2021,922121.0,A,0,0
DATAFLOW,OECD.ELS.SAE:DSD_POPULATION@DF_POP_HIST(1.0),,I,CYP,POP,PS,_T,_T,H,2022,939419.0,A,0,0
DATAFLOW,OECD.ELS.SAE:DSD_POPULATION@DF_POP_HIST(1.0),,I,LVA,POP,PS,_T,_T,H,1990,2663145.0,A,0,0
DATAFLOW,OECD.ELS.SAE:DSD_POPULATION@DF_POP_HIST(1.0),,I,LVA,POP,PS,_T,_T,H,1991,2650587.0,A,0,0
DATAFLOW,OECD.ELS.SAE:DSD_POPULATION@DF_POP_HIST(1.0),,I,LVA,POP,PS,_T,_T,H,1992,2614337.0,A,0,0
DATAFLOW,OECD.ELS.SAE:DSD_POPULATION@DF_POP_HIST(1.0),,I,LVA,POP,PS,_T,_T,H,1993,2563293.0,A,0,0
DATAFLOW,OECD.ELS.SAE:DSD_POPULATION@DF_POP_HIST(1.0),,I,LVA,POP,PS,_T,_T,H,1994,2520741.0,A,0,0
DATAFLOW,OECD.ELS.SAE:DSD_POPULATION@DF_POP_HIST(1.0),,I,LVA,POP,PS,_T,_T,H,1995,2485058.0,A,0,0
DATAFLOW,OECD.ELS.SAE:DSD_POPULATION@DF_POP_HIST(1.0),,I,LVA,POP,PS,_T,_T,H,1996,2457221.0,A,0,0
DATAFLOW,OECD.ELS.SAE:DSD_POPULATION@DF_POP_HIST(1.0),,I,LVA,POP,PS,_T,_T,H,1997,2432852.0,A,0,0
DATAFLOW,OECD.ELS.SAE:DSD_POPULATION@DF_POP_HIST(1.0),,I,LVA,POP,PS,_T,_T,H,1998,2410022.0,A,0,0
DATAFLOW,OECD.ELS.SAE:DSD_POPULATION@DF_POP_HIST(1.0),,I,LVA,POP,PS,_T,_T,H,1999,2390479.0,A,0,0
DATAFLOW,OECD.ELS.SAE:DSD_POPULATION@DF_POP_HIST(1.0),,I,LVA,POP,PS,_T,_T,H,2000,2367548.0,A,0,0
DATAFLOW,OECD.ELS.SAE:DSD_POPULATION@DF_POP_HIST(1.0),,I,LVA,POP,PS,_T,_T,H,2001,2337176.0,A,0,0
DATAFLOW,OECD.ELS.SAE:DSD_POPULATION@DF_POP_HIST(1.0),,I,LVA,POP,PS,_T,_T,H,2002,2310180.0,A,0,0
DATAFLOW,OECD.ELS.SAE:DSD_POPULATION@DF_POP_HIST(1.0),,I,LVA,POP,PS,_T,_T,H,2003,2287958.0,A,0,0
DATAFLOW,OECD.ELS.SAE:DSD_POPULATION@DF_POP_HIST(1.0),,I,LVA,POP,PS,_T,_T,H,2004,2263118.0,A,0,0
DATAFLOW,OECD.ELS.SAE:DSD_POPULATION@DF_POP_HIST(1.0),,I,LVA,POP,PS,_T,_T,H,2005,2238798.0,A,0,0
DATAFLOW,OECD.ELS.SAE:DSD_POPULATION@DF_POP_HIST(1.0),,I,LVA,POP,PS,_T,_T,H,2006,2218348.0,A,0,0
DATAFLOW,OECD.ELS.SAE:DSD_POPULATION@DF_POP_HIST(1.0),,I,LVA,POP,PS,_T,_T,H,2007,2200327.0,A,0,0
DATAFLOW,OECD.ELS.SAE:DSD_POPULATION@DF_POP_HIST(1.0),,I,LVA,POP,PS,_T,_T,H,2008,2177327.0,A,0,0
DATAFLOW,OECD.ELS.SAE:DSD_POPULATION@DF_POP_HIST(1.0),,I,LVA,POP,PS,_T,_T,H,2009,2141674.0,A,0,0
DATAFLOW,OECD.ELS.SAE:DSD_POPULATION@DF_POP_HIST(1.0),,I,LVA,POP,PS,_T,_T,H,2012,2034327.0,A,0,0
DATAFLOW,OECD.ELS.SAE:DSD_POPULATION@DF_POP_HIST(1.0),,I,LVA,POP,PS,_T,_T,H,2013,2012650.0,A,0,0
DATAFLOW,OECD.ELS.SAE:DSD_POPULATION@DF_POP_HIST(1.0),,I,LVA,POP,PS,_T,_T,H,2014,1993780.0,A,0,0
DATAFLOW,OECD.ELS.SAE:DSD_POPULATION@DF_POP_HIST(1.0),,I,LVA,POP,PS,_T,_T,H,2015,1977528.0,A,0,0
DATAFLOW,OECD.ELS.SAE:DSD_POPULATION@DF_POP_HIST(1.0),,I,LVA,POP,PS,_T,_T,H,2016,1959536.0,A,0,0
DATAFLOW,OECD.ELS.SAE:DSD_POPULATION@DF_POP_HIST(1.0),,I,LVA,POP,PS,_T,_T,H,2017,1942250.0,A,0,0
DATAFLOW,OECD.ELS.SAE:DSD_POPULATION@DF_POP_HIST(1.0),,I,LVA,POP,PS,_T,_T,H,2018,1927173.0,A,0,0
DATAFLOW,OECD.ELS.SAE:DSD_POPULATION@DF_POP_HIST(1.0),,I,LVA,POP,PS,_T,_T,H,2019,1913829.0,A,0,0
DATAFLOW,OECD.ELS.SAE:DSD_POPULATION@DF_POP_HIST(1.0),,I,LVA,POP,PS,_T,_T,H,2020,1900445.0,A,0,0
DATAFLOW,OECD.ELS.SAE:DSD_POPULATION@DF_POP_HIST(1.0),,I,LVA,POP,PS,_T,_T,H,2021,1884492.0,A,0,0
DATAFLOW,OECD.ELS.SAE:DSD_POPULATION@DF_POP_HIST(1.0),,I,DEU,POP,PS,_T,_T,H,1992,80583806.0,A,0,0
DATAFLOW,OECD.ELS.SAE:DSD_POPULATION@DF_POP_HIST(1.0),,I,DEU,POP,PS,_T,_T,H,1993,81112618.0,A,0,0
DATAFLOW,OECD.ELS.SAE:DSD_POPULATION@DF_POP_HIST(1.0),,I,DEU,POP,PS,_T,_T,H,1994,81391554.0,A,0,0
DATAFLOW,OECD.ELS.SAE:DSD_POPULATION@DF_POP_HIST(1.0),,I,DEU,POP,PS,_T,_T,H,1995,81626194.0,A,0,0
DATAFLOW,OECD.ELS.SAE:DSD_POPULATION@DF_POP_HIST(1.0),,I,DEU,POP,PS,_T,_T,H,1996,81856452.0,A,0,0
DATAFLOW,OECD.ELS.SAE:DSD_POPULATION@DF_POP_HIST(1.0),,I,DEU,POP,PS,_T,_T,H,1997,81969930.0,A,0,0
DATAFLOW,OECD.ELS.SAE:DSD_POPULATION@DF_POP_HIST(1.0),,I,DEU,POP,PS,_T,_T,H,1998,82013081.0,A,0,0
DATAFLOW,OECD.ELS.SAE:DSD_POPULATION@DF_POP_HIST(1.0),,I,DEU,POP,PS,_T,_T,H,1999,82051103.0,A,0,0
DATAFLOW,OECD.ELS.SAE:DSD_POPULATION@DF_POP_HIST(1.0),,I,DEU,POP,PS,_T,_T,H,2000,82162364.0,A,0,0
DATAFLOW,OECD.ELS.SAE:DSD_POPULATION@DF_POP_HIST(1.0),,I,DEU,POP,PS,_T,_T,H,2001,82349922.0,A,0,0
DATAFLOW,OECD.ELS.SAE:DSD_POPULATION@DF_POP_HIST(1.0),,I,DEU,POP,PS,_T,_T,H,2004,82516266.0,A,0,0
DATAFLOW,OECD.ELS.SAE:DSD_POPULATION@DF_POP_HIST(1.0),,I,DEU,POP,PS,_T,_T,H,2006,82376451.0,A,0,0
DATAFLOW,OECD.ELS.SAE:DSD_POPULATION@DF_POP_HIST(1.0),,I,DEU,POP,PS,_T,_T,H,2007,82266371.0,A,0,0
DATAFLOW,OECD.ELS.SAE:DSD_POPULATION@DF_POP_HIST(1.0),,I,DEU,POP,PS,_T,_T,H,2008,82110098.0,A,0,0
DATAFLOW,OECD.ELS.SAE:DSD_POPULATION@DF_POP_HIST(1.0),,I,DEU,POP,PS,_T,_T,H,2009,81902311.0,A,0,0
DATAFLOW,OECD.ELS.SAE:DSD_POPULATION@DF_POP_HIST(1.0),,I,DEU,POP,PS,_T,_T,H,2020,83160877.0,A,0,0
DATAFLOW,OECD.ELS.SAE:DSD_POPULATION@DF_POP_HIST(1.0),,I,DEU,POP,PS,_T,_T,H,2021,83196076.0,A,0,0
DATAFLOW,OECD.ELS.SAE:DSD_POPULATION@DF_POP_HIST(1.0),,I,GRC,POP,PS,_T,_T,H,2021,10570133.0,A,0,0
DATAFLOW,OECD.ELS.SAE:DSD_POPULATION@DF_POP_HIST(1.0),,I,PRT,POP,PS,_T,_T,H,2021,10561281.0,A,0,0
DATAFLOW,OECD.ELS.SAE:DSD_POPULATION@DF_POP_HIST(1.0),,I,DEU,POP,PS,_T,_T,H,2023,83287281.0,A,0,0
DATAFLOW,OECD.ELS.SAE:DSD_POPULATION@DF_POP_HIST(1.0),,I,LVA,POP,PS,_T,_T,H,2023,1886915.0,A,0,0
DATAFLOW,OECD.ELS.SAE:DSD_POPULATION@DF_POP_HIST(1.0),,I,PRT,POP,PS,_T,_T,H,2023,11067026.0,A,0,0
DATAFLOW,OECD.ELS.SAE:DSD_POPULATION@DF_POP_HIST(1.0),,I,AUS,POP,PS,_T,_T,H,2023,26659922.0,A,0,0
DATAFLOW,OECD.ELS.SAE:DSD_POPULATION@DF_POP_HIST(1.0),,I,GRC,POP,PS,_T,_T,H,2023,10394869.0,A,0,0
DATAFLOW,OECD.ELS.SAE:DSD_POPULATION@DF_POP_HIST(1.0),,I,FRA,POP,PS,_T,_T,H,2023,68521609.0,A,0,0
DATAFLOW,OECD.ELS.SAE:DSD_POPULATION@DF_POP_HIST(1.0),,I,CAN,POP,PS,_T,_T,H,2023,40049088.0,A,0,0
DATAFLOW,OECD.ELS.SAE:DSD_POPULATION@DF_POP_HIST(1.0),,I,FRA,POP,PS,_T,_T,H,2022,68232524.0,A,0,0
DATAFLOW,OECD.ELS.SAE:DSD_POPULATION@DF_POP_HIST(1.0),,I,DEU,POP,PS,_T,_T,H,2022,83797987.0,A,0,0
DATAFLOW,OECD.ELS.SAE:DSD_POPULATION@DF_POP_HIST(1.0),,I,GRC,POP,PS,_T,_T,H,2022,10437804.0,A,0,0
DATAFLOW,OECD.ELS.SAE:DSD_POPULATION@DF_POP_HIST(1.0),,I,PRT,POP,PS,_T,_T,H,2022,10764411.0,A,0,0
DATAFLOW,OECD.ELS.SAE:DSD_POPULATION@DF_POP_HIST(1.0),,I,AUS,POP,PS,_T,_T,H,2022,26018721.0,A,0,0
DATAFLOW,OECD.ELS.SAE:DSD_POPULATION@DF_POP_HIST(1.0),,I,ROU,POP,PS,_T,_T,H,2022,19053345.0,A,0,0
DATAFLOW,OECD.ELS.SAE:DSD_POPULATION@DF_POP_HIST(1.0),,I,LVA,POP,PS,_T,_T,H,2022,1879377.0,A,0,0
DATAFLOW,OECD.ELS.SAE:DSD_POPULATION@DF_POP_HIST(1.0),,I,CAN,POP,PS,_T,_T,H,2022,38950132.0,A,0,0
DATAFLOW,OECD.ELS.SAE:DSD_POPULATION@DF_POP_HIST(1.0),,I,G20,POP,PS,_T,_T,H,1992,3763500000.0,A,0,0
DATAFLOW,OECD.ELS.SAE:DSD_POPULATION@DF_POP_HIST(1.0),,I,G20,POP,PS,_T,_T,H,1993,3811510000.0,A,0,0
DATAFLOW,OECD.ELS.SAE:DSD_POPULATION@DF_POP_HIST(1.0),,I,G20,POP,PS,_T,_T,H,1994,3857660000.0,A,0,0
DATAFLOW,OECD.ELS.SAE:DSD_POPULATION@DF_POP_HIST(1.0),,I,G20,POP,PS,_T,_T,H,1995,3902930000.0,A,0,0
DATAFLOW,OECD.ELS.SAE:DSD_POPULATION@DF_POP_HIST(1.0),,I,G20,POP,PS,_T,_T,H,1996,3947790000.0,A,0,0
DATAFLOW,OECD.ELS.SAE:DSD_POPULATION@DF_POP_HIST(1.0),,I,G20,POP,PS,_T,_T,H,1997,3992000000.0,A,0,0
DATAFLOW,OECD.ELS.SAE:DSD_POPULATION@DF_POP_HIST(1.0),,I,G20,POP,PS,_T,_T,H,1998,4035440000.0,A,0,0
DATAFLOW,OECD.ELS.SAE:DSD_POPULATION@DF_POP_HIST(1.0),,I,G20,POP,PS,_T,_T,H,1999,4078110000.0,A,0,0
DATAFLOW,OECD.ELS.SAE:DSD_POPULATION@DF_POP_HIST(1.0),,I,G20,POP,PS,_T,_T,H,2000,4121520000.0,A,0,0
DATAFLOW,OECD.ELS.SAE:DSD_POPULATION@DF_POP_HIST(1.0),,I,G20,POP,PS,_T,_T,H,2002,4204350000.0,A,0,0
DATAFLOW,OECD.ELS.SAE:DSD_POPULATION@DF_POP_HIST(1.0),,I,G20,POP,PS,_T,_T,H,2003,4244860000.0,A,0,0
DATAFLOW,OECD.ELS.SAE:DSD_POPULATION@DF_POP_HIST(1.0),,I,G20,POP,PS,_T,_T,H,2006,4366600000.0,A,0,0
DATAFLOW,OECD.ELS.SAE:DSD_POPULATION@DF_POP_HIST(1.0),,I,G20,POP,PS,_T,_T,H,2008,4448340000.0,A,0,0
DATAFLOW,OECD.ELS.SAE:DSD_POPULATION@DF_POP_HIST(1.0),,I,G20,POP,PS,_T,_T,H,2009,4489690000.0,A,0,0
DATAFLOW,OECD.ELS.SAE:DSD_POPULATION@DF_POP_HIST(1.0),,I,G20,POP,PS,_T,_T,H,2010,4531150000.0,A,0,0
DATAFLOW,OECD.ELS.SAE:DSD_POPULATION@DF_POP_HIST(1.0),,I,G20,POP,PS,_T,_T,H,2011,4571180000.0,A,0,0
DATAFLOW,OECD.ELS.SAE:DSD_POPULATION@DF_POP_HIST(1.0),,I,G20,POP,PS,_T,_T,H,2012,4612430000.0,A,0,0
DATAFLOW,OECD.ELS.SAE:DSD_POPULATION@DF_POP_HIST(1.0),,I,G20,POP,PS,_T,_T,H,2013,4653560000.0,A,0,0
DATAFLOW,OECD.ELS.SAE:DSD_POPULATION@DF_POP_HIST(1.0),,I,G20,POP,PS,_T,_T,H,2014,4695460000.0,A,0,0
DATAFLOW,OECD.ELS.SAE:DSD_POPULATION@DF_POP_HIST(1.0),,I,G20,POP,PS,_T,_T,H,2015,4734240000.0,A,0,0
DATAFLOW,OECD.ELS.SAE:DSD_POPULATION@DF_POP_HIST(1.0),,I,G20,POP,PS,_T,_T,H,2016,4772480000.0,A,0,0
DATAFLOW,OECD.ELS.SAE:DSD_POPULATION@DF_POP_HIST(1.0),,I,G20,POP,PS,_T,_T,H,2017,4808670000.0,A,0,0
DATAFLOW,OECD.ELS.SAE:DSD_POPULATION@DF_POP_HIST(1.0),,I,G20,POP,PS,_T,_T,H,2018,4841410000.0,A,0,0
DATAFLOW,OECD.ELS.SAE:DSD_POPULATION@DF_POP_HIST(1.0),,I,G20,POP,PS,_T,_T,H,2019,4871840000.0,A,0,0
DATAFLOW,OECD.ELS.SAE:DSD_POPULATION@DF_POP_HIST(1.0),,I,G20,POP,PS,_T,_T,H,2020,4892920000.0,A,0,0
DATAFLOW,OECD.ELS.SAE:DSD_POPULATION@DF_POP_HIST(1.0),,I,G20,POP,PS,_T,_T,H,2021,4910490000.0,A,0,0
DATAFLOW,OECD.ELS.SAE:DSD_POPULATION@DF_POP_HIST(1.0),,I,G20,POP,PS,_T,_T,H,2022,4933330000.0,A,0,0
DATAFLOW,OECD.ELS.SAE:DSD_POPULATION@DF_POP_HIST(1.0),,I,G20,POP,PS,_T,_T,H,2023,4957330000.0,A,0,0
DATAFLOW,OECD.ELS.SAE:DSD_POPULATION@DF_POP_HIST(1.0),,I,EU27,POP,PS,_T,_T,H,1990,418755047.0,A,0,0
DATAFLOW,OECD.ELS.SAE:DSD_POPULATION@DF_POP_HIST(1.0),,I,EU27,POP,PS,_T,_T,H,1991,421350480.0,A,0,0
DATAFLOW,OECD.ELS.SAE:DSD_POPULATION@DF_POP_HIST(1.0),,I,EU27,POP,PS,_T,_T,H,1992,422589771.0,A,0,0
DATAFLOW,OECD.ELS.SAE:DSD_POPULATION@DF_POP_HIST(1.0),,I,EU27,POP,PS,_T,_T,H,1993,423833647.0,A,0,0
DATAFLOW,OECD.ELS.SAE:DSD_POPULATION@DF_POP_HIST(1.0),,I,EU27,POP,PS,_T,_T,H,1994,424724136.0,A,0,0
DATAFLOW,OECD.ELS.SAE:DSD_POPULATION@DF_POP_HIST(1.0),,I,EU27,POP,PS,_T,_T,H,1995,425445522.0,A,0,0
DATAFLOW,OECD.ELS.SAE:DSD_POPULATION@DF_POP_HIST(1.0),,I,EU27,POP,PS,_T,_T,H,1996,426109672.0,A,0,0
DATAFLOW,OECD.ELS.SAE:DSD_POPULATION@DF_POP_HIST(1.0),,I,EU27,POP,PS,_T,_T,H,1997,426669973.0,A,0,0
DATAFLOW,OECD.ELS.SAE:DSD_POPULATION@DF_POP_HIST(1.0),,I,EU27,POP,PS,_T,_T,H,1998,427176518.0,A,0,0
DATAFLOW,OECD.ELS.SAE:DSD_POPULATION@DF_POP_HIST(1.0),,I,EU27,POP,PS,_T,_T,H,1999,427773510.0,A,0,0
DATAFLOW,OECD.ELS.SAE:DSD_POPULATION@DF_POP_HIST(1.0),,I,EU27,POP,PS,_T,_T,H,2000,428692347.0,A,0,0
DATAFLOW,OECD.ELS.SAE:DSD_POPULATION@DF_POP_HIST(1.0),,I,EU27,POP,PS,_T,_T,H,2001,429345651.0,A,0,0
DATAFLOW,OECD.ELS.SAE:DSD_POPULATION@DF_POP_HIST(1.0),,I,EU27,POP,PS,_T,_T,H,2002,430378667.0,A,0,0
DATAFLOW,OECD.ELS.SAE:DSD_POPULATION@DF_POP_HIST(1.0),,I,EU27,POP,PS,_T,_T,H,2003,432004173.0,A,0,0
DATAFLOW,OECD.ELS.SAE:DSD_POPULATION@DF_POP_HIST(1.0),,I,EU27,POP,PS,_T,_T,H,2004,433606795.0,A,0,0
DATAFLOW,OECD.ELS.SAE:DSD_POPULATION@DF_POP_HIST(1.0),,I,EU27,POP,PS,_T,_T,H,2005,435271649.0,A,0,0
DATAFLOW,OECD.ELS.SAE:DSD_POPULATION@DF_POP_HIST(1.0),,I,EU27,POP,PS,_T,_T,H,2006,436689288.0,A,0,0
DATAFLOW,OECD.ELS.SAE:DSD_POPULATION@DF_POP_HIST(1.0),,I,EU27,POP,PS,_T,_T,H,2007,438272593.0,A,0,0
DATAFLOW,OECD.ELS.SAE:DSD_POPULATION@DF_POP_HIST(1.0),,I,EU27,POP,PS,_T,_T,H,2008,439801048.0,A,0,0
DATAFLOW,OECD.ELS.SAE:DSD_POPULATION@DF_POP_HIST(1.0),,I,EU27,POP,PS,_T,_T,H,2009,440911697.0,A,0,0
DATAFLOW,OECD.ELS.SAE:DSD_POPULATION@DF_POP_HIST(1.0),,I,EU27,POP,PS,_T,_T,H,2010,442059357.0,A,0,0
DATAFLOW,OECD.ELS.SAE:DSD_POPULATION@DF_POP_HIST(1.0),,I,EU27,POP,PS,_T,_T,H,2011,441262662.0,A,0,0
DATAFLOW,OECD.ELS.SAE:DSD_POPULATION@DF_POP_HIST(1.0),,I,EU27,POP,PS,_T,_T,H,2012,441861625.0,A,0,0
DATAFLOW,OECD.ELS.SAE:DSD_POPULATION@DF_POP_HIST(1.0),,I,EU27,POP,PS,_T,_T,H,2013,442232951.0,A,0,0
DATAFLOW,OECD.ELS.SAE:DSD_POPULATION@DF_POP_HIST(1.0),,I,EU27,POP,PS,_T,_T,H,2014,442953549.0,A,0,0
DATAFLOW,OECD.ELS.SAE:DSD_POPULATION@DF_POP_HIST(1.0),,I,EU27,POP,PS,_T,_T,H,2015,443765333.0,A,0,0
DATAFLOW,OECD.ELS.SAE:DSD_POPULATION@DF_POP_HIST(1.0),,I,EU27,POP,PS,_T,_T,H,2016,444643350.0,A,0,0
DATAFLOW,OECD.ELS.SAE:DSD_POPULATION@DF_POP_HIST(1.0),,I,EU27,POP,PS,_T,_T,H,2017,445259246.0,A,0,0
DATAFLOW,OECD.ELS.SAE:DSD_POPULATION@DF_POP_HIST(1.0),,I,EU27,POP,PS,_T,_T,H,2018,445995126.0,A,0,0
DATAFLOW,OECD.ELS.SAE:DSD_POPULATION@DF_POP_HIST(1.0),,I,EU27,POP,PS,_T,_T,H,2019,446900213.0,A,0,0
DATAFLOW,OECD.ELS.SAE:DSD_POPULATION@DF_POP_HIST(1.0),,I,EU27,POP,PS,_T,_T,H,2020,447142751.0,A,0,0
DATAFLOW,OECD.ELS.SAE:DSD_POPULATION@DF_POP_HIST(1.0),,I,EU27,POP,PS,_T,_T,H,2021,446893361.0,A,0,0
DATAFLOW,OECD.ELS.SAE:DSD_POPULATION@DF_POP_HIST(1.0),,I,EU27,POP,PS,_T,_T,H,2022,448856455.0,A,0,0
DATAFLOW,OECD.ELS.SAE:DSD_POPULATION@DF_POP_HIST(1.0),,I,EU27,POP,PS,_T,_T,H,2023,450057330.0,A,0,0
DATAFLOW,OECD.ELS.SAE:DSD_POPULATION@DF_POP_HIST(1.0),,I,AUS,POP,PS,_T,_T,H,2024,27194286.0,A,0,0
DATAFLOW,OECD.ELS.SAE:DSD_POPULATION@DF_POP_HIST(1.0),,I,CAN,POP,PS,_T,_T,H,2024,41262329.0,A,0,0
DATAFLOW,OECD.ELS.SAE:DSD_POPULATION@DF_POP_HIST(1.0),,I,FRA,POP,PS,_T,_T,H,2024,68745188.0,A,0,0
DATAFLOW,OECD.ELS.SAE:DSD_POPULATION@DF_POP_HIST(1.0),,I,DEU,POP,PS,_T,_T,H,2024,83516599.0,A,0,0
DATAFLOW,OECD.ELS.SAE:DSD_POPULATION@DF_POP_HIST(1.0),,I,GRC,POP,PS,_T,_T,H,2024,10374048.0,A,0,0
DATAFLOW,OECD.ELS.SAE:DSD_POPULATION@DF_POP_HIST(1.0),,I,HUN,POP,PS,_T,_T,H,2024,9562069.0,A,0,0
DATAFLOW,OECD.ELS.SAE:DSD_POPULATION@DF_POP_HIST(1.0),,I,ISR,POP,PS,_T,_T,H,2024,9749700.0,A,0,0
DATAFLOW,OECD.ELS.SAE:DSD_POPULATION@DF_POP_HIST(1.0),,I,ITA,POP,PS,_T,_T,H,2024,58957352.0,A,0,0
DATAFLOW,OECD.ELS.SAE:DSD_POPULATION@DF_POP_HIST(1.0),,I,LVA,POP,PS,_T,_T,H,2024,1869569.0,A,0,0
DATAFLOW,OECD.ELS.SAE:DSD_POPULATION@DF_POP_HIST(1.0),,I,LTU,POP,PS,_T,_T,H,2024,2888277.0,A,0,0
DATAFLOW,OECD.ELS.SAE:DSD_POPULATION@DF_POP_HIST(1.0),,I,NLD,POP,PS,_T,_T,H,2024,17993486.0,A,0,0
DATAFLOW,OECD.ELS.SAE:DSD_POPULATION@DF_POP_HIST(1.0),,I,NZL,POP,PS,_T,_T,H,2024,5289900.0,A,0,0
DATAFLOW,OECD.ELS.SAE:DSD_POPULATION@DF_POP_HIST(1.0),,I,PRT,POP,PS,_T,_T,H,2024,11295785.0,A,0,0
DATAFLOW,OECD.ELS.SAE:DSD_POPULATION@DF_POP_HIST(1.0),,I,ESP,POP,PS,_T,_T,H,2024,48821936.0,A,0,0
DATAFLOW,OECD.ELS.SAE:DSD_POPULATION@DF_POP_HIST(1.0),,I,SWE,POP,PS,_T,_T,H,2024,10553341.0,A,0,0
DATAFLOW,OECD.ELS.SAE:DSD_POPULATION@DF_POP_HIST(1.0),,I,CHE,POP,PS,_T,_T,H,2024,9006643.5,A,0,0
DATAFLOW,OECD.ELS.SAE:DSD_POPULATION@DF_POP_HIST(1.0),,I,GBR,POP,PS,_T,_T,H,2024,69281437.0,A,0,0
DATAFLOW,OECD.ELS.SAE:DSD_POPULATION@DF_POP_HIST(1.0),,I,USA,POP,PS,_T,_T,H,2024,340003797.0,A,0,0
DATAFLOW,OECD.ELS.SAE:DSD_POPULATION@DF_POP_HIST(1.0),,I,G20,POP,PS,_T,_T,H,2024,4981290000.0,A,0,0
DATAFLOW,OECD.ELS.SAE:DSD_POPULATION@DF_POP_HIST(1.0),,I,EU27,POP,PS,_T,_T,H,2024,451474283.0,A,0,0
DATAFLOW,OECD.ELS.SAE:DSD_POPULATION@DF_POP_HIST(1.0),,I,OECD,POP,PS,_T,_T,H,2024,1399670000.0,A,0,0
DATAFLOW,OECD.ELS.SAE:DSD_POPULATION@DF_POP_HIST(1.0),,I,BGR,POP,PS,_T,_T,H,2024,6441422.0,A,0,0
DATAFLOW,OECD.ELS.SAE:DSD_POPULATION@DF_POP_HIST(1.0),,I,HRV,POP,PS,_T,_T,H,2024,3866233.0,A,0,0
DATAFLOW,OECD.ELS.SAE:DSD_POPULATION@DF_POP_HIST(1.0),,I,CYP,POP,PS,_T,_T,H,2024,974663.0,A,0,0
DATAFLOW,OECD.ELS.SAE:DSD_POPULATION@DF_POP_HIST(1.0),,I,MLT,POP,PS,_T,_T,H,2024,568852.0,A,0,0
DATAFLOW,OECD.ELS.SAE:DSD_POPULATION@DF_POP_HIST(1.0),,I,ROU,POP,PS,_T,_T,H,2024,19055961.0,A,0,0
DATAFLOW,OECD.ELS.SAE:DSD_POPULATION@DF_POP_HIST(1.0),,I,RUS,POP,PS,_T,_T,H,2024,145855768.0,A,0,0
DATAFLOW,OECD.ELS.SAE:DSD_POPULATION@DF_POP_HIST(1.0),,I,ZAF,POP,PS,_T,_T,H,2024,62328654.0,A,0,0
DATAFLOW,OECD.ELS.SAE:DSD_POPULATION@DF_POP_HIST(1.0),,I,AUS,POP,PS,_T,_T,H,2025,27614411.0,A,0,0
DATAFLOW,OECD.ELS.SAE:DSD_POPULATION@DF_POP_HIST(1.0),,I,AUT,POP,PS,_T,_T,H,2025,9208161.0,A,0,0
DATAFLOW,OECD.ELS.SAE:DSD_POPULATION@DF_POP_HIST(1.0),,I,BEL,POP,PS,_T,_T,H,2025,11846589.0,A,0,0
DATAFLOW,OECD.ELS.SAE:DSD_POPULATION@DF_POP_HIST(1.0),,I,CAN,POP,PS,_T,_T,H,2025,41651653.0,A,0,0
DATAFLOW,OECD.ELS.SAE:DSD_POPULATION@DF_POP_HIST(1.0),,I,CZE,POP,PS,_T,_T,H,2025,10891162.0,A,0,0
DATAFLOW,OECD.ELS.SAE:DSD_POPULATION@DF_POP_HIST(1.0),,I,DNK,POP,PS,_T,_T,H,2025,6002420.0,A,0,0
DATAFLOW,OECD.ELS.SAE:DSD_POPULATION@DF_POP_HIST(1.0),,I,EST,POP,PS,_T,_T,H,2025,1365370.0,A,0,0
DATAFLOW,OECD.ELS.SAE:DSD_POPULATION@DF_POP_HIST(1.0),,I,FIN,POP,PS,_T,_T,H,2025,5644421.0,A,0,0
DATAFLOW,OECD.ELS.SAE:DSD_POPULATION@DF_POP_HIST(1.0),,I,FRA,POP,PS,_T,_T,H,2025,68966992.0,A,0,0
DATAFLOW,OECD.ELS.SAE:DSD_POPULATION@DF_POP_HIST(1.0),,I,DEU,POP,PS,_T,_T,H,2025,83522129.0,A,0,0
DATAFLOW,OECD.ELS.SAE:DSD_POPULATION@DF_POP_HIST(1.0),,I,GRC,POP,PS,_T,_T,H,2025,10369123.0,A,0,0
DATAFLOW,OECD.ELS.SAE:DSD_POPULATION@DF_POP_HIST(1.0),,I,HUN,POP,PS,_T,_T,H,2025,9513959.0,A,0,0
DATAFLOW,OECD.ELS.SAE:DSD_POPULATION@DF_POP_HIST(1.0),,I,ISL,POP,PS,_T,_T,H,2025,391879.0,A,0,0
DATAFLOW,OECD.ELS.SAE:DSD_POPULATION@DF_POP_HIST(1.0),,I,IRL,POP,PS,_T,_T,H,2025,5458607.0,A,0,0
DATAFLOW,OECD.ELS.SAE:DSD_POPULATION@DF_POP_HIST(1.0),,I,ISR,POP,PS,_T,_T,H,2025,9867572.0,A,0,0
DATAFLOW,OECD.ELS.SAE:DSD_POPULATION@DF_POP_HIST(1.0),,I,ITA,POP,PS,_T,_T,H,2025,58943152.0,A,0,0
DATAFLOW,OECD.ELS.SAE:DSD_POPULATION@DF_POP_HIST(1.0),,I,JPN,POP,PS,_T,_T,H,2025,123219000.0,A,0,0
DATAFLOW,OECD.ELS.SAE:DSD_POPULATION@DF_POP_HIST(1.0),,I,LVA,POP,PS,_T,_T,H,2025,1852832.0,A,0,0
DATAFLOW,OECD.ELS.SAE:DSD_POPULATION@DF_POP_HIST(1.0),,I,LTU,POP,PS,_T,_T,H,2025,2889128.0,A,0,0
DATAFLOW,OECD.ELS.SAE:DSD_POPULATION@DF_POP_HIST(1.0),,I,LUX,POP,PS,_T,_T,H,2025,686458.0,A,0,0
DATAFLOW,OECD.ELS.SAE:DSD_POPULATION@DF_POP_HIST(1.0),,I,NLD,POP,PS,_T,_T,H,2025,18087634.0,A,0,0
DATAFLOW,OECD.ELS.SAE:DSD_POPULATION@DF_POP_HIST(1.0),,I,NZL,POP,PS,_T,_T,H,2025,5320600.0,A,0,0
DATAFLOW,OECD.ELS.SAE:DSD_POPULATION@DF_POP_HIST(1.0),,I,NOR,POP,PS,_T,_T,H,2025,5610871.0,A,0,0
DATAFLOW,OECD.ELS.SAE:DSD_POPULATION@DF_POP_HIST(1.0),,I,POL,POP,PS,_T,_T,H,2025,37402052.0,A,0,0
DATAFLOW,OECD.ELS.SAE:DSD_POPULATION@DF_POP_HIST(1.0),,I,PRT,POP,PS,_T,_T,H,2025,11405627.0,A,0,0
DATAFLOW,OECD.ELS.SAE:DSD_POPULATION@DF_POP_HIST(1.0),,I,SVK,POP,PS,_T,_T,H,2025,5414429.0,A,0,0
DATAFLOW,OECD.ELS.SAE:DSD_POPULATION@DF_POP_HIST(1.0),,I,SVN,POP,PS,_T,_T,H,2025,2130986.0,A,0,0
DATAFLOW,OECD.ELS.SAE:DSD_POPULATION@DF_POP_HIST(1.0),,I,ESP,POP,PS,_T,_T,H,2025,49355143.0,A,0,0
DATAFLOW,OECD.ELS.SAE:DSD_POPULATION@DF_POP_HIST(1.0),,I,SWE,POP,PS,_T,_T,H,2025,10592692.0,A,0,0
DATAFLOW,OECD.ELS.SAE:DSD_POPULATION@DF_POP_HIST(1.0),,I,CHE,POP,PS,_T,_T,H,2025,9087658.5,A,0,0
DATAFLOW,OECD.ELS.SAE:DSD_POPULATION@DF_POP_HIST(1.0),,I,TUR,POP,PS,_T,_T,H,2025,85878558.0,A,0,0
DATAFLOW,OECD.ELS.SAE:DSD_POPULATION@DF_POP_HIST(1.0),,I,GBR,POP,PS,_T,_T,H,2025,69502341.0,A,0,0
DATAFLOW,OECD.ELS.SAE:DSD_POPULATION@DF_POP_HIST(1.0),,I,USA,POP,PS,_T,_T,H,2025,341784857.0,A,0,0
DATAFLOW,OECD.ELS.SAE:DSD_POPULATION@DF_POP_HIST(1.0),,I,G20,POP,PS,_T,_T,H,2025,5000860000.0,A,0,0
DATAFLOW,OECD.ELS.SAE:DSD_POPULATION@DF_POP_HIST(1.0),,I,EU27,POP,PS,_T,_T,H,2025,452455411.0,A,0,0
DATAFLOW,OECD.ELS.SAE:DSD_POPULATION@DF_POP_HIST(1.0),,I,OECD,POP,PS,_T,_T,H,2025,1405100000.0,A,0,0
DATAFLOW,OECD.ELS.SAE:DSD_POPULATION@DF_POP_HIST(1.0),,I,BGR,POP,PS,_T,_T,H,2025,6430283.5,A,0,0
DATAFLOW,OECD.ELS.SAE:DSD_POPULATION@DF_POP_HIST(1.0),,I,HRV,POP,PS,_T,_T,H,2025,3880308.0,A,0,0
DATAFLOW,OECD.ELS.SAE:DSD_POPULATION@DF_POP_HIST(1.0),,I,CYP,POP,PS,_T,_T,H,2025,991348.0,A,0,0
DATAFLOW,OECD.ELS.SAE:DSD_POPULATION@DF_POP_HIST(1.0),,I,MLT,POP,PS,_T,_T,H,2025,579660.0,A,0,0
DATAFLOW,OECD.ELS.SAE:DSD_POPULATION@DF_POP_HIST(1.0),,I,ROU,POP,PS,_T,_T,H,2025,19024746.0,A,0,0
DATAFLOW,OECD.ELS.SAE:DSD_POPULATION@DF_POP_HIST(1.0),,I,RUS,POP,PS,_T,_T,H,2025,145395584.0,A,0,0
DATAFLOW,OECD.ELS.SAE:DSD_POPULATION@DF_POP_HIST(1.0),,I,SAU,POP,PS,_T,_T,H,2025,35926288.0,A,0,0
DATAFLOW,OECD.ELS.SAE:DSD_POPULATION@DF_POP_HIST(1.0),,I,SGP,POP,PS,_T,_T,H,2025,4204515.0,A,0,0
DATAFLOW,OECD.ELS.SAE:DSD_POPULATION@DF_POP_HIST(1.0),,I,ZAF,POP,PS,_T,_T,H,2025,63100945.0,A,0,0
