STRUCTURE,STRUCTURE_ID,STRUCTURE_NAME,ACTION,REF_AREA,,FREQ,,MEASURE,,UNIT_MEASURE,,TRANSPORT_MODE,,VEHICLE_TYPE,,INFRASTRUCTURE_TYPE,,TIME_PERIOD,,OBS_VALUE,,OBS_STATUS,,UNIT_MULT,,DECIMALS,
DATAFLOW,OECD.ITF:DSD_TRENDS@DF_TRENDSSAFETY(1.0),,I,AUS,,A,,FATALITIES,,PS,,ROAD,,_T,,_T,,1970,,3798,,A,,0,,1,
DATAFLOW,OECD.ITF:DSD_TRENDS@DF_TRENDSSAFETY(1.0),,I,AUS,,A,,FATALITIES,,PS,,ROAD,,_T,,_T,,1971,,3590,,A,,0,,1,
DATAFLOW,OECD.ITF:DSD_TRENDS@DF_TRENDSSAFETY(1.0),,I,AUS,,A,,FATALITIES,,PS,,ROAD,,_T,,_T,,1972,,3422,,A,,0,,1,
DATAFLOW,OECD.ITF:DSD_TRENDS@DF_TRENDSSAFETY(1.0),,I,AUS,,A,,FATALITIES,,PS,,ROAD,,_T,,_T,,1973,,3679,,A,,0,,1,
DATAFLOW,OECD.ITF:DSD_TRENDS@DF_TRENDSSAFETY(1.0),,I,AUS,,A,,FATALITIES,,PS,,ROAD,,_T,,_T,,1974,,3572,,A,,0,,1,
DATAFLOW,OECD.ITF:DSD_TRENDS@DF_TRENDSSAFETY(1.0),,I,AUS,,A,,FATALITIES,,PS,,ROAD,,_T,,_T,,1975,,3694,,A,,0,,1,
DATAFLOW,OECD.ITF:DSD_TRENDS@DF_TRENDSSAFETY(1.0),,I,AUS,,A,,FATALITIES,,PS,,ROAD,,_T,,_T,,1976,,3583,,A,,0,,1,
DATAFLOW,OECD.ITF:DSD_TRENDS@DF_TRENDSSAFETY(1.0),,I,AUS,,A,,FATALITIES,,PS,,ROAD,,_T,,_T,,1977,,3578,,A,,0,,1,
DATAFLOW,OECD.ITF:DSD_TRENDS@DF_TRENDSSAFETY(1.0),,I,AUS,,A,,FATALITIES,,PS,,ROAD,,_T,,_T,,1978,,3705,,A,,0,,1,
DATAFLOW,OECD.ITF:DSD_TRENDS@DF_TRENDSSAFETY(1.0),,I,AUS,,A,,FATALITIES,,PS,,ROAD,,_T,,_T,,1979,,3508,,A,,0,,1,
DATAFLOW,OECD.ITF:DSD_TRENDS@DF_TRENDSSAFETY(1.0),,I,AUS,,A,,FATALITIES,,PS,,ROAD,,_T,,_T,,1980,,3272,,A,,0,,1,
DATAFLOW,OECD.ITF:DSD_TRENDS@DF_TRENDSSAFETY(1.0),,I,AUS,,A,,FATALITIES,,PS,,ROAD,,_T,,_T,,1981,,3321,,A,,0,,1,
DATAFLOW,OECD.ITF:DSD_TRENDS@DF_TRENDSSAFETY(1.0),,I,AUS,,A,,FATALITIES,,PS,,ROAD,,_T,,_T,,1982,,3252,,A,,0,,1,
DATAFLOW,OECD.ITF:DSD_TRENDS@DF_TRENDSSAFETY(1.0),,I,AUS,,A,,FATALITIES,,PS,,ROAD,,_T,,_T,,1983,,2755,,A,,0,,1,
DATAFLOW,OECD.ITF:DSD_TRENDS@DF_TRENDSSAFETY(1.0),,I,AUS,,A,,FATALITIES,,PS,,ROAD,,_T,,_T,,1984,,2822,,A,,0,,1,
DATAFLOW,OECD.ITF:DSD_TRENDS@DF_TRENDSSAFETY(1.0),,I,AUS,,A,,FATALITIES,,PS,,ROAD,,_T,,_T,,1985,,2941,,A,,0,,1,
DATAFLOW,OECD.ITF:DSD_TRENDS@DF_TRENDSSAFETY(1.0),,I,AUS,,A,,FATALITIES,,PS,,ROAD,,_T,,_T,,1986,,2888,,A,,0,,1,
DATAFLOW,OECD.ITF:DSD_TRENDS@DF_TRENDSSAFETY(1.0),,I,AUS,,A,,FATALITIES,,PS,,ROAD,,_T,,_T,,1987,,2772,,A,,0,,1,
DATAFLOW,OECD.ITF:DSD_TRENDS@DF_TRENDSSAFETY(1.0),,I,AUS,,A,,FATALITIES,,PS,,ROAD,,_T,,_T,,1988,,2887,,A,,0,,1,
DATAFLOW,OECD.ITF:DSD_TRENDS@DF_TRENDSSAFETY(1.0),,I,AUS,,A,,FATALITIES,,PS,,ROAD,,_T,,_T,,1989,,2800,,A,,0,,1,
DATAFLOW,OECD.ITF:DSD_TRENDS@DF_TRENDSSAFETY(1.0),,I,AUS,,A,,FATALITIES,,PS,,ROAD,,_T,,_T,,1990,,2331,,A,,0,,1,
DATAFLOW,OECD.ITF:DSD_TRENDS@DF_TRENDSSAFETY(1.0),,I,AUS,,A,,FATALITIES,,PS,,ROAD,,_T,,_T,,1991,,2113,,A,,0,,1,
DATAFLOW,OECD.ITF:DSD_TRENDS@DF_TRENDSSAFETY(1.0),,I,AUS,,A,,FATALITIES,,PS,,ROAD,,_T,,_T,,1992,,1974,,A,,0,,1,
DATAFLOW,OECD.ITF:DSD_TRENDS@DF_TRENDSSAFETY(1.0),,I,AUS,,A,,FATALITIES,,PS,,ROAD,,_T,,_T,,1993,,1953,,A,,0,,1,
DATAFLOW,OECD.ITF:DSD_TRENDS@DF_TRENDSSAFETY(1.0),,I,AUS,,A,,FATALITIES,,PS,,ROAD,,_T,,_T,,1994,,1928,,A,,0,,1,
DATAFLOW,OECD.ITF:DSD_TRENDS@DF_TRENDSSAFETY(1.0),,I,AUS,,A,,FATALITIES,,PS,,ROAD,,_T,,_T,,1995,,2017,,A,,0,,1,
DATAFLOW,OECD.ITF:DSD_TRENDS@DF_TRENDSSAFETY(1.0),,I,AUS,,A,,FATALITIES,,PS,,ROAD,,_T,,_T,,1996,,1970,,A,,0,,1,
DATAFLOW,OECD.ITF:DSD_TRENDS@DF_TRENDSSAFETY(1.0),,I,AUS,,A,,FATALITIES,,PS,,ROAD,,_T,,_T,,1997,,1767,,A,,0,,1,
DATAFLOW,OECD.ITF:DSD_TRENDS@DF_TRENDSSAFETY(1.0),,I,AUS,,A,,FATALITIES,,PS,,ROAD,,_T,,_T,,1998,,1755,,A,,0,,1,
DATAFLOW,OECD.ITF:DSD_TRENDS@DF_TRENDSSAFETY(1.0),,I,AUS,,A,,FATALITIES,,PS,,ROAD,,_T,,_T,,1999,,1764,,A,,0,,1,
DATAFLOW,OECD.ITF:DSD_TRENDS@DF_TRENDSSAFETY(1.0),,I,AUS,,A,,FATALITIES,,PS,,ROAD,,_T,,_T,,2000,,1817,,A,,0,,1,
DATAFLOW,OECD.ITF:DSD_TRENDS@DF_TRENDSSAFETY(1.0),,I,AUS,,A,,FATALITIES,,PS,,ROAD,,_T,,_T,,2001,,1737,,A,,0,,1,
DATAFLOW,OECD.ITF:DSD_TRENDS@DF_TRENDSSAFETY(1.0),,I,AUS,,A,,FATALITIES,,PS,,ROAD,,_T,,_T,,2002,,1715,,A,,0,,1,
DATAFLOW,OECD.ITF:DSD_TRENDS@DF_TRENDSSAFETY(1.0),,I,AUS,,A,,FATALITIES,,PS,,ROAD,,_T,,_T,,2003,,1621,,A,,0,,1,
DATAFLOW,OECD.ITF:DSD_TRENDS@DF_TRENDSSAFETY(1.0),,I,AUS,,A,,FATALITIES,,PS,,ROAD,,_T,,_T,,2004,,1583,,A,,0,,1,
DATAFLOW,OECD.ITF:DSD_TRENDS@DF_TRENDSSAFETY(1.0),,I,AUS,,A,,FATALITIES,,PS,,ROAD,,_T,,_T,,2005,,1627,,A,,0,,1,
DATAFLOW,OECD.ITF:DSD_TRENDS@DF_TRENDSSAFETY(1.0),,I,AUS,,A,,FATALITIES,,PS,,ROAD,,_T,,_T,,2006,,1598,,A,,0,,1,
DATAFLOW,OECD.ITF:DSD_TRENDS@DF_TRENDSSAFETY(1.0),,I,AUS,,A,,FATALITIES,,PS,,ROAD,,_T,,_T,,2007,,1603,,A,,0,,1,
DATAFLOW,OECD.ITF:DSD_TRENDS@DF_TRENDSSAFETY(1.0),,I,AUS,,A,,FATALITIES,,PS,,ROAD,,_T,,_T,,2008,,1437,,A,,0,,1,
DATAFLOW,OECD.ITF:DSD_TRENDS@DF_TRENDSSAFETY(1.0),,I,AUS,,A,,FATALITIES,,PS,,ROAD,,_T,,_T,,2009,,1490,,A,,0,,1,
DATAFLOW,OECD.ITF:DSD_TRENDS@DF_TRENDSSAFETY(1.0),,I,AUS,,A,,FATALITIES,,PS,,ROAD,,_T,,_T,,2010,,1349,,A,,0,,1,
DATAFLOW,OECD.ITF:DSD_TRENDS@DF_TRENDSSAFETY(1.0),,I,AUS,,A,,FATALITIES,,PS,,ROAD,,_T,,_T,,2011,,1277,,A,,0,,1,
DATAFLOW,OECD.ITF:DSD_TRENDS@DF_TRENDSSAFETY(1.0),,I,AUS,,A,,FATALITIES,,PS,,ROAD,,_T,,_T,,2012,,1300,,A,,0,,1,
DATAFLOW,OECD.ITF:DSD_TRENDS@DF_TRENDSSAFETY(1.0),,I,AUS,,A,,FATALITIES,,PS,,ROAD,,_T,,_T,,2013,,1184,,A,,0,,1,
DATAFLOW,OECD.ITF:DSD_TRENDS@DF_TRENDSSAFETY(1.0),,I,AUS,,A,,FATALITIES,,PS,,ROAD,,_T,,_T,,2014,,1150,,A,,0,,1,
DATAFLOW,OECD.ITF:DSD_TRENDS@DF_TRENDSSAFETY(1.0),,I,AUS,,A,,FATALITIES,,PS,,ROAD,,_T,,_T,,2015,,1205,,A,,0,,1,
DATAFLOW,OECD.ITF:DSD_TRENDS@DF_TRENDSSAFETY(1.0),,I,AUS,,A,,FATALITIES,,PS,,ROAD,,_T,,_T,,2016,,1295,,A,,0,,1,
DATAFLOW,OECD.ITF:DSD_TRENDS@DF_TRENDSSAFETY(1.0),,I,AUS,,A,,FATALITIES,,PS,,ROAD,,_T,,_T,,2017,,1223,,A,,0,,1,
DATAFLOW,OECD.ITF:DSD_TRENDS@DF_TRENDSSAFETY(1.0),,I,AUS,,A,,FATALITIES,,PS,,ROAD,,_T,,_T,,2018,,1135,,A,,0,,1,
DATAFLOW,OECD.ITF:DSD_TRENDS@DF_TRENDSSAFETY(1.0),,I,AUS,,A,,FATALITIES,,PS,,ROAD,,_T,,_T,,2019,,1187,,A,,0,,1,
DATAFLOW,OECD.ITF:DSD_TRENDS@DF_TRENDSSAFETY(1.0),,I,AUS,,A,,FATALITIES,,PS,,ROAD,,_T,,_T,,2020,,1097,,A,,0,,1,
DATAFLOW,OECD.ITF:DSD_TRENDS@DF_TRENDSSAFETY(1.0),,I,AUS,,A,,FATALITIES,,PS,,ROAD,,_T,,_T,,2021,,1130,,A,,0,,1,
DATAFLOW,OECD.ITF:DSD_TRENDS@DF_TRENDSSAFETY(1.0),,I,AUS,,A,,FATALITIES,,PS,,ROAD,,_T,,_T,,2022,,1178,,A,,0,,1,
DATAFLOW,OECD.ITF:DSD_TRENDS@DF_TRENDSSAFETY(1.0),,I,AUS,,A,,FATALITIES,,PS,,ROAD,,_T,,_T,,2023,,1258,,A,,0,,1,
DATAFLOW,OECD.ITF:DSD_TRENDS@DF_TRENDSSAFETY(1.0),,I,AUT,,A,,FATALITIES,,PS,,ROAD,,_T,,_T,,1970,,2507,,A,,0,,1,
DATAFLOW,OECD.ITF:DSD_TRENDS@DF_TRENDSSAFETY(1.0),,I,AUT,,A,,FATALITIES,,PS,,ROAD,,_T,,_T,,1971,,2782,,A,,0,,1,
DATAFLOW,OECD.ITF:DSD_TRENDS@DF_TRENDSSAFETY(1.0),,I,AUT,,A,,FATALITIES,,PS,,ROAD,,_T,,_T,,1972,,2948,,A,,0,,1,
DATAFLOW,OECD.ITF:DSD_TRENDS@DF_TRENDSSAFETY(1.0),,I,AUT,,A,,FATALITIES,,PS,,ROAD,,_T,,_T,,1973,,2765,,A,,0,,1,
DATAFLOW,OECD.ITF:DSD_TRENDS@DF_TRENDSSAFETY(1.0),,I,AUT,,A,,FATALITIES,,PS,,ROAD,,_T,,_T,,1974,,2499,,A,,0,,1,
DATAFLOW,OECD.ITF:DSD_TRENDS@DF_TRENDSSAFETY(1.0),,I,AUT,,A,,FATALITIES,,PS,,ROAD,,_T,,_T,,1975,,2467,,A,,0,,1,
DATAFLOW,OECD.ITF:DSD_TRENDS@DF_TRENDSSAFETY(1.0),,I,AUT,,A,,FATALITIES,,PS,,ROAD,,_T,,_T,,1976,,2131,,A,,0,,1,
DATAFLOW,OECD.ITF:DSD_TRENDS@DF_TRENDSSAFETY(1.0),,I,AUT,,A,,FATALITIES,,PS,,ROAD,,_T,,_T,,1977,,2091,,A,,0,,1,
DATAFLOW,OECD.ITF:DSD_TRENDS@DF_TRENDSSAFETY(1.0),,I,AUT,,A,,FATALITIES,,PS,,ROAD,,_T,,_T,,1978,,2112,,A,,0,,1,
DATAFLOW,OECD.ITF:DSD_TRENDS@DF_TRENDSSAFETY(1.0),,I,AUT,,A,,FATALITIES,,PS,,ROAD,,_T,,_T,,1979,,2129,,A,,0,,1,
DATAFLOW,OECD.ITF:DSD_TRENDS@DF_TRENDSSAFETY(1.0),,I,AUT,,A,,FATALITIES,,PS,,ROAD,,_T,,_T,,1980,,1951,,A,,0,,1,
DATAFLOW,OECD.ITF:DSD_TRENDS@DF_TRENDSSAFETY(1.0),,I,AUT,,A,,FATALITIES,,PS,,ROAD,,_T,,_T,,1981,,1898,,A,,0,,1,
DATAFLOW,OECD.ITF:DSD_TRENDS@DF_TRENDSSAFETY(1.0),,I,AUT,,A,,FATALITIES,,PS,,ROAD,,_T,,_T,,1982,,1883,,A,,0,,1,
DATAFLOW,OECD.ITF:DSD_TRENDS@DF_TRENDSSAFETY(1.0),,I,AUT,,A,,FATALITIES,,PS,,ROAD,,_T,,_T,,1983,,1967,,A,,0,,1,
DATAFLOW,OECD.ITF:DSD_TRENDS@DF_TRENDSSAFETY(1.0),,I,AUT,,A,,FATALITIES,,PS,,ROAD,,_T,,_T,,1984,,1814,,A,,0,,1,
DATAFLOW,OECD.ITF:DSD_TRENDS@DF_TRENDSSAFETY(1.0),,I,AUT,,A,,FATALITIES,,PS,,ROAD,,_T,,_T,,1985,,1524,,A,,0,,1,
DATAFLOW,OECD.ITF:DSD_TRENDS@DF_TRENDSSAFETY(1.0),,I,AUT,,A,,FATALITIES,,PS,,ROAD,,_T,,_T,,1986,,1495,,A,,0,,1,
DATAFLOW,OECD.ITF:DSD_TRENDS@DF_TRENDSSAFETY(1.0),,I,AUT,,A,,FATALITIES,,PS,,ROAD,,_T,,_T,,1987,,1469,,A,,0,,1,
DATAFLOW,OECD.ITF:DSD_TRENDS@DF_TRENDSSAFETY(1.0),,I,AUT,,A,,FATALITIES,,PS,,ROAD,,_T,,_T,,1988,,1620,,A,,0,,1,
DATAFLOW,OECD.ITF:DSD_TRENDS@DF_TRENDSSAFETY(1.0),,I,AUT,,A,,FATALITIES,,PS,,ROAD,,_T,,_T,,1989,,1570,,A,,0,,1,
DATAFLOW,OECD.ITF:DSD_TRENDS@DF_TRENDSSAFETY(1.0),,I,AUT,,A,,FATALITIES,,PS,,ROAD,,_T,,_T,,1990,,1558,,A,,0,,1,
DATAFLOW,OECD.ITF:DSD_TRENDS@DF_TRENDSSAFETY(1.0),,I,AUT,,A,,FATALITIES,,PS,,ROAD,,_T,,_T,,1991,,1551,,A,,0,,1,
DATAFLOW,OECD.ITF:DSD_TRENDS@DF_TRENDSSAFETY(1.0),,I,AUT,,A,,FATALITIES,,PS,,ROAD,,_T,,_T,,1992,,1403,,A,,0,,1,
DATAFLOW,OECD.ITF:DSD_TRENDS@DF_TRENDSSAFETY(1.0),,I,AUT,,A,,FATALITIES,,PS,,ROAD,,_T,,_T,,1993,,1283,,A,,0,,1,
DATAFLOW,OECD.ITF:DSD_TRENDS@DF_TRENDSSAFETY(1.0),,I,AUT,,A,,FATALITIES,,PS,,ROAD,,_T,,_T,,1994,,1338,,A,,0,,1,
DATAFLOW,OECD.ITF:DSD_TRENDS@DF_TRENDSSAFETY(1.0),,I,AUT,,A,,FATALITIES,,PS,,ROAD,,_T,,_T,,1995,,1210,,A,,0,,1,
DATAFLOW,OECD.ITF:DSD_TRENDS@DF_TRENDSSAFETY(1.0),,I,AUT,,A,,FATALITIES,,PS,,ROAD,,_T,,_T,,1996,,1027,,A,,0,,1,
DATAFLOW,OECD.ITF:DSD_TRENDS@DF_TRENDSSAFETY(1.0),,I,AUT,,A,,FATALITIES,,PS,,ROAD,,_T,,_T,,1997,,1105,,A,,0,,1,
DATAFLOW,OECD.ITF:DSD_TRENDS@DF_TRENDSSAFETY(1.0),,I,AUT,,A,,FATALITIES,,PS,,ROAD,,_T,,_T,,1998,,963,,A,,0,,1,
DATAFLOW,OECD.ITF:DSD_TRENDS@DF_TRENDSSAFETY(1.0),,I,AUT,,A,,FATALITIES,,PS,,ROAD,,_T,,_T,,1999,,1079,,A,,0,,1,
DATAFLOW,OECD.ITF:DSD_TRENDS@DF_TRENDSSAFETY(1.0),,I,AUT,,A,,FATALITIES,,PS,,ROAD,,_T,,_T,,2000,,976,,A,,0,,1,
DATAFLOW,OECD.ITF:DSD_TRENDS@DF_TRENDSSAFETY(1.0),,I,AUT,,A,,FATALITIES,,PS,,ROAD,,_T,,_T,,2001,,958,,A,,0,,1,
DATAFLOW,OECD.ITF:DSD_TRENDS@DF_TRENDSSAFETY(1.0),,I,AUT,,A,,FATALITIES,,PS,,ROAD,,_T,,_T,,2002,,956,,A,,0,,1,
DATAFLOW,OECD.ITF:DSD_TRENDS@DF_TRENDSSAFETY(1.0),,I,AUT,,A,,FATALITIES,,PS,,ROAD,,_T,,_T,,2003,,931,,A,,0,,1,
DATAFLOW,OECD.ITF:DSD_TRENDS@DF_TRENDSSAFETY(1.0),,I,AUT,,A,,FATALITIES,,PS,,ROAD,,_T,,_T,,2004,,878,,A,,0,,1,
DATAFLOW,OECD.ITF:DSD_TRENDS@DF_TRENDSSAFETY(1.0),,I,AUT,,A,,FATALITIES,,PS,,ROAD,,_T,,_T,,2005,,768,,A,,0,,1,
DATAFLOW,OECD.ITF:DSD_TRENDS@DF_TRENDSSAFETY(1.0),,I,AUT,,A,,FATALITIES,,PS,,ROAD,,_T,,_T,,2006,,730,,A,,0,,1,
DATAFLOW,OECD.ITF:DSD_TRENDS@DF_TRENDSSAFETY(1.0),,I,AUT,,A,,FATALITIES,,PS,,ROAD,,_T,,_T,,2007,,691,,A,,0,,1,
DATAFLOW,OECD.ITF:DSD_TRENDS@DF_TRENDSSAFETY(1.0),,I,AUT,,A,,FATALITIES,,PS,,ROAD,,_T,,_T,,2008,,679,,A,,0,,1,
DATAFLOW,OECD.ITF:DSD_TRENDS@DF_TRENDSSAFETY(1.0),,I,AUT,,A,,FATALITIES,,PS,,ROAD,,_T,,_T,,2009,,633,,A,,0,,1,
DATAFLOW,OECD.ITF:DSD_TRENDS@DF_TRENDSSAFETY(1.0),,I,AUT,,A,,FATALITIES,,PS,,ROAD,,_T,,_T,,2010,,552,,A,,0,,1,
DATAFLOW,OECD.ITF:DSD_TRENDS@DF_TRENDSSAFETY(1.0),,I,AUT,,A,,FATALITIES,,PS,,ROAD,,_T,,_T,,2011,,523,,A,,0,,1,
DATAFLOW,OECD.ITF:DSD_TRENDS@DF_TRENDSSAFETY(1.0),,I,AUT,,A,,FATALITIES,,PS,,ROAD,,_T,,_T,,2013,,455,,A,,0,,1,
DATAFLOW,OECD.ITF:DSD_TRENDS@DF_TRENDSSAFETY(1.0),,I,AUT,,A,,FATALITIES,,PS,,ROAD,,_T,,_T,,2014,,430,,A,,0,,1,
DATAFLOW,OECD.ITF:DSD_TRENDS@DF_TRENDSSAFETY(1.0),,I,AUT,,A,,FATALITIES,,PS,,ROAD,,_T,,_T,,2015,,479,,A,,0,,1,
DATAFLOW,OECD.ITF:DSD_TRENDS@DF_TRENDSSAFETY(1.0),,I,AUT,,A,,FATALITIES,,PS,,ROAD,,_T,,_T,,2016,,432,,A,,0,,1,
DATAFLOW,OECD.ITF:DSD_TRENDS@DF_TRENDSSAFETY(1.0),,I,AUT,,A,,FATALITIES,,PS,,ROAD,,_T,,_T,,2017,,414,,A,,0,,1,
DATAFLOW,OECD.ITF:DSD_TRENDS@DF_TRENDSSAFETY(1.0),,I,AUT,,A,,FATALITIES,,PS,,ROAD,,_T,,_T,,2018,,409,,A,,0,,1,
DATAFLOW,OECD.ITF:DSD_TRENDS@DF_TRENDSSAFETY(1.0),,I,AUT,,A,,FATALITIES,,PS,,ROAD,,_T,,_T,,2019,,416,,A,,0,,1,
DATAFLOW,OECD.ITF:DSD_TRENDS@DF_TRENDSSAFETY(1.0),,I,AUT,,A,,FATALITIES,,PS,,ROAD,,_T,,_T,,2020,,344,,A,,0,,1,
DATAFLOW,OECD.ITF:DSD_TRENDS@DF_TRENDSSAFETY(1.0),,I,AUT,,A,,FATALITIES,,PS,,ROAD,,_T,,_T,,2021,,362,,A,,0,,1,
DATAFLOW,OECD.ITF:DSD_TRENDS@DF_TRENDSSAFETY(1.0),,I,AUT,,A,,FATALITIES,,PS,,ROAD,,_T,,_T,,2022,,370,,A,,0,,1,
DATAFLOW,OECD.ITF:DSD_TRENDS@DF_TRENDSSAFETY(1.0),,I,AUT,,A,,FATALITIES,,PS,,ROAD,,_T,,_T,,2023,,402,,A,,0,,1,
DATAFLOW,OECD.ITF:DSD_TRENDS@DF_TRENDSSAFETY(1.0),,I,BEL,,A,,FATALITIES,,PS,,ROAD,,_T,,_T,,1970,,2950,,A,,0,,1,
DATAFLOW,OECD.ITF:DSD_TRENDS@DF_TRENDSSAFETY(1.0),,I,BEL,,A,,FATALITIES,,PS,,ROAD,,_T,,_T,,1971,,3070,,A,,0,,1,
DATAFLOW,OECD.ITF:DSD_TRENDS@DF_TRENDSSAFETY(1.0),,I,BEL,,A,,FATALITIES,,PS,,ROAD,,_T,,_T,,1972,,3130,,A,,0,,1,
DATAFLOW,OECD.ITF:DSD_TRENDS@DF_TRENDSSAFETY(1.0),,I,BEL,,A,,FATALITIES,,PS,,ROAD,,_T,,_T,,1973,,2920,,A,,0,,1,
DATAFLOW,OECD.ITF:DSD_TRENDS@DF_TRENDSSAFETY(1.0),,I,BEL,,A,,FATALITIES,,PS,,ROAD,,_T,,_T,,1974,,2670,,A,,0,,1,
DATAFLOW,OECD.ITF:DSD_TRENDS@DF_TRENDSSAFETY(1.0),,I,BEL,,A,,FATALITIES,,PS,,ROAD,,_T,,_T,,1975,,2346,,A,,0,,1,
DATAFLOW,OECD.ITF:DSD_TRENDS@DF_TRENDSSAFETY(1.0),,I,BEL,,A,,FATALITIES,,PS,,ROAD,,_T,,_T,,1976,,2490,,A,,0,,1,
DATAFLOW,OECD.ITF:DSD_TRENDS@DF_TRENDSSAFETY(1.0),,I,BEL,,A,,FATALITIES,,PS,,ROAD,,_T,,_T,,1977,,2520,,A,,0,,1,
DATAFLOW,OECD.ITF:DSD_TRENDS@DF_TRENDSSAFETY(1.0),,I,BEL,,A,,FATALITIES,,PS,,ROAD,,_T,,_T,,1978,,2590,,A,,0,,1,
DATAFLOW,OECD.ITF:DSD_TRENDS@DF_TRENDSSAFETY(1.0),,I,BEL,,A,,FATALITIES,,PS,,ROAD,,_T,,_T,,1979,,2330,,A,,0,,1,
DATAFLOW,OECD.ITF:DSD_TRENDS@DF_TRENDSSAFETY(1.0),,I,BEL,,A,,FATALITIES,,PS,,ROAD,,_T,,_T,,1980,,2396,,A,,0,,1,
DATAFLOW,OECD.ITF:DSD_TRENDS@DF_TRENDSSAFETY(1.0),,I,BEL,,A,,FATALITIES,,PS,,ROAD,,_T,,_T,,1981,,2216,,A,,0,,1,
DATAFLOW,OECD.ITF:DSD_TRENDS@DF_TRENDSSAFETY(1.0),,I,BEL,,A,,FATALITIES,,PS,,ROAD,,_T,,_T,,1982,,2064,,A,,0,,1,
DATAFLOW,OECD.ITF:DSD_TRENDS@DF_TRENDSSAFETY(1.0),,I,BEL,,A,,FATALITIES,,PS,,ROAD,,_T,,_T,,1983,,2090,,A,,0,,1,
DATAFLOW,OECD.ITF:DSD_TRENDS@DF_TRENDSSAFETY(1.0),,I,BEL,,A,,FATALITIES,,PS,,ROAD,,_T,,_T,,1984,,1893,,A,,0,,1,
DATAFLOW,OECD.ITF:DSD_TRENDS@DF_TRENDSSAFETY(1.0),,I,BEL,,A,,FATALITIES,,PS,,ROAD,,_T,,_T,,1985,,1801,,A,,0,,1,
DATAFLOW,OECD.ITF:DSD_TRENDS@DF_TRENDSSAFETY(1.0),,I,BEL,,A,,FATALITIES,,PS,,ROAD,,_T,,_T,,1986,,1951,,A,,0,,1,
DATAFLOW,OECD.ITF:DSD_TRENDS@DF_TRENDSSAFETY(1.0),,I,BEL,,A,,FATALITIES,,PS,,ROAD,,_T,,_T,,1987,,1922,,A,,0,,1,
DATAFLOW,OECD.ITF:DSD_TRENDS@DF_TRENDSSAFETY(1.0),,I,BEL,,A,,FATALITIES,,PS,,ROAD,,_T,,_T,,1988,,1967,,A,,0,,1,
DATAFLOW,OECD.ITF:DSD_TRENDS@DF_TRENDSSAFETY(1.0),,I,BEL,,A,,FATALITIES,,PS,,ROAD,,_T,,_T,,1989,,1993,,A,,0,,1,
DATAFLOW,OECD.ITF:DSD_TRENDS@DF_TRENDSSAFETY(1.0),,I,BEL,,A,,FATALITIES,,PS,,ROAD,,_T,,_T,,1990,,1976,,A,,0,,1,
DATAFLOW,OECD.ITF:DSD_TRENDS@DF_TRENDSSAFETY(1.0),,I,BEL,,A,,FATALITIES,,PS,,ROAD,,_T,,_T,,1991,,1874,,A,,0,,1,
DATAFLOW,OECD.ITF:DSD_TRENDS@DF_TRENDSSAFETY(1.0),,I,BEL,,A,,FATALITIES,,PS,,ROAD,,_T,,_T,,1992,,1672,,A,,0,,1,
DATAFLOW,OECD.ITF:DSD_TRENDS@DF_TRENDSSAFETY(1.0),,I,BEL,,A,,FATALITIES,,PS,,ROAD,,_T,,_T,,1993,,1660,,A,,0,,1,
DATAFLOW,OECD.ITF:DSD_TRENDS@DF_TRENDSSAFETY(1.0),,I,BEL,,A,,FATALITIES,,PS,,ROAD,,_T,,_T,,1994,,1692,,A,,0,,1,
DATAFLOW,OECD.ITF:DSD_TRENDS@DF_TRENDSSAFETY(1.0),,I,BEL,,A,,FATALITIES,,PS,,ROAD,,_T,,_T,,1995,,1505,,A,,0,,1,
DATAFLOW,OECD.ITF:DSD_TRENDS@DF_TRENDSSAFETY(1.0),,I,BEL,,A,,FATALITIES,,PS,,ROAD,,_T,,_T,,1996,,1356,,A,,0,,1,
DATAFLOW,OECD.ITF:DSD_TRENDS@DF_TRENDSSAFETY(1.0),,I,BEL,,A,,FATALITIES,,PS,,ROAD,,_T,,_T,,1997,,1364,,A,,0,,1,
DATAFLOW,OECD.ITF:DSD_TRENDS@DF_TRENDSSAFETY(1.0),,I,BEL,,A,,FATALITIES,,PS,,ROAD,,_T,,_T,,1998,,1500,,A,,0,,1,
DATAFLOW,OECD.ITF:DSD_TRENDS@DF_TRENDSSAFETY(1.0),,I,BEL,,A,,FATALITIES,,PS,,ROAD,,_T,,_T,,1999,,1397,,A,,0,,1,
DATAFLOW,OECD.ITF:DSD_TRENDS@DF_TRENDSSAFETY(1.0),,I,BEL,,A,,FATALITIES,,PS,,ROAD,,_T,,_T,,2000,,1470,,A,,0,,1,
DATAFLOW,OECD.ITF:DSD_TRENDS@DF_TRENDSSAFETY(1.0),,I,BEL,,A,,FATALITIES,,PS,,ROAD,,_T,,_T,,2001,,1486,,A,,0,,1,
DATAFLOW,OECD.ITF:DSD_TRENDS@DF_TRENDSSAFETY(1.0),,I,BEL,,A,,FATALITIES,,PS,,ROAD,,_T,,_T,,2002,,1353,,A,,0,,1,
DATAFLOW,OECD.ITF:DSD_TRENDS@DF_TRENDSSAFETY(1.0),,I,BEL,,A,,FATALITIES,,PS,,ROAD,,_T,,_T,,2003,,1216,,A,,0,,1,
DATAFLOW,OECD.ITF:DSD_TRENDS@DF_TRENDSSAFETY(1.0),,I,BEL,,A,,FATALITIES,,PS,,ROAD,,_T,,_T,,2004,,1163,,A,,0,,1,
DATAFLOW,OECD.ITF:DSD_TRENDS@DF_TRENDSSAFETY(1.0),,I,BEL,,A,,FATALITIES,,PS,,ROAD,,_T,,_T,,2005,,1131,,A,,0,,1,
DATAFLOW,OECD.ITF:DSD_TRENDS@DF_TRENDSSAFETY(1.0),,I,BEL,,A,,FATALITIES,,PS,,ROAD,,_T,,_T,,2006,,1106,,A,,0,,1,
DATAFLOW,OECD.ITF:DSD_TRENDS@DF_TRENDSSAFETY(1.0),,I,BEL,,A,,FATALITIES,,PS,,ROAD,,_T,,_T,,2007,,1094,,A,,0,,1,
DATAFLOW,OECD.ITF:DSD_TRENDS@DF_TRENDSSAFETY(1.0),,I,BEL,,A,,FATALITIES,,PS,,ROAD,,_T,,_T,,2008,,980,,A,,0,,1,
DATAFLOW,OECD.ITF:DSD_TRENDS@DF_TRENDSSAFETY(1.0),,I,BEL,,A,,FATALITIES,,PS,,ROAD,,_T,,_T,,2009,,956,,A,,0,,1,
DATAFLOW,OECD.ITF:DSD_TRENDS@DF_TRENDSSAFETY(1.0),,I,BEL,,A,,FATALITIES,,PS,,ROAD,,_T,,_T,,2010,,850,,A,,0,,1,
DATAFLOW,OECD.ITF:DSD_TRENDS@DF_TRENDSSAFETY(1.0),,I,BEL,,A,,FATALITIES,,PS,,ROAD,,_T,,_T,,2011,,884,,A,,0,,1,
DATAFLOW,OECD.ITF:DSD_TRENDS@DF_TRENDSSAFETY(1.0),,I,BEL,,A,,FATALITIES,,PS,,ROAD,,_T,,_T,,2012,,827,,A,,0,,1,
DATAFLOW,OECD.ITF:DSD_TRENDS@DF_TRENDSSAFETY(1.0),,I,BEL,,A,,FATALITIES,,PS,,ROAD,,_T,,_T,,2013,,764,,A,,0,,1,
DATAFLOW,OECD.ITF:DSD_TRENDS@DF_TRENDSSAFETY(1.0),,I,BEL,,A,,FATALITIES,,PS,,ROAD,,_T,,_T,,2014,,745,,A,,0,,1,
DATAFLOW,OECD.ITF:DSD_TRENDS@DF_TRENDSSAFETY(1.0),,I,BEL,,A,,FATALITIES,,PS,,ROAD,,_T,,_T,,2015,,762,,A,,0,,1,
DATAFLOW,OECD.ITF:DSD_TRENDS@DF_TRENDSSAFETY(1.0),,I,BEL,,A,,FATALITIES,,PS,,ROAD,,_T,,_T,,2016,,670,,A,,0,,1,
DATAFLOW,OECD.ITF:DSD_TRENDS@DF_TRENDSSAFETY(1.0),,I,BEL,,A,,FATALITIES,,PS,,ROAD,,_T,,_T,,2017,,609,,A,,0,,1,
DATAFLOW,OECD.ITF:DSD_TRENDS@DF_TRENDSSAFETY(1.0),,I,BEL,,A,,FATALITIES,,PS,,ROAD,,_T,,_T,,2018,,604,,A,,0,,1,
DATAFLOW,OECD.ITF:DSD_TRENDS@DF_TRENDSSAFETY(1.0),,I,BEL,,A,,FATALITIES,,PS,,ROAD,,_T,,_T,,2019,,644,,A,,0,,1,
DATAFLOW,OECD.ITF:DSD_TRENDS@DF_TRENDSSAFETY(1.0),,I,BEL,,A,,FATALITIES,,PS,,ROAD,,_T,,_T,,2020,,499,,A,,0,,1,
DATAFLOW,OECD.ITF:DSD_TRENDS@DF_TRENDSSAFETY(1.0),,I,BEL,,A,,FATALITIES,,PS,,ROAD,,_T,,_T,,2021,,516,,A,,0,,1,
DATAFLOW,OECD.ITF:DSD_TRENDS@DF_TRENDSSAFETY(1.0),,I,BEL,,A,,FATALITIES,,PS,,ROAD,,_T,,_T,,2022,,540,,A,,0,,1,
DATAFLOW,OECD.ITF:DSD_TRENDS@DF_TRENDSSAFETY(1.0),,I,BEL,,A,,FATALITIES,,PS,,ROAD,,_T,,_T,,2023,,501,,A,,0,,1,
DATAFLOW,OECD.ITF:DSD_TRENDS@DF_TRENDSSAFETY(1.0),,I,BEL,,A,,FATALITIES,,PS,,ROAD,,_T,,_T,,2024,,470,,A,,0,,1,
DATAFLOW,OECD.ITF:DSD_TRENDS@DF_TRENDSSAFETY(1.0),,I,CAN,,A,,FATALITIES,,PS,,ROAD,,_T,,_T,,1970,,5080,,A,,0,,1,
DATAFLOW,OECD.ITF:DSD_TRENDS@DF_TRENDSSAFETY(1.0),,I,CAN,,A,,FATALITIES,,PS,,ROAD,,_T,,_T,,1971,,5573,,A,,0,,1,
DATAFLOW,OECD.ITF:DSD_TRENDS@DF_TRENDSSAFETY(1.0),,I,CAN,,A,,FATALITIES,,PS,,ROAD,,_T,,_T,,1972,,6221,,A,,0,,1,
DATAFLOW,OECD.ITF:DSD_TRENDS@DF_TRENDSSAFETY(1.0),,I,CAN,,A,,FATALITIES,,PS,,ROAD,,_T,,_T,,1973,,6706,,A,,0,,1,
DATAFLOW,OECD.ITF:DSD_TRENDS@DF_TRENDSSAFETY(1.0),,I,CAN,,A,,FATALITIES,,PS,,ROAD,,_T,,_T,,1974,,6290,,A,,0,,1,
DATAFLOW,OECD.ITF:DSD_TRENDS@DF_TRENDSSAFETY(1.0),,I,CAN,,A,,FATALITIES,,PS,,ROAD,,_T,,_T,,1975,,6061,,A,,0,,1,
DATAFLOW,OECD.ITF:DSD_TRENDS@DF_TRENDSSAFETY(1.0),,I,CAN,,A,,FATALITIES,,PS,,ROAD,,_T,,_T,,1976,,5307,,A,,0,,1,
DATAFLOW,OECD.ITF:DSD_TRENDS@DF_TRENDSSAFETY(1.0),,I,CAN,,A,,FATALITIES,,PS,,ROAD,,_T,,_T,,1977,,5253,,A,,0,,1,
DATAFLOW,OECD.ITF:DSD_TRENDS@DF_TRENDSSAFETY(1.0),,I,CAN,,A,,FATALITIES,,PS,,ROAD,,_T,,_T,,1978,,5429,,A,,0,,1,
DATAFLOW,OECD.ITF:DSD_TRENDS@DF_TRENDSSAFETY(1.0),,I,CAN,,A,,FATALITIES,,PS,,ROAD,,_T,,_T,,1979,,5863,,A,,0,,1,
DATAFLOW,OECD.ITF:DSD_TRENDS@DF_TRENDSSAFETY(1.0),,I,CAN,,A,,FATALITIES,,PS,,ROAD,,_T,,_T,,1980,,5461,,A,,0,,1,
DATAFLOW,OECD.ITF:DSD_TRENDS@DF_TRENDSSAFETY(1.0),,I,CAN,,A,,FATALITIES,,PS,,ROAD,,_T,,_T,,1981,,5383,,A,,0,,1,
DATAFLOW,OECD.ITF:DSD_TRENDS@DF_TRENDSSAFETY(1.0),,I,CAN,,A,,FATALITIES,,PS,,ROAD,,_T,,_T,,1982,,4169,,A,,0,,1,
DATAFLOW,OECD.ITF:DSD_TRENDS@DF_TRENDSSAFETY(1.0),,I,CAN,,A,,FATALITIES,,PS,,ROAD,,_T,,_T,,1983,,4216,,A,,0,,1,
DATAFLOW,OECD.ITF:DSD_TRENDS@DF_TRENDSSAFETY(1.0),,I,CAN,,A,,FATALITIES,,PS,,ROAD,,_T,,_T,,1984,,4120,,A,,0,,1,
DATAFLOW,OECD.ITF:DSD_TRENDS@DF_TRENDSSAFETY(1.0),,I,CAN,,A,,FATALITIES,,PS,,ROAD,,_T,,_T,,1985,,4362,,A,,0,,1,
DATAFLOW,OECD.ITF:DSD_TRENDS@DF_TRENDSSAFETY(1.0),,I,CAN,,A,,FATALITIES,,PS,,ROAD,,_T,,_T,,1986,,4063,,A,,0,,1,
DATAFLOW,OECD.ITF:DSD_TRENDS@DF_TRENDSSAFETY(1.0),,I,CAN,,A,,FATALITIES,,PS,,ROAD,,_T,,_T,,1987,,4238,,A,,0,,1,
DATAFLOW,OECD.ITF:DSD_TRENDS@DF_TRENDSSAFETY(1.0),,I,CAN,,A,,FATALITIES,,PS,,ROAD,,_T,,_T,,1988,,4154,,A,,0,,1,
DATAFLOW,OECD.ITF:DSD_TRENDS@DF_TRENDSSAFETY(1.0),,I,CAN,,A,,FATALITIES,,PS,,ROAD,,_T,,_T,,1989,,4238,,A,,0,,1,
DATAFLOW,OECD.ITF:DSD_TRENDS@DF_TRENDSSAFETY(1.0),,I,CAN,,A,,FATALITIES,,PS,,ROAD,,_T,,_T,,1990,,3963,,A,,0,,1,
DATAFLOW,OECD.ITF:DSD_TRENDS@DF_TRENDSSAFETY(1.0),,I,CAN,,A,,FATALITIES,,PS,,ROAD,,_T,,_T,,1991,,3690,,A,,0,,1,
DATAFLOW,OECD.ITF:DSD_TRENDS@DF_TRENDSSAFETY(1.0),,I,CAN,,A,,FATALITIES,,PS,,ROAD,,_T,,_T,,1992,,3501,,A,,0,,1,
DATAFLOW,OECD.ITF:DSD_TRENDS@DF_TRENDSSAFETY(1.0),,I,CAN,,A,,FATALITIES,,PS,,ROAD,,_T,,_T,,1993,,3615,,A,,0,,1,
DATAFLOW,OECD.ITF:DSD_TRENDS@DF_TRENDSSAFETY(1.0),,I,CAN,,A,,FATALITIES,,PS,,ROAD,,_T,,_T,,1994,,3230,,A,,0,,1,
DATAFLOW,OECD.ITF:DSD_TRENDS@DF_TRENDSSAFETY(1.0),,I,CAN,,A,,FATALITIES,,PS,,ROAD,,_T,,_T,,1995,,3313,,A,,0,,1,
DATAFLOW,OECD.ITF:DSD_TRENDS@DF_TRENDSSAFETY(1.0),,I,CAN,,A,,FATALITIES,,PS,,ROAD,,_T,,_T,,1996,,3129,,A,,0,,1,
DATAFLOW,OECD.ITF:DSD_TRENDS@DF_TRENDSSAFETY(1.0),,I,CAN,,A,,FATALITIES,,PS,,ROAD,,_T,,_T,,1997,,3076,,A,,0,,1,
DATAFLOW,OECD.ITF:DSD_TRENDS@DF_TRENDSSAFETY(1.0),,I,CAN,,A,,FATALITIES,,PS,,ROAD,,_T,,_T,,1998,,2919,,A,,0,,1,
DATAFLOW,OECD.ITF:DSD_TRENDS@DF_TRENDSSAFETY(1.0),,I,CAN,,A,,FATALITIES,,PS,,ROAD,,_T,,_T,,1999,,2980,,A,,0,,1,
DATAFLOW,OECD.ITF:DSD_TRENDS@DF_TRENDSSAFETY(1.0),,I,CAN,,A,,FATALITIES,,PS,,ROAD,,_T,,_T,,2000,,2904,,A,,0,,1,
DATAFLOW,OECD.ITF:DSD_TRENDS@DF_TRENDSSAFETY(1.0),,I,CAN,,A,,FATALITIES,,PS,,ROAD,,_T,,_T,,2001,,2758,,A,,0,,1,
DATAFLOW,OECD.ITF:DSD_TRENDS@DF_TRENDSSAFETY(1.0),,I,CAN,,A,,FATALITIES,,PS,,ROAD,,_T,,_T,,2002,,2921,,A,,0,,1,
DATAFLOW,OECD.ITF:DSD_TRENDS@DF_TRENDSSAFETY(1.0),,I,CAN,,A,,FATALITIES,,PS,,ROAD,,_T,,_T,,2003,,2777,,A,,0,,1,
DATAFLOW,OECD.ITF:DSD_TRENDS@DF_TRENDSSAFETY(1.0),,I,CAN,,A,,FATALITIES,,PS,,ROAD,,_T,,_T,,2004,,2735,,A,,0,,1,
DATAFLOW,OECD.ITF:DSD_TRENDS@DF_TRENDSSAFETY(1.0),,I,CAN,,A,,FATALITIES,,PS,,ROAD,,_T,,_T,,2005,,2898,,A,,0,,1,
DATAFLOW,OECD.ITF:DSD_TRENDS@DF_TRENDSSAFETY(1.0),,I,CAN,,A,,FATALITIES,,PS,,ROAD,,_T,,_T,,2006,,2871,,A,,0,,1,
DATAFLOW,OECD.ITF:DSD_TRENDS@DF_TRENDSSAFETY(1.0),,I,CAN,,A,,FATALITIES,,PS,,ROAD,,_T,,_T,,2007,,2753,,A,,0,,1,
DATAFLOW,OECD.ITF:DSD_TRENDS@DF_TRENDSSAFETY(1.0),,I,CAN,,A,,FATALITIES,,PS,,ROAD,,_T,,_T,,2008,,2431,,A,,0,,1,
DATAFLOW,OECD.ITF:DSD_TRENDS@DF_TRENDSSAFETY(1.0),,I,CAN,,A,,FATALITIES,,PS,,ROAD,,_T,,_T,,2009,,2216,,A,,0,,1,
DATAFLOW,OECD.ITF:DSD_TRENDS@DF_TRENDSSAFETY(1.0),,I,CAN,,A,,FATALITIES,,PS,,ROAD,,_T,,_T,,2010,,2238,,A,,0,,1,
DATAFLOW,OECD.ITF:DSD_TRENDS@DF_TRENDSSAFETY(1.0),,I,CAN,,A,,FATALITIES,,PS,,ROAD,,_T,,_T,,2011,,2023,,A,,0,,1,
DATAFLOW,OECD.ITF:DSD_TRENDS@DF_TRENDSSAFETY(1.0),,I,CAN,,A,,FATALITIES,,PS,,ROAD,,_T,,_T,,2012,,2075,,A,,0,,1,
DATAFLOW,OECD.ITF:DSD_TRENDS@DF_TRENDSSAFETY(1.0),,I,CAN,,A,,FATALITIES,,PS,,ROAD,,_T,,_T,,2013,,1951,,A,,0,,1,
DATAFLOW,OECD.ITF:DSD_TRENDS@DF_TRENDSSAFETY(1.0),,I,CAN,,A,,FATALITIES,,PS,,ROAD,,_T,,_T,,2014,,1841,,A,,0,,1,
DATAFLOW,OECD.ITF:DSD_TRENDS@DF_TRENDSSAFETY(1.0),,I,CAN,,A,,FATALITIES,,PS,,ROAD,,_T,,_T,,2015,,1887,,A,,0,,1,
DATAFLOW,OECD.ITF:DSD_TRENDS@DF_TRENDSSAFETY(1.0),,I,CAN,,A,,FATALITIES,,PS,,ROAD,,_T,,_T,,2016,,1900,,A,,0,,1,
DATAFLOW,OECD.ITF:DSD_TRENDS@DF_TRENDSSAFETY(1.0),,I,CAN,,A,,FATALITIES,,PS,,ROAD,,_T,,_T,,2017,,1861,,A,,0,,1,
DATAFLOW,OECD.ITF:DSD_TRENDS@DF_TRENDSSAFETY(1.0),,I,CAN,,A,,FATALITIES,,PS,,ROAD,,_T,,_T,,2018,,1939,,A,,0,,1,
DATAFLOW,OECD.ITF:DSD_TRENDS@DF_TRENDSSAFETY(1.0),,I,CAN,,A,,FATALITIES,,PS,,ROAD,,_T,,_T,,2019,,1756,,A,,0,,1,
DATAFLOW,OECD.ITF:DSD_TRENDS@DF_TRENDSSAFETY(1.0),,I,CAN,,A,,FATALITIES,,PS,,ROAD,,_T,,_T,,2020,,1746,,A,,0,,1,
DATAFLOW,OECD.ITF:DSD_TRENDS@DF_TRENDSSAFETY(1.0),,I,CAN,,A,,FATALITIES,,PS,,ROAD,,_T,,_T,,2021,,1768,,A,,0,,1,
DATAFLOW,OECD.ITF:DSD_TRENDS@DF_TRENDSSAFETY(1.0),,I,CAN,,A,,FATALITIES,,PS,,ROAD,,_T,,_T,,2022,,1931,,A,,0,,1,
DATAFLOW,OECD.ITF:DSD_TRENDS@DF_TRENDSSAFETY(1.0),,I,CHL,,A,,FATALITIES,,PS,,ROAD,,_T,,_T,,1972,,2330,,A,,0,,1,
DATAFLOW,OECD.ITF:DSD_TRENDS@DF_TRENDSSAFETY(1.0),,I,CHL,,A,,FATALITIES,,PS,,ROAD,,_T,,_T,,1973,,2235,,A,,0,,1,
DATAFLOW,OECD.ITF:DSD_TRENDS@DF_TRENDSSAFETY(1.0),,I,CHL,,A,,FATALITIES,,PS,,ROAD,,_T,,_T,,1974,,1650,,A,,0,,1,
DATAFLOW,OECD.ITF:DSD_TRENDS@DF_TRENDSSAFETY(1.0),,I,CHL,,A,,FATALITIES,,PS,,ROAD,,_T,,_T,,1975,,1370,,A,,0,,1,
DATAFLOW,OECD.ITF:DSD_TRENDS@DF_TRENDSSAFETY(1.0),,I,CHL,,A,,FATALITIES,,PS,,ROAD,,_T,,_T,,1976,,1403,,A,,0,,1,
DATAFLOW,OECD.ITF:DSD_TRENDS@DF_TRENDSSAFETY(1.0),,I,CHL,,A,,FATALITIES,,PS,,ROAD,,_T,,_T,,1977,,1392,,A,,0,,1,
DATAFLOW,OECD.ITF:DSD_TRENDS@DF_TRENDSSAFETY(1.0),,I,CHL,,A,,FATALITIES,,PS,,ROAD,,_T,,_T,,1978,,1569,,A,,0,,1,
DATAFLOW,OECD.ITF:DSD_TRENDS@DF_TRENDSSAFETY(1.0),,I,CHL,,A,,FATALITIES,,PS,,ROAD,,_T,,_T,,1979,,1702,,A,,0,,1,
DATAFLOW,OECD.ITF:DSD_TRENDS@DF_TRENDSSAFETY(1.0),,I,CHL,,A,,FATALITIES,,PS,,ROAD,,_T,,_T,,1980,,1864,,A,,0,,1,
DATAFLOW,OECD.ITF:DSD_TRENDS@DF_TRENDSSAFETY(1.0),,I,CHL,,A,,FATALITIES,,PS,,ROAD,,_T,,_T,,1981,,2018,,A,,0,,1,
DATAFLOW,OECD.ITF:DSD_TRENDS@DF_TRENDSSAFETY(1.0),,I,CHL,,A,,FATALITIES,,PS,,ROAD,,_T,,_T,,1982,,1656,,A,,0,,1,
DATAFLOW,OECD.ITF:DSD_TRENDS@DF_TRENDSSAFETY(1.0),,I,CHL,,A,,FATALITIES,,PS,,ROAD,,_T,,_T,,1983,,1772,,A,,0,,1,
DATAFLOW,OECD.ITF:DSD_TRENDS@DF_TRENDSSAFETY(1.0),,I,CHL,,A,,FATALITIES,,PS,,ROAD,,_T,,_T,,1984,,1573,,A,,0,,1,
DATAFLOW,OECD.ITF:DSD_TRENDS@DF_TRENDSSAFETY(1.0),,I,CHL,,A,,FATALITIES,,PS,,ROAD,,_T,,_T,,1985,,1364,,A,,0,,1,
DATAFLOW,OECD.ITF:DSD_TRENDS@DF_TRENDSSAFETY(1.0),,I,CHL,,A,,FATALITIES,,PS,,ROAD,,_T,,_T,,1986,,1548,,A,,0,,1,
DATAFLOW,OECD.ITF:DSD_TRENDS@DF_TRENDSSAFETY(1.0),,I,CHL,,A,,FATALITIES,,PS,,ROAD,,_T,,_T,,1987,,1557,,A,,0,,1,
DATAFLOW,OECD.ITF:DSD_TRENDS@DF_TRENDSSAFETY(1.0),,I,CHL,,A,,FATALITIES,,PS,,ROAD,,_T,,_T,,1988,,1622,,A,,0,,1,
DATAFLOW,OECD.ITF:DSD_TRENDS@DF_TRENDSSAFETY(1.0),,I,CHL,,A,,FATALITIES,,PS,,ROAD,,_T,,_T,,1989,,1904,,A,,0,,1,
DATAFLOW,OECD.ITF:DSD_TRENDS@DF_TRENDSSAFETY(1.0),,I,CHL,,A,,FATALITIES,,PS,,ROAD,,_T,,_T,,1990,,2063,,A,,0,,1,
DATAFLOW,OECD.ITF:DSD_TRENDS@DF_TRENDSSAFETY(1.0),,I,CHL,,A,,FATALITIES,,PS,,ROAD,,_T,,_T,,1991,,2083,,A,,0,,1,
DATAFLOW,OECD.ITF:DSD_TRENDS@DF_TRENDSSAFETY(1.0),,I,CHL,,A,,FATALITIES,,PS,,ROAD,,_T,,_T,,1992,,2210,,A,,0,,1,
DATAFLOW,OECD.ITF:DSD_TRENDS@DF_TRENDSSAFETY(1.0),,I,CHL,,A,,FATALITIES,,PS,,ROAD,,_T,,_T,,1993,,2288,,A,,0,,1,
DATAFLOW,OECD.ITF:DSD_TRENDS@DF_TRENDSSAFETY(1.0),,I,CHL,,A,,FATALITIES,,PS,,ROAD,,_T,,_T,,1994,,2291,,A,,0,,1,
DATAFLOW,OECD.ITF:DSD_TRENDS@DF_TRENDSSAFETY(1.0),,I,CHL,,A,,FATALITIES,,PS,,ROAD,,_T,,_T,,1995,,2457,,A,,0,,1,
DATAFLOW,OECD.ITF:DSD_TRENDS@DF_TRENDSSAFETY(1.0),,I,CHL,,A,,FATALITIES,,PS,,ROAD,,_T,,_T,,1996,,2502,,A,,0,,1,
DATAFLOW,OECD.ITF:DSD_TRENDS@DF_TRENDSSAFETY(1.0),,I,CHL,,A,,FATALITIES,,PS,,ROAD,,_T,,_T,,1997,,2448,,A,,0,,1,
DATAFLOW,OECD.ITF:DSD_TRENDS@DF_TRENDSSAFETY(1.0),,I,CHL,,A,,FATALITIES,,PS,,ROAD,,_T,,_T,,1998,,2547,,A,,0,,1,
DATAFLOW,OECD.ITF:DSD_TRENDS@DF_TRENDSSAFETY(1.0),,I,CHL,,A,,FATALITIES,,PS,,ROAD,,_T,,_T,,1999,,2152,,A,,0,,1,
DATAFLOW,OECD.ITF:DSD_TRENDS@DF_TRENDSSAFETY(1.0),,I,CHL,,A,,FATALITIES,,PS,,ROAD,,_T,,_T,,2000,,2207,,A,,0,,1,
DATAFLOW,OECD.ITF:DSD_TRENDS@DF_TRENDSSAFETY(1.0),,I,CHL,,A,,FATALITIES,,PS,,ROAD,,_T,,_T,,2001,,2031,,A,,0,,1,
DATAFLOW,OECD.ITF:DSD_TRENDS@DF_TRENDSSAFETY(1.0),,I,CHL,,A,,FATALITIES,,PS,,ROAD,,_T,,_T,,2002,,2011,,A,,0,,1,
DATAFLOW,OECD.ITF:DSD_TRENDS@DF_TRENDSSAFETY(1.0),,I,CHL,,A,,FATALITIES,,PS,,ROAD,,_T,,_T,,2003,,2214,,A,,0,,1,
DATAFLOW,OECD.ITF:DSD_TRENDS@DF_TRENDSSAFETY(1.0),,I,CHL,,A,,FATALITIES,,PS,,ROAD,,_T,,_T,,2004,,2282,,A,,0,,1,
DATAFLOW,OECD.ITF:DSD_TRENDS@DF_TRENDSSAFETY(1.0),,I,CHL,,A,,FATALITIES,,PS,,ROAD,,_T,,_T,,2005,,2112,,A,,0,,1,
DATAFLOW,OECD.ITF:DSD_TRENDS@DF_TRENDSSAFETY(1.0),,I,CHL,,A,,FATALITIES,,PS,,ROAD,,_T,,_T,,2006,,2146,,A,,0,,1,
DATAFLOW,OECD.ITF:DSD_TRENDS@DF_TRENDSSAFETY(1.0),,I,CHL,,A,,FATALITIES,,PS,,ROAD,,_T,,_T,,2007,,2138,,A,,0,,1,
DATAFLOW,OECD.ITF:DSD_TRENDS@DF_TRENDSSAFETY(1.0),,I,CHL,,A,,FATALITIES,,PS,,ROAD,,_T,,_T,,2008,,2317,,A,,0,,1,
DATAFLOW,OECD.ITF:DSD_TRENDS@DF_TRENDSSAFETY(1.0),,I,CHL,,A,,FATALITIES,,PS,,ROAD,,_T,,_T,,2009,,1959,,A,,0,,1,
DATAFLOW,OECD.ITF:DSD_TRENDS@DF_TRENDSSAFETY(1.0),,I,CHL,,A,,FATALITIES,,PS,,ROAD,,_T,,_T,,2010,,2070,,A,,0,,1,
DATAFLOW,OECD.ITF:DSD_TRENDS@DF_TRENDSSAFETY(1.0),,I,CHL,,A,,FATALITIES,,PS,,ROAD,,_T,,_T,,2011,,2044,,A,,0,,1,
DATAFLOW,OECD.ITF:DSD_TRENDS@DF_TRENDSSAFETY(1.0),,I,CHL,,A,,FATALITIES,,PS,,ROAD,,_T,,_T,,2012,,1979,,A,,0,,1,
DATAFLOW,OECD.ITF:DSD_TRENDS@DF_TRENDSSAFETY(1.0),,I,CHL,,A,,FATALITIES,,PS,,ROAD,,_T,,_T,,2013,,2103,,A,,0,,1,
DATAFLOW,OECD.ITF:DSD_TRENDS@DF_TRENDSSAFETY(1.0),,I,CHL,,A,,FATALITIES,,PS,,ROAD,,_T,,_T,,2014,,2116,,A,,0,,1,
DATAFLOW,OECD.ITF:DSD_TRENDS@DF_TRENDSSAFETY(1.0),,I,CHL,,A,,FATALITIES,,PS,,ROAD,,_T,,_T,,2015,,2136,,A,,0,,1,
DATAFLOW,OECD.ITF:DSD_TRENDS@DF_TRENDSSAFETY(1.0),,I,CHL,,A,,FATALITIES,,PS,,ROAD,,_T,,_T,,2016,,2178,,A,,0,,1,
DATAFLOW,OECD.ITF:DSD_TRENDS@DF_TRENDSSAFETY(1.0),,I,CHL,,A,,FATALITIES,,PS,,ROAD,,_T,,_T,,2017,,1925,,A,,0,,1,
DATAFLOW,OECD.ITF:DSD_TRENDS@DF_TRENDSSAFETY(1.0),,I,CHL,,A,,FATALITIES,,PS,,ROAD,,_T,,_T,,2018,,1955,,A,,0,,1,
DATAFLOW,OECD.ITF:DSD_TRENDS@DF_TRENDSSAFETY(1.0),,I,CHL,,A,,FATALITIES,,PS,,ROAD,,_T,,_T,,2019,,1973,,A,,0,,1,
DATAFLOW,OECD.ITF:DSD_TRENDS@DF_TRENDSSAFETY(1.0),,I,CHL,,A,,FATALITIES,,PS,,ROAD,,_T,,_T,,2020,,1794,,A,,0,,1,
DATAFLOW,OECD.ITF:DSD_TRENDS@DF_TRENDSSAFETY(1.0),,I,CHL,,A,,FATALITIES,,PS,,ROAD,,_T,,_T,,2021,,2052,,A,,0,,1,
DATAFLOW,OECD.ITF:DSD_TRENDS@DF_TRENDSSAFETY(1.0),,I,CHL,,A,,FATALITIES,,PS,,ROAD,,_T,,_T,,2022,,2131,,A,,0,,1,
DATAFLOW,OECD.ITF:DSD_TRENDS@DF_TRENDSSAFETY(1.0),,I,CHL,,A,,FATALITIES,,PS,,ROAD,,_T,,_T,,2023,,1997,,A,,0,,1,
DATAFLOW,OECD.ITF:DSD_TRENDS@DF_TRENDSSAFETY(1.0),,I,CZE,,A,,FATALITIES,,PS,,ROAD,,_T,,_T,,1993,,1524,,A,,0,,1,
DATAFLOW,OECD.ITF:DSD_TRENDS@DF_TRENDSSAFETY(1.0),,I,CZE,,A,,FATALITIES,,PS,,ROAD,,_T,,_T,,1994,,1637,,A,,0,,1,
DATAFLOW,OECD.ITF:DSD_TRENDS@DF_TRENDSSAFETY(1.0),,I,CZE,,A,,FATALITIES,,PS,,ROAD,,_T,,_T,,1995,,1588,,A,,0,,1,
DATAFLOW,OECD.ITF:DSD_TRENDS@DF_TRENDSSAFETY(1.0),,I,CZE,,A,,FATALITIES,,PS,,ROAD,,_T,,_T,,1996,,1568,,A,,0,,1,
DATAFLOW,OECD.ITF:DSD_TRENDS@DF_TRENDSSAFETY(1.0),,I,CZE,,A,,FATALITIES,,PS,,ROAD,,_T,,_T,,1997,,1597,,A,,0,,1,
DATAFLOW,OECD.ITF:DSD_TRENDS@DF_TRENDSSAFETY(1.0),,I,CZE,,A,,FATALITIES,,PS,,ROAD,,_T,,_T,,1998,,1360,,A,,0,,1,
DATAFLOW,OECD.ITF:DSD_TRENDS@DF_TRENDSSAFETY(1.0),,I,CZE,,A,,FATALITIES,,PS,,ROAD,,_T,,_T,,1999,,1455,,A,,0,,1,
DATAFLOW,OECD.ITF:DSD_TRENDS@DF_TRENDSSAFETY(1.0),,I,CZE,,A,,FATALITIES,,PS,,ROAD,,_T,,_T,,2000,,1486,,A,,0,,1,
DATAFLOW,OECD.ITF:DSD_TRENDS@DF_TRENDSSAFETY(1.0),,I,CZE,,A,,FATALITIES,,PS,,ROAD,,_T,,_T,,2001,,1334,,A,,0,,1,
DATAFLOW,OECD.ITF:DSD_TRENDS@DF_TRENDSSAFETY(1.0),,I,CZE,,A,,FATALITIES,,PS,,ROAD,,_T,,_T,,2002,,1431,,A,,0,,1,
DATAFLOW,OECD.ITF:DSD_TRENDS@DF_TRENDSSAFETY(1.0),,I,CZE,,A,,FATALITIES,,PS,,ROAD,,_T,,_T,,2003,,1447,,A,,0,,1,
DATAFLOW,OECD.ITF:DSD_TRENDS@DF_TRENDSSAFETY(1.0),,I,CZE,,A,,FATALITIES,,PS,,ROAD,,_T,,_T,,2004,,1382,,A,,0,,1,
DATAFLOW,OECD.ITF:DSD_TRENDS@DF_TRENDSSAFETY(1.0),,I,CZE,,A,,FATALITIES,,PS,,ROAD,,_T,,_T,,2005,,1286,,A,,0,,1,
DATAFLOW,OECD.ITF:DSD_TRENDS@DF_TRENDSSAFETY(1.0),,I,CZE,,A,,FATALITIES,,PS,,ROAD,,_T,,_T,,2006,,1063,,A,,0,,1,
DATAFLOW,OECD.ITF:DSD_TRENDS@DF_TRENDSSAFETY(1.0),,I,CZE,,A,,FATALITIES,,PS,,ROAD,,_T,,_T,,2007,,1222,,A,,0,,1,
DATAFLOW,OECD.ITF:DSD_TRENDS@DF_TRENDSSAFETY(1.0),,I,CZE,,A,,FATALITIES,,PS,,ROAD,,_T,,_T,,2008,,1076,,A,,0,,1,
DATAFLOW,OECD.ITF:DSD_TRENDS@DF_TRENDSSAFETY(1.0),,I,CZE,,A,,FATALITIES,,PS,,ROAD,,_T,,_T,,2009,,901,,A,,0,,1,
DATAFLOW,OECD.ITF:DSD_TRENDS@DF_TRENDSSAFETY(1.0),,I,CZE,,A,,FATALITIES,,PS,,ROAD,,_T,,_T,,2010,,802,,A,,0,,1,
DATAFLOW,OECD.ITF:DSD_TRENDS@DF_TRENDSSAFETY(1.0),,I,CZE,,A,,FATALITIES,,PS,,ROAD,,_T,,_T,,2011,,773,,A,,0,,1,
DATAFLOW,OECD.ITF:DSD_TRENDS@DF_TRENDSSAFETY(1.0),,I,CZE,,A,,FATALITIES,,PS,,ROAD,,_T,,_T,,2012,,742,,A,,0,,1,
DATAFLOW,OECD.ITF:DSD_TRENDS@DF_TRENDSSAFETY(1.0),,I,CZE,,A,,FATALITIES,,PS,,ROAD,,_T,,_T,,2013,,654,,A,,0,,1,
DATAFLOW,OECD.ITF:DSD_TRENDS@DF_TRENDSSAFETY(1.0),,I,CZE,,A,,FATALITIES,,PS,,ROAD,,_T,,_T,,2014,,688,,A,,0,,1,
DATAFLOW,OECD.ITF:DSD_TRENDS@DF_TRENDSSAFETY(1.0),,I,CZE,,A,,FATALITIES,,PS,,ROAD,,_T,,_T,,2015,,738,,A,,0,,1,
DATAFLOW,OECD.ITF:DSD_TRENDS@DF_TRENDSSAFETY(1.0),,I,CZE,,A,,FATALITIES,,PS,,ROAD,,_T,,_T,,2016,,611,,A,,0,,1,
DATAFLOW,OECD.ITF:DSD_TRENDS@DF_TRENDSSAFETY(1.0),,I,CZE,,A,,FATALITIES,,PS,,ROAD,,_T,,_T,,2017,,577,,A,,0,,1,
DATAFLOW,OECD.ITF:DSD_TRENDS@DF_TRENDSSAFETY(1.0),,I,CZE,,A,,FATALITIES,,PS,,ROAD,,_T,,_T,,2018,,656,,A,,0,,1,
DATAFLOW,OECD.ITF:DSD_TRENDS@DF_TRENDSSAFETY(1.0),,I,CZE,,A,,FATALITIES,,PS,,ROAD,,_T,,_T,,2019,,618,,A,,0,,1,
DATAFLOW,OECD.ITF:DSD_TRENDS@DF_TRENDSSAFETY(1.0),,I,CZE,,A,,FATALITIES,,PS,,ROAD,,_T,,_T,,2020,,518,,A,,0,,1,
DATAFLOW,OECD.ITF:DSD_TRENDS@DF_TRENDSSAFETY(1.0),,I,CZE,,A,,FATALITIES,,PS,,ROAD,,_T,,_T,,2021,,532,,A,,0,,1,
DATAFLOW,OECD.ITF:DSD_TRENDS@DF_TRENDSSAFETY(1.0),,I,CZE,,A,,FATALITIES,,PS,,ROAD,,_T,,_T,,2022,,528,,A,,0,,1,
DATAFLOW,OECD.ITF:DSD_TRENDS@DF_TRENDSSAFETY(1.0),,I,CZE,,A,,FATALITIES,,PS,,ROAD,,_T,,_T,,2023,,502,,A,,0,,1,
DATAFLOW,OECD.ITF:DSD_TRENDS@DF_TRENDSSAFETY(1.0),,I,CZE,,A,,FATALITIES,,PS,,ROAD,,_T,,_T,,2024,,494,,A,,0,,1,
DATAFLOW,OECD.ITF:DSD_TRENDS@DF_TRENDSSAFETY(1.0),,I,DNK,,A,,FATALITIES,,PS,,ROAD,,_T,,_T,,1970,,1208,,A,,0,,1,
DATAFLOW,OECD.ITF:DSD_TRENDS@DF_TRENDSSAFETY(1.0),,I,DNK,,A,,FATALITIES,,PS,,ROAD,,_T,,_T,,1971,,1213,,A,,0,,1,
DATAFLOW,OECD.ITF:DSD_TRENDS@DF_TRENDSSAFETY(1.0),,I,DNK,,A,,FATALITIES,,PS,,ROAD,,_T,,_T,,1972,,1116,,A,,0,,1,
DATAFLOW,OECD.ITF:DSD_TRENDS@DF_TRENDSSAFETY(1.0),,I,DNK,,A,,FATALITIES,,PS,,ROAD,,_T,,_T,,1973,,1132,,A,,0,,1,
DATAFLOW,OECD.ITF:DSD_TRENDS@DF_TRENDSSAFETY(1.0),,I,DNK,,A,,FATALITIES,,PS,,ROAD,,_T,,_T,,1974,,766,,A,,0,,1,
DATAFLOW,OECD.ITF:DSD_TRENDS@DF_TRENDSSAFETY(1.0),,I,DNK,,A,,FATALITIES,,PS,,ROAD,,_T,,_T,,1975,,827,,A,,0,,1,
DATAFLOW,OECD.ITF:DSD_TRENDS@DF_TRENDSSAFETY(1.0),,I,DNK,,A,,FATALITIES,,PS,,ROAD,,_T,,_T,,1976,,857,,A,,0,,1,
DATAFLOW,OECD.ITF:DSD_TRENDS@DF_TRENDSSAFETY(1.0),,I,DNK,,A,,FATALITIES,,PS,,ROAD,,_T,,_T,,1977,,828,,A,,0,,1,
DATAFLOW,OECD.ITF:DSD_TRENDS@DF_TRENDSSAFETY(1.0),,I,DNK,,A,,FATALITIES,,PS,,ROAD,,_T,,_T,,1978,,849,,A,,0,,1,
DATAFLOW,OECD.ITF:DSD_TRENDS@DF_TRENDSSAFETY(1.0),,I,DNK,,A,,FATALITIES,,PS,,ROAD,,_T,,_T,,1979,,730,,A,,0,,1,
DATAFLOW,OECD.ITF:DSD_TRENDS@DF_TRENDSSAFETY(1.0),,I,DNK,,A,,FATALITIES,,PS,,ROAD,,_T,,_T,,1980,,690,,A,,0,,1,
DATAFLOW,OECD.ITF:DSD_TRENDS@DF_TRENDSSAFETY(1.0),,I,DNK,,A,,FATALITIES,,PS,,ROAD,,_T,,_T,,1981,,622,,A,,0,,1,
DATAFLOW,OECD.ITF:DSD_TRENDS@DF_TRENDSSAFETY(1.0),,I,DNK,,A,,FATALITIES,,PS,,ROAD,,_T,,_T,,1982,,658,,A,,0,,1,
DATAFLOW,OECD.ITF:DSD_TRENDS@DF_TRENDSSAFETY(1.0),,I,DNK,,A,,FATALITIES,,PS,,ROAD,,_T,,_T,,1983,,669,,A,,0,,1,
DATAFLOW,OECD.ITF:DSD_TRENDS@DF_TRENDSSAFETY(1.0),,I,DNK,,A,,FATALITIES,,PS,,ROAD,,_T,,_T,,1984,,665,,A,,0,,1,
DATAFLOW,OECD.ITF:DSD_TRENDS@DF_TRENDSSAFETY(1.0),,I,DNK,,A,,FATALITIES,,PS,,ROAD,,_T,,_T,,1985,,772,,A,,0,,1,
DATAFLOW,OECD.ITF:DSD_TRENDS@DF_TRENDSSAFETY(1.0),,I,DNK,,A,,FATALITIES,,PS,,ROAD,,_T,,_T,,1986,,723,,A,,0,,1,
DATAFLOW,OECD.ITF:DSD_TRENDS@DF_TRENDSSAFETY(1.0),,I,DNK,,A,,FATALITIES,,PS,,ROAD,,_T,,_T,,1987,,698,,A,,0,,1,
DATAFLOW,OECD.ITF:DSD_TRENDS@DF_TRENDSSAFETY(1.0),,I,DNK,,A,,FATALITIES,,PS,,ROAD,,_T,,_T,,1988,,713,,A,,0,,1,
DATAFLOW,OECD.ITF:DSD_TRENDS@DF_TRENDSSAFETY(1.0),,I,DNK,,A,,FATALITIES,,PS,,ROAD,,_T,,_T,,1989,,670,,A,,0,,1,
DATAFLOW,OECD.ITF:DSD_TRENDS@DF_TRENDSSAFETY(1.0),,I,DNK,,A,,FATALITIES,,PS,,ROAD,,_T,,_T,,1990,,634,,A,,0,,1,
DATAFLOW,OECD.ITF:DSD_TRENDS@DF_TRENDSSAFETY(1.0),,I,DNK,,A,,FATALITIES,,PS,,ROAD,,_T,,_T,,1991,,606,,A,,0,,1,
DATAFLOW,OECD.ITF:DSD_TRENDS@DF_TRENDSSAFETY(1.0),,I,DNK,,A,,FATALITIES,,PS,,ROAD,,_T,,_T,,1992,,577,,A,,0,,1,
DATAFLOW,OECD.ITF:DSD_TRENDS@DF_TRENDSSAFETY(1.0),,I,DNK,,A,,FATALITIES,,PS,,ROAD,,_T,,_T,,1993,,559,,A,,0,,1,
DATAFLOW,OECD.ITF:DSD_TRENDS@DF_TRENDSSAFETY(1.0),,I,DNK,,A,,FATALITIES,,PS,,ROAD,,_T,,_T,,1994,,546,,A,,0,,1,
DATAFLOW,OECD.ITF:DSD_TRENDS@DF_TRENDSSAFETY(1.0),,I,DNK,,A,,FATALITIES,,PS,,ROAD,,_T,,_T,,1995,,582,,A,,0,,1,
DATAFLOW,OECD.ITF:DSD_TRENDS@DF_TRENDSSAFETY(1.0),,I,DNK,,A,,FATALITIES,,PS,,ROAD,,_T,,_T,,1996,,514,,A,,0,,1,
DATAFLOW,OECD.ITF:DSD_TRENDS@DF_TRENDSSAFETY(1.0),,I,DNK,,A,,FATALITIES,,PS,,ROAD,,_T,,_T,,1997,,489,,A,,0,,1,
DATAFLOW,OECD.ITF:DSD_TRENDS@DF_TRENDSSAFETY(1.0),,I,DNK,,A,,FATALITIES,,PS,,ROAD,,_T,,_T,,1998,,499,,A,,0,,1,
DATAFLOW,OECD.ITF:DSD_TRENDS@DF_TRENDSSAFETY(1.0),,I,DNK,,A,,FATALITIES,,PS,,ROAD,,_T,,_T,,1999,,514,,A,,0,,1,
DATAFLOW,OECD.ITF:DSD_TRENDS@DF_TRENDSSAFETY(1.0),,I,DNK,,A,,FATALITIES,,PS,,ROAD,,_T,,_T,,2000,,498,,A,,0,,1,
DATAFLOW,OECD.ITF:DSD_TRENDS@DF_TRENDSSAFETY(1.0),,I,DNK,,A,,FATALITIES,,PS,,ROAD,,_T,,_T,,2001,,431,,A,,0,,1,
DATAFLOW,OECD.ITF:DSD_TRENDS@DF_TRENDSSAFETY(1.0),,I,DNK,,A,,FATALITIES,,PS,,ROAD,,_T,,_T,,2002,,463,,A,,0,,1,
DATAFLOW,OECD.ITF:DSD_TRENDS@DF_TRENDSSAFETY(1.0),,I,DNK,,A,,FATALITIES,,PS,,ROAD,,_T,,_T,,2003,,432,,A,,0,,1,
DATAFLOW,OECD.ITF:DSD_TRENDS@DF_TRENDSSAFETY(1.0),,I,DNK,,A,,FATALITIES,,PS,,ROAD,,_T,,_T,,2004,,369,,A,,0,,1,
DATAFLOW,OECD.ITF:DSD_TRENDS@DF_TRENDSSAFETY(1.0),,I,DNK,,A,,FATALITIES,,PS,,ROAD,,_T,,_T,,2005,,331,,A,,0,,1,
DATAFLOW,OECD.ITF:DSD_TRENDS@DF_TRENDSSAFETY(1.0),,I,DNK,,A,,FATALITIES,,PS,,ROAD,,_T,,_T,,2006,,306,,A,,0,,1,
DATAFLOW,OECD.ITF:DSD_TRENDS@DF_TRENDSSAFETY(1.0),,I,DNK,,A,,FATALITIES,,PS,,ROAD,,_T,,_T,,2007,,406,,A,,0,,1,
DATAFLOW,OECD.ITF:DSD_TRENDS@DF_TRENDSSAFETY(1.0),,I,DNK,,A,,FATALITIES,,PS,,ROAD,,_T,,_T,,2008,,406,,A,,0,,1,
DATAFLOW,OECD.ITF:DSD_TRENDS@DF_TRENDSSAFETY(1.0),,I,DNK,,A,,FATALITIES,,PS,,ROAD,,_T,,_T,,2009,,303,,A,,0,,1,
DATAFLOW,OECD.ITF:DSD_TRENDS@DF_TRENDSSAFETY(1.0),,I,DNK,,A,,FATALITIES,,PS,,ROAD,,_T,,_T,,2010,,255,,A,,0,,1,
DATAFLOW,OECD.ITF:DSD_TRENDS@DF_TRENDSSAFETY(1.0),,I,DNK,,A,,FATALITIES,,PS,,ROAD,,_T,,_T,,2011,,220,,A,,0,,1,
DATAFLOW,OECD.ITF:DSD_TRENDS@DF_TRENDSSAFETY(1.0),,I,DNK,,A,,FATALITIES,,PS,,ROAD,,_T,,_T,,2012,,167,,A,,0,,1,
DATAFLOW,OECD.ITF:DSD_TRENDS@DF_TRENDSSAFETY(1.0),,I,DNK,,A,,FATALITIES,,PS,,ROAD,,_T,,_T,,2013,,191,,A,,0,,1,
DATAFLOW,OECD.ITF:DSD_TRENDS@DF_TRENDSSAFETY(1.0),,I,DNK,,A,,FATALITIES,,PS,,ROAD,,_T,,_T,,2014,,182,,A,,0,,1,
DATAFLOW,OECD.ITF:DSD_TRENDS@DF_TRENDSSAFETY(1.0),,I,DNK,,A,,FATALITIES,,PS,,ROAD,,_T,,_T,,2015,,178,,A,,0,,1,
DATAFLOW,OECD.ITF:DSD_TRENDS@DF_TRENDSSAFETY(1.0),,I,DNK,,A,,FATALITIES,,PS,,ROAD,,_T,,_T,,2016,,211,,A,,0,,1,
DATAFLOW,OECD.ITF:DSD_TRENDS@DF_TRENDSSAFETY(1.0),,I,DNK,,A,,FATALITIES,,PS,,ROAD,,_T,,_T,,2017,,175,,A,,0,,1,
DATAFLOW,OECD.ITF:DSD_TRENDS@DF_TRENDSSAFETY(1.0),,I,DNK,,A,,FATALITIES,,PS,,ROAD,,_T,,_T,,2018,,171,,A,,0,,1,
DATAFLOW,OECD.ITF:DSD_TRENDS@DF_TRENDSSAFETY(1.0),,I,DNK,,A,,FATALITIES,,PS,,ROAD,,_T,,_T,,2019,,199,,A,,0,,1,
DATAFLOW,OECD.ITF:DSD_TRENDS@DF_TRENDSSAFETY(1.0),,I,DNK,,A,,FATALITIES,,PS,,ROAD,,_T,,_T,,2020,,163,,A,,0,,1,
DATAFLOW,OECD.ITF:DSD_TRENDS@DF_TRENDSSAFETY(1.0),,I,DNK,,A,,FATALITIES,,PS,,ROAD,,_T,,_T,,2021,,130,,A,,0,,1,
DATAFLOW,OECD.ITF:DSD_TRENDS@DF_TRENDSSAFETY(1.0),,I,EST,,A,,FATALITIES,,PS,,ROAD,,_T,,_T,,1970,,252,,A,,0,,1,
DATAFLOW,OECD.ITF:DSD_TRENDS@DF_TRENDSSAFETY(1.0),,I,EST,,A,,FATALITIES,,PS,,ROAD,,_T,,_T,,1971,,251,,A,,0,,1,
DATAFLOW,OECD.ITF:DSD_TRENDS@DF_TRENDSSAFETY(1.0),,I,EST,,A,,FATALITIES,,PS,,ROAD,,_T,,_T,,1972,,271,,A,,0,,1,
DATAFLOW,OECD.ITF:DSD_TRENDS@DF_TRENDSSAFETY(1.0),,I,EST,,A,,FATALITIES,,PS,,ROAD,,_T,,_T,,1973,,249,,A,,0,,1,
DATAFLOW,OECD.ITF:DSD_TRENDS@DF_TRENDSSAFETY(1.0),,I,EST,,A,,FATALITIES,,PS,,ROAD,,_T,,_T,,1974,,250,,A,,0,,1,
DATAFLOW,OECD.ITF:DSD_TRENDS@DF_TRENDSSAFETY(1.0),,I,EST,,A,,FATALITIES,,PS,,ROAD,,_T,,_T,,1975,,266,,A,,0,,1,
DATAFLOW,OECD.ITF:DSD_TRENDS@DF_TRENDSSAFETY(1.0),,I,EST,,A,,FATALITIES,,PS,,ROAD,,_T,,_T,,1976,,264,,A,,0,,1,
DATAFLOW,OECD.ITF:DSD_TRENDS@DF_TRENDSSAFETY(1.0),,I,EST,,A,,FATALITIES,,PS,,ROAD,,_T,,_T,,1977,,276,,A,,0,,1,
DATAFLOW,OECD.ITF:DSD_TRENDS@DF_TRENDSSAFETY(1.0),,I,EST,,A,,FATALITIES,,PS,,ROAD,,_T,,_T,,1978,,271,,A,,0,,1,
DATAFLOW,OECD.ITF:DSD_TRENDS@DF_TRENDSSAFETY(1.0),,I,EST,,A,,FATALITIES,,PS,,ROAD,,_T,,_T,,1979,,304,,A,,0,,1,
DATAFLOW,OECD.ITF:DSD_TRENDS@DF_TRENDSSAFETY(1.0),,I,EST,,A,,FATALITIES,,PS,,ROAD,,_T,,_T,,1980,,303,,A,,0,,1,
DATAFLOW,OECD.ITF:DSD_TRENDS@DF_TRENDSSAFETY(1.0),,I,EST,,A,,FATALITIES,,PS,,ROAD,,_T,,_T,,1981,,266,,A,,0,,1,
DATAFLOW,OECD.ITF:DSD_TRENDS@DF_TRENDSSAFETY(1.0),,I,EST,,A,,FATALITIES,,PS,,ROAD,,_T,,_T,,1982,,265,,A,,0,,1,
DATAFLOW,OECD.ITF:DSD_TRENDS@DF_TRENDSSAFETY(1.0),,I,EST,,A,,FATALITIES,,PS,,ROAD,,_T,,_T,,1983,,291,,A,,0,,1,
DATAFLOW,OECD.ITF:DSD_TRENDS@DF_TRENDSSAFETY(1.0),,I,EST,,A,,FATALITIES,,PS,,ROAD,,_T,,_T,,1984,,253,,A,,0,,1,
DATAFLOW,OECD.ITF:DSD_TRENDS@DF_TRENDSSAFETY(1.0),,I,EST,,A,,FATALITIES,,PS,,ROAD,,_T,,_T,,1985,,191,,A,,0,,1,
DATAFLOW,OECD.ITF:DSD_TRENDS@DF_TRENDSSAFETY(1.0),,I,EST,,A,,FATALITIES,,PS,,ROAD,,_T,,_T,,1986,,223,,A,,0,,1,
DATAFLOW,OECD.ITF:DSD_TRENDS@DF_TRENDSSAFETY(1.0),,I,EST,,A,,FATALITIES,,PS,,ROAD,,_T,,_T,,1987,,233,,A,,0,,1,
DATAFLOW,OECD.ITF:DSD_TRENDS@DF_TRENDSSAFETY(1.0),,I,EST,,A,,FATALITIES,,PS,,ROAD,,_T,,_T,,1988,,268,,A,,0,,1,
DATAFLOW,OECD.ITF:DSD_TRENDS@DF_TRENDSSAFETY(1.0),,I,EST,,A,,FATALITIES,,PS,,ROAD,,_T,,_T,,1989,,343,,A,,0,,1,
DATAFLOW,OECD.ITF:DSD_TRENDS@DF_TRENDSSAFETY(1.0),,I,EST,,A,,FATALITIES,,PS,,ROAD,,_T,,_T,,1990,,436,,A,,0,,1,
DATAFLOW,OECD.ITF:DSD_TRENDS@DF_TRENDSSAFETY(1.0),,I,EST,,A,,FATALITIES,,PS,,ROAD,,_T,,_T,,1991,,491,,A,,0,,1,
DATAFLOW,OECD.ITF:DSD_TRENDS@DF_TRENDSSAFETY(1.0),,I,EST,,A,,FATALITIES,,PS,,ROAD,,_T,,_T,,1992,,287,,A,,0,,1,
DATAFLOW,OECD.ITF:DSD_TRENDS@DF_TRENDSSAFETY(1.0),,I,EST,,A,,FATALITIES,,PS,,ROAD,,_T,,_T,,1993,,321,,A,,0,,1,
DATAFLOW,OECD.ITF:DSD_TRENDS@DF_TRENDSSAFETY(1.0),,I,EST,,A,,FATALITIES,,PS,,ROAD,,_T,,_T,,1994,,364,,A,,0,,1,
DATAFLOW,OECD.ITF:DSD_TRENDS@DF_TRENDSSAFETY(1.0),,I,EST,,A,,FATALITIES,,PS,,ROAD,,_T,,_T,,1995,,332,,A,,0,,1,
DATAFLOW,OECD.ITF:DSD_TRENDS@DF_TRENDSSAFETY(1.0),,I,EST,,A,,FATALITIES,,PS,,ROAD,,_T,,_T,,1996,,213,,A,,0,,1,
DATAFLOW,OECD.ITF:DSD_TRENDS@DF_TRENDSSAFETY(1.0),,I,EST,,A,,FATALITIES,,PS,,ROAD,,_T,,_T,,1997,,279,,A,,0,,1,
DATAFLOW,OECD.ITF:DSD_TRENDS@DF_TRENDSSAFETY(1.0),,I,EST,,A,,FATALITIES,,PS,,ROAD,,_T,,_T,,1998,,284,,A,,0,,1,
DATAFLOW,OECD.ITF:DSD_TRENDS@DF_TRENDSSAFETY(1.0),,I,EST,,A,,FATALITIES,,PS,,ROAD,,_T,,_T,,1999,,232,,A,,0,,1,
DATAFLOW,OECD.ITF:DSD_TRENDS@DF_TRENDSSAFETY(1.0),,I,EST,,A,,FATALITIES,,PS,,ROAD,,_T,,_T,,2000,,204,,A,,0,,1,
DATAFLOW,OECD.ITF:DSD_TRENDS@DF_TRENDSSAFETY(1.0),,I,EST,,A,,FATALITIES,,PS,,ROAD,,_T,,_T,,2001,,199,,A,,0,,1,
DATAFLOW,OECD.ITF:DSD_TRENDS@DF_TRENDSSAFETY(1.0),,I,EST,,A,,FATALITIES,,PS,,ROAD,,_T,,_T,,2002,,223,,A,,0,,1,
DATAFLOW,OECD.ITF:DSD_TRENDS@DF_TRENDSSAFETY(1.0),,I,EST,,A,,FATALITIES,,PS,,ROAD,,_T,,_T,,2003,,164,,A,,0,,1,
DATAFLOW,OECD.ITF:DSD_TRENDS@DF_TRENDSSAFETY(1.0),,I,EST,,A,,FATALITIES,,PS,,ROAD,,_T,,_T,,2004,,170,,A,,0,,1,
DATAFLOW,OECD.ITF:DSD_TRENDS@DF_TRENDSSAFETY(1.0),,I,EST,,A,,FATALITIES,,PS,,ROAD,,_T,,_T,,2005,,170,,A,,0,,1,
DATAFLOW,OECD.ITF:DSD_TRENDS@DF_TRENDSSAFETY(1.0),,I,EST,,A,,FATALITIES,,PS,,ROAD,,_T,,_T,,2006,,204,,A,,0,,1,
DATAFLOW,OECD.ITF:DSD_TRENDS@DF_TRENDSSAFETY(1.0),,I,EST,,A,,FATALITIES,,PS,,ROAD,,_T,,_T,,2007,,196,,A,,0,,1,
DATAFLOW,OECD.ITF:DSD_TRENDS@DF_TRENDSSAFETY(1.0),,I,EST,,A,,FATALITIES,,PS,,ROAD,,_T,,_T,,2008,,132,,A,,0,,1,
DATAFLOW,OECD.ITF:DSD_TRENDS@DF_TRENDSSAFETY(1.0),,I,EST,,A,,FATALITIES,,PS,,ROAD,,_T,,_T,,2009,,100,,A,,0,,1,
DATAFLOW,OECD.ITF:DSD_TRENDS@DF_TRENDSSAFETY(1.0),,I,EST,,A,,FATALITIES,,PS,,ROAD,,_T,,_T,,2010,,79,,A,,0,,1,
DATAFLOW,OECD.ITF:DSD_TRENDS@DF_TRENDSSAFETY(1.0),,I,EST,,A,,FATALITIES,,PS,,ROAD,,_T,,_T,,2011,,101,,A,,0,,1,
DATAFLOW,OECD.ITF:DSD_TRENDS@DF_TRENDSSAFETY(1.0),,I,EST,,A,,FATALITIES,,PS,,ROAD,,_T,,_T,,2012,,87,,A,,0,,1,
DATAFLOW,OECD.ITF:DSD_TRENDS@DF_TRENDSSAFETY(1.0),,I,EST,,A,,FATALITIES,,PS,,ROAD,,_T,,_T,,2013,,81,,A,,0,,1,
DATAFLOW,OECD.ITF:DSD_TRENDS@DF_TRENDSSAFETY(1.0),,I,EST,,A,,FATALITIES,,PS,,ROAD,,_T,,_T,,2014,,78,,A,,0,,1,
DATAFLOW,OECD.ITF:DSD_TRENDS@DF_TRENDSSAFETY(1.0),,I,EST,,A,,FATALITIES,,PS,,ROAD,,_T,,_T,,2015,,67,,A,,0,,1,
DATAFLOW,OECD.ITF:DSD_TRENDS@DF_TRENDSSAFETY(1.0),,I,EST,,A,,FATALITIES,,PS,,ROAD,,_T,,_T,,2016,,71,,A,,0,,1,
DATAFLOW,OECD.ITF:DSD_TRENDS@DF_TRENDSSAFETY(1.0),,I,EST,,A,,FATALITIES,,PS,,ROAD,,_T,,_T,,2017,,48,,A,,0,,1,
DATAFLOW,OECD.ITF:DSD_TRENDS@DF_TRENDSSAFETY(1.0),,I,EST,,A,,FATALITIES,,PS,,ROAD,,_T,,_T,,2018,,67,,A,,0,,1,
DATAFLOW,OECD.ITF:DSD_TRENDS@DF_TRENDSSAFETY(1.0),,I,EST,,A,,FATALITIES,,PS,,ROAD,,_T,,_T,,2019,,52,,A,,0,,1,
DATAFLOW,OECD.ITF:DSD_TRENDS@DF_TRENDSSAFETY(1.0),,I,EST,,A,,FATALITIES,,PS,,ROAD,,_T,,_T,,2020,,60,,A,,0,,1,
DATAFLOW,OECD.ITF:DSD_TRENDS@DF_TRENDSSAFETY(1.0),,I,EST,,A,,FATALITIES,,PS,,ROAD,,_T,,_T,,2021,,55,,A,,0,,1,
DATAFLOW,OECD.ITF:DSD_TRENDS@DF_TRENDSSAFETY(1.0),,I,EST,,A,,FATALITIES,,PS,,ROAD,,_T,,_T,,2022,,50,,A,,0,,1,
DATAFLOW,OECD.ITF:DSD_TRENDS@DF_TRENDSSAFETY(1.0),,I,EST,,A,,FATALITIES,,PS,,ROAD,,_T,,_T,,2023,,59,,A,,0,,1,
DATAFLOW,OECD.ITF:DSD_TRENDS@DF_TRENDSSAFETY(1.0),,I,EST,,A,,FATALITIES,,PS,,ROAD,,_T,,_T,,2024,,69,,A,,0,,1,
DATAFLOW,OECD.ITF:DSD_TRENDS@DF_TRENDSSAFETY(1.0),,I,FIN,,A,,FATALITIES,,PS,,ROAD,,_T,,_T,,1970,,1055,,A,,0,,1,
DATAFLOW,OECD.ITF:DSD_TRENDS@DF_TRENDSSAFETY(1.0),,I,FIN,,A,,FATALITIES,,PS,,ROAD,,_T,,_T,,1971,,1143,,A,,0,,1,
DATAFLOW,OECD.ITF:DSD_TRENDS@DF_TRENDSSAFETY(1.0),,I,FIN,,A,,FATALITIES,,PS,,ROAD,,_T,,_T,,1972,,1156,,A,,0,,1,
DATAFLOW,OECD.ITF:DSD_TRENDS@DF_TRENDSSAFETY(1.0),,I,FIN,,A,,FATALITIES,,PS,,ROAD,,_T,,_T,,1973,,1086,,A,,0,,1,
DATAFLOW,OECD.ITF:DSD_TRENDS@DF_TRENDSSAFETY(1.0),,I,FIN,,A,,FATALITIES,,PS,,ROAD,,_T,,_T,,1974,,865,,A,,0,,1,
DATAFLOW,OECD.ITF:DSD_TRENDS@DF_TRENDSSAFETY(1.0),,I,FIN,,A,,FATALITIES,,PS,,ROAD,,_T,,_T,,1975,,910,,A,,0,,1,
DATAFLOW,OECD.ITF:DSD_TRENDS@DF_TRENDSSAFETY(1.0),,I,FIN,,A,,FATALITIES,,PS,,ROAD,,_T,,_T,,1976,,804,,A,,0,,1,
DATAFLOW,OECD.ITF:DSD_TRENDS@DF_TRENDSSAFETY(1.0),,I,FIN,,A,,FATALITIES,,PS,,ROAD,,_T,,_T,,1977,,709,,A,,0,,1,
DATAFLOW,OECD.ITF:DSD_TRENDS@DF_TRENDSSAFETY(1.0),,I,FIN,,A,,FATALITIES,,PS,,ROAD,,_T,,_T,,1978,,610,,A,,0,,1,
DATAFLOW,OECD.ITF:DSD_TRENDS@DF_TRENDSSAFETY(1.0),,I,FIN,,A,,FATALITIES,,PS,,ROAD,,_T,,_T,,1979,,650,,A,,0,,1,
DATAFLOW,OECD.ITF:DSD_TRENDS@DF_TRENDSSAFETY(1.0),,I,FIN,,A,,FATALITIES,,PS,,ROAD,,_T,,_T,,1980,,551,,A,,0,,1,
DATAFLOW,OECD.ITF:DSD_TRENDS@DF_TRENDSSAFETY(1.0),,I,FIN,,A,,FATALITIES,,PS,,ROAD,,_T,,_T,,1981,,555,,A,,0,,1,
DATAFLOW,OECD.ITF:DSD_TRENDS@DF_TRENDSSAFETY(1.0),,I,FIN,,A,,FATALITIES,,PS,,ROAD,,_T,,_T,,1982,,569,,A,,0,,1,
DATAFLOW,OECD.ITF:DSD_TRENDS@DF_TRENDSSAFETY(1.0),,I,FIN,,A,,FATALITIES,,PS,,ROAD,,_T,,_T,,1983,,604,,A,,0,,1,
DATAFLOW,OECD.ITF:DSD_TRENDS@DF_TRENDSSAFETY(1.0),,I,FIN,,A,,FATALITIES,,PS,,ROAD,,_T,,_T,,1984,,541,,A,,0,,1,
DATAFLOW,OECD.ITF:DSD_TRENDS@DF_TRENDSSAFETY(1.0),,I,FIN,,A,,FATALITIES,,PS,,ROAD,,_T,,_T,,1985,,541,,A,,0,,1,
DATAFLOW,OECD.ITF:DSD_TRENDS@DF_TRENDSSAFETY(1.0),,I,FIN,,A,,FATALITIES,,PS,,ROAD,,_T,,_T,,1986,,612,,A,,0,,1,
DATAFLOW,OECD.ITF:DSD_TRENDS@DF_TRENDSSAFETY(1.0),,I,FIN,,A,,FATALITIES,,PS,,ROAD,,_T,,_T,,1987,,581,,A,,0,,1,
DATAFLOW,OECD.ITF:DSD_TRENDS@DF_TRENDSSAFETY(1.0),,I,FIN,,A,,FATALITIES,,PS,,ROAD,,_T,,_T,,1988,,653,,A,,0,,1,
DATAFLOW,OECD.ITF:DSD_TRENDS@DF_TRENDSSAFETY(1.0),,I,FIN,,A,,FATALITIES,,PS,,ROAD,,_T,,_T,,1989,,734,,A,,0,,1,
DATAFLOW,OECD.ITF:DSD_TRENDS@DF_TRENDSSAFETY(1.0),,I,FIN,,A,,FATALITIES,,PS,,ROAD,,_T,,_T,,1990,,649,,A,,0,,1,
DATAFLOW,OECD.ITF:DSD_TRENDS@DF_TRENDSSAFETY(1.0),,I,FIN,,A,,FATALITIES,,PS,,ROAD,,_T,,_T,,1991,,632,,A,,0,,1,
DATAFLOW,OECD.ITF:DSD_TRENDS@DF_TRENDSSAFETY(1.0),,I,FIN,,A,,FATALITIES,,PS,,ROAD,,_T,,_T,,1992,,601,,A,,0,,1,
DATAFLOW,OECD.ITF:DSD_TRENDS@DF_TRENDSSAFETY(1.0),,I,FIN,,A,,FATALITIES,,PS,,ROAD,,_T,,_T,,1993,,484,,A,,0,,1,
DATAFLOW,OECD.ITF:DSD_TRENDS@DF_TRENDSSAFETY(1.0),,I,FIN,,A,,FATALITIES,,PS,,ROAD,,_T,,_T,,1994,,480,,A,,0,,1,
DATAFLOW,OECD.ITF:DSD_TRENDS@DF_TRENDSSAFETY(1.0),,I,FIN,,A,,FATALITIES,,PS,,ROAD,,_T,,_T,,1995,,441,,A,,0,,1,
DATAFLOW,OECD.ITF:DSD_TRENDS@DF_TRENDSSAFETY(1.0),,I,FIN,,A,,FATALITIES,,PS,,ROAD,,_T,,_T,,1996,,404,,A,,0,,1,
DATAFLOW,OECD.ITF:DSD_TRENDS@DF_TRENDSSAFETY(1.0),,I,FIN,,A,,FATALITIES,,PS,,ROAD,,_T,,_T,,1997,,438,,A,,0,,1,
DATAFLOW,OECD.ITF:DSD_TRENDS@DF_TRENDSSAFETY(1.0),,I,FIN,,A,,FATALITIES,,PS,,ROAD,,_T,,_T,,1998,,400,,A,,0,,1,
DATAFLOW,OECD.ITF:DSD_TRENDS@DF_TRENDSSAFETY(1.0),,I,FIN,,A,,FATALITIES,,PS,,ROAD,,_T,,_T,,1999,,431,,A,,0,,1,
DATAFLOW,OECD.ITF:DSD_TRENDS@DF_TRENDSSAFETY(1.0),,I,FIN,,A,,FATALITIES,,PS,,ROAD,,_T,,_T,,2000,,396,,A,,0,,1,
DATAFLOW,OECD.ITF:DSD_TRENDS@DF_TRENDSSAFETY(1.0),,I,FIN,,A,,FATALITIES,,PS,,ROAD,,_T,,_T,,2001,,433,,A,,0,,1,
DATAFLOW,OECD.ITF:DSD_TRENDS@DF_TRENDSSAFETY(1.0),,I,FIN,,A,,FATALITIES,,PS,,ROAD,,_T,,_T,,2002,,415,,A,,0,,1,
DATAFLOW,OECD.ITF:DSD_TRENDS@DF_TRENDSSAFETY(1.0),,I,FIN,,A,,FATALITIES,,PS,,ROAD,,_T,,_T,,2004,,375,,A,,0,,1,
DATAFLOW,OECD.ITF:DSD_TRENDS@DF_TRENDSSAFETY(1.0),,I,FIN,,A,,FATALITIES,,PS,,ROAD,,_T,,_T,,2005,,379,,A,,0,,1,
DATAFLOW,OECD.ITF:DSD_TRENDS@DF_TRENDSSAFETY(1.0),,I,FIN,,A,,FATALITIES,,PS,,ROAD,,_T,,_T,,2006,,336,,A,,0,,1,
DATAFLOW,OECD.ITF:DSD_TRENDS@DF_TRENDSSAFETY(1.0),,I,FIN,,A,,FATALITIES,,PS,,ROAD,,_T,,_T,,2007,,380,,A,,0,,1,
DATAFLOW,OECD.ITF:DSD_TRENDS@DF_TRENDSSAFETY(1.0),,I,FIN,,A,,FATALITIES,,PS,,ROAD,,_T,,_T,,2008,,344,,A,,0,,1,
DATAFLOW,OECD.ITF:DSD_TRENDS@DF_TRENDSSAFETY(1.0),,I,FIN,,A,,FATALITIES,,PS,,ROAD,,_T,,_T,,2009,,279,,A,,0,,1,
DATAFLOW,OECD.ITF:DSD_TRENDS@DF_TRENDSSAFETY(1.0),,I,FIN,,A,,FATALITIES,,PS,,ROAD,,_T,,_T,,2010,,272,,A,,0,,1,
DATAFLOW,OECD.ITF:DSD_TRENDS@DF_TRENDSSAFETY(1.0),,I,FIN,,A,,FATALITIES,,PS,,ROAD,,_T,,_T,,2011,,292,,A,,0,,1,
DATAFLOW,OECD.ITF:DSD_TRENDS@DF_TRENDSSAFETY(1.0),,I,FIN,,A,,FATALITIES,,PS,,ROAD,,_T,,_T,,2012,,255,,A,,0,,1,
DATAFLOW,OECD.ITF:DSD_TRENDS@DF_TRENDSSAFETY(1.0),,I,FIN,,A,,FATALITIES,,PS,,ROAD,,_T,,_T,,2013,,258,,A,,0,,1,
DATAFLOW,OECD.ITF:DSD_TRENDS@DF_TRENDSSAFETY(1.0),,I,FIN,,A,,FATALITIES,,PS,,ROAD,,_T,,_T,,2014,,229,,A,,0,,1,
DATAFLOW,OECD.ITF:DSD_TRENDS@DF_TRENDSSAFETY(1.0),,I,FIN,,A,,FATALITIES,,PS,,ROAD,,_T,,_T,,2015,,270,,A,,0,,1,
DATAFLOW,OECD.ITF:DSD_TRENDS@DF_TRENDSSAFETY(1.0),,I,FIN,,A,,FATALITIES,,PS,,ROAD,,_T,,_T,,2016,,258,,A,,0,,1,
DATAFLOW,OECD.ITF:DSD_TRENDS@DF_TRENDSSAFETY(1.0),,I,FIN,,A,,FATALITIES,,PS,,ROAD,,_T,,_T,,2017,,238,,A,,0,,1,
DATAFLOW,OECD.ITF:DSD_TRENDS@DF_TRENDSSAFETY(1.0),,I,FIN,,A,,FATALITIES,,PS,,ROAD,,_T,,_T,,2018,,239,,A,,0,,1,
DATAFLOW,OECD.ITF:DSD_TRENDS@DF_TRENDSSAFETY(1.0),,I,FIN,,A,,FATALITIES,,PS,,ROAD,,_T,,_T,,2019,,211,,A,,0,,1,
DATAFLOW,OECD.ITF:DSD_TRENDS@DF_TRENDSSAFETY(1.0),,I,FIN,,A,,FATALITIES,,PS,,ROAD,,_T,,_T,,2020,,223,,A,,0,,1,
DATAFLOW,OECD.ITF:DSD_TRENDS@DF_TRENDSSAFETY(1.0),,I,FIN,,A,,FATALITIES,,PS,,ROAD,,_T,,_T,,2021,,225,,A,,0,,1,
DATAFLOW,OECD.ITF:DSD_TRENDS@DF_TRENDSSAFETY(1.0),,I,FIN,,A,,FATALITIES,,PS,,ROAD,,_T,,_T,,2022,,196,,A,,0,,1,
DATAFLOW,OECD.ITF:DSD_TRENDS@DF_TRENDSSAFETY(1.0),,I,FIN,,A,,FATALITIES,,PS,,ROAD,,_T,,_T,,2023,,185,,A,,0,,1,
DATAFLOW,OECD.ITF:DSD_TRENDS@DF_TRENDSSAFETY(1.0),,I,FIN,,A,,FATALITIES,,PS,,ROAD,,_T,,_T,,2024,,179,,A,,0,,1,
DATAFLOW,OECD.ITF:DSD_TRENDS@DF_TRENDSSAFETY(1.0),,I,FRA,,A,,FATALITIES,,PS,,ROAD,,_T,,_T,,1970,,16445,,A,,0,,1,
DATAFLOW,OECD.ITF:DSD_TRENDS@DF_TRENDSSAFETY(1.0),,I,FRA,,A,,FATALITIES,,PS,,ROAD,,_T,,_T,,1971,,17671,,A,,0,,1,
DATAFLOW,OECD.ITF:DSD_TRENDS@DF_TRENDSSAFETY(1.0),,I,FRA,,A,,FATALITIES,,PS,,ROAD,,_T,,_T,,1972,,18113,,A,,0,,1,
DATAFLOW,OECD.ITF:DSD_TRENDS@DF_TRENDSSAFETY(1.0),,I,FRA,,A,,FATALITIES,,PS,,ROAD,,_T,,_T,,1973,,17043,,A,,0,,1,
DATAFLOW,OECD.ITF:DSD_TRENDS@DF_TRENDSSAFETY(1.0),,I,FRA,,A,,FATALITIES,,PS,,ROAD,,_T,,_T,,1974,,14738,,A,,0,,1,
DATAFLOW,OECD.ITF:DSD_TRENDS@DF_TRENDSSAFETY(1.0),,I,FRA,,A,,FATALITIES,,PS,,ROAD,,_T,,_T,,1975,,14355,,A,,0,,1,
DATAFLOW,OECD.ITF:DSD_TRENDS@DF_TRENDSSAFETY(1.0),,I,FRA,,A,,FATALITIES,,PS,,ROAD,,_T,,_T,,1976,,15028,,A,,0,,1,
DATAFLOW,OECD.ITF:DSD_TRENDS@DF_TRENDSSAFETY(1.0),,I,FRA,,A,,FATALITIES,,PS,,ROAD,,_T,,_T,,1977,,14283,,A,,0,,1,
DATAFLOW,OECD.ITF:DSD_TRENDS@DF_TRENDSSAFETY(1.0),,I,FRA,,A,,FATALITIES,,PS,,ROAD,,_T,,_T,,1978,,13229,,A,,0,,1,
DATAFLOW,OECD.ITF:DSD_TRENDS@DF_TRENDSSAFETY(1.0),,I,FRA,,A,,FATALITIES,,PS,,ROAD,,_T,,_T,,1979,,13603,,A,,0,,1,
DATAFLOW,OECD.ITF:DSD_TRENDS@DF_TRENDSSAFETY(1.0),,I,FRA,,A,,FATALITIES,,PS,,ROAD,,_T,,_T,,1980,,13672,,A,,0,,1,
DATAFLOW,OECD.ITF:DSD_TRENDS@DF_TRENDSSAFETY(1.0),,I,FRA,,A,,FATALITIES,,PS,,ROAD,,_T,,_T,,1981,,13547,,A,,0,,1,
DATAFLOW,OECD.ITF:DSD_TRENDS@DF_TRENDSSAFETY(1.0),,I,FRA,,A,,FATALITIES,,PS,,ROAD,,_T,,_T,,1982,,13527,,A,,0,,1,
DATAFLOW,OECD.ITF:DSD_TRENDS@DF_TRENDSSAFETY(1.0),,I,FRA,,A,,FATALITIES,,PS,,ROAD,,_T,,_T,,1983,,13021,,A,,0,,1,
DATAFLOW,OECD.ITF:DSD_TRENDS@DF_TRENDSSAFETY(1.0),,I,FRA,,A,,FATALITIES,,PS,,ROAD,,_T,,_T,,1984,,12737,,A,,0,,1,
DATAFLOW,OECD.ITF:DSD_TRENDS@DF_TRENDSSAFETY(1.0),,I,FRA,,A,,FATALITIES,,PS,,ROAD,,_T,,_T,,1985,,11388,,A,,0,,1,
DATAFLOW,OECD.ITF:DSD_TRENDS@DF_TRENDSSAFETY(1.0),,I,FRA,,A,,FATALITIES,,PS,,ROAD,,_T,,_T,,1986,,11947,,A,,0,,1,
DATAFLOW,OECD.ITF:DSD_TRENDS@DF_TRENDSSAFETY(1.0),,I,FRA,,A,,FATALITIES,,PS,,ROAD,,_T,,_T,,1987,,10742,,A,,0,,1,
DATAFLOW,OECD.ITF:DSD_TRENDS@DF_TRENDSSAFETY(1.0),,I,FRA,,A,,FATALITIES,,PS,,ROAD,,_T,,_T,,1988,,11497,,A,,0,,1,
DATAFLOW,OECD.ITF:DSD_TRENDS@DF_TRENDSSAFETY(1.0),,I,FRA,,A,,FATALITIES,,PS,,ROAD,,_T,,_T,,1989,,11476,,A,,0,,1,
DATAFLOW,OECD.ITF:DSD_TRENDS@DF_TRENDSSAFETY(1.0),,I,FRA,,A,,FATALITIES,,PS,,ROAD,,_T,,_T,,1990,,11215,,A,,0,,1,
DATAFLOW,OECD.ITF:DSD_TRENDS@DF_TRENDSSAFETY(1.0),,I,FRA,,A,,FATALITIES,,PS,,ROAD,,_T,,_T,,1991,,10483,,A,,0,,1,
DATAFLOW,OECD.ITF:DSD_TRENDS@DF_TRENDSSAFETY(1.0),,I,FRA,,A,,FATALITIES,,PS,,ROAD,,_T,,_T,,1992,,9900,,A,,0,,1,
DATAFLOW,OECD.ITF:DSD_TRENDS@DF_TRENDSSAFETY(1.0),,I,FRA,,A,,FATALITIES,,PS,,ROAD,,_T,,_T,,1993,,9568,,A,,0,,1,
DATAFLOW,OECD.ITF:DSD_TRENDS@DF_TRENDSSAFETY(1.0),,I,FRA,,A,,FATALITIES,,PS,,ROAD,,_T,,_T,,1994,,9019,,A,,0,,1,
DATAFLOW,OECD.ITF:DSD_TRENDS@DF_TRENDSSAFETY(1.0),,I,FRA,,A,,FATALITIES,,PS,,ROAD,,_T,,_T,,1995,,8891,,A,,0,,1,
DATAFLOW,OECD.ITF:DSD_TRENDS@DF_TRENDSSAFETY(1.0),,I,FRA,,A,,FATALITIES,,PS,,ROAD,,_T,,_T,,1996,,8541,,A,,0,,1,
DATAFLOW,OECD.ITF:DSD_TRENDS@DF_TRENDSSAFETY(1.0),,I,FRA,,A,,FATALITIES,,PS,,ROAD,,_T,,_T,,1997,,8444,,A,,0,,1,
DATAFLOW,OECD.ITF:DSD_TRENDS@DF_TRENDSSAFETY(1.0),,I,FRA,,A,,FATALITIES,,PS,,ROAD,,_T,,_T,,1998,,8918,,A,,0,,1,
DATAFLOW,OECD.ITF:DSD_TRENDS@DF_TRENDSSAFETY(1.0),,I,FRA,,A,,FATALITIES,,PS,,ROAD,,_T,,_T,,1999,,8487,,A,,0,,1,
DATAFLOW,OECD.ITF:DSD_TRENDS@DF_TRENDSSAFETY(1.0),,I,FRA,,A,,FATALITIES,,PS,,ROAD,,_T,,_T,,2000,,8079,,A,,0,,1,
DATAFLOW,OECD.ITF:DSD_TRENDS@DF_TRENDSSAFETY(1.0),,I,FRA,,A,,FATALITIES,,PS,,ROAD,,_T,,_T,,2001,,8160,,A,,0,,1,
DATAFLOW,OECD.ITF:DSD_TRENDS@DF_TRENDSSAFETY(1.0),,I,FRA,,A,,FATALITIES,,PS,,ROAD,,_T,,_T,,2002,,7655,,A,,0,,1,
DATAFLOW,OECD.ITF:DSD_TRENDS@DF_TRENDSSAFETY(1.0),,I,FRA,,A,,FATALITIES,,PS,,ROAD,,_T,,_T,,2003,,6058,,A,,0,,1,
DATAFLOW,OECD.ITF:DSD_TRENDS@DF_TRENDSSAFETY(1.0),,I,FRA,,A,,FATALITIES,,PS,,ROAD,,_T,,_T,,2004,,5593,,A,,0,,1,
DATAFLOW,OECD.ITF:DSD_TRENDS@DF_TRENDSSAFETY(1.0),,I,FRA,,A,,FATALITIES,,PS,,ROAD,,_T,,_T,,2005,,5318,,A,,0,,1,
DATAFLOW,OECD.ITF:DSD_TRENDS@DF_TRENDSSAFETY(1.0),,I,FRA,,A,,FATALITIES,,PS,,ROAD,,_T,,_T,,2006,,4709,,A,,0,,1,
DATAFLOW,OECD.ITF:DSD_TRENDS@DF_TRENDSSAFETY(1.0),,I,FRA,,A,,FATALITIES,,PS,,ROAD,,_T,,_T,,2007,,4620,,A,,0,,1,
DATAFLOW,OECD.ITF:DSD_TRENDS@DF_TRENDSSAFETY(1.0),,I,FRA,,A,,FATALITIES,,PS,,ROAD,,_T,,_T,,2008,,4275,,A,,0,,1,
DATAFLOW,OECD.ITF:DSD_TRENDS@DF_TRENDSSAFETY(1.0),,I,FRA,,A,,FATALITIES,,PS,,ROAD,,_T,,_T,,2009,,4273,,A,,0,,1,
DATAFLOW,OECD.ITF:DSD_TRENDS@DF_TRENDSSAFETY(1.0),,I,FRA,,A,,FATALITIES,,PS,,ROAD,,_T,,_T,,2010,,3992,,A,,0,,1,
DATAFLOW,OECD.ITF:DSD_TRENDS@DF_TRENDSSAFETY(1.0),,I,FRA,,A,,FATALITIES,,PS,,ROAD,,_T,,_T,,2011,,3963,,A,,0,,1,
DATAFLOW,OECD.ITF:DSD_TRENDS@DF_TRENDSSAFETY(1.0),,I,FRA,,A,,FATALITIES,,PS,,ROAD,,_T,,_T,,2012,,3653,,A,,0,,1,
DATAFLOW,OECD.ITF:DSD_TRENDS@DF_TRENDSSAFETY(1.0),,I,FRA,,A,,FATALITIES,,PS,,ROAD,,_T,,_T,,2013,,3268,,A,,0,,1,
DATAFLOW,OECD.ITF:DSD_TRENDS@DF_TRENDSSAFETY(1.0),,I,FRA,,A,,FATALITIES,,PS,,ROAD,,_T,,_T,,2014,,3384,,A,,0,,1,
DATAFLOW,OECD.ITF:DSD_TRENDS@DF_TRENDSSAFETY(1.0),,I,FRA,,A,,FATALITIES,,PS,,ROAD,,_T,,_T,,2015,,3461,,A,,0,,1,
DATAFLOW,OECD.ITF:DSD_TRENDS@DF_TRENDSSAFETY(1.0),,I,FRA,,A,,FATALITIES,,PS,,ROAD,,_T,,_T,,2016,,3477,,A,,0,,1,
DATAFLOW,OECD.ITF:DSD_TRENDS@DF_TRENDSSAFETY(1.0),,I,FRA,,A,,FATALITIES,,PS,,ROAD,,_T,,_T,,2017,,3448,,A,,0,,1,
DATAFLOW,OECD.ITF:DSD_TRENDS@DF_TRENDSSAFETY(1.0),,I,FRA,,A,,FATALITIES,,PS,,ROAD,,_T,,_T,,2018,,3248,,A,,0,,1,
DATAFLOW,OECD.ITF:DSD_TRENDS@DF_TRENDSSAFETY(1.0),,I,FRA,,A,,FATALITIES,,PS,,ROAD,,_T,,_T,,2019,,3244,,A,,0,,1,
DATAFLOW,OECD.ITF:DSD_TRENDS@DF_TRENDSSAFETY(1.0),,I,FRA,,A,,FATALITIES,,PS,,ROAD,,_T,,_T,,2020,,2541,,A,,0,,1,
DATAFLOW,OECD.ITF:DSD_TRENDS@DF_TRENDSSAFETY(1.0),,I,FRA,,A,,FATALITIES,,PS,,ROAD,,_T,,_T,,2021,,2944,,A,,0,,1,
DATAFLOW,OECD.ITF:DSD_TRENDS@DF_TRENDSSAFETY(1.0),,I,FRA,,A,,FATALITIES,,PS,,ROAD,,_T,,_T,,2022,,3267,,A,,0,,1,
DATAFLOW,OECD.ITF:DSD_TRENDS@DF_TRENDSSAFETY(1.0),,I,FRA,,A,,FATALITIES,,PS,,ROAD,,_T,,_T,,2023,,3167,,A,,0,,1,
DATAFLOW,OECD.ITF:DSD_TRENDS@DF_TRENDSSAFETY(1.0),,I,FRA,,A,,FATALITIES,,PS,,ROAD,,_T,,_T,,2024,,3193,,A,,0,,1,
DATAFLOW,OECD.ITF:DSD_TRENDS@DF_TRENDSSAFETY(1.0),,I,DEU,,A,,FATALITIES,,PS,,ROAD,,_T,,_T,,1970,,19193,,A,,0,,1,
DATAFLOW,OECD.ITF:DSD_TRENDS@DF_TRENDSSAFETY(1.0),,I,DEU,,A,,FATALITIES,,PS,,ROAD,,_T,,_T,,1971,,18753,,A,,0,,1,
DATAFLOW,OECD.ITF:DSD_TRENDS@DF_TRENDSSAFETY(1.0),,I,DEU,,A,,FATALITIES,,PS,,ROAD,,_T,,_T,,1972,,18811,,A,,0,,1,
DATAFLOW,OECD.ITF:DSD_TRENDS@DF_TRENDSSAFETY(1.0),,I,DEU,,A,,FATALITIES,,PS,,ROAD,,_T,,_T,,1973,,16302,,A,,0,,1,
DATAFLOW,OECD.ITF:DSD_TRENDS@DF_TRENDSSAFETY(1.0),,I,DEU,,A,,FATALITIES,,PS,,ROAD,,_T,,_T,,1974,,14614,,A,,0,,1,
DATAFLOW,OECD.ITF:DSD_TRENDS@DF_TRENDSSAFETY(1.0),,I,DEU,,A,,FATALITIES,,PS,,ROAD,,_T,,_T,,1975,,14870,,A,,0,,1,
DATAFLOW,OECD.ITF:DSD_TRENDS@DF_TRENDSSAFETY(1.0),,I,DEU,,A,,FATALITIES,,PS,,ROAD,,_T,,_T,,1976,,14820,,A,,0,,1,
DATAFLOW,OECD.ITF:DSD_TRENDS@DF_TRENDSSAFETY(1.0),,I,DEU,,A,,FATALITIES,,PS,,ROAD,,_T,,_T,,1977,,14978,,A,,0,,1,
DATAFLOW,OECD.ITF:DSD_TRENDS@DF_TRENDSSAFETY(1.0),,I,DEU,,A,,FATALITIES,,PS,,ROAD,,_T,,_T,,1978,,14662,,A,,0,,1,
DATAFLOW,OECD.ITF:DSD_TRENDS@DF_TRENDSSAFETY(1.0),,I,DEU,,A,,FATALITIES,,PS,,ROAD,,_T,,_T,,1979,,13222,,A,,0,,1,
DATAFLOW,OECD.ITF:DSD_TRENDS@DF_TRENDSSAFETY(1.0),,I,DEU,,A,,FATALITIES,,PS,,ROAD,,_T,,_T,,1980,,13041,,A,,0,,1,
DATAFLOW,OECD.ITF:DSD_TRENDS@DF_TRENDSSAFETY(1.0),,I,DEU,,A,,FATALITIES,,PS,,ROAD,,_T,,_T,,1981,,11674,,A,,0,,1,
DATAFLOW,OECD.ITF:DSD_TRENDS@DF_TRENDSSAFETY(1.0),,I,DEU,,A,,FATALITIES,,PS,,ROAD,,_T,,_T,,1982,,11608,,A,,0,,1,
DATAFLOW,OECD.ITF:DSD_TRENDS@DF_TRENDSSAFETY(1.0),,I,DEU,,A,,FATALITIES,,PS,,ROAD,,_T,,_T,,1983,,11732,,A,,0,,1,
DATAFLOW,OECD.ITF:DSD_TRENDS@DF_TRENDSSAFETY(1.0),,I,DEU,,A,,FATALITIES,,PS,,ROAD,,_T,,_T,,1984,,10199,,A,,0,,1,
DATAFLOW,OECD.ITF:DSD_TRENDS@DF_TRENDSSAFETY(1.0),,I,DEU,,A,,FATALITIES,,PS,,ROAD,,_T,,_T,,1985,,8400,,A,,0,,1,
DATAFLOW,OECD.ITF:DSD_TRENDS@DF_TRENDSSAFETY(1.0),,I,DEU,,A,,FATALITIES,,PS,,ROAD,,_T,,_T,,1986,,8948,,A,,0,,1,
DATAFLOW,OECD.ITF:DSD_TRENDS@DF_TRENDSSAFETY(1.0),,I,DEU,,A,,FATALITIES,,PS,,ROAD,,_T,,_T,,1987,,7967,,A,,0,,1,
DATAFLOW,OECD.ITF:DSD_TRENDS@DF_TRENDSSAFETY(1.0),,I,DEU,,A,,FATALITIES,,PS,,ROAD,,_T,,_T,,1988,,8213,,A,,0,,1,
DATAFLOW,OECD.ITF:DSD_TRENDS@DF_TRENDSSAFETY(1.0),,I,DEU,,A,,FATALITIES,,PS,,ROAD,,_T,,_T,,1989,,7995,,A,,0,,1,
DATAFLOW,OECD.ITF:DSD_TRENDS@DF_TRENDSSAFETY(1.0),,I,DEU,,A,,FATALITIES,,PS,,ROAD,,_T,,_T,,1990,,7906,,A,,0,,1,
DATAFLOW,OECD.ITF:DSD_TRENDS@DF_TRENDSSAFETY(1.0),,I,DEU,,A,,FATALITIES,,PS,,ROAD,,_T,,_T,,1992,,10631,,A,,0,,1,
DATAFLOW,OECD.ITF:DSD_TRENDS@DF_TRENDSSAFETY(1.0),,I,DEU,,A,,FATALITIES,,PS,,ROAD,,_T,,_T,,1993,,9949,,A,,0,,1,
DATAFLOW,OECD.ITF:DSD_TRENDS@DF_TRENDSSAFETY(1.0),,I,DEU,,A,,FATALITIES,,PS,,ROAD,,_T,,_T,,1994,,9814,,A,,0,,1,
DATAFLOW,OECD.ITF:DSD_TRENDS@DF_TRENDSSAFETY(1.0),,I,DEU,,A,,FATALITIES,,PS,,ROAD,,_T,,_T,,1995,,9454,,A,,0,,1,
DATAFLOW,OECD.ITF:DSD_TRENDS@DF_TRENDSSAFETY(1.0),,I,DEU,,A,,FATALITIES,,PS,,ROAD,,_T,,_T,,1996,,8758,,A,,0,,1,
DATAFLOW,OECD.ITF:DSD_TRENDS@DF_TRENDSSAFETY(1.0),,I,DEU,,A,,FATALITIES,,PS,,ROAD,,_T,,_T,,1997,,8549,,A,,0,,1,
DATAFLOW,OECD.ITF:DSD_TRENDS@DF_TRENDSSAFETY(1.0),,I,DEU,,A,,FATALITIES,,PS,,ROAD,,_T,,_T,,1998,,7792,,A,,0,,1,
DATAFLOW,OECD.ITF:DSD_TRENDS@DF_TRENDSSAFETY(1.0),,I,DEU,,A,,FATALITIES,,PS,,ROAD,,_T,,_T,,1999,,7772,,A,,0,,1,
DATAFLOW,OECD.ITF:DSD_TRENDS@DF_TRENDSSAFETY(1.0),,I,DEU,,A,,FATALITIES,,PS,,ROAD,,_T,,_T,,2000,,7503,,A,,0,,1,
DATAFLOW,OECD.ITF:DSD_TRENDS@DF_TRENDSSAFETY(1.0),,I,DEU,,A,,FATALITIES,,PS,,ROAD,,_T,,_T,,2001,,6977,,A,,0,,1,
DATAFLOW,OECD.ITF:DSD_TRENDS@DF_TRENDSSAFETY(1.0),,I,DEU,,A,,FATALITIES,,PS,,ROAD,,_T,,_T,,2002,,6842,,A,,0,,1,
DATAFLOW,OECD.ITF:DSD_TRENDS@DF_TRENDSSAFETY(1.0),,I,DEU,,A,,FATALITIES,,PS,,ROAD,,_T,,_T,,2003,,6613,,A,,0,,1,
DATAFLOW,OECD.ITF:DSD_TRENDS@DF_TRENDSSAFETY(1.0),,I,DEU,,A,,FATALITIES,,PS,,ROAD,,_T,,_T,,2004,,5842,,A,,0,,1,
DATAFLOW,OECD.ITF:DSD_TRENDS@DF_TRENDSSAFETY(1.0),,I,DEU,,A,,FATALITIES,,PS,,ROAD,,_T,,_T,,2005,,5361,,A,,0,,1,
DATAFLOW,OECD.ITF:DSD_TRENDS@DF_TRENDSSAFETY(1.0),,I,DEU,,A,,FATALITIES,,PS,,ROAD,,_T,,_T,,2006,,5091,,A,,0,,1,
DATAFLOW,OECD.ITF:DSD_TRENDS@DF_TRENDSSAFETY(1.0),,I,DEU,,A,,FATALITIES,,PS,,ROAD,,_T,,_T,,2007,,4949,,A,,0,,1,
DATAFLOW,OECD.ITF:DSD_TRENDS@DF_TRENDSSAFETY(1.0),,I,DEU,,A,,FATALITIES,,PS,,ROAD,,_T,,_T,,2008,,4477,,A,,0,,1,
DATAFLOW,OECD.ITF:DSD_TRENDS@DF_TRENDSSAFETY(1.0),,I,DEU,,A,,FATALITIES,,PS,,ROAD,,_T,,_T,,2009,,4152,,A,,0,,1,
DATAFLOW,OECD.ITF:DSD_TRENDS@DF_TRENDSSAFETY(1.0),,I,DEU,,A,,FATALITIES,,PS,,ROAD,,_T,,_T,,2010,,3648,,A,,0,,1,
DATAFLOW,OECD.ITF:DSD_TRENDS@DF_TRENDSSAFETY(1.0),,I,DEU,,A,,FATALITIES,,PS,,ROAD,,_T,,_T,,2011,,4009,,A,,0,,1,
DATAFLOW,OECD.ITF:DSD_TRENDS@DF_TRENDSSAFETY(1.0),,I,DEU,,A,,FATALITIES,,PS,,ROAD,,_T,,_T,,2012,,3600,,A,,0,,1,
DATAFLOW,OECD.ITF:DSD_TRENDS@DF_TRENDSSAFETY(1.0),,I,DEU,,A,,FATALITIES,,PS,,ROAD,,_T,,_T,,2013,,3339,,A,,0,,1,
DATAFLOW,OECD.ITF:DSD_TRENDS@DF_TRENDSSAFETY(1.0),,I,DEU,,A,,FATALITIES,,PS,,ROAD,,_T,,_T,,2014,,3377,,A,,0,,1,
DATAFLOW,OECD.ITF:DSD_TRENDS@DF_TRENDSSAFETY(1.0),,I,DEU,,A,,FATALITIES,,PS,,ROAD,,_T,,_T,,2015,,3459,,A,,0,,1,
DATAFLOW,OECD.ITF:DSD_TRENDS@DF_TRENDSSAFETY(1.0),,I,DEU,,A,,FATALITIES,,PS,,ROAD,,_T,,_T,,2016,,3206,,A,,0,,1,
DATAFLOW,OECD.ITF:DSD_TRENDS@DF_TRENDSSAFETY(1.0),,I,DEU,,A,,FATALITIES,,PS,,ROAD,,_T,,_T,,2017,,3180,,A,,0,,1,
DATAFLOW,OECD.ITF:DSD_TRENDS@DF_TRENDSSAFETY(1.0),,I,DEU,,A,,FATALITIES,,PS,,ROAD,,_T,,_T,,2018,,3275,,A,,0,,1,
DATAFLOW,OECD.ITF:DSD_TRENDS@DF_TRENDSSAFETY(1.0),,I,DEU,,A,,FATALITIES,,PS,,ROAD,,_T,,_T,,2019,,3046,,A,,0,,1,
DATAFLOW,OECD.ITF:DSD_TRENDS@DF_TRENDSSAFETY(1.0),,I,DEU,,A,,FATALITIES,,PS,,ROAD,,_T,,_T,,2020,,2719,,A,,0,,1,
DATAFLOW,OECD.ITF:DSD_TRENDS@DF_TRENDSSAFETY(1.0),,I,DEU,,A,,FATALITIES,,PS,,ROAD,,_T,,_T,,2021,,2562,,A,,0,,1,
DATAFLOW,OECD.ITF:DSD_TRENDS@DF_TRENDSSAFETY(1.0),,I,DEU,,A,,FATALITIES,,PS,,ROAD,,_T,,_T,,2022,,2788,,A,,0,,1,
DATAFLOW,OECD.ITF:DSD_TRENDS@DF_TRENDSSAFETY(1.0),,I,DEU,,A,,FATALITIES,,PS,,ROAD,,_T,,_T,,2023,,2839,,A,,0,,1,
DATAFLOW,OECD.ITF:DSD_TRENDS@DF_TRENDSSAFETY(1.0),,I,DEU,,A,,FATALITIES,,PS,,ROAD,,_T,,_T,,2024,,2770,,A,,0,,1,
DATAFLOW,OECD.ITF:DSD_TRENDS@DF_TRENDSSAFETY(1.0),,I,GRC,,A,,FATALITIES,,PS,,ROAD,,_T,,_T,,1970,,931,,A,,0,,1,
DATAFLOW,OECD.ITF:DSD_TRENDS@DF_TRENDSSAFETY(1.0),,I,GRC,,A,,FATALITIES,,PS,,ROAD,,_T,,_T,,1971,,940,,A,,0,,1,
DATAFLOW,OECD.ITF:DSD_TRENDS@DF_TRENDSSAFETY(1.0),,I,GRC,,A,,FATALITIES,,PS,,ROAD,,_T,,_T,,1972,,968,,A,,0,,1,
DATAFLOW,OECD.ITF:DSD_TRENDS@DF_TRENDSSAFETY(1.0),,I,GRC,,A,,FATALITIES,,PS,,ROAD,,_T,,_T,,1973,,1057,,A,,0,,1,
DATAFLOW,OECD.ITF:DSD_TRENDS@DF_TRENDSSAFETY(1.0),,I,GRC,,A,,FATALITIES,,PS,,ROAD,,_T,,_T,,1974,,943,,A,,0,,1,
DATAFLOW,OECD.ITF:DSD_TRENDS@DF_TRENDSSAFETY(1.0),,I,GRC,,A,,FATALITIES,,PS,,ROAD,,_T,,_T,,1975,,1060,,A,,0,,1,
DATAFLOW,OECD.ITF:DSD_TRENDS@DF_TRENDSSAFETY(1.0),,I,GRC,,A,,FATALITIES,,PS,,ROAD,,_T,,_T,,1976,,1063,,A,,0,,1,
DATAFLOW,OECD.ITF:DSD_TRENDS@DF_TRENDSSAFETY(1.0),,I,GRC,,A,,FATALITIES,,PS,,ROAD,,_T,,_T,,1977,,1181,,A,,0,,1,
DATAFLOW,OECD.ITF:DSD_TRENDS@DF_TRENDSSAFETY(1.0),,I,GRC,,A,,FATALITIES,,PS,,ROAD,,_T,,_T,,1978,,1173,,A,,0,,1,
DATAFLOW,OECD.ITF:DSD_TRENDS@DF_TRENDSSAFETY(1.0),,I,GRC,,A,,FATALITIES,,PS,,ROAD,,_T,,_T,,1979,,1257,,A,,0,,1,
DATAFLOW,OECD.ITF:DSD_TRENDS@DF_TRENDSSAFETY(1.0),,I,GRC,,A,,FATALITIES,,PS,,ROAD,,_T,,_T,,1980,,1225,,A,,0,,1,
DATAFLOW,OECD.ITF:DSD_TRENDS@DF_TRENDSSAFETY(1.0),,I,GRC,,A,,FATALITIES,,PS,,ROAD,,_T,,_T,,1981,,1354,,A,,0,,1,
DATAFLOW,OECD.ITF:DSD_TRENDS@DF_TRENDSSAFETY(1.0),,I,GRC,,A,,FATALITIES,,PS,,ROAD,,_T,,_T,,1982,,1557,,A,,0,,1,
DATAFLOW,OECD.ITF:DSD_TRENDS@DF_TRENDSSAFETY(1.0),,I,GRC,,A,,FATALITIES,,PS,,ROAD,,_T,,_T,,1983,,1586,,A,,0,,1,
DATAFLOW,OECD.ITF:DSD_TRENDS@DF_TRENDSSAFETY(1.0),,I,GRC,,A,,FATALITIES,,PS,,ROAD,,_T,,_T,,1984,,1704,,A,,0,,1,
DATAFLOW,OECD.ITF:DSD_TRENDS@DF_TRENDSSAFETY(1.0),,I,GRC,,A,,FATALITIES,,PS,,ROAD,,_T,,_T,,1985,,1704,,A,,0,,1,
DATAFLOW,OECD.ITF:DSD_TRENDS@DF_TRENDSSAFETY(1.0),,I,GRC,,A,,FATALITIES,,PS,,ROAD,,_T,,_T,,1986,,1451,,A,,0,,1,
DATAFLOW,OECD.ITF:DSD_TRENDS@DF_TRENDSSAFETY(1.0),,I,GRC,,A,,FATALITIES,,PS,,ROAD,,_T,,_T,,1987,,1502,,A,,0,,1,
DATAFLOW,OECD.ITF:DSD_TRENDS@DF_TRENDSSAFETY(1.0),,I,GRC,,A,,FATALITIES,,PS,,ROAD,,_T,,_T,,1988,,1511,,A,,0,,1,
DATAFLOW,OECD.ITF:DSD_TRENDS@DF_TRENDSSAFETY(1.0),,I,GRC,,A,,FATALITIES,,PS,,ROAD,,_T,,_T,,1989,,1699,,A,,0,,1,
DATAFLOW,OECD.ITF:DSD_TRENDS@DF_TRENDSSAFETY(1.0),,I,GRC,,A,,FATALITIES,,PS,,ROAD,,_T,,_T,,1990,,1737,,A,,0,,1,
DATAFLOW,OECD.ITF:DSD_TRENDS@DF_TRENDSSAFETY(1.0),,I,GRC,,A,,FATALITIES,,PS,,ROAD,,_T,,_T,,1991,,1790,,A,,0,,1,
DATAFLOW,OECD.ITF:DSD_TRENDS@DF_TRENDSSAFETY(1.0),,I,GRC,,A,,FATALITIES,,PS,,ROAD,,_T,,_T,,1992,,1829,,A,,0,,1,
DATAFLOW,OECD.ITF:DSD_TRENDS@DF_TRENDSSAFETY(1.0),,I,GRC,,A,,FATALITIES,,PS,,ROAD,,_T,,_T,,1993,,1830,,A,,0,,1,
DATAFLOW,OECD.ITF:DSD_TRENDS@DF_TRENDSSAFETY(1.0),,I,GRC,,A,,FATALITIES,,PS,,ROAD,,_T,,_T,,1994,,1909,,A,,0,,1,
DATAFLOW,OECD.ITF:DSD_TRENDS@DF_TRENDSSAFETY(1.0),,I,GRC,,A,,FATALITIES,,PS,,ROAD,,_T,,_T,,1995,,2043,,A,,0,,1,
DATAFLOW,OECD.ITF:DSD_TRENDS@DF_TRENDSSAFETY(1.0),,I,GRC,,A,,FATALITIES,,PS,,ROAD,,_T,,_T,,1996,,2157,,A,,0,,1,
DATAFLOW,OECD.ITF:DSD_TRENDS@DF_TRENDSSAFETY(1.0),,I,GRC,,A,,FATALITIES,,PS,,ROAD,,_T,,_T,,1997,,2105,,A,,0,,1,
DATAFLOW,OECD.ITF:DSD_TRENDS@DF_TRENDSSAFETY(1.0),,I,GRC,,A,,FATALITIES,,PS,,ROAD,,_T,,_T,,1998,,2182,,A,,0,,1,
DATAFLOW,OECD.ITF:DSD_TRENDS@DF_TRENDSSAFETY(1.0),,I,GRC,,A,,FATALITIES,,PS,,ROAD,,_T,,_T,,1999,,2116,,A,,0,,1,
DATAFLOW,OECD.ITF:DSD_TRENDS@DF_TRENDSSAFETY(1.0),,I,GRC,,A,,FATALITIES,,PS,,ROAD,,_T,,_T,,2000,,2037,,A,,0,,1,
DATAFLOW,OECD.ITF:DSD_TRENDS@DF_TRENDSSAFETY(1.0),,I,GRC,,A,,FATALITIES,,PS,,ROAD,,_T,,_T,,2001,,1880,,A,,0,,1,
DATAFLOW,OECD.ITF:DSD_TRENDS@DF_TRENDSSAFETY(1.0),,I,GRC,,A,,FATALITIES,,PS,,ROAD,,_T,,_T,,2002,,1634,,A,,0,,1,
DATAFLOW,OECD.ITF:DSD_TRENDS@DF_TRENDSSAFETY(1.0),,I,GRC,,A,,FATALITIES,,PS,,ROAD,,_T,,_T,,2003,,1605,,A,,0,,1,
DATAFLOW,OECD.ITF:DSD_TRENDS@DF_TRENDSSAFETY(1.0),,I,GRC,,A,,FATALITIES,,PS,,ROAD,,_T,,_T,,2004,,1670,,A,,0,,1,
DATAFLOW,OECD.ITF:DSD_TRENDS@DF_TRENDSSAFETY(1.0),,I,GRC,,A,,FATALITIES,,PS,,ROAD,,_T,,_T,,2005,,1658,,A,,0,,1,
DATAFLOW,OECD.ITF:DSD_TRENDS@DF_TRENDSSAFETY(1.0),,I,GRC,,A,,FATALITIES,,PS,,ROAD,,_T,,_T,,2006,,1657,,A,,0,,1,
DATAFLOW,OECD.ITF:DSD_TRENDS@DF_TRENDSSAFETY(1.0),,I,GRC,,A,,FATALITIES,,PS,,ROAD,,_T,,_T,,2007,,1612,,A,,0,,1,
DATAFLOW,OECD.ITF:DSD_TRENDS@DF_TRENDSSAFETY(1.0),,I,GRC,,A,,FATALITIES,,PS,,ROAD,,_T,,_T,,2008,,1553,,A,,0,,1,
DATAFLOW,OECD.ITF:DSD_TRENDS@DF_TRENDSSAFETY(1.0),,I,GRC,,A,,FATALITIES,,PS,,ROAD,,_T,,_T,,2009,,1456,,A,,0,,1,
DATAFLOW,OECD.ITF:DSD_TRENDS@DF_TRENDSSAFETY(1.0),,I,GRC,,A,,FATALITIES,,PS,,ROAD,,_T,,_T,,2010,,1258,,A,,0,,1,
DATAFLOW,OECD.ITF:DSD_TRENDS@DF_TRENDSSAFETY(1.0),,I,GRC,,A,,FATALITIES,,PS,,ROAD,,_T,,_T,,2011,,1141,,A,,0,,1,
DATAFLOW,OECD.ITF:DSD_TRENDS@DF_TRENDSSAFETY(1.0),,I,GRC,,A,,FATALITIES,,PS,,ROAD,,_T,,_T,,2012,,988,,A,,0,,1,
DATAFLOW,OECD.ITF:DSD_TRENDS@DF_TRENDSSAFETY(1.0),,I,GRC,,A,,FATALITIES,,PS,,ROAD,,_T,,_T,,2013,,879,,A,,0,,1,
DATAFLOW,OECD.ITF:DSD_TRENDS@DF_TRENDSSAFETY(1.0),,I,GRC,,A,,FATALITIES,,PS,,ROAD,,_T,,_T,,2014,,795,,A,,0,,1,
DATAFLOW,OECD.ITF:DSD_TRENDS@DF_TRENDSSAFETY(1.0),,I,GRC,,A,,FATALITIES,,PS,,ROAD,,_T,,_T,,2015,,793,,A,,0,,1,
DATAFLOW,OECD.ITF:DSD_TRENDS@DF_TRENDSSAFETY(1.0),,I,GRC,,A,,FATALITIES,,PS,,ROAD,,_T,,_T,,2016,,824,,A,,0,,1,
DATAFLOW,OECD.ITF:DSD_TRENDS@DF_TRENDSSAFETY(1.0),,I,GRC,,A,,FATALITIES,,PS,,ROAD,,_T,,_T,,2017,,731,,A,,0,,1,
DATAFLOW,OECD.ITF:DSD_TRENDS@DF_TRENDSSAFETY(1.0),,I,GRC,,A,,FATALITIES,,PS,,ROAD,,_T,,_T,,2018,,700,,A,,0,,1,
DATAFLOW,OECD.ITF:DSD_TRENDS@DF_TRENDSSAFETY(1.0),,I,GRC,,A,,FATALITIES,,PS,,ROAD,,_T,,_T,,2019,,688,,A,,0,,1,
DATAFLOW,OECD.ITF:DSD_TRENDS@DF_TRENDSSAFETY(1.0),,I,GRC,,A,,FATALITIES,,PS,,ROAD,,_T,,_T,,2020,,584,,A,,0,,1,
DATAFLOW,OECD.ITF:DSD_TRENDS@DF_TRENDSSAFETY(1.0),,I,GRC,,A,,FATALITIES,,PS,,ROAD,,_T,,_T,,2021,,624,,A,,0,,1,
DATAFLOW,OECD.ITF:DSD_TRENDS@DF_TRENDSSAFETY(1.0),,I,GRC,,A,,FATALITIES,,PS,,ROAD,,_T,,_T,,2022,,654,,A,,0,,1,
DATAFLOW,OECD.ITF:DSD_TRENDS@DF_TRENDSSAFETY(1.0),,I,GRC,,A,,FATALITIES,,PS,,ROAD,,_T,,_T,,2023,,646,,A,,0,,1,
DATAFLOW,OECD.ITF:DSD_TRENDS@DF_TRENDSSAFETY(1.0),,I,HUN,,A,,FATALITIES,,PS,,ROAD,,_T,,_T,,1970,,1707,,A,,0,,1,
DATAFLOW,OECD.ITF:DSD_TRENDS@DF_TRENDSSAFETY(1.0),,I,HUN,,A,,FATALITIES,,PS,,ROAD,,_T,,_T,,1971,,1934,,A,,0,,1,
DATAFLOW,OECD.ITF:DSD_TRENDS@DF_TRENDSSAFETY(1.0),,I,HUN,,A,,FATALITIES,,PS,,ROAD,,_T,,_T,,1972,,1923,,A,,0,,1,
DATAFLOW,OECD.ITF:DSD_TRENDS@DF_TRENDSSAFETY(1.0),,I,HUN,,A,,FATALITIES,,PS,,ROAD,,_T,,_T,,1973,,1831,,A,,0,,1,
DATAFLOW,OECD.ITF:DSD_TRENDS@DF_TRENDSSAFETY(1.0),,I,HUN,,A,,FATALITIES,,PS,,ROAD,,_T,,_T,,1974,,1764,,A,,0,,1,
DATAFLOW,OECD.ITF:DSD_TRENDS@DF_TRENDSSAFETY(1.0),,I,HUN,,A,,FATALITIES,,PS,,ROAD,,_T,,_T,,1975,,1904,,A,,0,,1,
DATAFLOW,OECD.ITF:DSD_TRENDS@DF_TRENDSSAFETY(1.0),,I,HUN,,A,,FATALITIES,,PS,,ROAD,,_T,,_T,,1976,,1622,,A,,0,,1,
DATAFLOW,OECD.ITF:DSD_TRENDS@DF_TRENDSSAFETY(1.0),,I,HUN,,A,,FATALITIES,,PS,,ROAD,,_T,,_T,,1977,,1803,,A,,0,,1,
DATAFLOW,OECD.ITF:DSD_TRENDS@DF_TRENDSSAFETY(1.0),,I,HUN,,A,,FATALITIES,,PS,,ROAD,,_T,,_T,,1978,,2018,,A,,0,,1,
DATAFLOW,OECD.ITF:DSD_TRENDS@DF_TRENDSSAFETY(1.0),,I,HUN,,A,,FATALITIES,,PS,,ROAD,,_T,,_T,,1979,,1750,,A,,0,,1,
DATAFLOW,OECD.ITF:DSD_TRENDS@DF_TRENDSSAFETY(1.0),,I,HUN,,A,,FATALITIES,,PS,,ROAD,,_T,,_T,,1980,,1630,,A,,0,,1,
DATAFLOW,OECD.ITF:DSD_TRENDS@DF_TRENDSSAFETY(1.0),,I,HUN,,A,,FATALITIES,,PS,,ROAD,,_T,,_T,,1981,,1603,,A,,0,,1,
DATAFLOW,OECD.ITF:DSD_TRENDS@DF_TRENDSSAFETY(1.0),,I,HUN,,A,,FATALITIES,,PS,,ROAD,,_T,,_T,,1982,,1548,,A,,0,,1,
DATAFLOW,OECD.ITF:DSD_TRENDS@DF_TRENDSSAFETY(1.0),,I,HUN,,A,,FATALITIES,,PS,,ROAD,,_T,,_T,,1983,,1591,,A,,0,,1,
DATAFLOW,OECD.ITF:DSD_TRENDS@DF_TRENDSSAFETY(1.0),,I,HUN,,A,,FATALITIES,,PS,,ROAD,,_T,,_T,,1984,,1590,,A,,0,,1,
DATAFLOW,OECD.ITF:DSD_TRENDS@DF_TRENDSSAFETY(1.0),,I,HUN,,A,,FATALITIES,,PS,,ROAD,,_T,,_T,,1985,,1756,,A,,0,,1,
DATAFLOW,OECD.ITF:DSD_TRENDS@DF_TRENDSSAFETY(1.0),,I,HUN,,A,,FATALITIES,,PS,,ROAD,,_T,,_T,,1986,,1632,,A,,0,,1,
DATAFLOW,OECD.ITF:DSD_TRENDS@DF_TRENDSSAFETY(1.0),,I,HUN,,A,,FATALITIES,,PS,,ROAD,,_T,,_T,,1987,,1573,,A,,0,,1,
DATAFLOW,OECD.ITF:DSD_TRENDS@DF_TRENDSSAFETY(1.0),,I,HUN,,A,,FATALITIES,,PS,,ROAD,,_T,,_T,,1988,,1706,,A,,0,,1,
DATAFLOW,OECD.ITF:DSD_TRENDS@DF_TRENDSSAFETY(1.0),,I,HUN,,A,,FATALITIES,,PS,,ROAD,,_T,,_T,,1989,,2162,,A,,0,,1,
DATAFLOW,OECD.ITF:DSD_TRENDS@DF_TRENDSSAFETY(1.0),,I,HUN,,A,,FATALITIES,,PS,,ROAD,,_T,,_T,,1990,,2432,,A,,0,,1,
DATAFLOW,OECD.ITF:DSD_TRENDS@DF_TRENDSSAFETY(1.0),,I,HUN,,A,,FATALITIES,,PS,,ROAD,,_T,,_T,,1991,,2120,,A,,0,,1,
DATAFLOW,OECD.ITF:DSD_TRENDS@DF_TRENDSSAFETY(1.0),,I,HUN,,A,,FATALITIES,,PS,,ROAD,,_T,,_T,,1992,,2101,,A,,0,,1,
DATAFLOW,OECD.ITF:DSD_TRENDS@DF_TRENDSSAFETY(1.0),,I,HUN,,A,,FATALITIES,,PS,,ROAD,,_T,,_T,,1993,,1678,,A,,0,,1,
DATAFLOW,OECD.ITF:DSD_TRENDS@DF_TRENDSSAFETY(1.0),,I,HUN,,A,,FATALITIES,,PS,,ROAD,,_T,,_T,,1994,,1562,,A,,0,,1,
DATAFLOW,OECD.ITF:DSD_TRENDS@DF_TRENDSSAFETY(1.0),,I,HUN,,A,,FATALITIES,,PS,,ROAD,,_T,,_T,,1995,,1589,,A,,0,,1,
DATAFLOW,OECD.ITF:DSD_TRENDS@DF_TRENDSSAFETY(1.0),,I,HUN,,A,,FATALITIES,,PS,,ROAD,,_T,,_T,,1996,,1370,,A,,0,,1,
DATAFLOW,OECD.ITF:DSD_TRENDS@DF_TRENDSSAFETY(1.0),,I,HUN,,A,,FATALITIES,,PS,,ROAD,,_T,,_T,,1997,,1391,,A,,0,,1,
DATAFLOW,OECD.ITF:DSD_TRENDS@DF_TRENDSSAFETY(1.0),,I,HUN,,A,,FATALITIES,,PS,,ROAD,,_T,,_T,,1998,,1371,,A,,0,,1,
DATAFLOW,OECD.ITF:DSD_TRENDS@DF_TRENDSSAFETY(1.0),,I,HUN,,A,,FATALITIES,,PS,,ROAD,,_T,,_T,,1999,,1306,,A,,0,,1,
DATAFLOW,OECD.ITF:DSD_TRENDS@DF_TRENDSSAFETY(1.0),,I,HUN,,A,,FATALITIES,,PS,,ROAD,,_T,,_T,,2000,,1200,,A,,0,,1,
DATAFLOW,OECD.ITF:DSD_TRENDS@DF_TRENDSSAFETY(1.0),,I,HUN,,A,,FATALITIES,,PS,,ROAD,,_T,,_T,,2001,,1239,,A,,0,,1,
DATAFLOW,OECD.ITF:DSD_TRENDS@DF_TRENDSSAFETY(1.0),,I,HUN,,A,,FATALITIES,,PS,,ROAD,,_T,,_T,,2002,,1429,,A,,0,,1,
DATAFLOW,OECD.ITF:DSD_TRENDS@DF_TRENDSSAFETY(1.0),,I,HUN,,A,,FATALITIES,,PS,,ROAD,,_T,,_T,,2003,,1326,,A,,0,,1,
DATAFLOW,OECD.ITF:DSD_TRENDS@DF_TRENDSSAFETY(1.0),,I,HUN,,A,,FATALITIES,,PS,,ROAD,,_T,,_T,,2004,,1296,,A,,0,,1,
DATAFLOW,OECD.ITF:DSD_TRENDS@DF_TRENDSSAFETY(1.0),,I,HUN,,A,,FATALITIES,,PS,,ROAD,,_T,,_T,,2005,,1278,,A,,0,,1,
DATAFLOW,OECD.ITF:DSD_TRENDS@DF_TRENDSSAFETY(1.0),,I,HUN,,A,,FATALITIES,,PS,,ROAD,,_T,,_T,,2006,,1303,,A,,0,,1,
DATAFLOW,OECD.ITF:DSD_TRENDS@DF_TRENDSSAFETY(1.0),,I,HUN,,A,,FATALITIES,,PS,,ROAD,,_T,,_T,,2007,,1232,,A,,0,,1,
DATAFLOW,OECD.ITF:DSD_TRENDS@DF_TRENDSSAFETY(1.0),,I,HUN,,A,,FATALITIES,,PS,,ROAD,,_T,,_T,,2008,,996,,A,,0,,1,
DATAFLOW,OECD.ITF:DSD_TRENDS@DF_TRENDSSAFETY(1.0),,I,HUN,,A,,FATALITIES,,PS,,ROAD,,_T,,_T,,2009,,822,,A,,0,,1,
DATAFLOW,OECD.ITF:DSD_TRENDS@DF_TRENDSSAFETY(1.0),,I,HUN,,A,,FATALITIES,,PS,,ROAD,,_T,,_T,,2010,,740,,A,,0,,1,
DATAFLOW,OECD.ITF:DSD_TRENDS@DF_TRENDSSAFETY(1.0),,I,HUN,,A,,FATALITIES,,PS,,ROAD,,_T,,_T,,2011,,638,,A,,0,,1,
DATAFLOW,OECD.ITF:DSD_TRENDS@DF_TRENDSSAFETY(1.0),,I,HUN,,A,,FATALITIES,,PS,,ROAD,,_T,,_T,,2012,,605,,A,,0,,1,
DATAFLOW,OECD.ITF:DSD_TRENDS@DF_TRENDSSAFETY(1.0),,I,HUN,,A,,FATALITIES,,PS,,ROAD,,_T,,_T,,2013,,591,,A,,0,,1,
DATAFLOW,OECD.ITF:DSD_TRENDS@DF_TRENDSSAFETY(1.0),,I,HUN,,A,,FATALITIES,,PS,,ROAD,,_T,,_T,,2014,,626,,A,,0,,1,
DATAFLOW,OECD.ITF:DSD_TRENDS@DF_TRENDSSAFETY(1.0),,I,HUN,,A,,FATALITIES,,PS,,ROAD,,_T,,_T,,2015,,644,,A,,0,,1,
DATAFLOW,OECD.ITF:DSD_TRENDS@DF_TRENDSSAFETY(1.0),,I,HUN,,A,,FATALITIES,,PS,,ROAD,,_T,,_T,,2016,,607,,A,,0,,1,
DATAFLOW,OECD.ITF:DSD_TRENDS@DF_TRENDSSAFETY(1.0),,I,HUN,,A,,FATALITIES,,PS,,ROAD,,_T,,_T,,2017,,625,,A,,0,,1,
DATAFLOW,OECD.ITF:DSD_TRENDS@DF_TRENDSSAFETY(1.0),,I,HUN,,A,,FATALITIES,,PS,,ROAD,,_T,,_T,,2018,,633,,A,,0,,1,
DATAFLOW,OECD.ITF:DSD_TRENDS@DF_TRENDSSAFETY(1.0),,I,HUN,,A,,FATALITIES,,PS,,ROAD,,_T,,_T,,2019,,602,,A,,0,,1,
DATAFLOW,OECD.ITF:DSD_TRENDS@DF_TRENDSSAFETY(1.0),,I,HUN,,A,,FATALITIES,,PS,,ROAD,,_T,,_T,,2020,,460,,A,,0,,1,
DATAFLOW,OECD.ITF:DSD_TRENDS@DF_TRENDSSAFETY(1.0),,I,HUN,,A,,FATALITIES,,PS,,ROAD,,_T,,_T,,2021,,544,,A,,0,,1,
DATAFLOW,OECD.ITF:DSD_TRENDS@DF_TRENDSSAFETY(1.0),,I,HUN,,A,,FATALITIES,,PS,,ROAD,,_T,,_T,,2022,,537,,A,,0,,1,
DATAFLOW,OECD.ITF:DSD_TRENDS@DF_TRENDSSAFETY(1.0),,I,HUN,,A,,FATALITIES,,PS,,ROAD,,_T,,_T,,2023,,472,,A,,0,,1,
DATAFLOW,OECD.ITF:DSD_TRENDS@DF_TRENDSSAFETY(1.0),,I,HUN,,A,,FATALITIES,,PS,,ROAD,,_T,,_T,,2024,,497,,A,,0,,1,
DATAFLOW,OECD.ITF:DSD_TRENDS@DF_TRENDSSAFETY(1.0),,I,ISL,,A,,FATALITIES,,PS,,ROAD,,_T,,_T,,1970,,21,,A,,0,,1,
DATAFLOW,OECD.ITF:DSD_TRENDS@DF_TRENDSSAFETY(1.0),,I,ISL,,A,,FATALITIES,,PS,,ROAD,,_T,,_T,,1971,,24,,A,,0,,1,
DATAFLOW,OECD.ITF:DSD_TRENDS@DF_TRENDSSAFETY(1.0),,I,ISL,,A,,FATALITIES,,PS,,ROAD,,_T,,_T,,1972,,23,,A,,0,,1,
DATAFLOW,OECD.ITF:DSD_TRENDS@DF_TRENDSSAFETY(1.0),,I,ISL,,A,,FATALITIES,,PS,,ROAD,,_T,,_T,,1973,,25,,A,,0,,1,
DATAFLOW,OECD.ITF:DSD_TRENDS@DF_TRENDSSAFETY(1.0),,I,ISL,,A,,FATALITIES,,PS,,ROAD,,_T,,_T,,1974,,20,,A,,0,,1,
DATAFLOW,OECD.ITF:DSD_TRENDS@DF_TRENDSSAFETY(1.0),,I,ISL,,A,,FATALITIES,,PS,,ROAD,,_T,,_T,,1975,,33,,A,,0,,1,
DATAFLOW,OECD.ITF:DSD_TRENDS@DF_TRENDSSAFETY(1.0),,I,ISL,,A,,FATALITIES,,PS,,ROAD,,_T,,_T,,1976,,19,,A,,0,,1,
DATAFLOW,OECD.ITF:DSD_TRENDS@DF_TRENDSSAFETY(1.0),,I,ISL,,A,,FATALITIES,,PS,,ROAD,,_T,,_T,,1977,,37,,A,,0,,1,
DATAFLOW,OECD.ITF:DSD_TRENDS@DF_TRENDSSAFETY(1.0),,I,ISL,,A,,FATALITIES,,PS,,ROAD,,_T,,_T,,1978,,27,,A,,0,,1,
DATAFLOW,OECD.ITF:DSD_TRENDS@DF_TRENDSSAFETY(1.0),,I,ISL,,A,,FATALITIES,,PS,,ROAD,,_T,,_T,,1979,,27,,A,,0,,1,
DATAFLOW,OECD.ITF:DSD_TRENDS@DF_TRENDSSAFETY(1.0),,I,ISL,,A,,FATALITIES,,PS,,ROAD,,_T,,_T,,1980,,25,,A,,0,,1,
DATAFLOW,OECD.ITF:DSD_TRENDS@DF_TRENDSSAFETY(1.0),,I,ISL,,A,,FATALITIES,,PS,,ROAD,,_T,,_T,,1981,,24,,A,,0,,1,
DATAFLOW,OECD.ITF:DSD_TRENDS@DF_TRENDSSAFETY(1.0),,I,ISL,,A,,FATALITIES,,PS,,ROAD,,_T,,_T,,1982,,24,,A,,0,,1,
DATAFLOW,OECD.ITF:DSD_TRENDS@DF_TRENDSSAFETY(1.0),,I,ISL,,A,,FATALITIES,,PS,,ROAD,,_T,,_T,,1983,,18,,A,,0,,1,
DATAFLOW,OECD.ITF:DSD_TRENDS@DF_TRENDSSAFETY(1.0),,I,ISL,,A,,FATALITIES,,PS,,ROAD,,_T,,_T,,1984,,27,,A,,0,,1,
DATAFLOW,OECD.ITF:DSD_TRENDS@DF_TRENDSSAFETY(1.0),,I,ISL,,A,,FATALITIES,,PS,,ROAD,,_T,,_T,,1985,,24,,A,,0,,1,
DATAFLOW,OECD.ITF:DSD_TRENDS@DF_TRENDSSAFETY(1.0),,I,ISL,,A,,FATALITIES,,PS,,ROAD,,_T,,_T,,1986,,24,,A,,0,,1,
DATAFLOW,OECD.ITF:DSD_TRENDS@DF_TRENDSSAFETY(1.0),,I,ISL,,A,,FATALITIES,,PS,,ROAD,,_T,,_T,,1987,,24,,A,,0,,1,
DATAFLOW,OECD.ITF:DSD_TRENDS@DF_TRENDSSAFETY(1.0),,I,ISL,,A,,FATALITIES,,PS,,ROAD,,_T,,_T,,1988,,29,,A,,0,,1,
DATAFLOW,OECD.ITF:DSD_TRENDS@DF_TRENDSSAFETY(1.0),,I,ISL,,A,,FATALITIES,,PS,,ROAD,,_T,,_T,,1989,,28,,A,,0,,1,
DATAFLOW,OECD.ITF:DSD_TRENDS@DF_TRENDSSAFETY(1.0),,I,ISL,,A,,FATALITIES,,PS,,ROAD,,_T,,_T,,1990,,24,,A,,0,,1,
DATAFLOW,OECD.ITF:DSD_TRENDS@DF_TRENDSSAFETY(1.0),,I,ISL,,A,,FATALITIES,,PS,,ROAD,,_T,,_T,,1991,,27,,A,,0,,1,
DATAFLOW,OECD.ITF:DSD_TRENDS@DF_TRENDSSAFETY(1.0),,I,ISL,,A,,FATALITIES,,PS,,ROAD,,_T,,_T,,1992,,21,,A,,0,,1,
DATAFLOW,OECD.ITF:DSD_TRENDS@DF_TRENDSSAFETY(1.0),,I,ISL,,A,,FATALITIES,,PS,,ROAD,,_T,,_T,,1993,,17,,A,,0,,1,
DATAFLOW,OECD.ITF:DSD_TRENDS@DF_TRENDSSAFETY(1.0),,I,ISL,,A,,FATALITIES,,PS,,ROAD,,_T,,_T,,1994,,12,,A,,0,,1,
DATAFLOW,OECD.ITF:DSD_TRENDS@DF_TRENDSSAFETY(1.0),,I,ISL,,A,,FATALITIES,,PS,,ROAD,,_T,,_T,,1995,,24,,A,,0,,1,
DATAFLOW,OECD.ITF:DSD_TRENDS@DF_TRENDSSAFETY(1.0),,I,ISL,,A,,FATALITIES,,PS,,ROAD,,_T,,_T,,1996,,10,,A,,0,,1,
DATAFLOW,OECD.ITF:DSD_TRENDS@DF_TRENDSSAFETY(1.0),,I,ISL,,A,,FATALITIES,,PS,,ROAD,,_T,,_T,,1997,,15,,A,,0,,1,
DATAFLOW,OECD.ITF:DSD_TRENDS@DF_TRENDSSAFETY(1.0),,I,ISL,,A,,FATALITIES,,PS,,ROAD,,_T,,_T,,1998,,27,,A,,0,,1,
DATAFLOW,OECD.ITF:DSD_TRENDS@DF_TRENDSSAFETY(1.0),,I,ISL,,A,,FATALITIES,,PS,,ROAD,,_T,,_T,,1999,,21,,A,,0,,1,
DATAFLOW,OECD.ITF:DSD_TRENDS@DF_TRENDSSAFETY(1.0),,I,ISL,,A,,FATALITIES,,PS,,ROAD,,_T,,_T,,2000,,32,,A,,0,,1,
DATAFLOW,OECD.ITF:DSD_TRENDS@DF_TRENDSSAFETY(1.0),,I,ISL,,A,,FATALITIES,,PS,,ROAD,,_T,,_T,,2001,,24,,A,,0,,1,
DATAFLOW,OECD.ITF:DSD_TRENDS@DF_TRENDSSAFETY(1.0),,I,ISL,,A,,FATALITIES,,PS,,ROAD,,_T,,_T,,2002,,29,,A,,0,,1,
DATAFLOW,OECD.ITF:DSD_TRENDS@DF_TRENDSSAFETY(1.0),,I,ISL,,A,,FATALITIES,,PS,,ROAD,,_T,,_T,,2003,,23,,A,,0,,1,
DATAFLOW,OECD.ITF:DSD_TRENDS@DF_TRENDSSAFETY(1.0),,I,ISL,,A,,FATALITIES,,PS,,ROAD,,_T,,_T,,2004,,23,,A,,0,,1,
DATAFLOW,OECD.ITF:DSD_TRENDS@DF_TRENDSSAFETY(1.0),,I,ISL,,A,,FATALITIES,,PS,,ROAD,,_T,,_T,,2005,,19,,A,,0,,1,
DATAFLOW,OECD.ITF:DSD_TRENDS@DF_TRENDSSAFETY(1.0),,I,ISL,,A,,FATALITIES,,PS,,ROAD,,_T,,_T,,2006,,31,,A,,0,,1,
DATAFLOW,OECD.ITF:DSD_TRENDS@DF_TRENDSSAFETY(1.0),,I,ISL,,A,,FATALITIES,,PS,,ROAD,,_T,,_T,,2007,,15,,A,,0,,1,
DATAFLOW,OECD.ITF:DSD_TRENDS@DF_TRENDSSAFETY(1.0),,I,ISL,,A,,FATALITIES,,PS,,ROAD,,_T,,_T,,2008,,12,,A,,0,,1,
DATAFLOW,OECD.ITF:DSD_TRENDS@DF_TRENDSSAFETY(1.0),,I,ISL,,A,,FATALITIES,,PS,,ROAD,,_T,,_T,,2009,,17,,A,,0,,1,
DATAFLOW,OECD.ITF:DSD_TRENDS@DF_TRENDSSAFETY(1.0),,I,ISL,,A,,FATALITIES,,PS,,ROAD,,_T,,_T,,2010,,8,,A,,0,,1,
DATAFLOW,OECD.ITF:DSD_TRENDS@DF_TRENDSSAFETY(1.0),,I,ISL,,A,,FATALITIES,,PS,,ROAD,,_T,,_T,,2011,,12,,A,,0,,1,
DATAFLOW,OECD.ITF:DSD_TRENDS@DF_TRENDSSAFETY(1.0),,I,ISL,,A,,FATALITIES,,PS,,ROAD,,_T,,_T,,2012,,9,,A,,0,,1,
DATAFLOW,OECD.ITF:DSD_TRENDS@DF_TRENDSSAFETY(1.0),,I,ISL,,A,,FATALITIES,,PS,,ROAD,,_T,,_T,,2013,,15,,A,,0,,1,
DATAFLOW,OECD.ITF:DSD_TRENDS@DF_TRENDSSAFETY(1.0),,I,ISL,,A,,FATALITIES,,PS,,ROAD,,_T,,_T,,2014,,4,,A,,0,,1,
DATAFLOW,OECD.ITF:DSD_TRENDS@DF_TRENDSSAFETY(1.0),,I,ISL,,A,,FATALITIES,,PS,,ROAD,,_T,,_T,,2015,,16,,A,,0,,1,
DATAFLOW,OECD.ITF:DSD_TRENDS@DF_TRENDSSAFETY(1.0),,I,ISL,,A,,FATALITIES,,PS,,ROAD,,_T,,_T,,2016,,18,,A,,0,,1,
DATAFLOW,OECD.ITF:DSD_TRENDS@DF_TRENDSSAFETY(1.0),,I,ISL,,A,,FATALITIES,,PS,,ROAD,,_T,,_T,,2017,,16,,A,,0,,1,
DATAFLOW,OECD.ITF:DSD_TRENDS@DF_TRENDSSAFETY(1.0),,I,ISL,,A,,FATALITIES,,PS,,ROAD,,_T,,_T,,2018,,18,,A,,0,,1,
DATAFLOW,OECD.ITF:DSD_TRENDS@DF_TRENDSSAFETY(1.0),,I,ISL,,A,,FATALITIES,,PS,,ROAD,,_T,,_T,,2019,,6,,A,,0,,1,
DATAFLOW,OECD.ITF:DSD_TRENDS@DF_TRENDSSAFETY(1.0),,I,ISL,,A,,FATALITIES,,PS,,ROAD,,_T,,_T,,2020,,8,,A,,0,,1,
DATAFLOW,OECD.ITF:DSD_TRENDS@DF_TRENDSSAFETY(1.0),,I,ISL,,A,,FATALITIES,,PS,,ROAD,,_T,,_T,,2021,,9,,A,,0,,1,
DATAFLOW,OECD.ITF:DSD_TRENDS@DF_TRENDSSAFETY(1.0),,I,ISL,,A,,FATALITIES,,PS,,ROAD,,_T,,_T,,2022,,9,,A,,0,,1,
DATAFLOW,OECD.ITF:DSD_TRENDS@DF_TRENDSSAFETY(1.0),,I,IRL,,A,,FATALITIES,,PS,,ROAD,,_T,,_T,,1970,,540,,A,,0,,1,
DATAFLOW,OECD.ITF:DSD_TRENDS@DF_TRENDSSAFETY(1.0),,I,IRL,,A,,FATALITIES,,PS,,ROAD,,_T,,_T,,1971,,576,,A,,0,,1,
DATAFLOW,OECD.ITF:DSD_TRENDS@DF_TRENDSSAFETY(1.0),,I,IRL,,A,,FATALITIES,,PS,,ROAD,,_T,,_T,,1972,,640,,A,,0,,1,
DATAFLOW,OECD.ITF:DSD_TRENDS@DF_TRENDSSAFETY(1.0),,I,IRL,,A,,FATALITIES,,PS,,ROAD,,_T,,_T,,1973,,592,,A,,0,,1,
DATAFLOW,OECD.ITF:DSD_TRENDS@DF_TRENDSSAFETY(1.0),,I,IRL,,A,,FATALITIES,,PS,,ROAD,,_T,,_T,,1974,,594,,A,,0,,1,
DATAFLOW,OECD.ITF:DSD_TRENDS@DF_TRENDSSAFETY(1.0),,I,IRL,,A,,FATALITIES,,PS,,ROAD,,_T,,_T,,1975,,586,,A,,0,,1,
DATAFLOW,OECD.ITF:DSD_TRENDS@DF_TRENDSSAFETY(1.0),,I,IRL,,A,,FATALITIES,,PS,,ROAD,,_T,,_T,,1976,,525,,A,,0,,1,
DATAFLOW,OECD.ITF:DSD_TRENDS@DF_TRENDSSAFETY(1.0),,I,IRL,,A,,FATALITIES,,PS,,ROAD,,_T,,_T,,1977,,583,,A,,0,,1,
DATAFLOW,OECD.ITF:DSD_TRENDS@DF_TRENDSSAFETY(1.0),,I,IRL,,A,,FATALITIES,,PS,,ROAD,,_T,,_T,,1978,,628,,A,,0,,1,
DATAFLOW,OECD.ITF:DSD_TRENDS@DF_TRENDSSAFETY(1.0),,I,IRL,,A,,FATALITIES,,PS,,ROAD,,_T,,_T,,1979,,614,,A,,0,,1,
DATAFLOW,OECD.ITF:DSD_TRENDS@DF_TRENDSSAFETY(1.0),,I,IRL,,A,,FATALITIES,,PS,,ROAD,,_T,,_T,,1980,,564,,A,,0,,1,
DATAFLOW,OECD.ITF:DSD_TRENDS@DF_TRENDSSAFETY(1.0),,I,IRL,,A,,FATALITIES,,PS,,ROAD,,_T,,_T,,1981,,572,,A,,0,,1,
DATAFLOW,OECD.ITF:DSD_TRENDS@DF_TRENDSSAFETY(1.0),,I,IRL,,A,,FATALITIES,,PS,,ROAD,,_T,,_T,,1982,,533,,A,,0,,1,
DATAFLOW,OECD.ITF:DSD_TRENDS@DF_TRENDSSAFETY(1.0),,I,IRL,,A,,FATALITIES,,PS,,ROAD,,_T,,_T,,1983,,535,,A,,0,,1,
DATAFLOW,OECD.ITF:DSD_TRENDS@DF_TRENDSSAFETY(1.0),,I,IRL,,A,,FATALITIES,,PS,,ROAD,,_T,,_T,,1984,,465,,A,,0,,1,
DATAFLOW,OECD.ITF:DSD_TRENDS@DF_TRENDSSAFETY(1.0),,I,IRL,,A,,FATALITIES,,PS,,ROAD,,_T,,_T,,1985,,410,,A,,0,,1,
DATAFLOW,OECD.ITF:DSD_TRENDS@DF_TRENDSSAFETY(1.0),,I,IRL,,A,,FATALITIES,,PS,,ROAD,,_T,,_T,,1986,,387,,A,,0,,1,
DATAFLOW,OECD.ITF:DSD_TRENDS@DF_TRENDSSAFETY(1.0),,I,IRL,,A,,FATALITIES,,PS,,ROAD,,_T,,_T,,1987,,462,,A,,0,,1,
DATAFLOW,OECD.ITF:DSD_TRENDS@DF_TRENDSSAFETY(1.0),,I,IRL,,A,,FATALITIES,,PS,,ROAD,,_T,,_T,,1988,,463,,A,,0,,1,
DATAFLOW,OECD.ITF:DSD_TRENDS@DF_TRENDSSAFETY(1.0),,I,IRL,,A,,FATALITIES,,PS,,ROAD,,_T,,_T,,1989,,460,,A,,0,,1,
DATAFLOW,OECD.ITF:DSD_TRENDS@DF_TRENDSSAFETY(1.0),,I,IRL,,A,,FATALITIES,,PS,,ROAD,,_T,,_T,,1990,,478,,A,,0,,1,
DATAFLOW,OECD.ITF:DSD_TRENDS@DF_TRENDSSAFETY(1.0),,I,IRL,,A,,FATALITIES,,PS,,ROAD,,_T,,_T,,1991,,445,,A,,0,,1,
DATAFLOW,OECD.ITF:DSD_TRENDS@DF_TRENDSSAFETY(1.0),,I,IRL,,A,,FATALITIES,,PS,,ROAD,,_T,,_T,,1992,,415,,A,,0,,1,
DATAFLOW,OECD.ITF:DSD_TRENDS@DF_TRENDSSAFETY(1.0),,I,IRL,,A,,FATALITIES,,PS,,ROAD,,_T,,_T,,1993,,431,,A,,0,,1,
DATAFLOW,OECD.ITF:DSD_TRENDS@DF_TRENDSSAFETY(1.0),,I,IRL,,A,,FATALITIES,,PS,,ROAD,,_T,,_T,,1994,,404,,A,,0,,1,
DATAFLOW,OECD.ITF:DSD_TRENDS@DF_TRENDSSAFETY(1.0),,I,IRL,,A,,FATALITIES,,PS,,ROAD,,_T,,_T,,1995,,437,,A,,0,,1,
DATAFLOW,OECD.ITF:DSD_TRENDS@DF_TRENDSSAFETY(1.0),,I,IRL,,A,,FATALITIES,,PS,,ROAD,,_T,,_T,,1996,,453,,A,,0,,1,
DATAFLOW,OECD.ITF:DSD_TRENDS@DF_TRENDSSAFETY(1.0),,I,IRL,,A,,FATALITIES,,PS,,ROAD,,_T,,_T,,1997,,472,,A,,0,,1,
DATAFLOW,OECD.ITF:DSD_TRENDS@DF_TRENDSSAFETY(1.0),,I,IRL,,A,,FATALITIES,,PS,,ROAD,,_T,,_T,,1998,,458,,A,,0,,1,
DATAFLOW,OECD.ITF:DSD_TRENDS@DF_TRENDSSAFETY(1.0),,I,IRL,,A,,FATALITIES,,PS,,ROAD,,_T,,_T,,1999,,413,,A,,0,,1,
DATAFLOW,OECD.ITF:DSD_TRENDS@DF_TRENDSSAFETY(1.0),,I,IRL,,A,,FATALITIES,,PS,,ROAD,,_T,,_T,,2000,,415,,A,,0,,1,
DATAFLOW,OECD.ITF:DSD_TRENDS@DF_TRENDSSAFETY(1.0),,I,IRL,,A,,FATALITIES,,PS,,ROAD,,_T,,_T,,2001,,411,,A,,0,,1,
DATAFLOW,OECD.ITF:DSD_TRENDS@DF_TRENDSSAFETY(1.0),,I,IRL,,A,,FATALITIES,,PS,,ROAD,,_T,,_T,,2002,,376,,A,,0,,1,
DATAFLOW,OECD.ITF:DSD_TRENDS@DF_TRENDSSAFETY(1.0),,I,IRL,,A,,FATALITIES,,PS,,ROAD,,_T,,_T,,2003,,335,,A,,0,,1,
DATAFLOW,OECD.ITF:DSD_TRENDS@DF_TRENDSSAFETY(1.0),,I,IRL,,A,,FATALITIES,,PS,,ROAD,,_T,,_T,,2004,,374,,A,,0,,1,
DATAFLOW,OECD.ITF:DSD_TRENDS@DF_TRENDSSAFETY(1.0),,I,IRL,,A,,FATALITIES,,PS,,ROAD,,_T,,_T,,2005,,396,,A,,0,,1,
DATAFLOW,OECD.ITF:DSD_TRENDS@DF_TRENDSSAFETY(1.0),,I,IRL,,A,,FATALITIES,,PS,,ROAD,,_T,,_T,,2006,,365,,A,,0,,1,
DATAFLOW,OECD.ITF:DSD_TRENDS@DF_TRENDSSAFETY(1.0),,I,IRL,,A,,FATALITIES,,PS,,ROAD,,_T,,_T,,2007,,338,,A,,0,,1,
DATAFLOW,OECD.ITF:DSD_TRENDS@DF_TRENDSSAFETY(1.0),,I,IRL,,A,,FATALITIES,,PS,,ROAD,,_T,,_T,,2008,,279,,A,,0,,1,
DATAFLOW,OECD.ITF:DSD_TRENDS@DF_TRENDSSAFETY(1.0),,I,IRL,,A,,FATALITIES,,PS,,ROAD,,_T,,_T,,2009,,238,,A,,0,,1,
DATAFLOW,OECD.ITF:DSD_TRENDS@DF_TRENDSSAFETY(1.0),,I,IRL,,A,,FATALITIES,,PS,,ROAD,,_T,,_T,,2010,,212,,A,,0,,1,
DATAFLOW,OECD.ITF:DSD_TRENDS@DF_TRENDSSAFETY(1.0),,I,IRL,,A,,FATALITIES,,PS,,ROAD,,_T,,_T,,2011,,186,,A,,0,,1,
DATAFLOW,OECD.ITF:DSD_TRENDS@DF_TRENDSSAFETY(1.0),,I,IRL,,A,,FATALITIES,,PS,,ROAD,,_T,,_T,,2012,,163,,A,,0,,1,
DATAFLOW,OECD.ITF:DSD_TRENDS@DF_TRENDSSAFETY(1.0),,I,IRL,,A,,FATALITIES,,PS,,ROAD,,_T,,_T,,2013,,188,,A,,0,,1,
DATAFLOW,OECD.ITF:DSD_TRENDS@DF_TRENDSSAFETY(1.0),,I,IRL,,A,,FATALITIES,,PS,,ROAD,,_T,,_T,,2014,,192,,A,,0,,1,
DATAFLOW,OECD.ITF:DSD_TRENDS@DF_TRENDSSAFETY(1.0),,I,IRL,,A,,FATALITIES,,PS,,ROAD,,_T,,_T,,2015,,162,,A,,0,,1,
DATAFLOW,OECD.ITF:DSD_TRENDS@DF_TRENDSSAFETY(1.0),,I,IRL,,A,,FATALITIES,,PS,,ROAD,,_T,,_T,,2016,,182,,A,,0,,1,
DATAFLOW,OECD.ITF:DSD_TRENDS@DF_TRENDSSAFETY(1.0),,I,IRL,,A,,FATALITIES,,PS,,ROAD,,_T,,_T,,2017,,155,,A,,0,,1,
DATAFLOW,OECD.ITF:DSD_TRENDS@DF_TRENDSSAFETY(1.0),,I,IRL,,A,,FATALITIES,,PS,,ROAD,,_T,,_T,,2018,,136,,A,,0,,1,
DATAFLOW,OECD.ITF:DSD_TRENDS@DF_TRENDSSAFETY(1.0),,I,IRL,,A,,FATALITIES,,PS,,ROAD,,_T,,_T,,2019,,140,,A,,0,,1,
DATAFLOW,OECD.ITF:DSD_TRENDS@DF_TRENDSSAFETY(1.0),,I,IRL,,A,,FATALITIES,,PS,,ROAD,,_T,,_T,,2020,,141,,A,,0,,1,
DATAFLOW,OECD.ITF:DSD_TRENDS@DF_TRENDSSAFETY(1.0),,I,ISR,,A,,FATALITIES,,PS,,ROAD,,_T,,_T,,1970,,529,,A,,0,,1,
DATAFLOW,OECD.ITF:DSD_TRENDS@DF_TRENDSSAFETY(1.0),,I,ISR,,A,,FATALITIES,,PS,,ROAD,,_T,,_T,,1971,,623,,A,,0,,1,
DATAFLOW,OECD.ITF:DSD_TRENDS@DF_TRENDSSAFETY(1.0),,I,ISR,,A,,FATALITIES,,PS,,ROAD,,_T,,_T,,1972,,651,,A,,0,,1,
DATAFLOW,OECD.ITF:DSD_TRENDS@DF_TRENDSSAFETY(1.0),,I,ISR,,A,,FATALITIES,,PS,,ROAD,,_T,,_T,,1973,,683,,A,,0,,1,
DATAFLOW,OECD.ITF:DSD_TRENDS@DF_TRENDSSAFETY(1.0),,I,ISR,,A,,FATALITIES,,PS,,ROAD,,_T,,_T,,1974,,716,,A,,0,,1,
DATAFLOW,OECD.ITF:DSD_TRENDS@DF_TRENDSSAFETY(1.0),,I,ISR,,A,,FATALITIES,,PS,,ROAD,,_T,,_T,,1976,,725,,A,,0,,1,
DATAFLOW,OECD.ITF:DSD_TRENDS@DF_TRENDSSAFETY(1.0),,I,ISR,,A,,FATALITIES,,PS,,ROAD,,_T,,_T,,1977,,736,,A,,0,,1,
DATAFLOW,OECD.ITF:DSD_TRENDS@DF_TRENDSSAFETY(1.0),,I,ISR,,A,,FATALITIES,,PS,,ROAD,,_T,,_T,,1978,,716,,A,,0,,1,
DATAFLOW,OECD.ITF:DSD_TRENDS@DF_TRENDSSAFETY(1.0),,I,ISR,,A,,FATALITIES,,PS,,ROAD,,_T,,_T,,1979,,643,,A,,0,,1,
DATAFLOW,OECD.ITF:DSD_TRENDS@DF_TRENDSSAFETY(1.0),,I,ISR,,A,,FATALITIES,,PS,,ROAD,,_T,,_T,,1980,,523,,A,,0,,1,
DATAFLOW,OECD.ITF:DSD_TRENDS@DF_TRENDSSAFETY(1.0),,I,ISR,,A,,FATALITIES,,PS,,ROAD,,_T,,_T,,1981,,534,,A,,0,,1,
DATAFLOW,OECD.ITF:DSD_TRENDS@DF_TRENDSSAFETY(1.0),,I,ISR,,A,,FATALITIES,,PS,,ROAD,,_T,,_T,,1982,,465,,A,,0,,1,
DATAFLOW,OECD.ITF:DSD_TRENDS@DF_TRENDSSAFETY(1.0),,I,ISR,,A,,FATALITIES,,PS,,ROAD,,_T,,_T,,1983,,510,,A,,0,,1,
DATAFLOW,OECD.ITF:DSD_TRENDS@DF_TRENDSSAFETY(1.0),,I,ISR,,A,,FATALITIES,,PS,,ROAD,,_T,,_T,,1984,,497,,A,,0,,1,
DATAFLOW,OECD.ITF:DSD_TRENDS@DF_TRENDSSAFETY(1.0),,I,ISR,,A,,FATALITIES,,PS,,ROAD,,_T,,_T,,1985,,496,,A,,0,,1,
DATAFLOW,OECD.ITF:DSD_TRENDS@DF_TRENDSSAFETY(1.0),,I,ISR,,A,,FATALITIES,,PS,,ROAD,,_T,,_T,,1986,,528,,A,,0,,1,
DATAFLOW,OECD.ITF:DSD_TRENDS@DF_TRENDSSAFETY(1.0),,I,ISR,,A,,FATALITIES,,PS,,ROAD,,_T,,_T,,1987,,600,,A,,0,,1,
DATAFLOW,OECD.ITF:DSD_TRENDS@DF_TRENDSSAFETY(1.0),,I,ISR,,A,,FATALITIES,,PS,,ROAD,,_T,,_T,,1988,,590,,A,,0,,1,
DATAFLOW,OECD.ITF:DSD_TRENDS@DF_TRENDSSAFETY(1.0),,I,ISR,,A,,FATALITIES,,PS,,ROAD,,_T,,_T,,1989,,539,,A,,0,,1,
DATAFLOW,OECD.ITF:DSD_TRENDS@DF_TRENDSSAFETY(1.0),,I,ISR,,A,,FATALITIES,,PS,,ROAD,,_T,,_T,,1990,,525,,A,,0,,1,
DATAFLOW,OECD.ITF:DSD_TRENDS@DF_TRENDSSAFETY(1.0),,I,ISR,,A,,FATALITIES,,PS,,ROAD,,_T,,_T,,1991,,542,,A,,0,,1,
DATAFLOW,OECD.ITF:DSD_TRENDS@DF_TRENDSSAFETY(1.0),,I,ISR,,A,,FATALITIES,,PS,,ROAD,,_T,,_T,,1992,,625,,A,,0,,1,
DATAFLOW,OECD.ITF:DSD_TRENDS@DF_TRENDSSAFETY(1.0),,I,ISR,,A,,FATALITIES,,PS,,ROAD,,_T,,_T,,1993,,633,,A,,0,,1,
DATAFLOW,OECD.ITF:DSD_TRENDS@DF_TRENDSSAFETY(1.0),,I,ISR,,A,,FATALITIES,,PS,,ROAD,,_T,,_T,,1994,,685,,A,,0,,1,
DATAFLOW,OECD.ITF:DSD_TRENDS@DF_TRENDSSAFETY(1.0),,I,ISR,,A,,FATALITIES,,PS,,ROAD,,_T,,_T,,1995,,709,,A,,0,,1,
DATAFLOW,OECD.ITF:DSD_TRENDS@DF_TRENDSSAFETY(1.0),,I,ISR,,A,,FATALITIES,,PS,,ROAD,,_T,,_T,,1996,,601,,A,,0,,1,
DATAFLOW,OECD.ITF:DSD_TRENDS@DF_TRENDSSAFETY(1.0),,I,ISR,,A,,FATALITIES,,PS,,ROAD,,_T,,_T,,1997,,627,,A,,0,,1,
DATAFLOW,OECD.ITF:DSD_TRENDS@DF_TRENDSSAFETY(1.0),,I,ISR,,A,,FATALITIES,,PS,,ROAD,,_T,,_T,,1998,,636,,A,,0,,1,
DATAFLOW,OECD.ITF:DSD_TRENDS@DF_TRENDSSAFETY(1.0),,I,ISR,,A,,FATALITIES,,PS,,ROAD,,_T,,_T,,1999,,549,,A,,0,,1,
DATAFLOW,OECD.ITF:DSD_TRENDS@DF_TRENDSSAFETY(1.0),,I,ISR,,A,,FATALITIES,,PS,,ROAD,,_T,,_T,,2000,,516,,A,,0,,1,
DATAFLOW,OECD.ITF:DSD_TRENDS@DF_TRENDSSAFETY(1.0),,I,ISR,,A,,FATALITIES,,PS,,ROAD,,_T,,_T,,2001,,565,,A,,0,,1,
DATAFLOW,OECD.ITF:DSD_TRENDS@DF_TRENDSSAFETY(1.0),,I,ISR,,A,,FATALITIES,,PS,,ROAD,,_T,,_T,,2002,,548,,A,,0,,1,
DATAFLOW,OECD.ITF:DSD_TRENDS@DF_TRENDSSAFETY(1.0),,I,ISR,,A,,FATALITIES,,PS,,ROAD,,_T,,_T,,2003,,480,,A,,0,,1,
DATAFLOW,OECD.ITF:DSD_TRENDS@DF_TRENDSSAFETY(1.0),,I,ISR,,A,,FATALITIES,,PS,,ROAD,,_T,,_T,,2004,,505,,A,,0,,1,
DATAFLOW,OECD.ITF:DSD_TRENDS@DF_TRENDSSAFETY(1.0),,I,ISR,,A,,FATALITIES,,PS,,ROAD,,_T,,_T,,2005,,465,,A,,0,,1,
DATAFLOW,OECD.ITF:DSD_TRENDS@DF_TRENDSSAFETY(1.0),,I,ISR,,A,,FATALITIES,,PS,,ROAD,,_T,,_T,,2006,,439,,A,,0,,1,
DATAFLOW,OECD.ITF:DSD_TRENDS@DF_TRENDSSAFETY(1.0),,I,ISR,,A,,FATALITIES,,PS,,ROAD,,_T,,_T,,2007,,415,,A,,0,,1,
DATAFLOW,OECD.ITF:DSD_TRENDS@DF_TRENDSSAFETY(1.0),,I,ISR,,A,,FATALITIES,,PS,,ROAD,,_T,,_T,,2008,,433,,A,,0,,1,
DATAFLOW,OECD.ITF:DSD_TRENDS@DF_TRENDSSAFETY(1.0),,I,ISR,,A,,FATALITIES,,PS,,ROAD,,_T,,_T,,2009,,346,,A,,0,,1,
DATAFLOW,OECD.ITF:DSD_TRENDS@DF_TRENDSSAFETY(1.0),,I,ISR,,A,,FATALITIES,,PS,,ROAD,,_T,,_T,,2010,,375,,A,,0,,1,
DATAFLOW,OECD.ITF:DSD_TRENDS@DF_TRENDSSAFETY(1.0),,I,ISR,,A,,FATALITIES,,PS,,ROAD,,_T,,_T,,2011,,382,,A,,0,,1,
DATAFLOW,OECD.ITF:DSD_TRENDS@DF_TRENDSSAFETY(1.0),,I,ISR,,A,,FATALITIES,,PS,,ROAD,,_T,,_T,,2012,,290,,A,,0,,1,
DATAFLOW,OECD.ITF:DSD_TRENDS@DF_TRENDSSAFETY(1.0),,I,ISR,,A,,FATALITIES,,PS,,ROAD,,_T,,_T,,2014,,319,,A,,0,,1,
DATAFLOW,OECD.ITF:DSD_TRENDS@DF_TRENDSSAFETY(1.0),,I,ISR,,A,,FATALITIES,,PS,,ROAD,,_T,,_T,,2015,,356,,A,,0,,1,
DATAFLOW,OECD.ITF:DSD_TRENDS@DF_TRENDSSAFETY(1.0),,I,ISR,,A,,FATALITIES,,PS,,ROAD,,_T,,_T,,2016,,377,,A,,0,,1,
DATAFLOW,OECD.ITF:DSD_TRENDS@DF_TRENDSSAFETY(1.0),,I,ISR,,A,,FATALITIES,,PS,,ROAD,,_T,,_T,,2017,,364,,A,,0,,1,
DATAFLOW,OECD.ITF:DSD_TRENDS@DF_TRENDSSAFETY(1.0),,I,ISR,,A,,FATALITIES,,PS,,ROAD,,_T,,_T,,2018,,316,,A,,0,,1,
DATAFLOW,OECD.ITF:DSD_TRENDS@DF_TRENDSSAFETY(1.0),,I,ISR,,A,,FATALITIES,,PS,,ROAD,,_T,,_T,,2019,,355,,A,,0,,1,
DATAFLOW,OECD.ITF:DSD_TRENDS@DF_TRENDSSAFETY(1.0),,I,ISR,,A,,FATALITIES,,PS,,ROAD,,_T,,_T,,2020,,305,,A,,0,,1,
DATAFLOW,OECD.ITF:DSD_TRENDS@DF_TRENDSSAFETY(1.0),,I,ISR,,A,,FATALITIES,,PS,,ROAD,,_T,,_T,,2021,,364,,A,,0,,1,
DATAFLOW,OECD.ITF:DSD_TRENDS@DF_TRENDSSAFETY(1.0),,I,ISR,,A,,FATALITIES,,PS,,ROAD,,_T,,_T,,2022,,351,,A,,0,,1,
DATAFLOW,OECD.ITF:DSD_TRENDS@DF_TRENDSSAFETY(1.0),,I,ISR,,A,,FATALITIES,,PS,,ROAD,,_T,,_T,,2023,,361,,A,,0,,1,
DATAFLOW,OECD.ITF:DSD_TRENDS@DF_TRENDSSAFETY(1.0),,I,ITA,,A,,FATALITIES,,PS,,ROAD,,_T,,_T,,1970,,11025,,A,,0,,1,
DATAFLOW,OECD.ITF:DSD_TRENDS@DF_TRENDSSAFETY(1.0),,I,ITA,,A,,FATALITIES,,PS,,ROAD,,_T,,_T,,1971,,10912,,A,,0,,1,
DATAFLOW,OECD.ITF:DSD_TRENDS@DF_TRENDSSAFETY(1.0),,I,ITA,,A,,FATALITIES,,PS,,ROAD,,_T,,_T,,1972,,11964,,A,,0,,1,
DATAFLOW,OECD.ITF:DSD_TRENDS@DF_TRENDSSAFETY(1.0),,I,ITA,,A,,FATALITIES,,PS,,ROAD,,_T,,_T,,1973,,11586,,A,,0,,1,
DATAFLOW,OECD.ITF:DSD_TRENDS@DF_TRENDSSAFETY(1.0),,I,ITA,,A,,FATALITIES,,PS,,ROAD,,_T,,_T,,1974,,10365,,A,,0,,1,
DATAFLOW,OECD.ITF:DSD_TRENDS@DF_TRENDSSAFETY(1.0),,I,ITA,,A,,FATALITIES,,PS,,ROAD,,_T,,_T,,1975,,10272,,A,,0,,1,
DATAFLOW,OECD.ITF:DSD_TRENDS@DF_TRENDSSAFETY(1.0),,I,ITA,,A,,FATALITIES,,PS,,ROAD,,_T,,_T,,1976,,9641,,A,,0,,1,
DATAFLOW,OECD.ITF:DSD_TRENDS@DF_TRENDSSAFETY(1.0),,I,ITA,,A,,FATALITIES,,PS,,ROAD,,_T,,_T,,1977,,8879,,A,,0,,1,
DATAFLOW,OECD.ITF:DSD_TRENDS@DF_TRENDSSAFETY(1.0),,I,ITA,,A,,FATALITIES,,PS,,ROAD,,_T,,_T,,1978,,8602,,A,,0,,1,
DATAFLOW,OECD.ITF:DSD_TRENDS@DF_TRENDSSAFETY(1.0),,I,ITA,,A,,FATALITIES,,PS,,ROAD,,_T,,_T,,1979,,8983,,A,,0,,1,
DATAFLOW,OECD.ITF:DSD_TRENDS@DF_TRENDSSAFETY(1.0),,I,ITA,,A,,FATALITIES,,PS,,ROAD,,_T,,_T,,1980,,9220,,A,,0,,1,
DATAFLOW,OECD.ITF:DSD_TRENDS@DF_TRENDSSAFETY(1.0),,I,ITA,,A,,FATALITIES,,PS,,ROAD,,_T,,_T,,1981,,8718,,A,,0,,1,
DATAFLOW,OECD.ITF:DSD_TRENDS@DF_TRENDSSAFETY(1.0),,I,ITA,,A,,FATALITIES,,PS,,ROAD,,_T,,_T,,1982,,8322,,A,,0,,1,
DATAFLOW,OECD.ITF:DSD_TRENDS@DF_TRENDSSAFETY(1.0),,I,ITA,,A,,FATALITIES,,PS,,ROAD,,_T,,_T,,1983,,8300,,A,,0,,1,
DATAFLOW,OECD.ITF:DSD_TRENDS@DF_TRENDSSAFETY(1.0),,I,ITA,,A,,FATALITIES,,PS,,ROAD,,_T,,_T,,1984,,7759,,A,,0,,1,
DATAFLOW,OECD.ITF:DSD_TRENDS@DF_TRENDSSAFETY(1.0),,I,ITA,,A,,FATALITIES,,PS,,ROAD,,_T,,_T,,1985,,7700,,A,,0,,1,
DATAFLOW,OECD.ITF:DSD_TRENDS@DF_TRENDSSAFETY(1.0),,I,ITA,,A,,FATALITIES,,PS,,ROAD,,_T,,_T,,1986,,7642,,A,,0,,1,
DATAFLOW,OECD.ITF:DSD_TRENDS@DF_TRENDSSAFETY(1.0),,I,ITA,,A,,FATALITIES,,PS,,ROAD,,_T,,_T,,1987,,7327,,A,,0,,1,
DATAFLOW,OECD.ITF:DSD_TRENDS@DF_TRENDSSAFETY(1.0),,I,ITA,,A,,FATALITIES,,PS,,ROAD,,_T,,_T,,1988,,7494,,A,,0,,1,
DATAFLOW,OECD.ITF:DSD_TRENDS@DF_TRENDSSAFETY(1.0),,I,ITA,,A,,FATALITIES,,PS,,ROAD,,_T,,_T,,1989,,6923,,A,,0,,1,
DATAFLOW,OECD.ITF:DSD_TRENDS@DF_TRENDSSAFETY(1.0),,I,ITA,,A,,FATALITIES,,PS,,ROAD,,_T,,_T,,1990,,7151,,A,,0,,1,
DATAFLOW,OECD.ITF:DSD_TRENDS@DF_TRENDSSAFETY(1.0),,I,ITA,,A,,FATALITIES,,PS,,ROAD,,_T,,_T,,1991,,8098,,A,,0,,1,
DATAFLOW,OECD.ITF:DSD_TRENDS@DF_TRENDSSAFETY(1.0),,I,ITA,,A,,FATALITIES,,PS,,ROAD,,_T,,_T,,1992,,8029,,A,,0,,1,
DATAFLOW,OECD.ITF:DSD_TRENDS@DF_TRENDSSAFETY(1.0),,I,ITA,,A,,FATALITIES,,PS,,ROAD,,_T,,_T,,1993,,7177,,A,,0,,1,
DATAFLOW,OECD.ITF:DSD_TRENDS@DF_TRENDSSAFETY(1.0),,I,ITA,,A,,FATALITIES,,PS,,ROAD,,_T,,_T,,1994,,7104,,A,,0,,1,
DATAFLOW,OECD.ITF:DSD_TRENDS@DF_TRENDSSAFETY(1.0),,I,ITA,,A,,FATALITIES,,PS,,ROAD,,_T,,_T,,1995,,7033,,A,,0,,1,
DATAFLOW,OECD.ITF:DSD_TRENDS@DF_TRENDSSAFETY(1.0),,I,ITA,,A,,FATALITIES,,PS,,ROAD,,_T,,_T,,1996,,6688,,A,,0,,1,
DATAFLOW,OECD.ITF:DSD_TRENDS@DF_TRENDSSAFETY(1.0),,I,ITA,,A,,FATALITIES,,PS,,ROAD,,_T,,_T,,1997,,6724,,A,,0,,1,
DATAFLOW,OECD.ITF:DSD_TRENDS@DF_TRENDSSAFETY(1.0),,I,ITA,,A,,FATALITIES,,PS,,ROAD,,_T,,_T,,1998,,6849,,A,,0,,1,
DATAFLOW,OECD.ITF:DSD_TRENDS@DF_TRENDSSAFETY(1.0),,I,ITA,,A,,FATALITIES,,PS,,ROAD,,_T,,_T,,1999,,6688,,A,,0,,1,
DATAFLOW,OECD.ITF:DSD_TRENDS@DF_TRENDSSAFETY(1.0),,I,ITA,,A,,FATALITIES,,PS,,ROAD,,_T,,_T,,2000,,7061,,A,,0,,1,
DATAFLOW,OECD.ITF:DSD_TRENDS@DF_TRENDSSAFETY(1.0),,I,ITA,,A,,FATALITIES,,PS,,ROAD,,_T,,_T,,2001,,7096,,A,,0,,1,
DATAFLOW,OECD.ITF:DSD_TRENDS@DF_TRENDSSAFETY(1.0),,I,ITA,,A,,FATALITIES,,PS,,ROAD,,_T,,_T,,2002,,6980,,A,,0,,1,
DATAFLOW,OECD.ITF:DSD_TRENDS@DF_TRENDSSAFETY(1.0),,I,ITA,,A,,FATALITIES,,PS,,ROAD,,_T,,_T,,2003,,6563,,A,,0,,1,
DATAFLOW,OECD.ITF:DSD_TRENDS@DF_TRENDSSAFETY(1.0),,I,ITA,,A,,FATALITIES,,PS,,ROAD,,_T,,_T,,2004,,6122,,A,,0,,1,
DATAFLOW,OECD.ITF:DSD_TRENDS@DF_TRENDSSAFETY(1.0),,I,ITA,,A,,FATALITIES,,PS,,ROAD,,_T,,_T,,2005,,5818,,A,,0,,1,
DATAFLOW,OECD.ITF:DSD_TRENDS@DF_TRENDSSAFETY(1.0),,I,ITA,,A,,FATALITIES,,PS,,ROAD,,_T,,_T,,2006,,5669,,A,,0,,1,
DATAFLOW,OECD.ITF:DSD_TRENDS@DF_TRENDSSAFETY(1.0),,I,ITA,,A,,FATALITIES,,PS,,ROAD,,_T,,_T,,2007,,5131,,A,,0,,1,
DATAFLOW,OECD.ITF:DSD_TRENDS@DF_TRENDSSAFETY(1.0),,I,ITA,,A,,FATALITIES,,PS,,ROAD,,_T,,_T,,2008,,4725,,A,,0,,1,
DATAFLOW,OECD.ITF:DSD_TRENDS@DF_TRENDSSAFETY(1.0),,I,ITA,,A,,FATALITIES,,PS,,ROAD,,_T,,_T,,2009,,4237,,A,,0,,1,
DATAFLOW,OECD.ITF:DSD_TRENDS@DF_TRENDSSAFETY(1.0),,I,ITA,,A,,FATALITIES,,PS,,ROAD,,_T,,_T,,2010,,4114,,A,,0,,1,
DATAFLOW,OECD.ITF:DSD_TRENDS@DF_TRENDSSAFETY(1.0),,I,ITA,,A,,FATALITIES,,PS,,ROAD,,_T,,_T,,2011,,3860,,A,,0,,1,
DATAFLOW,OECD.ITF:DSD_TRENDS@DF_TRENDSSAFETY(1.0),,I,ITA,,A,,FATALITIES,,PS,,ROAD,,_T,,_T,,2012,,3753,,A,,0,,1,
DATAFLOW,OECD.ITF:DSD_TRENDS@DF_TRENDSSAFETY(1.0),,I,ITA,,A,,FATALITIES,,PS,,ROAD,,_T,,_T,,2013,,3401,,A,,0,,1,
DATAFLOW,OECD.ITF:DSD_TRENDS@DF_TRENDSSAFETY(1.0),,I,ITA,,A,,FATALITIES,,PS,,ROAD,,_T,,_T,,2014,,3381,,A,,0,,1,
DATAFLOW,OECD.ITF:DSD_TRENDS@DF_TRENDSSAFETY(1.0),,I,ITA,,A,,FATALITIES,,PS,,ROAD,,_T,,_T,,2015,,3428,,A,,0,,1,
DATAFLOW,OECD.ITF:DSD_TRENDS@DF_TRENDSSAFETY(1.0),,I,ITA,,A,,FATALITIES,,PS,,ROAD,,_T,,_T,,2016,,3283,,A,,0,,1,
DATAFLOW,OECD.ITF:DSD_TRENDS@DF_TRENDSSAFETY(1.0),,I,ITA,,A,,FATALITIES,,PS,,ROAD,,_T,,_T,,2017,,3378,,A,,0,,1,
DATAFLOW,OECD.ITF:DSD_TRENDS@DF_TRENDSSAFETY(1.0),,I,ITA,,A,,FATALITIES,,PS,,ROAD,,_T,,_T,,2018,,3325,,A,,0,,1,
DATAFLOW,OECD.ITF:DSD_TRENDS@DF_TRENDSSAFETY(1.0),,I,ITA,,A,,FATALITIES,,PS,,ROAD,,_T,,_T,,2019,,3173,,A,,0,,1,
DATAFLOW,OECD.ITF:DSD_TRENDS@DF_TRENDSSAFETY(1.0),,I,ITA,,A,,FATALITIES,,PS,,ROAD,,_T,,_T,,2020,,2395,,A,,0,,1,
DATAFLOW,OECD.ITF:DSD_TRENDS@DF_TRENDSSAFETY(1.0),,I,ITA,,A,,FATALITIES,,PS,,ROAD,,_T,,_T,,2021,,2875,,A,,0,,1,
DATAFLOW,OECD.ITF:DSD_TRENDS@DF_TRENDSSAFETY(1.0),,I,ITA,,A,,FATALITIES,,PS,,ROAD,,_T,,_T,,2022,,3159,,A,,0,,1,
DATAFLOW,OECD.ITF:DSD_TRENDS@DF_TRENDSSAFETY(1.0),,I,ITA,,A,,FATALITIES,,PS,,ROAD,,_T,,_T,,2023,,3039,,A,,0,,1,
DATAFLOW,OECD.ITF:DSD_TRENDS@DF_TRENDSSAFETY(1.0),,I,ITA,,A,,FATALITIES,,PS,,ROAD,,_T,,_T,,2024,,3030,,A,,0,,1,
DATAFLOW,OECD.ITF:DSD_TRENDS@DF_TRENDSSAFETY(1.0),,I,JPN,,A,,FATALITIES,,PS,,ROAD,,_T,,_T,,1970,,21795,,A,,0,,1,
DATAFLOW,OECD.ITF:DSD_TRENDS@DF_TRENDSSAFETY(1.0),,I,JPN,,A,,FATALITIES,,PS,,ROAD,,_T,,_T,,1971,,21161,,A,,0,,1,
DATAFLOW,OECD.ITF:DSD_TRENDS@DF_TRENDSSAFETY(1.0),,I,JPN,,A,,FATALITIES,,PS,,ROAD,,_T,,_T,,1972,,20693,,A,,0,,1,
DATAFLOW,OECD.ITF:DSD_TRENDS@DF_TRENDSSAFETY(1.0),,I,JPN,,A,,FATALITIES,,PS,,ROAD,,_T,,_T,,1973,,18946,,A,,0,,1,
DATAFLOW,OECD.ITF:DSD_TRENDS@DF_TRENDSSAFETY(1.0),,I,JPN,,A,,FATALITIES,,PS,,ROAD,,_T,,_T,,1974,,14862,,A,,0,,1,
DATAFLOW,OECD.ITF:DSD_TRENDS@DF_TRENDSSAFETY(1.0),,I,JPN,,A,,FATALITIES,,PS,,ROAD,,_T,,_T,,1975,,14030,,A,,0,,1,
DATAFLOW,OECD.ITF:DSD_TRENDS@DF_TRENDSSAFETY(1.0),,I,JPN,,A,,FATALITIES,,PS,,ROAD,,_T,,_T,,1976,,12654,,A,,0,,1,
DATAFLOW,OECD.ITF:DSD_TRENDS@DF_TRENDSSAFETY(1.0),,I,JPN,,A,,FATALITIES,,PS,,ROAD,,_T,,_T,,1977,,11629,,A,,0,,1,
DATAFLOW,OECD.ITF:DSD_TRENDS@DF_TRENDSSAFETY(1.0),,I,JPN,,A,,FATALITIES,,PS,,ROAD,,_T,,_T,,1978,,11418,,A,,0,,1,
DATAFLOW,OECD.ITF:DSD_TRENDS@DF_TRENDSSAFETY(1.0),,I,JPN,,A,,FATALITIES,,PS,,ROAD,,_T,,_T,,1979,,11006,,A,,0,,1,
DATAFLOW,OECD.ITF:DSD_TRENDS@DF_TRENDSSAFETY(1.0),,I,JPN,,A,,FATALITIES,,PS,,ROAD,,_T,,_T,,1980,,11388,,A,,0,,1,
DATAFLOW,OECD.ITF:DSD_TRENDS@DF_TRENDSSAFETY(1.0),,I,JPN,,A,,FATALITIES,,PS,,ROAD,,_T,,_T,,1981,,11335,,A,,0,,1,
DATAFLOW,OECD.ITF:DSD_TRENDS@DF_TRENDSSAFETY(1.0),,I,JPN,,A,,FATALITIES,,PS,,ROAD,,_T,,_T,,1982,,11795,,A,,0,,1,
DATAFLOW,OECD.ITF:DSD_TRENDS@DF_TRENDSSAFETY(1.0),,I,JPN,,A,,FATALITIES,,PS,,ROAD,,_T,,_T,,1983,,12376,,A,,0,,1,
DATAFLOW,OECD.ITF:DSD_TRENDS@DF_TRENDSSAFETY(1.0),,I,JPN,,A,,FATALITIES,,PS,,ROAD,,_T,,_T,,1984,,12041,,A,,0,,1,
DATAFLOW,OECD.ITF:DSD_TRENDS@DF_TRENDSSAFETY(1.0),,I,JPN,,A,,FATALITIES,,PS,,ROAD,,_T,,_T,,1985,,12039,,A,,0,,1,
DATAFLOW,OECD.ITF:DSD_TRENDS@DF_TRENDSSAFETY(1.0),,I,JPN,,A,,FATALITIES,,PS,,ROAD,,_T,,_T,,1986,,12112,,A,,0,,1,
DATAFLOW,OECD.ITF:DSD_TRENDS@DF_TRENDSSAFETY(1.0),,I,JPN,,A,,FATALITIES,,PS,,ROAD,,_T,,_T,,1987,,12151,,A,,0,,1,
DATAFLOW,OECD.ITF:DSD_TRENDS@DF_TRENDSSAFETY(1.0),,I,JPN,,A,,FATALITIES,,PS,,ROAD,,_T,,_T,,1988,,13447,,A,,0,,1,
DATAFLOW,OECD.ITF:DSD_TRENDS@DF_TRENDSSAFETY(1.0),,I,JPN,,A,,FATALITIES,,PS,,ROAD,,_T,,_T,,1989,,14412,,A,,0,,1,
DATAFLOW,OECD.ITF:DSD_TRENDS@DF_TRENDSSAFETY(1.0),,I,JPN,,A,,FATALITIES,,PS,,ROAD,,_T,,_T,,1990,,14595,,A,,0,,1,
DATAFLOW,OECD.ITF:DSD_TRENDS@DF_TRENDSSAFETY(1.0),,I,JPN,,A,,FATALITIES,,PS,,ROAD,,_T,,_T,,1991,,14442,,A,,0,,1,
DATAFLOW,OECD.ITF:DSD_TRENDS@DF_TRENDSSAFETY(1.0),,I,JPN,,A,,FATALITIES,,PS,,ROAD,,_T,,_T,,1992,,14888,,A,,0,,1,
DATAFLOW,OECD.ITF:DSD_TRENDS@DF_TRENDSSAFETY(1.0),,I,JPN,,A,,FATALITIES,,PS,,ROAD,,_T,,_T,,1993,,13272,,A,,0,,1,
DATAFLOW,OECD.ITF:DSD_TRENDS@DF_TRENDSSAFETY(1.0),,I,JPN,,A,,FATALITIES,,PS,,ROAD,,_T,,_T,,1994,,12772,,A,,0,,1,
DATAFLOW,OECD.ITF:DSD_TRENDS@DF_TRENDSSAFETY(1.0),,I,JPN,,A,,FATALITIES,,PS,,ROAD,,_T,,_T,,1995,,12675,,A,,0,,1,
DATAFLOW,OECD.ITF:DSD_TRENDS@DF_TRENDSSAFETY(1.0),,I,JPN,,A,,FATALITIES,,PS,,ROAD,,_T,,_T,,1996,,11675,,A,,0,,1,
DATAFLOW,OECD.ITF:DSD_TRENDS@DF_TRENDSSAFETY(1.0),,I,JPN,,A,,FATALITIES,,PS,,ROAD,,_T,,_T,,1997,,11256,,A,,0,,1,
DATAFLOW,OECD.ITF:DSD_TRENDS@DF_TRENDSSAFETY(1.0),,I,JPN,,A,,FATALITIES,,PS,,ROAD,,_T,,_T,,1998,,10808,,A,,0,,1,
DATAFLOW,OECD.ITF:DSD_TRENDS@DF_TRENDSSAFETY(1.0),,I,JPN,,A,,FATALITIES,,PS,,ROAD,,_T,,_T,,1999,,10378,,A,,0,,1,
DATAFLOW,OECD.ITF:DSD_TRENDS@DF_TRENDSSAFETY(1.0),,I,JPN,,A,,FATALITIES,,PS,,ROAD,,_T,,_T,,2000,,10410,,A,,0,,1,
DATAFLOW,OECD.ITF:DSD_TRENDS@DF_TRENDSSAFETY(1.0),,I,JPN,,A,,FATALITIES,,PS,,ROAD,,_T,,_T,,2001,,10071,,A,,0,,1,
DATAFLOW,OECD.ITF:DSD_TRENDS@DF_TRENDSSAFETY(1.0),,I,JPN,,A,,FATALITIES,,PS,,ROAD,,_T,,_T,,2002,,9645,,A,,0,,1,
DATAFLOW,OECD.ITF:DSD_TRENDS@DF_TRENDSSAFETY(1.0),,I,JPN,,A,,FATALITIES,,PS,,ROAD,,_T,,_T,,2003,,8944,,A,,0,,1,
DATAFLOW,OECD.ITF:DSD_TRENDS@DF_TRENDSSAFETY(1.0),,I,JPN,,A,,FATALITIES,,PS,,ROAD,,_T,,_T,,2004,,8572,,A,,0,,1,
DATAFLOW,OECD.ITF:DSD_TRENDS@DF_TRENDSSAFETY(1.0),,I,JPN,,A,,FATALITIES,,PS,,ROAD,,_T,,_T,,2005,,7997,,A,,0,,1,
DATAFLOW,OECD.ITF:DSD_TRENDS@DF_TRENDSSAFETY(1.0),,I,JPN,,A,,FATALITIES,,PS,,ROAD,,_T,,_T,,2006,,7336,,A,,0,,1,
DATAFLOW,OECD.ITF:DSD_TRENDS@DF_TRENDSSAFETY(1.0),,I,JPN,,A,,FATALITIES,,PS,,ROAD,,_T,,_T,,2007,,6695,,A,,0,,1,
DATAFLOW,OECD.ITF:DSD_TRENDS@DF_TRENDSSAFETY(1.0),,I,JPN,,A,,FATALITIES,,PS,,ROAD,,_T,,_T,,2008,,6079,,A,,0,,1,
DATAFLOW,OECD.ITF:DSD_TRENDS@DF_TRENDSSAFETY(1.0),,I,JPN,,A,,FATALITIES,,PS,,ROAD,,_T,,_T,,2009,,5840,,A,,0,,1,
DATAFLOW,OECD.ITF:DSD_TRENDS@DF_TRENDSSAFETY(1.0),,I,JPN,,A,,FATALITIES,,PS,,ROAD,,_T,,_T,,2010,,5828,,A,,0,,1,
DATAFLOW,OECD.ITF:DSD_TRENDS@DF_TRENDSSAFETY(1.0),,I,JPN,,A,,FATALITIES,,PS,,ROAD,,_T,,_T,,2011,,5535,,A,,0,,1,
DATAFLOW,OECD.ITF:DSD_TRENDS@DF_TRENDSSAFETY(1.0),,I,JPN,,A,,FATALITIES,,PS,,ROAD,,_T,,_T,,2012,,5261,,A,,0,,1,
DATAFLOW,OECD.ITF:DSD_TRENDS@DF_TRENDSSAFETY(1.0),,I,JPN,,A,,FATALITIES,,PS,,ROAD,,_T,,_T,,2013,,5165,,A,,0,,1,
DATAFLOW,OECD.ITF:DSD_TRENDS@DF_TRENDSSAFETY(1.0),,I,JPN,,A,,FATALITIES,,PS,,ROAD,,_T,,_T,,2014,,4837,,A,,0,,1,
DATAFLOW,OECD.ITF:DSD_TRENDS@DF_TRENDSSAFETY(1.0),,I,JPN,,A,,FATALITIES,,PS,,ROAD,,_T,,_T,,2015,,4885,,A,,0,,1,
DATAFLOW,OECD.ITF:DSD_TRENDS@DF_TRENDSSAFETY(1.0),,I,JPN,,A,,FATALITIES,,PS,,ROAD,,_T,,_T,,2016,,4698,,A,,0,,1,
DATAFLOW,OECD.ITF:DSD_TRENDS@DF_TRENDSSAFETY(1.0),,I,JPN,,A,,FATALITIES,,PS,,ROAD,,_T,,_T,,2017,,4431,,A,,0,,1,
DATAFLOW,OECD.ITF:DSD_TRENDS@DF_TRENDSSAFETY(1.0),,I,JPN,,A,,FATALITIES,,PS,,ROAD,,_T,,_T,,2018,,4166,,A,,0,,1,
DATAFLOW,OECD.ITF:DSD_TRENDS@DF_TRENDSSAFETY(1.0),,I,JPN,,A,,FATALITIES,,PS,,ROAD,,_T,,_T,,2019,,3920,,A,,0,,1,
DATAFLOW,OECD.ITF:DSD_TRENDS@DF_TRENDSSAFETY(1.0),,I,JPN,,A,,FATALITIES,,PS,,ROAD,,_T,,_T,,2020,,3416,,A,,0,,1,
DATAFLOW,OECD.ITF:DSD_TRENDS@DF_TRENDSSAFETY(1.0),,I,JPN,,A,,FATALITIES,,PS,,ROAD,,_T,,_T,,2021,,3205,,A,,0,,1,
DATAFLOW,OECD.ITF:DSD_TRENDS@DF_TRENDSSAFETY(1.0),,I,JPN,,A,,FATALITIES,,PS,,ROAD,,_T,,_T,,2022,,3216,,A,,0,,1,
DATAFLOW,OECD.ITF:DSD_TRENDS@DF_TRENDSSAFETY(1.0),,I,JPN,,A,,FATALITIES,,PS,,ROAD,,_T,,_T,,2023,,3263,,A,,0,,1,
DATAFLOW,OECD.ITF:DSD_TRENDS@DF_TRENDSSAFETY(1.0),,I,JPN,,A,,FATALITIES,,PS,,ROAD,,_T,,_T,,2024,,3221,,A,,0,,1,
DATAFLOW,OECD.ITF:DSD_TRENDS@DF_TRENDSSAFETY(1.0),,I,KOR,,A,,FATALITIES,,PS,,ROAD,,_T,,_T,,1970,,3069,,A,,0,,1,
DATAFLOW,OECD.ITF:DSD_TRENDS@DF_TRENDSSAFETY(1.0),,I,KOR,,A,,FATALITIES,,PS,,ROAD,,_T,,_T,,1971,,3420,,A,,0,,1,
DATAFLOW,OECD.ITF:DSD_TRENDS@DF_TRENDSSAFETY(1.0),,I,KOR,,A,,FATALITIES,,PS,,ROAD,,_T,,_T,,1972,,3077,,A,,0,,1,
DATAFLOW,OECD.ITF:DSD_TRENDS@DF_TRENDSSAFETY(1.0),,I,KOR,,A,,FATALITIES,,PS,,ROAD,,_T,,_T,,1973,,3049,,A,,0,,1,
DATAFLOW,OECD.ITF:DSD_TRENDS@DF_TRENDSSAFETY(1.0),,I,KOR,,A,,FATALITIES,,PS,,ROAD,,_T,,_T,,1974,,3115,,A,,0,,1,
DATAFLOW,OECD.ITF:DSD_TRENDS@DF_TRENDSSAFETY(1.0),,I,KOR,,A,,FATALITIES,,PS,,ROAD,,_T,,_T,,1975,,3800,,A,,0,,1,
DATAFLOW,OECD.ITF:DSD_TRENDS@DF_TRENDSSAFETY(1.0),,I,KOR,,A,,FATALITIES,,PS,,ROAD,,_T,,_T,,1976,,3860,,A,,0,,1,
DATAFLOW,OECD.ITF:DSD_TRENDS@DF_TRENDSSAFETY(1.0),,I,KOR,,A,,FATALITIES,,PS,,ROAD,,_T,,_T,,1977,,4097,,A,,0,,1,
DATAFLOW,OECD.ITF:DSD_TRENDS@DF_TRENDSSAFETY(1.0),,I,KOR,,A,,FATALITIES,,PS,,ROAD,,_T,,_T,,1978,,5114,,A,,0,,1,
DATAFLOW,OECD.ITF:DSD_TRENDS@DF_TRENDSSAFETY(1.0),,I,KOR,,A,,FATALITIES,,PS,,ROAD,,_T,,_T,,1979,,6006,,A,,0,,1,
DATAFLOW,OECD.ITF:DSD_TRENDS@DF_TRENDSSAFETY(1.0),,I,KOR,,A,,FATALITIES,,PS,,ROAD,,_T,,_T,,1980,,5608,,A,,0,,1,
DATAFLOW,OECD.ITF:DSD_TRENDS@DF_TRENDSSAFETY(1.0),,I,KOR,,A,,FATALITIES,,PS,,ROAD,,_T,,_T,,1981,,5804,,A,,0,,1,
DATAFLOW,OECD.ITF:DSD_TRENDS@DF_TRENDSSAFETY(1.0),,I,KOR,,A,,FATALITIES,,PS,,ROAD,,_T,,_T,,1982,,6110,,A,,0,,1,
DATAFLOW,OECD.ITF:DSD_TRENDS@DF_TRENDSSAFETY(1.0),,I,KOR,,A,,FATALITIES,,PS,,ROAD,,_T,,_T,,1983,,6834,,A,,0,,1,
DATAFLOW,OECD.ITF:DSD_TRENDS@DF_TRENDSSAFETY(1.0),,I,KOR,,A,,FATALITIES,,PS,,ROAD,,_T,,_T,,1984,,7468,,A,,0,,1,
DATAFLOW,OECD.ITF:DSD_TRENDS@DF_TRENDSSAFETY(1.0),,I,KOR,,A,,FATALITIES,,PS,,ROAD,,_T,,_T,,1985,,7522,,A,,0,,1,
DATAFLOW,OECD.ITF:DSD_TRENDS@DF_TRENDSSAFETY(1.0),,I,KOR,,A,,FATALITIES,,PS,,ROAD,,_T,,_T,,1986,,7702,,A,,0,,1,
DATAFLOW,OECD.ITF:DSD_TRENDS@DF_TRENDSSAFETY(1.0),,I,KOR,,A,,FATALITIES,,PS,,ROAD,,_T,,_T,,1987,,7206,,A,,0,,1,
DATAFLOW,OECD.ITF:DSD_TRENDS@DF_TRENDSSAFETY(1.0),,I,KOR,,A,,FATALITIES,,PS,,ROAD,,_T,,_T,,1988,,11563,,A,,0,,1,
DATAFLOW,OECD.ITF:DSD_TRENDS@DF_TRENDSSAFETY(1.0),,I,KOR,,A,,FATALITIES,,PS,,ROAD,,_T,,_T,,1989,,12603,,A,,0,,1,
DATAFLOW,OECD.ITF:DSD_TRENDS@DF_TRENDSSAFETY(1.0),,I,KOR,,A,,FATALITIES,,PS,,ROAD,,_T,,_T,,1990,,12325,,A,,0,,1,
DATAFLOW,OECD.ITF:DSD_TRENDS@DF_TRENDSSAFETY(1.0),,I,KOR,,A,,FATALITIES,,PS,,ROAD,,_T,,_T,,1991,,13429,,A,,0,,1,
DATAFLOW,OECD.ITF:DSD_TRENDS@DF_TRENDSSAFETY(1.0),,I,KOR,,A,,FATALITIES,,PS,,ROAD,,_T,,_T,,1992,,11640,,A,,0,,1,
DATAFLOW,OECD.ITF:DSD_TRENDS@DF_TRENDSSAFETY(1.0),,I,KOR,,A,,FATALITIES,,PS,,ROAD,,_T,,_T,,1993,,10402,,A,,0,,1,
DATAFLOW,OECD.ITF:DSD_TRENDS@DF_TRENDSSAFETY(1.0),,I,KOR,,A,,FATALITIES,,PS,,ROAD,,_T,,_T,,1994,,10087,,A,,0,,1,
DATAFLOW,OECD.ITF:DSD_TRENDS@DF_TRENDSSAFETY(1.0),,I,KOR,,A,,FATALITIES,,PS,,ROAD,,_T,,_T,,1995,,10323,,A,,0,,1,
DATAFLOW,OECD.ITF:DSD_TRENDS@DF_TRENDSSAFETY(1.0),,I,KOR,,A,,FATALITIES,,PS,,ROAD,,_T,,_T,,1996,,12653,,A,,0,,1,
DATAFLOW,OECD.ITF:DSD_TRENDS@DF_TRENDSSAFETY(1.0),,I,KOR,,A,,FATALITIES,,PS,,ROAD,,_T,,_T,,1997,,11603,,A,,0,,1,
DATAFLOW,OECD.ITF:DSD_TRENDS@DF_TRENDSSAFETY(1.0),,I,KOR,,A,,FATALITIES,,PS,,ROAD,,_T,,_T,,1998,,9057,,A,,0,,1,
DATAFLOW,OECD.ITF:DSD_TRENDS@DF_TRENDSSAFETY(1.0),,I,KOR,,A,,FATALITIES,,PS,,ROAD,,_T,,_T,,1999,,9353,,A,,0,,1,
DATAFLOW,OECD.ITF:DSD_TRENDS@DF_TRENDSSAFETY(1.0),,I,KOR,,A,,FATALITIES,,PS,,ROAD,,_T,,_T,,2000,,10236,,A,,0,,1,
DATAFLOW,OECD.ITF:DSD_TRENDS@DF_TRENDSSAFETY(1.0),,I,KOR,,A,,FATALITIES,,PS,,ROAD,,_T,,_T,,2001,,8097,,A,,0,,1,
DATAFLOW,OECD.ITF:DSD_TRENDS@DF_TRENDSSAFETY(1.0),,I,KOR,,A,,FATALITIES,,PS,,ROAD,,_T,,_T,,2002,,7222,,A,,0,,1,
DATAFLOW,OECD.ITF:DSD_TRENDS@DF_TRENDSSAFETY(1.0),,I,KOR,,A,,FATALITIES,,PS,,ROAD,,_T,,_T,,2003,,7212,,A,,0,,1,
DATAFLOW,OECD.ITF:DSD_TRENDS@DF_TRENDSSAFETY(1.0),,I,KOR,,A,,FATALITIES,,PS,,ROAD,,_T,,_T,,2004,,6563,,A,,0,,1,
DATAFLOW,OECD.ITF:DSD_TRENDS@DF_TRENDSSAFETY(1.0),,I,KOR,,A,,FATALITIES,,PS,,ROAD,,_T,,_T,,2005,,6376,,A,,0,,1,
DATAFLOW,OECD.ITF:DSD_TRENDS@DF_TRENDSSAFETY(1.0),,I,KOR,,A,,FATALITIES,,PS,,ROAD,,_T,,_T,,2006,,6327,,A,,0,,1,
DATAFLOW,OECD.ITF:DSD_TRENDS@DF_TRENDSSAFETY(1.0),,I,KOR,,A,,FATALITIES,,PS,,ROAD,,_T,,_T,,2007,,6166,,A,,0,,1,
DATAFLOW,OECD.ITF:DSD_TRENDS@DF_TRENDSSAFETY(1.0),,I,KOR,,A,,FATALITIES,,PS,,ROAD,,_T,,_T,,2008,,5870,,A,,0,,1,
DATAFLOW,OECD.ITF:DSD_TRENDS@DF_TRENDSSAFETY(1.0),,I,KOR,,A,,FATALITIES,,PS,,ROAD,,_T,,_T,,2009,,5838,,A,,0,,1,
DATAFLOW,OECD.ITF:DSD_TRENDS@DF_TRENDSSAFETY(1.0),,I,KOR,,A,,FATALITIES,,PS,,ROAD,,_T,,_T,,2010,,5505,,A,,0,,1,
DATAFLOW,OECD.ITF:DSD_TRENDS@DF_TRENDSSAFETY(1.0),,I,KOR,,A,,FATALITIES,,PS,,ROAD,,_T,,_T,,2011,,5229,,A,,0,,1,
DATAFLOW,OECD.ITF:DSD_TRENDS@DF_TRENDSSAFETY(1.0),,I,KOR,,A,,FATALITIES,,PS,,ROAD,,_T,,_T,,2012,,5392,,A,,0,,1,
DATAFLOW,OECD.ITF:DSD_TRENDS@DF_TRENDSSAFETY(1.0),,I,KOR,,A,,FATALITIES,,PS,,ROAD,,_T,,_T,,2013,,5092,,A,,0,,1,
DATAFLOW,OECD.ITF:DSD_TRENDS@DF_TRENDSSAFETY(1.0),,I,KOR,,A,,FATALITIES,,PS,,ROAD,,_T,,_T,,2014,,4762,,A,,0,,1,
DATAFLOW,OECD.ITF:DSD_TRENDS@DF_TRENDSSAFETY(1.0),,I,KOR,,A,,FATALITIES,,PS,,ROAD,,_T,,_T,,2015,,4621,,A,,0,,1,
DATAFLOW,OECD.ITF:DSD_TRENDS@DF_TRENDSSAFETY(1.0),,I,KOR,,A,,FATALITIES,,PS,,ROAD,,_T,,_T,,2016,,4292,,A,,0,,1,
DATAFLOW,OECD.ITF:DSD_TRENDS@DF_TRENDSSAFETY(1.0),,I,KOR,,A,,FATALITIES,,PS,,ROAD,,_T,,_T,,2017,,4185,,A,,0,,1,
DATAFLOW,OECD.ITF:DSD_TRENDS@DF_TRENDSSAFETY(1.0),,I,KOR,,A,,FATALITIES,,PS,,ROAD,,_T,,_T,,2018,,3781,,A,,0,,1,
DATAFLOW,OECD.ITF:DSD_TRENDS@DF_TRENDSSAFETY(1.0),,I,KOR,,A,,FATALITIES,,PS,,ROAD,,_T,,_T,,2019,,3349,,A,,0,,1,
DATAFLOW,OECD.ITF:DSD_TRENDS@DF_TRENDSSAFETY(1.0),,I,KOR,,A,,FATALITIES,,PS,,ROAD,,_T,,_T,,2020,,3081,,A,,0,,1,
DATAFLOW,OECD.ITF:DSD_TRENDS@DF_TRENDSSAFETY(1.0),,I,KOR,,A,,FATALITIES,,PS,,ROAD,,_T,,_T,,2021,,2916,,A,,0,,1,
DATAFLOW,OECD.ITF:DSD_TRENDS@DF_TRENDSSAFETY(1.0),,I,KOR,,A,,FATALITIES,,PS,,ROAD,,_T,,_T,,2022,,2735,,A,,0,,1,
DATAFLOW,OECD.ITF:DSD_TRENDS@DF_TRENDSSAFETY(1.0),,I,KOR,,A,,FATALITIES,,PS,,ROAD,,_T,,_T,,2023,,2551,,A,,0,,1,
DATAFLOW,OECD.ITF:DSD_TRENDS@DF_TRENDSSAFETY(1.0),,I,KOR,,A,,FATALITIES,,PS,,ROAD,,_T,,_T,,2024,,2521,,A,,0,,1,
DATAFLOW,OECD.ITF:DSD_TRENDS@DF_TRENDSSAFETY(1.0),,I,LVA,,A,,FATALITIES,,PS,,ROAD,,_T,,_T,,1970,,646,,A,,0,,1,
DATAFLOW,OECD.ITF:DSD_TRENDS@DF_TRENDSSAFETY(1.0),,I,LVA,,A,,FATALITIES,,PS,,ROAD,,_T,,_T,,1971,,637,,A,,0,,1,
DATAFLOW,OECD.ITF:DSD_TRENDS@DF_TRENDSSAFETY(1.0),,I,LVA,,A,,FATALITIES,,PS,,ROAD,,_T,,_T,,1972,,644,,A,,0,,1,
DATAFLOW,OECD.ITF:DSD_TRENDS@DF_TRENDSSAFETY(1.0),,I,LVA,,A,,FATALITIES,,PS,,ROAD,,_T,,_T,,1973,,590,,A,,0,,1,
DATAFLOW,OECD.ITF:DSD_TRENDS@DF_TRENDSSAFETY(1.0),,I,LVA,,A,,FATALITIES,,PS,,ROAD,,_T,,_T,,1974,,641,,A,,0,,1,
DATAFLOW,OECD.ITF:DSD_TRENDS@DF_TRENDSSAFETY(1.0),,I,LVA,,A,,FATALITIES,,PS,,ROAD,,_T,,_T,,1975,,669,,A,,0,,1,
DATAFLOW,OECD.ITF:DSD_TRENDS@DF_TRENDSSAFETY(1.0),,I,LVA,,A,,FATALITIES,,PS,,ROAD,,_T,,_T,,1976,,671,,A,,0,,1,
DATAFLOW,OECD.ITF:DSD_TRENDS@DF_TRENDSSAFETY(1.0),,I,LVA,,A,,FATALITIES,,PS,,ROAD,,_T,,_T,,1977,,659,,A,,0,,1,
DATAFLOW,OECD.ITF:DSD_TRENDS@DF_TRENDSSAFETY(1.0),,I,LVA,,A,,FATALITIES,,PS,,ROAD,,_T,,_T,,1978,,641,,A,,0,,1,
DATAFLOW,OECD.ITF:DSD_TRENDS@DF_TRENDSSAFETY(1.0),,I,LVA,,A,,FATALITIES,,PS,,ROAD,,_T,,_T,,1979,,662,,A,,0,,1,
DATAFLOW,OECD.ITF:DSD_TRENDS@DF_TRENDSSAFETY(1.0),,I,LVA,,A,,FATALITIES,,PS,,ROAD,,_T,,_T,,1980,,653,,A,,0,,1,
DATAFLOW,OECD.ITF:DSD_TRENDS@DF_TRENDSSAFETY(1.0),,I,LVA,,A,,FATALITIES,,PS,,ROAD,,_T,,_T,,1981,,645,,A,,0,,1,
DATAFLOW,OECD.ITF:DSD_TRENDS@DF_TRENDSSAFETY(1.0),,I,LVA,,A,,FATALITIES,,PS,,ROAD,,_T,,_T,,1982,,637,,A,,0,,1,
DATAFLOW,OECD.ITF:DSD_TRENDS@DF_TRENDSSAFETY(1.0),,I,LVA,,A,,FATALITIES,,PS,,ROAD,,_T,,_T,,1983,,656,,A,,0,,1,
DATAFLOW,OECD.ITF:DSD_TRENDS@DF_TRENDSSAFETY(1.0),,I,LVA,,A,,FATALITIES,,PS,,ROAD,,_T,,_T,,1984,,586,,A,,0,,1,
DATAFLOW,OECD.ITF:DSD_TRENDS@DF_TRENDSSAFETY(1.0),,I,LVA,,A,,FATALITIES,,PS,,ROAD,,_T,,_T,,1985,,539,,A,,0,,1,
DATAFLOW,OECD.ITF:DSD_TRENDS@DF_TRENDSSAFETY(1.0),,I,LVA,,A,,FATALITIES,,PS,,ROAD,,_T,,_T,,1986,,471,,A,,0,,1,
DATAFLOW,OECD.ITF:DSD_TRENDS@DF_TRENDSSAFETY(1.0),,I,LVA,,A,,FATALITIES,,PS,,ROAD,,_T,,_T,,1987,,512,,A,,0,,1,
DATAFLOW,OECD.ITF:DSD_TRENDS@DF_TRENDSSAFETY(1.0),,I,LVA,,A,,FATALITIES,,PS,,ROAD,,_T,,_T,,1988,,577,,A,,0,,1,
DATAFLOW,OECD.ITF:DSD_TRENDS@DF_TRENDSSAFETY(1.0),,I,LVA,,A,,FATALITIES,,PS,,ROAD,,_T,,_T,,1989,,802,,A,,0,,1,
DATAFLOW,OECD.ITF:DSD_TRENDS@DF_TRENDSSAFETY(1.0),,I,LVA,,A,,FATALITIES,,PS,,ROAD,,_T,,_T,,1990,,877,,A,,0,,1,
DATAFLOW,OECD.ITF:DSD_TRENDS@DF_TRENDSSAFETY(1.0),,I,LVA,,A,,FATALITIES,,PS,,ROAD,,_T,,_T,,1991,,923,,A,,0,,1,
DATAFLOW,OECD.ITF:DSD_TRENDS@DF_TRENDSSAFETY(1.0),,I,LVA,,A,,FATALITIES,,PS,,ROAD,,_T,,_T,,1992,,729,,A,,0,,1,
DATAFLOW,OECD.ITF:DSD_TRENDS@DF_TRENDSSAFETY(1.0),,I,LVA,,A,,FATALITIES,,PS,,ROAD,,_T,,_T,,1993,,670,,A,,0,,1,
DATAFLOW,OECD.ITF:DSD_TRENDS@DF_TRENDSSAFETY(1.0),,I,LVA,,A,,FATALITIES,,PS,,ROAD,,_T,,_T,,1994,,717,,A,,0,,1,
DATAFLOW,OECD.ITF:DSD_TRENDS@DF_TRENDSSAFETY(1.0),,I,LVA,,A,,FATALITIES,,PS,,ROAD,,_T,,_T,,1995,,611,,A,,0,,1,
DATAFLOW,OECD.ITF:DSD_TRENDS@DF_TRENDSSAFETY(1.0),,I,LVA,,A,,FATALITIES,,PS,,ROAD,,_T,,_T,,1996,,550,,A,,0,,1,
DATAFLOW,OECD.ITF:DSD_TRENDS@DF_TRENDSSAFETY(1.0),,I,LVA,,A,,FATALITIES,,PS,,ROAD,,_T,,_T,,1997,,525,,A,,0,,1,
DATAFLOW,OECD.ITF:DSD_TRENDS@DF_TRENDSSAFETY(1.0),,I,LVA,,A,,FATALITIES,,PS,,ROAD,,_T,,_T,,1998,,627,,A,,0,,1,
DATAFLOW,OECD.ITF:DSD_TRENDS@DF_TRENDSSAFETY(1.0),,I,LVA,,A,,FATALITIES,,PS,,ROAD,,_T,,_T,,1999,,604,,A,,0,,1,
DATAFLOW,OECD.ITF:DSD_TRENDS@DF_TRENDSSAFETY(1.0),,I,LVA,,A,,FATALITIES,,PS,,ROAD,,_T,,_T,,2000,,588,,A,,0,,1,
DATAFLOW,OECD.ITF:DSD_TRENDS@DF_TRENDSSAFETY(1.0),,I,LVA,,A,,FATALITIES,,PS,,ROAD,,_T,,_T,,2001,,517,,A,,0,,1,
DATAFLOW,OECD.ITF:DSD_TRENDS@DF_TRENDSSAFETY(1.0),,I,LVA,,A,,FATALITIES,,PS,,ROAD,,_T,,_T,,2002,,518,,A,,0,,1,
DATAFLOW,OECD.ITF:DSD_TRENDS@DF_TRENDSSAFETY(1.0),,I,LVA,,A,,FATALITIES,,PS,,ROAD,,_T,,_T,,2003,,493,,A,,0,,1,
DATAFLOW,OECD.ITF:DSD_TRENDS@DF_TRENDSSAFETY(1.0),,I,LVA,,A,,FATALITIES,,PS,,ROAD,,_T,,_T,,2004,,516,,A,,0,,1,
DATAFLOW,OECD.ITF:DSD_TRENDS@DF_TRENDSSAFETY(1.0),,I,LVA,,A,,FATALITIES,,PS,,ROAD,,_T,,_T,,2005,,442,,A,,0,,1,
DATAFLOW,OECD.ITF:DSD_TRENDS@DF_TRENDSSAFETY(1.0),,I,LVA,,A,,FATALITIES,,PS,,ROAD,,_T,,_T,,2006,,407,,A,,0,,1,
DATAFLOW,OECD.ITF:DSD_TRENDS@DF_TRENDSSAFETY(1.0),,I,LVA,,A,,FATALITIES,,PS,,ROAD,,_T,,_T,,2007,,419,,A,,0,,1,
DATAFLOW,OECD.ITF:DSD_TRENDS@DF_TRENDSSAFETY(1.0),,I,LVA,,A,,FATALITIES,,PS,,ROAD,,_T,,_T,,2008,,316,,A,,0,,1,
DATAFLOW,OECD.ITF:DSD_TRENDS@DF_TRENDSSAFETY(1.0),,I,LVA,,A,,FATALITIES,,PS,,ROAD,,_T,,_T,,2009,,254,,A,,0,,1,
DATAFLOW,OECD.ITF:DSD_TRENDS@DF_TRENDSSAFETY(1.0),,I,LVA,,A,,FATALITIES,,PS,,ROAD,,_T,,_T,,2010,,218,,A,,0,,1,
DATAFLOW,OECD.ITF:DSD_TRENDS@DF_TRENDSSAFETY(1.0),,I,LVA,,A,,FATALITIES,,PS,,ROAD,,_T,,_T,,2011,,179,,A,,0,,1,
DATAFLOW,OECD.ITF:DSD_TRENDS@DF_TRENDSSAFETY(1.0),,I,LVA,,A,,FATALITIES,,PS,,ROAD,,_T,,_T,,2012,,177,,A,,0,,1,
DATAFLOW,OECD.ITF:DSD_TRENDS@DF_TRENDSSAFETY(1.0),,I,LVA,,A,,FATALITIES,,PS,,ROAD,,_T,,_T,,2013,,179,,A,,0,,1,
DATAFLOW,OECD.ITF:DSD_TRENDS@DF_TRENDSSAFETY(1.0),,I,LVA,,A,,FATALITIES,,PS,,ROAD,,_T,,_T,,2014,,212,,A,,0,,1,
DATAFLOW,OECD.ITF:DSD_TRENDS@DF_TRENDSSAFETY(1.0),,I,LVA,,A,,FATALITIES,,PS,,ROAD,,_T,,_T,,2015,,188,,A,,0,,1,
DATAFLOW,OECD.ITF:DSD_TRENDS@DF_TRENDSSAFETY(1.0),,I,LVA,,A,,FATALITIES,,PS,,ROAD,,_T,,_T,,2016,,158,,A,,0,,1,
DATAFLOW,OECD.ITF:DSD_TRENDS@DF_TRENDSSAFETY(1.0),,I,LVA,,A,,FATALITIES,,PS,,ROAD,,_T,,_T,,2017,,136,,A,,0,,1,
DATAFLOW,OECD.ITF:DSD_TRENDS@DF_TRENDSSAFETY(1.0),,I,LVA,,A,,FATALITIES,,PS,,ROAD,,_T,,_T,,2018,,151,,A,,0,,1,
DATAFLOW,OECD.ITF:DSD_TRENDS@DF_TRENDSSAFETY(1.0),,I,LVA,,A,,FATALITIES,,PS,,ROAD,,_T,,_T,,2019,,135,,A,,0,,1,
DATAFLOW,OECD.ITF:DSD_TRENDS@DF_TRENDSSAFETY(1.0),,I,LVA,,A,,FATALITIES,,PS,,ROAD,,_T,,_T,,2020,,141,,A,,0,,1,
DATAFLOW,OECD.ITF:DSD_TRENDS@DF_TRENDSSAFETY(1.0),,I,LVA,,A,,FATALITIES,,PS,,ROAD,,_T,,_T,,2021,,146,,A,,0,,1,
DATAFLOW,OECD.ITF:DSD_TRENDS@DF_TRENDSSAFETY(1.0),,I,LVA,,A,,FATALITIES,,PS,,ROAD,,_T,,_T,,2022,,113,,A,,0,,1,
DATAFLOW,OECD.ITF:DSD_TRENDS@DF_TRENDSSAFETY(1.0),,I,LVA,,A,,FATALITIES,,PS,,ROAD,,_T,,_T,,2023,,138,,A,,0,,1,
DATAFLOW,OECD.ITF:DSD_TRENDS@DF_TRENDSSAFETY(1.0),,I,LVA,,A,,FATALITIES,,PS,,ROAD,,_T,,_T,,2024,,111,,A,,0,,1,
DATAFLOW,OECD.ITF:DSD_TRENDS@DF_TRENDSSAFETY(1.0),,I,LTU,,A,,FATALITIES,,PS,,ROAD,,_T,,_T,,1970,,667,,A,,0,,1,
DATAFLOW,OECD.ITF:DSD_TRENDS@DF_TRENDSSAFETY(1.0),,I,LTU,,A,,FATALITIES,,PS,,ROAD,,_T,,_T,,1971,,761,,A,,0,,1,
DATAFLOW,OECD.ITF:DSD_TRENDS@DF_TRENDSSAFETY(1.0),,I,LTU,,A,,FATALITIES,,PS,,ROAD,,_T,,_T,,1972,,738,,A,,0,,1,
DATAFLOW,OECD.ITF:DSD_TRENDS@DF_TRENDSSAFETY(1.0),,I,LTU,,A,,FATALITIES,,PS,,ROAD,,_T,,_T,,1973,,686,,A,,0,,1,
DATAFLOW,OECD.ITF:DSD_TRENDS@DF_TRENDSSAFETY(1.0),,I,LTU,,A,,FATALITIES,,PS,,ROAD,,_T,,_T,,1974,,780,,A,,0,,1,
DATAFLOW,OECD.ITF:DSD_TRENDS@DF_TRENDSSAFETY(1.0),,I,LTU,,A,,FATALITIES,,PS,,ROAD,,_T,,_T,,1975,,899,,A,,0,,1,
DATAFLOW,OECD.ITF:DSD_TRENDS@DF_TRENDSSAFETY(1.0),,I,LTU,,A,,FATALITIES,,PS,,ROAD,,_T,,_T,,1976,,831,,A,,0,,1,
DATAFLOW,OECD.ITF:DSD_TRENDS@DF_TRENDSSAFETY(1.0),,I,LTU,,A,,FATALITIES,,PS,,ROAD,,_T,,_T,,1977,,789,,A,,0,,1,
DATAFLOW,OECD.ITF:DSD_TRENDS@DF_TRENDSSAFETY(1.0),,I,LTU,,A,,FATALITIES,,PS,,ROAD,,_T,,_T,,1978,,803,,A,,0,,1,
DATAFLOW,OECD.ITF:DSD_TRENDS@DF_TRENDSSAFETY(1.0),,I,LTU,,A,,FATALITIES,,PS,,ROAD,,_T,,_T,,1979,,799,,A,,0,,1,
DATAFLOW,OECD.ITF:DSD_TRENDS@DF_TRENDSSAFETY(1.0),,I,LTU,,A,,FATALITIES,,PS,,ROAD,,_T,,_T,,1980,,779,,A,,0,,1,
DATAFLOW,OECD.ITF:DSD_TRENDS@DF_TRENDSSAFETY(1.0),,I,LTU,,A,,FATALITIES,,PS,,ROAD,,_T,,_T,,1981,,743,,A,,0,,1,
DATAFLOW,OECD.ITF:DSD_TRENDS@DF_TRENDSSAFETY(1.0),,I,LTU,,A,,FATALITIES,,PS,,ROAD,,_T,,_T,,1982,,818,,A,,0,,1,
DATAFLOW,OECD.ITF:DSD_TRENDS@DF_TRENDSSAFETY(1.0),,I,LTU,,A,,FATALITIES,,PS,,ROAD,,_T,,_T,,1983,,784,,A,,0,,1,
DATAFLOW,OECD.ITF:DSD_TRENDS@DF_TRENDSSAFETY(1.0),,I,LTU,,A,,FATALITIES,,PS,,ROAD,,_T,,_T,,1984,,712,,A,,0,,1,
DATAFLOW,OECD.ITF:DSD_TRENDS@DF_TRENDSSAFETY(1.0),,I,LTU,,A,,FATALITIES,,PS,,ROAD,,_T,,_T,,1985,,649,,A,,0,,1,
DATAFLOW,OECD.ITF:DSD_TRENDS@DF_TRENDSSAFETY(1.0),,I,LTU,,A,,FATALITIES,,PS,,ROAD,,_T,,_T,,1986,,617,,A,,0,,1,
DATAFLOW,OECD.ITF:DSD_TRENDS@DF_TRENDSSAFETY(1.0),,I,LTU,,A,,FATALITIES,,PS,,ROAD,,_T,,_T,,1987,,623,,A,,0,,1,
DATAFLOW,OECD.ITF:DSD_TRENDS@DF_TRENDSSAFETY(1.0),,I,LTU,,A,,FATALITIES,,PS,,ROAD,,_T,,_T,,1988,,765,,A,,0,,1,
DATAFLOW,OECD.ITF:DSD_TRENDS@DF_TRENDSSAFETY(1.0),,I,LTU,,A,,FATALITIES,,PS,,ROAD,,_T,,_T,,1989,,942,,A,,0,,1,
DATAFLOW,OECD.ITF:DSD_TRENDS@DF_TRENDSSAFETY(1.0),,I,LTU,,A,,FATALITIES,,PS,,ROAD,,_T,,_T,,1990,,933,,A,,0,,1,
DATAFLOW,OECD.ITF:DSD_TRENDS@DF_TRENDSSAFETY(1.0),,I,LTU,,A,,FATALITIES,,PS,,ROAD,,_T,,_T,,1991,,1093,,A,,0,,1,
DATAFLOW,OECD.ITF:DSD_TRENDS@DF_TRENDSSAFETY(1.0),,I,LTU,,A,,FATALITIES,,PS,,ROAD,,_T,,_T,,1992,,779,,A,,0,,1,
DATAFLOW,OECD.ITF:DSD_TRENDS@DF_TRENDSSAFETY(1.0),,I,LTU,,A,,FATALITIES,,PS,,ROAD,,_T,,_T,,1993,,892,,A,,0,,1,
DATAFLOW,OECD.ITF:DSD_TRENDS@DF_TRENDSSAFETY(1.0),,I,LTU,,A,,FATALITIES,,PS,,ROAD,,_T,,_T,,1994,,765,,A,,0,,1,
DATAFLOW,OECD.ITF:DSD_TRENDS@DF_TRENDSSAFETY(1.0),,I,LTU,,A,,FATALITIES,,PS,,ROAD,,_T,,_T,,1995,,671,,A,,0,,1,
DATAFLOW,OECD.ITF:DSD_TRENDS@DF_TRENDSSAFETY(1.0),,I,LTU,,A,,FATALITIES,,PS,,ROAD,,_T,,_T,,1996,,667,,A,,0,,1,
DATAFLOW,OECD.ITF:DSD_TRENDS@DF_TRENDSSAFETY(1.0),,I,LTU,,A,,FATALITIES,,PS,,ROAD,,_T,,_T,,1997,,726,,A,,0,,1,
DATAFLOW,OECD.ITF:DSD_TRENDS@DF_TRENDSSAFETY(1.0),,I,LTU,,A,,FATALITIES,,PS,,ROAD,,_T,,_T,,1998,,829,,A,,0,,1,
DATAFLOW,OECD.ITF:DSD_TRENDS@DF_TRENDSSAFETY(1.0),,I,LTU,,A,,FATALITIES,,PS,,ROAD,,_T,,_T,,1999,,748,,A,,0,,1,
DATAFLOW,OECD.ITF:DSD_TRENDS@DF_TRENDSSAFETY(1.0),,I,LTU,,A,,FATALITIES,,PS,,ROAD,,_T,,_T,,2000,,641,,A,,0,,1,
DATAFLOW,OECD.ITF:DSD_TRENDS@DF_TRENDSSAFETY(1.0),,I,LTU,,A,,FATALITIES,,PS,,ROAD,,_T,,_T,,2001,,706,,A,,0,,1,
DATAFLOW,OECD.ITF:DSD_TRENDS@DF_TRENDSSAFETY(1.0),,I,LTU,,A,,FATALITIES,,PS,,ROAD,,_T,,_T,,2002,,697,,A,,0,,1,
DATAFLOW,OECD.ITF:DSD_TRENDS@DF_TRENDSSAFETY(1.0),,I,LTU,,A,,FATALITIES,,PS,,ROAD,,_T,,_T,,2003,,709,,A,,0,,1,
DATAFLOW,OECD.ITF:DSD_TRENDS@DF_TRENDSSAFETY(1.0),,I,LTU,,A,,FATALITIES,,PS,,ROAD,,_T,,_T,,2004,,752,,A,,0,,1,
DATAFLOW,OECD.ITF:DSD_TRENDS@DF_TRENDSSAFETY(1.0),,I,LTU,,A,,FATALITIES,,PS,,ROAD,,_T,,_T,,2005,,773,,A,,0,,1,
DATAFLOW,OECD.ITF:DSD_TRENDS@DF_TRENDSSAFETY(1.0),,I,LTU,,A,,FATALITIES,,PS,,ROAD,,_T,,_T,,2006,,760,,A,,0,,1,
DATAFLOW,OECD.ITF:DSD_TRENDS@DF_TRENDSSAFETY(1.0),,I,LTU,,A,,FATALITIES,,PS,,ROAD,,_T,,_T,,2007,,740,,A,,0,,1,
DATAFLOW,OECD.ITF:DSD_TRENDS@DF_TRENDSSAFETY(1.0),,I,LTU,,A,,FATALITIES,,PS,,ROAD,,_T,,_T,,2008,,499,,A,,0,,1,
DATAFLOW,OECD.ITF:DSD_TRENDS@DF_TRENDSSAFETY(1.0),,I,LTU,,A,,FATALITIES,,PS,,ROAD,,_T,,_T,,2009,,370,,A,,0,,1,
DATAFLOW,OECD.ITF:DSD_TRENDS@DF_TRENDSSAFETY(1.0),,I,LTU,,A,,FATALITIES,,PS,,ROAD,,_T,,_T,,2010,,299,,A,,0,,1,
DATAFLOW,OECD.ITF:DSD_TRENDS@DF_TRENDSSAFETY(1.0),,I,LTU,,A,,FATALITIES,,PS,,ROAD,,_T,,_T,,2011,,296,,A,,0,,1,
DATAFLOW,OECD.ITF:DSD_TRENDS@DF_TRENDSSAFETY(1.0),,I,LTU,,A,,FATALITIES,,PS,,ROAD,,_T,,_T,,2012,,302,,A,,0,,1,
DATAFLOW,OECD.ITF:DSD_TRENDS@DF_TRENDSSAFETY(1.0),,I,LTU,,A,,FATALITIES,,PS,,ROAD,,_T,,_T,,2013,,256,,A,,0,,1,
DATAFLOW,OECD.ITF:DSD_TRENDS@DF_TRENDSSAFETY(1.0),,I,LTU,,A,,FATALITIES,,PS,,ROAD,,_T,,_T,,2014,,267,,A,,0,,1,
DATAFLOW,OECD.ITF:DSD_TRENDS@DF_TRENDSSAFETY(1.0),,I,LTU,,A,,FATALITIES,,PS,,ROAD,,_T,,_T,,2015,,242,,A,,0,,1,
DATAFLOW,OECD.ITF:DSD_TRENDS@DF_TRENDSSAFETY(1.0),,I,LTU,,A,,FATALITIES,,PS,,ROAD,,_T,,_T,,2016,,192,,A,,0,,1,
DATAFLOW,OECD.ITF:DSD_TRENDS@DF_TRENDSSAFETY(1.0),,I,LTU,,A,,FATALITIES,,PS,,ROAD,,_T,,_T,,2017,,191,,A,,0,,1,
DATAFLOW,OECD.ITF:DSD_TRENDS@DF_TRENDSSAFETY(1.0),,I,LTU,,A,,FATALITIES,,PS,,ROAD,,_T,,_T,,2018,,173,,A,,0,,1,
DATAFLOW,OECD.ITF:DSD_TRENDS@DF_TRENDSSAFETY(1.0),,I,LTU,,A,,FATALITIES,,PS,,ROAD,,_T,,_T,,2019,,186,,A,,0,,1,
DATAFLOW,OECD.ITF:DSD_TRENDS@DF_TRENDSSAFETY(1.0),,I,LTU,,A,,FATALITIES,,PS,,ROAD,,_T,,_T,,2020,,176,,A,,0,,1,
DATAFLOW,OECD.ITF:DSD_TRENDS@DF_TRENDSSAFETY(1.0),,I,LTU,,A,,FATALITIES,,PS,,ROAD,,_T,,_T,,2021,,147,,A,,0,,1,
DATAFLOW,OECD.ITF:DSD_TRENDS@DF_TRENDSSAFETY(1.0),,I,LTU,,A,,FATALITIES,,PS,,ROAD,,_T,,_T,,2022,,122,,A,,0,,1,
DATAFLOW,OECD.ITF:DSD_TRENDS@DF_TRENDSSAFETY(1.0),,I,LTU,,A,,FATALITIES,,PS,,ROAD,,_T,,_T,,2023,,160,,A,,0,,1,
DATAFLOW,OECD.ITF:DSD_TRENDS@DF_TRENDSSAFETY(1.0),,I,LTU,,A,,FATALITIES,,PS,,ROAD,,_T,,_T,,2024,,123,,A,,0,,1,
DATAFLOW,OECD.ITF:DSD_TRENDS@DF_TRENDSSAFETY(1.0),,I,LUX,,A,,FATALITIES,,PS,,ROAD,,_T,,_T,,1970,,132,,A,,0,,1,
DATAFLOW,OECD.ITF:DSD_TRENDS@DF_TRENDSSAFETY(1.0),,I,LUX,,A,,FATALITIES,,PS,,ROAD,,_T,,_T,,1971,,86,,A,,0,,1,
DATAFLOW,OECD.ITF:DSD_TRENDS@DF_TRENDSSAFETY(1.0),,I,LUX,,A,,FATALITIES,,PS,,ROAD,,_T,,_T,,1972,,107,,A,,0,,1,
DATAFLOW,OECD.ITF:DSD_TRENDS@DF_TRENDSSAFETY(1.0),,I,LUX,,A,,FATALITIES,,PS,,ROAD,,_T,,_T,,1973,,108,,A,,0,,1,
DATAFLOW,OECD.ITF:DSD_TRENDS@DF_TRENDSSAFETY(1.0),,I,LUX,,A,,FATALITIES,,PS,,ROAD,,_T,,_T,,1974,,127,,A,,0,,1,
DATAFLOW,OECD.ITF:DSD_TRENDS@DF_TRENDSSAFETY(1.0),,I,LUX,,A,,FATALITIES,,PS,,ROAD,,_T,,_T,,1975,,124,,A,,0,,1,
DATAFLOW,OECD.ITF:DSD_TRENDS@DF_TRENDSSAFETY(1.0),,I,LUX,,A,,FATALITIES,,PS,,ROAD,,_T,,_T,,1976,,100,,A,,0,,1,
DATAFLOW,OECD.ITF:DSD_TRENDS@DF_TRENDSSAFETY(1.0),,I,LUX,,A,,FATALITIES,,PS,,ROAD,,_T,,_T,,1977,,110,,A,,0,,1,
DATAFLOW,OECD.ITF:DSD_TRENDS@DF_TRENDSSAFETY(1.0),,I,LUX,,A,,FATALITIES,,PS,,ROAD,,_T,,_T,,1978,,102,,A,,0,,1,
DATAFLOW,OECD.ITF:DSD_TRENDS@DF_TRENDSSAFETY(1.0),,I,LUX,,A,,FATALITIES,,PS,,ROAD,,_T,,_T,,1979,,90,,A,,0,,1,
DATAFLOW,OECD.ITF:DSD_TRENDS@DF_TRENDSSAFETY(1.0),,I,LUX,,A,,FATALITIES,,PS,,ROAD,,_T,,_T,,1980,,98,,A,,0,,1,
DATAFLOW,OECD.ITF:DSD_TRENDS@DF_TRENDSSAFETY(1.0),,I,LUX,,A,,FATALITIES,,PS,,ROAD,,_T,,_T,,1981,,100,,A,,0,,1,
DATAFLOW,OECD.ITF:DSD_TRENDS@DF_TRENDSSAFETY(1.0),,I,LUX,,A,,FATALITIES,,PS,,ROAD,,_T,,_T,,1982,,75,,A,,0,,1,
DATAFLOW,OECD.ITF:DSD_TRENDS@DF_TRENDSSAFETY(1.0),,I,LUX,,A,,FATALITIES,,PS,,ROAD,,_T,,_T,,1983,,85,,A,,0,,1,
DATAFLOW,OECD.ITF:DSD_TRENDS@DF_TRENDSSAFETY(1.0),,I,LUX,,A,,FATALITIES,,PS,,ROAD,,_T,,_T,,1984,,70,,A,,0,,1,
DATAFLOW,OECD.ITF:DSD_TRENDS@DF_TRENDSSAFETY(1.0),,I,LUX,,A,,FATALITIES,,PS,,ROAD,,_T,,_T,,1985,,79,,A,,0,,1,
DATAFLOW,OECD.ITF:DSD_TRENDS@DF_TRENDSSAFETY(1.0),,I,LUX,,A,,FATALITIES,,PS,,ROAD,,_T,,_T,,1986,,79,,A,,0,,1,
DATAFLOW,OECD.ITF:DSD_TRENDS@DF_TRENDSSAFETY(1.0),,I,LUX,,A,,FATALITIES,,PS,,ROAD,,_T,,_T,,1987,,68,,A,,0,,1,
DATAFLOW,OECD.ITF:DSD_TRENDS@DF_TRENDSSAFETY(1.0),,I,LUX,,A,,FATALITIES,,PS,,ROAD,,_T,,_T,,1988,,84,,A,,0,,1,
DATAFLOW,OECD.ITF:DSD_TRENDS@DF_TRENDSSAFETY(1.0),,I,LUX,,A,,FATALITIES,,PS,,ROAD,,_T,,_T,,1989,,67,,A,,0,,1,
DATAFLOW,OECD.ITF:DSD_TRENDS@DF_TRENDSSAFETY(1.0),,I,LUX,,A,,FATALITIES,,PS,,ROAD,,_T,,_T,,1990,,71,,A,,0,,1,
DATAFLOW,OECD.ITF:DSD_TRENDS@DF_TRENDSSAFETY(1.0),,I,LUX,,A,,FATALITIES,,PS,,ROAD,,_T,,_T,,1991,,83,,A,,0,,1,
DATAFLOW,OECD.ITF:DSD_TRENDS@DF_TRENDSSAFETY(1.0),,I,LUX,,A,,FATALITIES,,PS,,ROAD,,_T,,_T,,1992,,69,,A,,0,,1,
DATAFLOW,OECD.ITF:DSD_TRENDS@DF_TRENDSSAFETY(1.0),,I,LUX,,A,,FATALITIES,,PS,,ROAD,,_T,,_T,,1993,,78,,A,,0,,1,
DATAFLOW,OECD.ITF:DSD_TRENDS@DF_TRENDSSAFETY(1.0),,I,LUX,,A,,FATALITIES,,PS,,ROAD,,_T,,_T,,1994,,66,,A,,0,,1,
DATAFLOW,OECD.ITF:DSD_TRENDS@DF_TRENDSSAFETY(1.0),,I,LUX,,A,,FATALITIES,,PS,,ROAD,,_T,,_T,,1995,,70,,A,,0,,1,
DATAFLOW,OECD.ITF:DSD_TRENDS@DF_TRENDSSAFETY(1.0),,I,LUX,,A,,FATALITIES,,PS,,ROAD,,_T,,_T,,1996,,71,,A,,0,,1,
DATAFLOW,OECD.ITF:DSD_TRENDS@DF_TRENDSSAFETY(1.0),,I,LUX,,A,,FATALITIES,,PS,,ROAD,,_T,,_T,,1997,,60,,A,,0,,1,
DATAFLOW,OECD.ITF:DSD_TRENDS@DF_TRENDSSAFETY(1.0),,I,LUX,,A,,FATALITIES,,PS,,ROAD,,_T,,_T,,1998,,57,,A,,0,,1,
DATAFLOW,OECD.ITF:DSD_TRENDS@DF_TRENDSSAFETY(1.0),,I,LUX,,A,,FATALITIES,,PS,,ROAD,,_T,,_T,,1999,,58,,A,,0,,1,
DATAFLOW,OECD.ITF:DSD_TRENDS@DF_TRENDSSAFETY(1.0),,I,LUX,,A,,FATALITIES,,PS,,ROAD,,_T,,_T,,2000,,76,,A,,0,,1,
DATAFLOW,OECD.ITF:DSD_TRENDS@DF_TRENDSSAFETY(1.0),,I,LUX,,A,,FATALITIES,,PS,,ROAD,,_T,,_T,,2001,,70,,A,,0,,1,
DATAFLOW,OECD.ITF:DSD_TRENDS@DF_TRENDSSAFETY(1.0),,I,LUX,,A,,FATALITIES,,PS,,ROAD,,_T,,_T,,2002,,62,,A,,0,,1,
DATAFLOW,OECD.ITF:DSD_TRENDS@DF_TRENDSSAFETY(1.0),,I,LUX,,A,,FATALITIES,,PS,,ROAD,,_T,,_T,,2003,,53,,A,,0,,1,
DATAFLOW,OECD.ITF:DSD_TRENDS@DF_TRENDSSAFETY(1.0),,I,LUX,,A,,FATALITIES,,PS,,ROAD,,_T,,_T,,2004,,50,,A,,0,,1,
DATAFLOW,OECD.ITF:DSD_TRENDS@DF_TRENDSSAFETY(1.0),,I,LUX,,A,,FATALITIES,,PS,,ROAD,,_T,,_T,,2005,,47,,A,,0,,1,
DATAFLOW,OECD.ITF:DSD_TRENDS@DF_TRENDSSAFETY(1.0),,I,LUX,,A,,FATALITIES,,PS,,ROAD,,_T,,_T,,2006,,43,,A,,0,,1,
DATAFLOW,OECD.ITF:DSD_TRENDS@DF_TRENDSSAFETY(1.0),,I,LUX,,A,,FATALITIES,,PS,,ROAD,,_T,,_T,,2007,,45,,A,,0,,1,
DATAFLOW,OECD.ITF:DSD_TRENDS@DF_TRENDSSAFETY(1.0),,I,LUX,,A,,FATALITIES,,PS,,ROAD,,_T,,_T,,2008,,35,,A,,0,,1,
DATAFLOW,OECD.ITF:DSD_TRENDS@DF_TRENDSSAFETY(1.0),,I,LUX,,A,,FATALITIES,,PS,,ROAD,,_T,,_T,,2009,,48,,A,,0,,1,
DATAFLOW,OECD.ITF:DSD_TRENDS@DF_TRENDSSAFETY(1.0),,I,LUX,,A,,FATALITIES,,PS,,ROAD,,_T,,_T,,2010,,32,,A,,0,,1,
DATAFLOW,OECD.ITF:DSD_TRENDS@DF_TRENDSSAFETY(1.0),,I,LUX,,A,,FATALITIES,,PS,,ROAD,,_T,,_T,,2011,,33,,A,,0,,1,
DATAFLOW,OECD.ITF:DSD_TRENDS@DF_TRENDSSAFETY(1.0),,I,LUX,,A,,FATALITIES,,PS,,ROAD,,_T,,_T,,2012,,34,,A,,0,,1,
DATAFLOW,OECD.ITF:DSD_TRENDS@DF_TRENDSSAFETY(1.0),,I,LUX,,A,,FATALITIES,,PS,,ROAD,,_T,,_T,,2013,,45,,A,,0,,1,
DATAFLOW,OECD.ITF:DSD_TRENDS@DF_TRENDSSAFETY(1.0),,I,LUX,,A,,FATALITIES,,PS,,ROAD,,_T,,_T,,2014,,35,,A,,0,,1,
DATAFLOW,OECD.ITF:DSD_TRENDS@DF_TRENDSSAFETY(1.0),,I,LUX,,A,,FATALITIES,,PS,,ROAD,,_T,,_T,,2015,,36,,A,,0,,1,
DATAFLOW,OECD.ITF:DSD_TRENDS@DF_TRENDSSAFETY(1.0),,I,LUX,,A,,FATALITIES,,PS,,ROAD,,_T,,_T,,2016,,32,,A,,0,,1,
DATAFLOW,OECD.ITF:DSD_TRENDS@DF_TRENDSSAFETY(1.0),,I,LUX,,A,,FATALITIES,,PS,,ROAD,,_T,,_T,,2017,,35,,A,,0,,1,
DATAFLOW,OECD.ITF:DSD_TRENDS@DF_TRENDSSAFETY(1.0),,I,LUX,,A,,FATALITIES,,PS,,ROAD,,_T,,_T,,2018,,36,,A,,0,,1,
DATAFLOW,OECD.ITF:DSD_TRENDS@DF_TRENDSSAFETY(1.0),,I,LUX,,A,,FATALITIES,,PS,,ROAD,,_T,,_T,,2019,,22,,A,,0,,1,
DATAFLOW,OECD.ITF:DSD_TRENDS@DF_TRENDSSAFETY(1.0),,I,LUX,,A,,FATALITIES,,PS,,ROAD,,_T,,_T,,2020,,26,,A,,0,,1,
DATAFLOW,OECD.ITF:DSD_TRENDS@DF_TRENDSSAFETY(1.0),,I,LUX,,A,,FATALITIES,,PS,,ROAD,,_T,,_T,,2021,,24,,A,,0,,1,
DATAFLOW,OECD.ITF:DSD_TRENDS@DF_TRENDSSAFETY(1.0),,I,MEX,,A,,FATALITIES,,PS,,ROAD,,_T,,_T,,1970,,2598,,A,,0,,1,
DATAFLOW,OECD.ITF:DSD_TRENDS@DF_TRENDSSAFETY(1.0),,I,MEX,,A,,FATALITIES,,PS,,ROAD,,_T,,_T,,1971,,2806,,A,,0,,1,
DATAFLOW,OECD.ITF:DSD_TRENDS@DF_TRENDSSAFETY(1.0),,I,MEX,,A,,FATALITIES,,PS,,ROAD,,_T,,_T,,1972,,3076,,A,,0,,1,
DATAFLOW,OECD.ITF:DSD_TRENDS@DF_TRENDSSAFETY(1.0),,I,MEX,,A,,FATALITIES,,PS,,ROAD,,_T,,_T,,1973,,3979,,A,,0,,1,
DATAFLOW,OECD.ITF:DSD_TRENDS@DF_TRENDSSAFETY(1.0),,I,MEX,,A,,FATALITIES,,PS,,ROAD,,_T,,_T,,1974,,3603,,A,,0,,1,
DATAFLOW,OECD.ITF:DSD_TRENDS@DF_TRENDSSAFETY(1.0),,I,MEX,,A,,FATALITIES,,PS,,ROAD,,_T,,_T,,1975,,3711,,A,,0,,1,
DATAFLOW,OECD.ITF:DSD_TRENDS@DF_TRENDSSAFETY(1.0),,I,MEX,,A,,FATALITIES,,PS,,ROAD,,_T,,_T,,1976,,3811,,A,,0,,1,
DATAFLOW,OECD.ITF:DSD_TRENDS@DF_TRENDSSAFETY(1.0),,I,MEX,,A,,FATALITIES,,PS,,ROAD,,_T,,_T,,1977,,4264,,A,,0,,1,
DATAFLOW,OECD.ITF:DSD_TRENDS@DF_TRENDSSAFETY(1.0),,I,MEX,,A,,FATALITIES,,PS,,ROAD,,_T,,_T,,1978,,4556,,A,,0,,1,
DATAFLOW,OECD.ITF:DSD_TRENDS@DF_TRENDSSAFETY(1.0),,I,MEX,,A,,FATALITIES,,PS,,ROAD,,_T,,_T,,1979,,5238,,A,,0,,1,
DATAFLOW,OECD.ITF:DSD_TRENDS@DF_TRENDSSAFETY(1.0),,I,MEX,,A,,FATALITIES,,PS,,ROAD,,_T,,_T,,1980,,6172,,A,,0,,1,
DATAFLOW,OECD.ITF:DSD_TRENDS@DF_TRENDSSAFETY(1.0),,I,MEX,,A,,FATALITIES,,PS,,ROAD,,_T,,_T,,1981,,5717,,A,,0,,1,
DATAFLOW,OECD.ITF:DSD_TRENDS@DF_TRENDSSAFETY(1.0),,I,MEX,,A,,FATALITIES,,PS,,ROAD,,_T,,_T,,1982,,5085,,A,,0,,1,
DATAFLOW,OECD.ITF:DSD_TRENDS@DF_TRENDSSAFETY(1.0),,I,MEX,,A,,FATALITIES,,PS,,ROAD,,_T,,_T,,1983,,4276,,A,,0,,1,
DATAFLOW,OECD.ITF:DSD_TRENDS@DF_TRENDSSAFETY(1.0),,I,MEX,,A,,FATALITIES,,PS,,ROAD,,_T,,_T,,1984,,4345,,A,,0,,1,
DATAFLOW,OECD.ITF:DSD_TRENDS@DF_TRENDSSAFETY(1.0),,I,MEX,,A,,FATALITIES,,PS,,ROAD,,_T,,_T,,1985,,4627,,A,,0,,1,
DATAFLOW,OECD.ITF:DSD_TRENDS@DF_TRENDSSAFETY(1.0),,I,MEX,,A,,FATALITIES,,PS,,ROAD,,_T,,_T,,1986,,3342,,A,,0,,1,
DATAFLOW,OECD.ITF:DSD_TRENDS@DF_TRENDSSAFETY(1.0),,I,MEX,,A,,FATALITIES,,PS,,ROAD,,_T,,_T,,1987,,4695,,A,,0,,1,
DATAFLOW,OECD.ITF:DSD_TRENDS@DF_TRENDSSAFETY(1.0),,I,MEX,,A,,FATALITIES,,PS,,ROAD,,_T,,_T,,1988,,4863,,A,,0,,1,
DATAFLOW,OECD.ITF:DSD_TRENDS@DF_TRENDSSAFETY(1.0),,I,MEX,,A,,FATALITIES,,PS,,ROAD,,_T,,_T,,1989,,5139,,A,,0,,1,
DATAFLOW,OECD.ITF:DSD_TRENDS@DF_TRENDSSAFETY(1.0),,I,MEX,,A,,FATALITIES,,PS,,ROAD,,_T,,_T,,1990,,5469,,A,,0,,1,
DATAFLOW,OECD.ITF:DSD_TRENDS@DF_TRENDSSAFETY(1.0),,I,MEX,,A,,FATALITIES,,PS,,ROAD,,_T,,_T,,1991,,5734,,A,,0,,1,
DATAFLOW,OECD.ITF:DSD_TRENDS@DF_TRENDSSAFETY(1.0),,I,MEX,,A,,FATALITIES,,PS,,ROAD,,_T,,_T,,1992,,5481,,A,,0,,1,
DATAFLOW,OECD.ITF:DSD_TRENDS@DF_TRENDSSAFETY(1.0),,I,MEX,,A,,FATALITIES,,PS,,ROAD,,_T,,_T,,1993,,5252,,A,,0,,1,
DATAFLOW,OECD.ITF:DSD_TRENDS@DF_TRENDSSAFETY(1.0),,I,MEX,,A,,FATALITIES,,PS,,ROAD,,_T,,_T,,1994,,5115,,A,,0,,1,
DATAFLOW,OECD.ITF:DSD_TRENDS@DF_TRENDSSAFETY(1.0),,I,MEX,,A,,FATALITIES,,PS,,ROAD,,_T,,_T,,1995,,4678,,A,,0,,1,
DATAFLOW,OECD.ITF:DSD_TRENDS@DF_TRENDSSAFETY(1.0),,I,MEX,,A,,FATALITIES,,PS,,ROAD,,_T,,_T,,1996,,4810,,A,,0,,1,
DATAFLOW,OECD.ITF:DSD_TRENDS@DF_TRENDSSAFETY(1.0),,I,MEX,,A,,FATALITIES,,PS,,ROAD,,_T,,_T,,1997,,4975,,A,,0,,1,
DATAFLOW,OECD.ITF:DSD_TRENDS@DF_TRENDSSAFETY(1.0),,I,MEX,,A,,FATALITIES,,PS,,ROAD,,_T,,_T,,1998,,5064,,A,,0,,1,
DATAFLOW,OECD.ITF:DSD_TRENDS@DF_TRENDSSAFETY(1.0),,I,MEX,,A,,FATALITIES,,PS,,ROAD,,_T,,_T,,1999,,5106,,A,,0,,1,
DATAFLOW,OECD.ITF:DSD_TRENDS@DF_TRENDSSAFETY(1.0),,I,MEX,,A,,FATALITIES,,PS,,ROAD,,_T,,_T,,2000,,5224,,A,,0,,1,
DATAFLOW,OECD.ITF:DSD_TRENDS@DF_TRENDSSAFETY(1.0),,I,MEX,,A,,FATALITIES,,PS,,ROAD,,_T,,_T,,2001,,5147,,A,,0,,1,
DATAFLOW,OECD.ITF:DSD_TRENDS@DF_TRENDSSAFETY(1.0),,I,MEX,,A,,FATALITIES,,PS,,ROAD,,_T,,_T,,2002,,4864,,A,,0,,1,
DATAFLOW,OECD.ITF:DSD_TRENDS@DF_TRENDSSAFETY(1.0),,I,MEX,,A,,FATALITIES,,PS,,ROAD,,_T,,_T,,2003,,4650,,A,,0,,1,
DATAFLOW,OECD.ITF:DSD_TRENDS@DF_TRENDSSAFETY(1.0),,I,MEX,,A,,FATALITIES,,PS,,ROAD,,_T,,_T,,2004,,4603,,A,,0,,1,
DATAFLOW,OECD.ITF:DSD_TRENDS@DF_TRENDSSAFETY(1.0),,I,MEX,,A,,FATALITIES,,PS,,ROAD,,_T,,_T,,2005,,4710,,A,,0,,1,
DATAFLOW,OECD.ITF:DSD_TRENDS@DF_TRENDSSAFETY(1.0),,I,MEX,,A,,FATALITIES,,PS,,ROAD,,_T,,_T,,2006,,5014,,A,,0,,1,
DATAFLOW,OECD.ITF:DSD_TRENDS@DF_TRENDSSAFETY(1.0),,I,MEX,,A,,FATALITIES,,PS,,ROAD,,_T,,_T,,2007,,5398,,A,,0,,1,
DATAFLOW,OECD.ITF:DSD_TRENDS@DF_TRENDSSAFETY(1.0),,I,MEX,,A,,FATALITIES,,PS,,ROAD,,_T,,_T,,2008,,5379,,A,,0,,1,
DATAFLOW,OECD.ITF:DSD_TRENDS@DF_TRENDSSAFETY(1.0),,I,MEX,,A,,FATALITIES,,PS,,ROAD,,_T,,_T,,2009,,4869,,A,,0,,1,
DATAFLOW,OECD.ITF:DSD_TRENDS@DF_TRENDSSAFETY(1.0),,I,MEX,,A,,FATALITIES,,PS,,ROAD,,_T,,_T,,2011,,4398,,A,,0,,1,
DATAFLOW,OECD.ITF:DSD_TRENDS@DF_TRENDSSAFETY(1.0),,I,MEX,,A,,FATALITIES,,PS,,ROAD,,_T,,_T,,2012,,4548,,A,,0,,1,
DATAFLOW,OECD.ITF:DSD_TRENDS@DF_TRENDSSAFETY(1.0),,I,MEX,,A,,FATALITIES,,PS,,ROAD,,_T,,_T,,2013,,3899,,A,,0,,1,
DATAFLOW,OECD.ITF:DSD_TRENDS@DF_TRENDSSAFETY(1.0),,I,MEX,,A,,FATALITIES,,PS,,ROAD,,_T,,_T,,2014,,3784,,A,,0,,1,
DATAFLOW,OECD.ITF:DSD_TRENDS@DF_TRENDSSAFETY(1.0),,I,MEX,,A,,FATALITIES,,PS,,ROAD,,_T,,_T,,2015,,3547,,A,,0,,1,
DATAFLOW,OECD.ITF:DSD_TRENDS@DF_TRENDSSAFETY(1.0),,I,MEX,,A,,FATALITIES,,PS,,ROAD,,_T,,_T,,2016,,3376,,A,,0,,1,
DATAFLOW,OECD.ITF:DSD_TRENDS@DF_TRENDSSAFETY(1.0),,I,MEX,,A,,FATALITIES,,PS,,ROAD,,_T,,_T,,2017,,2921,,A,,0,,1,
DATAFLOW,OECD.ITF:DSD_TRENDS@DF_TRENDSSAFETY(1.0),,I,MEX,,A,,FATALITIES,,PS,,ROAD,,_T,,_T,,2018,,2994,,A,,0,,1,
DATAFLOW,OECD.ITF:DSD_TRENDS@DF_TRENDSSAFETY(1.0),,I,MEX,,A,,FATALITIES,,PS,,ROAD,,_T,,_T,,2019,,3044,,A,,0,,1,
DATAFLOW,OECD.ITF:DSD_TRENDS@DF_TRENDSSAFETY(1.0),,I,MEX,,A,,FATALITIES,,PS,,ROAD,,_T,,_T,,2020,,2722,,A,,0,,1,
DATAFLOW,OECD.ITF:DSD_TRENDS@DF_TRENDSSAFETY(1.0),,I,MEX,,A,,FATALITIES,,PS,,ROAD,,_T,,_T,,2021,,3298,,A,,0,,1,
DATAFLOW,OECD.ITF:DSD_TRENDS@DF_TRENDSSAFETY(1.0),,I,MEX,,A,,FATALITIES,,PS,,ROAD,,_T,,_T,,2022,,2420,,A,,0,,1,
DATAFLOW,OECD.ITF:DSD_TRENDS@DF_TRENDSSAFETY(1.0),,I,MEX,,A,,FATALITIES,,PS,,ROAD,,_T,,_T,,2023,,1864,,A,,0,,1,
DATAFLOW,OECD.ITF:DSD_TRENDS@DF_TRENDSSAFETY(1.0),,I,NLD,,A,,FATALITIES,,PS,,ROAD,,_T,,_T,,1970,,3180,,A,,0,,1,
DATAFLOW,OECD.ITF:DSD_TRENDS@DF_TRENDSSAFETY(1.0),,I,NLD,,A,,FATALITIES,,PS,,ROAD,,_T,,_T,,1971,,3170,,A,,0,,1,
DATAFLOW,OECD.ITF:DSD_TRENDS@DF_TRENDSSAFETY(1.0),,I,NLD,,A,,FATALITIES,,PS,,ROAD,,_T,,_T,,1972,,3260,,A,,0,,1,
DATAFLOW,OECD.ITF:DSD_TRENDS@DF_TRENDSSAFETY(1.0),,I,NLD,,A,,FATALITIES,,PS,,ROAD,,_T,,_T,,1973,,3090,,A,,0,,1,
DATAFLOW,OECD.ITF:DSD_TRENDS@DF_TRENDSSAFETY(1.0),,I,NLD,,A,,FATALITIES,,PS,,ROAD,,_T,,_T,,1974,,2550,,A,,0,,1,
DATAFLOW,OECD.ITF:DSD_TRENDS@DF_TRENDSSAFETY(1.0),,I,NLD,,A,,FATALITIES,,PS,,ROAD,,_T,,_T,,1975,,2321,,A,,0,,1,
DATAFLOW,OECD.ITF:DSD_TRENDS@DF_TRENDSSAFETY(1.0),,I,NLD,,A,,FATALITIES,,PS,,ROAD,,_T,,_T,,1976,,2430,,A,,0,,1,
DATAFLOW,OECD.ITF:DSD_TRENDS@DF_TRENDSSAFETY(1.0),,I,NLD,,A,,FATALITIES,,PS,,ROAD,,_T,,_T,,1977,,2580,,A,,0,,1,
DATAFLOW,OECD.ITF:DSD_TRENDS@DF_TRENDSSAFETY(1.0),,I,NLD,,A,,FATALITIES,,PS,,ROAD,,_T,,_T,,1978,,2290,,A,,0,,1,
DATAFLOW,OECD.ITF:DSD_TRENDS@DF_TRENDSSAFETY(1.0),,I,NLD,,A,,FATALITIES,,PS,,ROAD,,_T,,_T,,1979,,1980,,A,,0,,1,
DATAFLOW,OECD.ITF:DSD_TRENDS@DF_TRENDSSAFETY(1.0),,I,NLD,,A,,FATALITIES,,PS,,ROAD,,_T,,_T,,1980,,1997,,A,,0,,1,
DATAFLOW,OECD.ITF:DSD_TRENDS@DF_TRENDSSAFETY(1.0),,I,NLD,,A,,FATALITIES,,PS,,ROAD,,_T,,_T,,1981,,1807,,A,,0,,1,
DATAFLOW,OECD.ITF:DSD_TRENDS@DF_TRENDSSAFETY(1.0),,I,NLD,,A,,FATALITIES,,PS,,ROAD,,_T,,_T,,1982,,1710,,A,,0,,1,
DATAFLOW,OECD.ITF:DSD_TRENDS@DF_TRENDSSAFETY(1.0),,I,NLD,,A,,FATALITIES,,PS,,ROAD,,_T,,_T,,1983,,1756,,A,,0,,1,
DATAFLOW,OECD.ITF:DSD_TRENDS@DF_TRENDSSAFETY(1.0),,I,NLD,,A,,FATALITIES,,PS,,ROAD,,_T,,_T,,1984,,1615,,A,,0,,1,
DATAFLOW,OECD.ITF:DSD_TRENDS@DF_TRENDSSAFETY(1.0),,I,NLD,,A,,FATALITIES,,PS,,ROAD,,_T,,_T,,1985,,1438,,A,,0,,1,
DATAFLOW,OECD.ITF:DSD_TRENDS@DF_TRENDSSAFETY(1.0),,I,NLD,,A,,FATALITIES,,PS,,ROAD,,_T,,_T,,1987,,1485,,A,,0,,1,
DATAFLOW,OECD.ITF:DSD_TRENDS@DF_TRENDSSAFETY(1.0),,I,NLD,,A,,FATALITIES,,PS,,ROAD,,_T,,_T,,1988,,1366,,A,,0,,1,
DATAFLOW,OECD.ITF:DSD_TRENDS@DF_TRENDSSAFETY(1.0),,I,NLD,,A,,FATALITIES,,PS,,ROAD,,_T,,_T,,1989,,1456,,A,,0,,1,
DATAFLOW,OECD.ITF:DSD_TRENDS@DF_TRENDSSAFETY(1.0),,I,NLD,,A,,FATALITIES,,PS,,ROAD,,_T,,_T,,1990,,1376,,A,,0,,1,
DATAFLOW,OECD.ITF:DSD_TRENDS@DF_TRENDSSAFETY(1.0),,I,NLD,,A,,FATALITIES,,PS,,ROAD,,_T,,_T,,1991,,1281,,A,,0,,1,
DATAFLOW,OECD.ITF:DSD_TRENDS@DF_TRENDSSAFETY(1.0),,I,NLD,,A,,FATALITIES,,PS,,ROAD,,_T,,_T,,1992,,1285,,A,,0,,1,
DATAFLOW,OECD.ITF:DSD_TRENDS@DF_TRENDSSAFETY(1.0),,I,NLD,,A,,FATALITIES,,PS,,ROAD,,_T,,_T,,1993,,1252,,A,,0,,1,
DATAFLOW,OECD.ITF:DSD_TRENDS@DF_TRENDSSAFETY(1.0),,I,NLD,,A,,FATALITIES,,PS,,ROAD,,_T,,_T,,1994,,1298,,A,,0,,1,
DATAFLOW,OECD.ITF:DSD_TRENDS@DF_TRENDSSAFETY(1.0),,I,NLD,,A,,FATALITIES,,PS,,ROAD,,_T,,_T,,1995,,1334,,A,,0,,1,
DATAFLOW,OECD.ITF:DSD_TRENDS@DF_TRENDSSAFETY(1.0),,I,NLD,,A,,FATALITIES,,PS,,ROAD,,_T,,_T,,1997,,1235,,A,,0,,1,
DATAFLOW,OECD.ITF:DSD_TRENDS@DF_TRENDSSAFETY(1.0),,I,NLD,,A,,FATALITIES,,PS,,ROAD,,_T,,_T,,1998,,1149,,A,,0,,1,
DATAFLOW,OECD.ITF:DSD_TRENDS@DF_TRENDSSAFETY(1.0),,I,NLD,,A,,FATALITIES,,PS,,ROAD,,_T,,_T,,1999,,1186,,A,,0,,1,
DATAFLOW,OECD.ITF:DSD_TRENDS@DF_TRENDSSAFETY(1.0),,I,NLD,,A,,FATALITIES,,PS,,ROAD,,_T,,_T,,2000,,1166,,A,,0,,1,
DATAFLOW,OECD.ITF:DSD_TRENDS@DF_TRENDSSAFETY(1.0),,I,NLD,,A,,FATALITIES,,PS,,ROAD,,_T,,_T,,2001,,1083,,A,,0,,1,
DATAFLOW,OECD.ITF:DSD_TRENDS@DF_TRENDSSAFETY(1.0),,I,NLD,,A,,FATALITIES,,PS,,ROAD,,_T,,_T,,2002,,1066,,A,,0,,1,
DATAFLOW,OECD.ITF:DSD_TRENDS@DF_TRENDSSAFETY(1.0),,I,NLD,,A,,FATALITIES,,PS,,ROAD,,_T,,_T,,2003,,1088,,A,,0,,1,
DATAFLOW,OECD.ITF:DSD_TRENDS@DF_TRENDSSAFETY(1.0),,I,NLD,,A,,FATALITIES,,PS,,ROAD,,_T,,_T,,2004,,881,,A,,0,,1,
DATAFLOW,OECD.ITF:DSD_TRENDS@DF_TRENDSSAFETY(1.0),,I,NLD,,A,,FATALITIES,,PS,,ROAD,,_T,,_T,,2005,,817,,A,,0,,1,
DATAFLOW,OECD.ITF:DSD_TRENDS@DF_TRENDSSAFETY(1.0),,I,NLD,,A,,FATALITIES,,PS,,ROAD,,_T,,_T,,2006,,811,,A,,0,,1,
DATAFLOW,OECD.ITF:DSD_TRENDS@DF_TRENDSSAFETY(1.0),,I,NLD,,A,,FATALITIES,,PS,,ROAD,,_T,,_T,,2007,,791,,A,,0,,1,
DATAFLOW,OECD.ITF:DSD_TRENDS@DF_TRENDSSAFETY(1.0),,I,NLD,,A,,FATALITIES,,PS,,ROAD,,_T,,_T,,2008,,750,,A,,0,,1,
DATAFLOW,OECD.ITF:DSD_TRENDS@DF_TRENDSSAFETY(1.0),,I,NLD,,A,,FATALITIES,,PS,,ROAD,,_T,,_T,,2009,,720,,A,,0,,1,
DATAFLOW,OECD.ITF:DSD_TRENDS@DF_TRENDSSAFETY(1.0),,I,NLD,,A,,FATALITIES,,PS,,ROAD,,_T,,_T,,2010,,640,,A,,0,,1,
DATAFLOW,OECD.ITF:DSD_TRENDS@DF_TRENDSSAFETY(1.0),,I,NLD,,A,,FATALITIES,,PS,,ROAD,,_T,,_T,,2011,,661,,A,,0,,1,
DATAFLOW,OECD.ITF:DSD_TRENDS@DF_TRENDSSAFETY(1.0),,I,NLD,,A,,FATALITIES,,PS,,ROAD,,_T,,_T,,2012,,650,,A,,0,,1,
DATAFLOW,OECD.ITF:DSD_TRENDS@DF_TRENDSSAFETY(1.0),,I,NLD,,A,,FATALITIES,,PS,,ROAD,,_T,,_T,,2013,,570,,A,,0,,1,
DATAFLOW,OECD.ITF:DSD_TRENDS@DF_TRENDSSAFETY(1.0),,I,NLD,,A,,FATALITIES,,PS,,ROAD,,_T,,_T,,2014,,570,,A,,0,,1,
DATAFLOW,OECD.ITF:DSD_TRENDS@DF_TRENDSSAFETY(1.0),,I,NLD,,A,,FATALITIES,,PS,,ROAD,,_T,,_T,,2015,,621,,A,,0,,1,
DATAFLOW,OECD.ITF:DSD_TRENDS@DF_TRENDSSAFETY(1.0),,I,NLD,,A,,FATALITIES,,PS,,ROAD,,_T,,_T,,2016,,629,,A,,0,,1,
DATAFLOW,OECD.ITF:DSD_TRENDS@DF_TRENDSSAFETY(1.0),,I,NLD,,A,,FATALITIES,,PS,,ROAD,,_T,,_T,,2017,,613,,A,,0,,1,
DATAFLOW,OECD.ITF:DSD_TRENDS@DF_TRENDSSAFETY(1.0),,I,NLD,,A,,FATALITIES,,PS,,ROAD,,_T,,_T,,2018,,678,,A,,0,,1,
DATAFLOW,OECD.ITF:DSD_TRENDS@DF_TRENDSSAFETY(1.0),,I,NLD,,A,,FATALITIES,,PS,,ROAD,,_T,,_T,,2019,,661,,A,,0,,1,
DATAFLOW,OECD.ITF:DSD_TRENDS@DF_TRENDSSAFETY(1.0),,I,NLD,,A,,FATALITIES,,PS,,ROAD,,_T,,_T,,2020,,610,,A,,0,,1,
DATAFLOW,OECD.ITF:DSD_TRENDS@DF_TRENDSSAFETY(1.0),,I,NLD,,A,,FATALITIES,,PS,,ROAD,,_T,,_T,,2021,,582,,A,,0,,1,
DATAFLOW,OECD.ITF:DSD_TRENDS@DF_TRENDSSAFETY(1.0),,I,NLD,,A,,FATALITIES,,PS,,ROAD,,_T,,_T,,2022,,745,,A,,0,,1,
DATAFLOW,OECD.ITF:DSD_TRENDS@DF_TRENDSSAFETY(1.0),,I,NLD,,A,,FATALITIES,,PS,,ROAD,,_T,,_T,,2023,,684,,A,,0,,1,
DATAFLOW,OECD.ITF:DSD_TRENDS@DF_TRENDSSAFETY(1.0),,I,NLD,,A,,FATALITIES,,PS,,ROAD,,_T,,_T,,2024,,675,,A,,0,,1,
DATAFLOW,OECD.ITF:DSD_TRENDS@DF_TRENDSSAFETY(1.0),,I,NZL,,A,,FATALITIES,,PS,,ROAD,,_T,,_T,,1970,,655,,A,,0,,1,
DATAFLOW,OECD.ITF:DSD_TRENDS@DF_TRENDSSAFETY(1.0),,I,NZL,,A,,FATALITIES,,PS,,ROAD,,_T,,_T,,1971,,677,,A,,0,,1,
DATAFLOW,OECD.ITF:DSD_TRENDS@DF_TRENDSSAFETY(1.0),,I,NZL,,A,,FATALITIES,,PS,,ROAD,,_T,,_T,,1972,,713,,A,,0,,1,
DATAFLOW,OECD.ITF:DSD_TRENDS@DF_TRENDSSAFETY(1.0),,I,NZL,,A,,FATALITIES,,PS,,ROAD,,_T,,_T,,1973,,843,,A,,0,,1,
DATAFLOW,OECD.ITF:DSD_TRENDS@DF_TRENDSSAFETY(1.0),,I,NZL,,A,,FATALITIES,,PS,,ROAD,,_T,,_T,,1974,,676,,A,,0,,1,
DATAFLOW,OECD.ITF:DSD_TRENDS@DF_TRENDSSAFETY(1.0),,I,NZL,,A,,FATALITIES,,PS,,ROAD,,_T,,_T,,1975,,628,,A,,0,,1,
DATAFLOW,OECD.ITF:DSD_TRENDS@DF_TRENDSSAFETY(1.0),,I,NZL,,A,,FATALITIES,,PS,,ROAD,,_T,,_T,,1976,,609,,A,,0,,1,
DATAFLOW,OECD.ITF:DSD_TRENDS@DF_TRENDSSAFETY(1.0),,I,NZL,,A,,FATALITIES,,PS,,ROAD,,_T,,_T,,1977,,702,,A,,0,,1,
DATAFLOW,OECD.ITF:DSD_TRENDS@DF_TRENDSSAFETY(1.0),,I,NZL,,A,,FATALITIES,,PS,,ROAD,,_T,,_T,,1978,,654,,A,,0,,1,
DATAFLOW,OECD.ITF:DSD_TRENDS@DF_TRENDSSAFETY(1.0),,I,NZL,,A,,FATALITIES,,PS,,ROAD,,_T,,_T,,1979,,554,,A,,0,,1,
DATAFLOW,OECD.ITF:DSD_TRENDS@DF_TRENDSSAFETY(1.0),,I,NZL,,A,,FATALITIES,,PS,,ROAD,,_T,,_T,,1980,,599,,A,,0,,1,
DATAFLOW,OECD.ITF:DSD_TRENDS@DF_TRENDSSAFETY(1.0),,I,NZL,,A,,FATALITIES,,PS,,ROAD,,_T,,_T,,1981,,669,,A,,0,,1,
DATAFLOW,OECD.ITF:DSD_TRENDS@DF_TRENDSSAFETY(1.0),,I,NZL,,A,,FATALITIES,,PS,,ROAD,,_T,,_T,,1982,,673,,A,,0,,1,
DATAFLOW,OECD.ITF:DSD_TRENDS@DF_TRENDSSAFETY(1.0),,I,NZL,,A,,FATALITIES,,PS,,ROAD,,_T,,_T,,1983,,644,,A,,0,,1,
DATAFLOW,OECD.ITF:DSD_TRENDS@DF_TRENDSSAFETY(1.0),,I,NZL,,A,,FATALITIES,,PS,,ROAD,,_T,,_T,,1984,,669,,A,,0,,1,
DATAFLOW,OECD.ITF:DSD_TRENDS@DF_TRENDSSAFETY(1.0),,I,NZL,,A,,FATALITIES,,PS,,ROAD,,_T,,_T,,1985,,747,,A,,0,,1,
DATAFLOW,OECD.ITF:DSD_TRENDS@DF_TRENDSSAFETY(1.0),,I,NZL,,A,,FATALITIES,,PS,,ROAD,,_T,,_T,,1986,,766,,A,,0,,1,
DATAFLOW,OECD.ITF:DSD_TRENDS@DF_TRENDSSAFETY(1.0),,I,NZL,,A,,FATALITIES,,PS,,ROAD,,_T,,_T,,1987,,795,,A,,0,,1,
DATAFLOW,OECD.ITF:DSD_TRENDS@DF_TRENDSSAFETY(1.0),,I,NZL,,A,,FATALITIES,,PS,,ROAD,,_T,,_T,,1988,,727,,A,,0,,1,
DATAFLOW,OECD.ITF:DSD_TRENDS@DF_TRENDSSAFETY(1.0),,I,NZL,,A,,FATALITIES,,PS,,ROAD,,_T,,_T,,1989,,755,,A,,0,,1,
DATAFLOW,OECD.ITF:DSD_TRENDS@DF_TRENDSSAFETY(1.0),,I,NZL,,A,,FATALITIES,,PS,,ROAD,,_T,,_T,,1990,,730,,A,,0,,1,
DATAFLOW,OECD.ITF:DSD_TRENDS@DF_TRENDSSAFETY(1.0),,I,NZL,,A,,FATALITIES,,PS,,ROAD,,_T,,_T,,1991,,651,,A,,0,,1,
DATAFLOW,OECD.ITF:DSD_TRENDS@DF_TRENDSSAFETY(1.0),,I,NZL,,A,,FATALITIES,,PS,,ROAD,,_T,,_T,,1992,,646,,A,,0,,1,
DATAFLOW,OECD.ITF:DSD_TRENDS@DF_TRENDSSAFETY(1.0),,I,NZL,,A,,FATALITIES,,PS,,ROAD,,_T,,_T,,1993,,600,,A,,0,,1,
DATAFLOW,OECD.ITF:DSD_TRENDS@DF_TRENDSSAFETY(1.0),,I,NZL,,A,,FATALITIES,,PS,,ROAD,,_T,,_T,,1994,,580,,A,,0,,1,
DATAFLOW,OECD.ITF:DSD_TRENDS@DF_TRENDSSAFETY(1.0),,I,NZL,,A,,FATALITIES,,PS,,ROAD,,_T,,_T,,1995,,582,,A,,0,,1,
DATAFLOW,OECD.ITF:DSD_TRENDS@DF_TRENDSSAFETY(1.0),,I,NZL,,A,,FATALITIES,,PS,,ROAD,,_T,,_T,,1996,,514,,A,,0,,1,
DATAFLOW,OECD.ITF:DSD_TRENDS@DF_TRENDSSAFETY(1.0),,I,NZL,,A,,FATALITIES,,PS,,ROAD,,_T,,_T,,1997,,539,,A,,0,,1,
DATAFLOW,OECD.ITF:DSD_TRENDS@DF_TRENDSSAFETY(1.0),,I,NZL,,A,,FATALITIES,,PS,,ROAD,,_T,,_T,,1998,,501,,A,,0,,1,
DATAFLOW,OECD.ITF:DSD_TRENDS@DF_TRENDSSAFETY(1.0),,I,NZL,,A,,FATALITIES,,PS,,ROAD,,_T,,_T,,1999,,509,,A,,0,,1,
DATAFLOW,OECD.ITF:DSD_TRENDS@DF_TRENDSSAFETY(1.0),,I,NZL,,A,,FATALITIES,,PS,,ROAD,,_T,,_T,,2000,,462,,A,,0,,1,
DATAFLOW,OECD.ITF:DSD_TRENDS@DF_TRENDSSAFETY(1.0),,I,NZL,,A,,FATALITIES,,PS,,ROAD,,_T,,_T,,2001,,455,,A,,0,,1,
DATAFLOW,OECD.ITF:DSD_TRENDS@DF_TRENDSSAFETY(1.0),,I,NZL,,A,,FATALITIES,,PS,,ROAD,,_T,,_T,,2002,,405,,A,,0,,1,
DATAFLOW,OECD.ITF:DSD_TRENDS@DF_TRENDSSAFETY(1.0),,I,NZL,,A,,FATALITIES,,PS,,ROAD,,_T,,_T,,2003,,461,,A,,0,,1,
DATAFLOW,OECD.ITF:DSD_TRENDS@DF_TRENDSSAFETY(1.0),,I,NZL,,A,,FATALITIES,,PS,,ROAD,,_T,,_T,,2004,,435,,A,,0,,1,
DATAFLOW,OECD.ITF:DSD_TRENDS@DF_TRENDSSAFETY(1.0),,I,NZL,,A,,FATALITIES,,PS,,ROAD,,_T,,_T,,2005,,405,,A,,0,,1,
DATAFLOW,OECD.ITF:DSD_TRENDS@DF_TRENDSSAFETY(1.0),,I,NZL,,A,,FATALITIES,,PS,,ROAD,,_T,,_T,,2006,,393,,A,,0,,1,
DATAFLOW,OECD.ITF:DSD_TRENDS@DF_TRENDSSAFETY(1.0),,I,NZL,,A,,FATALITIES,,PS,,ROAD,,_T,,_T,,2007,,421,,A,,0,,1,
DATAFLOW,OECD.ITF:DSD_TRENDS@DF_TRENDSSAFETY(1.0),,I,NZL,,A,,FATALITIES,,PS,,ROAD,,_T,,_T,,2008,,366,,A,,0,,1,
DATAFLOW,OECD.ITF:DSD_TRENDS@DF_TRENDSSAFETY(1.0),,I,NZL,,A,,FATALITIES,,PS,,ROAD,,_T,,_T,,2009,,384,,A,,0,,1,
DATAFLOW,OECD.ITF:DSD_TRENDS@DF_TRENDSSAFETY(1.0),,I,NZL,,A,,FATALITIES,,PS,,ROAD,,_T,,_T,,2010,,375,,A,,0,,1,
DATAFLOW,OECD.ITF:DSD_TRENDS@DF_TRENDSSAFETY(1.0),,I,NZL,,A,,FATALITIES,,PS,,ROAD,,_T,,_T,,2011,,284,,A,,0,,1,
DATAFLOW,OECD.ITF:DSD_TRENDS@DF_TRENDSSAFETY(1.0),,I,NZL,,A,,FATALITIES,,PS,,ROAD,,_T,,_T,,2012,,308,,A,,0,,1,
DATAFLOW,OECD.ITF:DSD_TRENDS@DF_TRENDSSAFETY(1.0),,I,NZL,,A,,FATALITIES,,PS,,ROAD,,_T,,_T,,2013,,253,,A,,0,,1,
DATAFLOW,OECD.ITF:DSD_TRENDS@DF_TRENDSSAFETY(1.0),,I,NZL,,A,,FATALITIES,,PS,,ROAD,,_T,,_T,,2014,,292,,A,,0,,1,
DATAFLOW,OECD.ITF:DSD_TRENDS@DF_TRENDSSAFETY(1.0),,I,NZL,,A,,FATALITIES,,PS,,ROAD,,_T,,_T,,2015,,317,,A,,0,,1,
DATAFLOW,OECD.ITF:DSD_TRENDS@DF_TRENDSSAFETY(1.0),,I,NZL,,A,,FATALITIES,,PS,,ROAD,,_T,,_T,,2016,,327,,A,,0,,1,
DATAFLOW,OECD.ITF:DSD_TRENDS@DF_TRENDSSAFETY(1.0),,I,NZL,,A,,FATALITIES,,PS,,ROAD,,_T,,_T,,2017,,377,,A,,0,,1,
DATAFLOW,OECD.ITF:DSD_TRENDS@DF_TRENDSSAFETY(1.0),,I,NZL,,A,,FATALITIES,,PS,,ROAD,,_T,,_T,,2018,,378,,A,,0,,1,
DATAFLOW,OECD.ITF:DSD_TRENDS@DF_TRENDSSAFETY(1.0),,I,NZL,,A,,FATALITIES,,PS,,ROAD,,_T,,_T,,2019,,350,,A,,0,,1,
DATAFLOW,OECD.ITF:DSD_TRENDS@DF_TRENDSSAFETY(1.0),,I,NZL,,A,,FATALITIES,,PS,,ROAD,,_T,,_T,,2020,,318,,A,,0,,1,
DATAFLOW,OECD.ITF:DSD_TRENDS@DF_TRENDSSAFETY(1.0),,I,NZL,,A,,FATALITIES,,PS,,ROAD,,_T,,_T,,2021,,319,,A,,0,,1,
DATAFLOW,OECD.ITF:DSD_TRENDS@DF_TRENDSSAFETY(1.0),,I,NZL,,A,,FATALITIES,,PS,,ROAD,,_T,,_T,,2022,,371,,A,,0,,1,
DATAFLOW,OECD.ITF:DSD_TRENDS@DF_TRENDSSAFETY(1.0),,I,NOR,,A,,FATALITIES,,PS,,ROAD,,_T,,_T,,1970,,560,,A,,0,,1,
DATAFLOW,OECD.ITF:DSD_TRENDS@DF_TRENDSSAFETY(1.0),,I,NOR,,A,,FATALITIES,,PS,,ROAD,,_T,,_T,,1971,,530,,A,,0,,1,
DATAFLOW,OECD.ITF:DSD_TRENDS@DF_TRENDSSAFETY(1.0),,I,NOR,,A,,FATALITIES,,PS,,ROAD,,_T,,_T,,1972,,490,,A,,0,,1,
DATAFLOW,OECD.ITF:DSD_TRENDS@DF_TRENDSSAFETY(1.0),,I,NOR,,A,,FATALITIES,,PS,,ROAD,,_T,,_T,,1973,,510,,A,,0,,1,
DATAFLOW,OECD.ITF:DSD_TRENDS@DF_TRENDSSAFETY(1.0),,I,NOR,,A,,FATALITIES,,PS,,ROAD,,_T,,_T,,1974,,510,,A,,0,,1,
DATAFLOW,OECD.ITF:DSD_TRENDS@DF_TRENDSSAFETY(1.0),,I,NOR,,A,,FATALITIES,,PS,,ROAD,,_T,,_T,,1975,,539,,A,,0,,1,
DATAFLOW,OECD.ITF:DSD_TRENDS@DF_TRENDSSAFETY(1.0),,I,NOR,,A,,FATALITIES,,PS,,ROAD,,_T,,_T,,1976,,470,,A,,0,,1,
DATAFLOW,OECD.ITF:DSD_TRENDS@DF_TRENDSSAFETY(1.0),,I,NOR,,A,,FATALITIES,,PS,,ROAD,,_T,,_T,,1977,,440,,A,,0,,1,
DATAFLOW,OECD.ITF:DSD_TRENDS@DF_TRENDSSAFETY(1.0),,I,NOR,,A,,FATALITIES,,PS,,ROAD,,_T,,_T,,1978,,430,,A,,0,,1,
DATAFLOW,OECD.ITF:DSD_TRENDS@DF_TRENDSSAFETY(1.0),,I,NOR,,A,,FATALITIES,,PS,,ROAD,,_T,,_T,,1979,,440,,A,,0,,1,
DATAFLOW,OECD.ITF:DSD_TRENDS@DF_TRENDSSAFETY(1.0),,I,NOR,,A,,FATALITIES,,PS,,ROAD,,_T,,_T,,1980,,362,,A,,0,,1,
DATAFLOW,OECD.ITF:DSD_TRENDS@DF_TRENDSSAFETY(1.0),,I,NOR,,A,,FATALITIES,,PS,,ROAD,,_T,,_T,,1981,,338,,A,,0,,1,
DATAFLOW,OECD.ITF:DSD_TRENDS@DF_TRENDSSAFETY(1.0),,I,NOR,,A,,FATALITIES,,PS,,ROAD,,_T,,_T,,1982,,401,,A,,0,,1,
DATAFLOW,OECD.ITF:DSD_TRENDS@DF_TRENDSSAFETY(1.0),,I,NOR,,A,,FATALITIES,,PS,,ROAD,,_T,,_T,,1983,,409,,A,,0,,1,
DATAFLOW,OECD.ITF:DSD_TRENDS@DF_TRENDSSAFETY(1.0),,I,NOR,,A,,FATALITIES,,PS,,ROAD,,_T,,_T,,1984,,407,,A,,0,,1,
DATAFLOW,OECD.ITF:DSD_TRENDS@DF_TRENDSSAFETY(1.0),,I,NOR,,A,,FATALITIES,,PS,,ROAD,,_T,,_T,,1985,,402,,A,,0,,1,
DATAFLOW,OECD.ITF:DSD_TRENDS@DF_TRENDSSAFETY(1.0),,I,NOR,,A,,FATALITIES,,PS,,ROAD,,_T,,_T,,1986,,452,,A,,0,,1,
DATAFLOW,OECD.ITF:DSD_TRENDS@DF_TRENDSSAFETY(1.0),,I,NOR,,A,,FATALITIES,,PS,,ROAD,,_T,,_T,,1987,,398,,A,,0,,1,
DATAFLOW,OECD.ITF:DSD_TRENDS@DF_TRENDSSAFETY(1.0),,I,NOR,,A,,FATALITIES,,PS,,ROAD,,_T,,_T,,1988,,378,,A,,0,,1,
DATAFLOW,OECD.ITF:DSD_TRENDS@DF_TRENDSSAFETY(1.0),,I,NOR,,A,,FATALITIES,,PS,,ROAD,,_T,,_T,,1989,,381,,A,,0,,1,
DATAFLOW,OECD.ITF:DSD_TRENDS@DF_TRENDSSAFETY(1.0),,I,NOR,,A,,FATALITIES,,PS,,ROAD,,_T,,_T,,1990,,332,,A,,0,,1,
DATAFLOW,OECD.ITF:DSD_TRENDS@DF_TRENDSSAFETY(1.0),,I,NOR,,A,,FATALITIES,,PS,,ROAD,,_T,,_T,,1991,,323,,A,,0,,1,
DATAFLOW,OECD.ITF:DSD_TRENDS@DF_TRENDSSAFETY(1.0),,I,NOR,,A,,FATALITIES,,PS,,ROAD,,_T,,_T,,1992,,325,,A,,0,,1,
DATAFLOW,OECD.ITF:DSD_TRENDS@DF_TRENDSSAFETY(1.0),,I,NOR,,A,,FATALITIES,,PS,,ROAD,,_T,,_T,,1993,,281,,A,,0,,1,
DATAFLOW,OECD.ITF:DSD_TRENDS@DF_TRENDSSAFETY(1.0),,I,NOR,,A,,FATALITIES,,PS,,ROAD,,_T,,_T,,1994,,283,,A,,0,,1,
DATAFLOW,OECD.ITF:DSD_TRENDS@DF_TRENDSSAFETY(1.0),,I,NOR,,A,,FATALITIES,,PS,,ROAD,,_T,,_T,,1995,,305,,A,,0,,1,
DATAFLOW,OECD.ITF:DSD_TRENDS@DF_TRENDSSAFETY(1.0),,I,NOR,,A,,FATALITIES,,PS,,ROAD,,_T,,_T,,1996,,255,,A,,0,,1,
DATAFLOW,OECD.ITF:DSD_TRENDS@DF_TRENDSSAFETY(1.0),,I,NOR,,A,,FATALITIES,,PS,,ROAD,,_T,,_T,,1997,,303,,A,,0,,1,
DATAFLOW,OECD.ITF:DSD_TRENDS@DF_TRENDSSAFETY(1.0),,I,NOR,,A,,FATALITIES,,PS,,ROAD,,_T,,_T,,1998,,352,,A,,0,,1,
DATAFLOW,OECD.ITF:DSD_TRENDS@DF_TRENDSSAFETY(1.0),,I,NOR,,A,,FATALITIES,,PS,,ROAD,,_T,,_T,,1999,,304,,A,,0,,1,
DATAFLOW,OECD.ITF:DSD_TRENDS@DF_TRENDSSAFETY(1.0),,I,NOR,,A,,FATALITIES,,PS,,ROAD,,_T,,_T,,2000,,341,,A,,0,,1,
DATAFLOW,OECD.ITF:DSD_TRENDS@DF_TRENDSSAFETY(1.0),,I,NOR,,A,,FATALITIES,,PS,,ROAD,,_T,,_T,,2001,,275,,A,,0,,1,
DATAFLOW,OECD.ITF:DSD_TRENDS@DF_TRENDSSAFETY(1.0),,I,NOR,,A,,FATALITIES,,PS,,ROAD,,_T,,_T,,2002,,310,,A,,0,,1,
DATAFLOW,OECD.ITF:DSD_TRENDS@DF_TRENDSSAFETY(1.0),,I,NOR,,A,,FATALITIES,,PS,,ROAD,,_T,,_T,,2003,,280,,A,,0,,1,
DATAFLOW,OECD.ITF:DSD_TRENDS@DF_TRENDSSAFETY(1.0),,I,NOR,,A,,FATALITIES,,PS,,ROAD,,_T,,_T,,2004,,257,,A,,0,,1,
DATAFLOW,OECD.ITF:DSD_TRENDS@DF_TRENDSSAFETY(1.0),,I,NOR,,A,,FATALITIES,,PS,,ROAD,,_T,,_T,,2005,,224,,A,,0,,1,
DATAFLOW,OECD.ITF:DSD_TRENDS@DF_TRENDSSAFETY(1.0),,I,NOR,,A,,FATALITIES,,PS,,ROAD,,_T,,_T,,2006,,242,,A,,0,,1,
DATAFLOW,OECD.ITF:DSD_TRENDS@DF_TRENDSSAFETY(1.0),,I,NOR,,A,,FATALITIES,,PS,,ROAD,,_T,,_T,,2007,,233,,A,,0,,1,
DATAFLOW,OECD.ITF:DSD_TRENDS@DF_TRENDSSAFETY(1.0),,I,NOR,,A,,FATALITIES,,PS,,ROAD,,_T,,_T,,2008,,255,,A,,0,,1,
DATAFLOW,OECD.ITF:DSD_TRENDS@DF_TRENDSSAFETY(1.0),,I,NOR,,A,,FATALITIES,,PS,,ROAD,,_T,,_T,,2009,,212,,A,,0,,1,
DATAFLOW,OECD.ITF:DSD_TRENDS@DF_TRENDSSAFETY(1.0),,I,NOR,,A,,FATALITIES,,PS,,ROAD,,_T,,_T,,2010,,208,,A,,0,,1,
DATAFLOW,OECD.ITF:DSD_TRENDS@DF_TRENDSSAFETY(1.0),,I,NOR,,A,,FATALITIES,,PS,,ROAD,,_T,,_T,,2011,,168,,A,,0,,1,
DATAFLOW,OECD.ITF:DSD_TRENDS@DF_TRENDSSAFETY(1.0),,I,NOR,,A,,FATALITIES,,PS,,ROAD,,_T,,_T,,2012,,145,,A,,0,,1,
DATAFLOW,OECD.ITF:DSD_TRENDS@DF_TRENDSSAFETY(1.0),,I,NOR,,A,,FATALITIES,,PS,,ROAD,,_T,,_T,,2013,,187,,A,,0,,1,
DATAFLOW,OECD.ITF:DSD_TRENDS@DF_TRENDSSAFETY(1.0),,I,NOR,,A,,FATALITIES,,PS,,ROAD,,_T,,_T,,2014,,147,,A,,0,,1,
DATAFLOW,OECD.ITF:DSD_TRENDS@DF_TRENDSSAFETY(1.0),,I,NOR,,A,,FATALITIES,,PS,,ROAD,,_T,,_T,,2015,,117,,A,,0,,1,
DATAFLOW,OECD.ITF:DSD_TRENDS@DF_TRENDSSAFETY(1.0),,I,NOR,,A,,FATALITIES,,PS,,ROAD,,_T,,_T,,2016,,135,,A,,0,,1,
DATAFLOW,OECD.ITF:DSD_TRENDS@DF_TRENDSSAFETY(1.0),,I,NOR,,A,,FATALITIES,,PS,,ROAD,,_T,,_T,,2017,,106,,A,,0,,1,
DATAFLOW,OECD.ITF:DSD_TRENDS@DF_TRENDSSAFETY(1.0),,I,NOR,,A,,FATALITIES,,PS,,ROAD,,_T,,_T,,2018,,108,,A,,0,,1,
DATAFLOW,OECD.ITF:DSD_TRENDS@DF_TRENDSSAFETY(1.0),,I,NOR,,A,,FATALITIES,,PS,,ROAD,,_T,,_T,,2019,,108,,A,,0,,1,
DATAFLOW,OECD.ITF:DSD_TRENDS@DF_TRENDSSAFETY(1.0),,I,NOR,,A,,FATALITIES,,PS,,ROAD,,_T,,_T,,2020,,93,,A,,0,,1,
DATAFLOW,OECD.ITF:DSD_TRENDS@DF_TRENDSSAFETY(1.0),,I,NOR,,A,,FATALITIES,,PS,,ROAD,,_T,,_T,,2021,,80,,A,,0,,1,
DATAFLOW,OECD.ITF:DSD_TRENDS@DF_TRENDSSAFETY(1.0),,I,NOR,,A,,FATALITIES,,PS,,ROAD,,_T,,_T,,2022,,116,,A,,0,,1,
DATAFLOW,OECD.ITF:DSD_TRENDS@DF_TRENDSSAFETY(1.0),,I,NOR,,A,,FATALITIES,,PS,,ROAD,,_T,,_T,,2023,,110,,A,,0,,1,
DATAFLOW,OECD.ITF:DSD_TRENDS@DF_TRENDSSAFETY(1.0),,I,NOR,,A,,FATALITIES,,PS,,ROAD,,_T,,_T,,2024,,87,,A,,0,,1,
DATAFLOW,OECD.ITF:DSD_TRENDS@DF_TRENDSSAFETY(1.0),,I,POL,,A,,FATALITIES,,PS,,ROAD,,_T,,_T,,1970,,3446,,A,,0,,1,
DATAFLOW,OECD.ITF:DSD_TRENDS@DF_TRENDSSAFETY(1.0),,I,POL,,A,,FATALITIES,,PS,,ROAD,,_T,,_T,,1975,,5633,,A,,0,,1,
DATAFLOW,OECD.ITF:DSD_TRENDS@DF_TRENDSSAFETY(1.0),,I,POL,,A,,FATALITIES,,PS,,ROAD,,_T,,_T,,1978,,5925,,A,,0,,1,
DATAFLOW,OECD.ITF:DSD_TRENDS@DF_TRENDSSAFETY(1.0),,I,POL,,A,,FATALITIES,,PS,,ROAD,,_T,,_T,,1979,,5793,,A,,0,,1,
DATAFLOW,OECD.ITF:DSD_TRENDS@DF_TRENDSSAFETY(1.0),,I,POL,,A,,FATALITIES,,PS,,ROAD,,_T,,_T,,1980,,6002,,A,,0,,1,
DATAFLOW,OECD.ITF:DSD_TRENDS@DF_TRENDSSAFETY(1.0),,I,POL,,A,,FATALITIES,,PS,,ROAD,,_T,,_T,,1981,,6107,,A,,0,,1,
DATAFLOW,OECD.ITF:DSD_TRENDS@DF_TRENDSSAFETY(1.0),,I,POL,,A,,FATALITIES,,PS,,ROAD,,_T,,_T,,1982,,5535,,A,,0,,1,
DATAFLOW,OECD.ITF:DSD_TRENDS@DF_TRENDSSAFETY(1.0),,I,POL,,A,,FATALITIES,,PS,,ROAD,,_T,,_T,,1983,,5561,,A,,0,,1,
DATAFLOW,OECD.ITF:DSD_TRENDS@DF_TRENDSSAFETY(1.0),,I,POL,,A,,FATALITIES,,PS,,ROAD,,_T,,_T,,1984,,4980,,A,,0,,1,
DATAFLOW,OECD.ITF:DSD_TRENDS@DF_TRENDSSAFETY(1.0),,I,POL,,A,,FATALITIES,,PS,,ROAD,,_T,,_T,,1985,,4688,,A,,0,,1,
DATAFLOW,OECD.ITF:DSD_TRENDS@DF_TRENDSSAFETY(1.0),,I,POL,,A,,FATALITIES,,PS,,ROAD,,_T,,_T,,1986,,4667,,A,,0,,1,
DATAFLOW,OECD.ITF:DSD_TRENDS@DF_TRENDSSAFETY(1.0),,I,POL,,A,,FATALITIES,,PS,,ROAD,,_T,,_T,,1987,,4625,,A,,0,,1,
DATAFLOW,OECD.ITF:DSD_TRENDS@DF_TRENDSSAFETY(1.0),,I,POL,,A,,FATALITIES,,PS,,ROAD,,_T,,_T,,1988,,4851,,A,,0,,1,
DATAFLOW,OECD.ITF:DSD_TRENDS@DF_TRENDSSAFETY(1.0),,I,POL,,A,,FATALITIES,,PS,,ROAD,,_T,,_T,,1989,,6724,,A,,0,,1,
DATAFLOW,OECD.ITF:DSD_TRENDS@DF_TRENDSSAFETY(1.0),,I,POL,,A,,FATALITIES,,PS,,ROAD,,_T,,_T,,1990,,7333,,A,,0,,1,
DATAFLOW,OECD.ITF:DSD_TRENDS@DF_TRENDSSAFETY(1.0),,I,POL,,A,,FATALITIES,,PS,,ROAD,,_T,,_T,,1991,,7901,,A,,0,,1,
DATAFLOW,OECD.ITF:DSD_TRENDS@DF_TRENDSSAFETY(1.0),,I,POL,,A,,FATALITIES,,PS,,ROAD,,_T,,_T,,1992,,6946,,A,,0,,1,
DATAFLOW,OECD.ITF:DSD_TRENDS@DF_TRENDSSAFETY(1.0),,I,POL,,A,,FATALITIES,,PS,,ROAD,,_T,,_T,,1993,,6341,,A,,0,,1,
DATAFLOW,OECD.ITF:DSD_TRENDS@DF_TRENDSSAFETY(1.0),,I,POL,,A,,FATALITIES,,PS,,ROAD,,_T,,_T,,1994,,6744,,A,,0,,1,
DATAFLOW,OECD.ITF:DSD_TRENDS@DF_TRENDSSAFETY(1.0),,I,POL,,A,,FATALITIES,,PS,,ROAD,,_T,,_T,,1995,,6900,,A,,0,,1,
DATAFLOW,OECD.ITF:DSD_TRENDS@DF_TRENDSSAFETY(1.0),,I,POL,,A,,FATALITIES,,PS,,ROAD,,_T,,_T,,1996,,6359,,A,,0,,1,
DATAFLOW,OECD.ITF:DSD_TRENDS@DF_TRENDSSAFETY(1.0),,I,POL,,A,,FATALITIES,,PS,,ROAD,,_T,,_T,,1997,,7312,,A,,0,,1,
DATAFLOW,OECD.ITF:DSD_TRENDS@DF_TRENDSSAFETY(1.0),,I,POL,,A,,FATALITIES,,PS,,ROAD,,_T,,_T,,1998,,7080,,A,,0,,1,
DATAFLOW,OECD.ITF:DSD_TRENDS@DF_TRENDSSAFETY(1.0),,I,POL,,A,,FATALITIES,,PS,,ROAD,,_T,,_T,,1999,,6730,,A,,0,,1,
DATAFLOW,OECD.ITF:DSD_TRENDS@DF_TRENDSSAFETY(1.0),,I,POL,,A,,FATALITIES,,PS,,ROAD,,_T,,_T,,2000,,6294,,A,,0,,1,
DATAFLOW,OECD.ITF:DSD_TRENDS@DF_TRENDSSAFETY(1.0),,I,POL,,A,,FATALITIES,,PS,,ROAD,,_T,,_T,,2001,,5534,,A,,0,,1,
DATAFLOW,OECD.ITF:DSD_TRENDS@DF_TRENDSSAFETY(1.0),,I,POL,,A,,FATALITIES,,PS,,ROAD,,_T,,_T,,2002,,5827,,A,,0,,1,
DATAFLOW,OECD.ITF:DSD_TRENDS@DF_TRENDSSAFETY(1.0),,I,POL,,A,,FATALITIES,,PS,,ROAD,,_T,,_T,,2003,,5640,,A,,0,,1,
DATAFLOW,OECD.ITF:DSD_TRENDS@DF_TRENDSSAFETY(1.0),,I,POL,,A,,FATALITIES,,PS,,ROAD,,_T,,_T,,2004,,5712,,A,,0,,1,
DATAFLOW,OECD.ITF:DSD_TRENDS@DF_TRENDSSAFETY(1.0),,I,POL,,A,,FATALITIES,,PS,,ROAD,,_T,,_T,,2005,,5444,,A,,0,,1,
DATAFLOW,OECD.ITF:DSD_TRENDS@DF_TRENDSSAFETY(1.0),,I,POL,,A,,FATALITIES,,PS,,ROAD,,_T,,_T,,2006,,5243,,A,,0,,1,
DATAFLOW,OECD.ITF:DSD_TRENDS@DF_TRENDSSAFETY(1.0),,I,POL,,A,,FATALITIES,,PS,,ROAD,,_T,,_T,,2007,,5583,,A,,0,,1,
DATAFLOW,OECD.ITF:DSD_TRENDS@DF_TRENDSSAFETY(1.0),,I,POL,,A,,FATALITIES,,PS,,ROAD,,_T,,_T,,2008,,5437,,A,,0,,1,
DATAFLOW,OECD.ITF:DSD_TRENDS@DF_TRENDSSAFETY(1.0),,I,POL,,A,,FATALITIES,,PS,,ROAD,,_T,,_T,,2009,,4572,,A,,0,,1,
DATAFLOW,OECD.ITF:DSD_TRENDS@DF_TRENDSSAFETY(1.0),,I,POL,,A,,FATALITIES,,PS,,ROAD,,_T,,_T,,2010,,3907,,A,,0,,1,
DATAFLOW,OECD.ITF:DSD_TRENDS@DF_TRENDSSAFETY(1.0),,I,POL,,A,,FATALITIES,,PS,,ROAD,,_T,,_T,,2011,,4189,,A,,0,,1,
DATAFLOW,OECD.ITF:DSD_TRENDS@DF_TRENDSSAFETY(1.0),,I,POL,,A,,FATALITIES,,PS,,ROAD,,_T,,_T,,2012,,3577,,A,,0,,1,
DATAFLOW,OECD.ITF:DSD_TRENDS@DF_TRENDSSAFETY(1.0),,I,POL,,A,,FATALITIES,,PS,,ROAD,,_T,,_T,,2013,,3357,,A,,0,,1,
DATAFLOW,OECD.ITF:DSD_TRENDS@DF_TRENDSSAFETY(1.0),,I,POL,,A,,FATALITIES,,PS,,ROAD,,_T,,_T,,2014,,3202,,A,,0,,1,
DATAFLOW,OECD.ITF:DSD_TRENDS@DF_TRENDSSAFETY(1.0),,I,POL,,A,,FATALITIES,,PS,,ROAD,,_T,,_T,,2015,,2938,,A,,0,,1,
DATAFLOW,OECD.ITF:DSD_TRENDS@DF_TRENDSSAFETY(1.0),,I,POL,,A,,FATALITIES,,PS,,ROAD,,_T,,_T,,2016,,3026,,A,,0,,1,
DATAFLOW,OECD.ITF:DSD_TRENDS@DF_TRENDSSAFETY(1.0),,I,POL,,A,,FATALITIES,,PS,,ROAD,,_T,,_T,,2017,,2831,,A,,0,,1,
DATAFLOW,OECD.ITF:DSD_TRENDS@DF_TRENDSSAFETY(1.0),,I,POL,,A,,FATALITIES,,PS,,ROAD,,_T,,_T,,2018,,2862,,A,,0,,1,
DATAFLOW,OECD.ITF:DSD_TRENDS@DF_TRENDSSAFETY(1.0),,I,POL,,A,,FATALITIES,,PS,,ROAD,,_T,,_T,,2019,,2909,,A,,0,,1,
DATAFLOW,OECD.ITF:DSD_TRENDS@DF_TRENDSSAFETY(1.0),,I,POL,,A,,FATALITIES,,PS,,ROAD,,_T,,_T,,2020,,2491,,A,,0,,1,
DATAFLOW,OECD.ITF:DSD_TRENDS@DF_TRENDSSAFETY(1.0),,I,POL,,A,,FATALITIES,,PS,,ROAD,,_T,,_T,,2021,,2245,,A,,0,,1,
DATAFLOW,OECD.ITF:DSD_TRENDS@DF_TRENDSSAFETY(1.0),,I,POL,,A,,FATALITIES,,PS,,ROAD,,_T,,_T,,2022,,1896,,A,,0,,1,
DATAFLOW,OECD.ITF:DSD_TRENDS@DF_TRENDSSAFETY(1.0),,I,POL,,A,,FATALITIES,,PS,,ROAD,,_T,,_T,,2023,,1893,,A,,0,,1,
DATAFLOW,OECD.ITF:DSD_TRENDS@DF_TRENDSSAFETY(1.0),,I,PRT,,A,,FATALITIES,,PS,,ROAD,,_T,,_T,,1970,,1615,,A,,0,,1,
DATAFLOW,OECD.ITF:DSD_TRENDS@DF_TRENDSSAFETY(1.0),,I,PRT,,A,,FATALITIES,,PS,,ROAD,,_T,,_T,,1971,,1884,,A,,0,,1,
DATAFLOW,OECD.ITF:DSD_TRENDS@DF_TRENDSSAFETY(1.0),,I,PRT,,A,,FATALITIES,,PS,,ROAD,,_T,,_T,,1972,,1932,,A,,0,,1,
DATAFLOW,OECD.ITF:DSD_TRENDS@DF_TRENDSSAFETY(1.0),,I,PRT,,A,,FATALITIES,,PS,,ROAD,,_T,,_T,,1973,,2378,,A,,0,,1,
DATAFLOW,OECD.ITF:DSD_TRENDS@DF_TRENDSSAFETY(1.0),,I,PRT,,A,,FATALITIES,,PS,,ROAD,,_T,,_T,,1974,,2236,,A,,0,,1,
DATAFLOW,OECD.ITF:DSD_TRENDS@DF_TRENDSSAFETY(1.0),,I,PRT,,A,,FATALITIES,,PS,,ROAD,,_T,,_T,,1975,,3051,,A,,0,,1,
DATAFLOW,OECD.ITF:DSD_TRENDS@DF_TRENDSSAFETY(1.0),,I,PRT,,A,,FATALITIES,,PS,,ROAD,,_T,,_T,,1976,,2957,,A,,0,,1,
DATAFLOW,OECD.ITF:DSD_TRENDS@DF_TRENDSSAFETY(1.0),,I,PRT,,A,,FATALITIES,,PS,,ROAD,,_T,,_T,,1977,,2454,,A,,0,,1,
DATAFLOW,OECD.ITF:DSD_TRENDS@DF_TRENDSSAFETY(1.0),,I,PRT,,A,,FATALITIES,,PS,,ROAD,,_T,,_T,,1978,,2477,,A,,0,,1,
DATAFLOW,OECD.ITF:DSD_TRENDS@DF_TRENDSSAFETY(1.0),,I,PRT,,A,,FATALITIES,,PS,,ROAD,,_T,,_T,,1979,,2492,,A,,0,,1,
DATAFLOW,OECD.ITF:DSD_TRENDS@DF_TRENDSSAFETY(1.0),,I,PRT,,A,,FATALITIES,,PS,,ROAD,,_T,,_T,,1980,,2579,,A,,0,,1,
DATAFLOW,OECD.ITF:DSD_TRENDS@DF_TRENDSSAFETY(1.0),,I,PRT,,A,,FATALITIES,,PS,,ROAD,,_T,,_T,,1981,,2587,,A,,0,,1,
DATAFLOW,OECD.ITF:DSD_TRENDS@DF_TRENDSSAFETY(1.0),,I,PRT,,A,,FATALITIES,,PS,,ROAD,,_T,,_T,,1982,,2424,,A,,0,,1,
DATAFLOW,OECD.ITF:DSD_TRENDS@DF_TRENDSSAFETY(1.0),,I,PRT,,A,,FATALITIES,,PS,,ROAD,,_T,,_T,,1983,,2482,,A,,0,,1,
DATAFLOW,OECD.ITF:DSD_TRENDS@DF_TRENDSSAFETY(1.0),,I,PRT,,A,,FATALITIES,,PS,,ROAD,,_T,,_T,,1984,,2099,,A,,0,,1,
DATAFLOW,OECD.ITF:DSD_TRENDS@DF_TRENDSSAFETY(1.0),,I,PRT,,A,,FATALITIES,,PS,,ROAD,,_T,,_T,,1985,,2138,,A,,0,,1,
DATAFLOW,OECD.ITF:DSD_TRENDS@DF_TRENDSSAFETY(1.0),,I,PRT,,A,,FATALITIES,,PS,,ROAD,,_T,,_T,,1986,,2259,,A,,0,,1,
DATAFLOW,OECD.ITF:DSD_TRENDS@DF_TRENDSSAFETY(1.0),,I,PRT,,A,,FATALITIES,,PS,,ROAD,,_T,,_T,,1987,,2617,,A,,0,,1,
DATAFLOW,OECD.ITF:DSD_TRENDS@DF_TRENDSSAFETY(1.0),,I,PRT,,A,,FATALITIES,,PS,,ROAD,,_T,,_T,,1988,,2889,,A,,0,,1,
DATAFLOW,OECD.ITF:DSD_TRENDS@DF_TRENDSSAFETY(1.0),,I,PRT,,A,,FATALITIES,,PS,,ROAD,,_T,,_T,,1989,,2708,,A,,0,,1,
DATAFLOW,OECD.ITF:DSD_TRENDS@DF_TRENDSSAFETY(1.0),,I,PRT,,A,,FATALITIES,,PS,,ROAD,,_T,,_T,,1990,,2646,,A,,0,,1,
DATAFLOW,OECD.ITF:DSD_TRENDS@DF_TRENDSSAFETY(1.0),,I,PRT,,A,,FATALITIES,,PS,,ROAD,,_T,,_T,,1991,,2822,,A,,0,,1,
DATAFLOW,OECD.ITF:DSD_TRENDS@DF_TRENDSSAFETY(1.0),,I,PRT,,A,,FATALITIES,,PS,,ROAD,,_T,,_T,,1992,,2704,,A,,0,,1,
DATAFLOW,OECD.ITF:DSD_TRENDS@DF_TRENDSSAFETY(1.0),,I,PRT,,A,,FATALITIES,,PS,,ROAD,,_T,,_T,,1993,,2370,,A,,0,,1,
DATAFLOW,OECD.ITF:DSD_TRENDS@DF_TRENDSSAFETY(1.0),,I,PRT,,A,,FATALITIES,,PS,,ROAD,,_T,,_T,,1994,,2196,,A,,0,,1,
DATAFLOW,OECD.ITF:DSD_TRENDS@DF_TRENDSSAFETY(1.0),,I,PRT,,A,,FATALITIES,,PS,,ROAD,,_T,,_T,,1995,,2397,,A,,0,,1,
DATAFLOW,OECD.ITF:DSD_TRENDS@DF_TRENDSSAFETY(1.0),,I,PRT,,A,,FATALITIES,,PS,,ROAD,,_T,,_T,,1996,,2394,,A,,0,,1,
DATAFLOW,OECD.ITF:DSD_TRENDS@DF_TRENDSSAFETY(1.0),,I,PRT,,A,,FATALITIES,,PS,,ROAD,,_T,,_T,,1997,,2210,,A,,0,,1,
DATAFLOW,OECD.ITF:DSD_TRENDS@DF_TRENDSSAFETY(1.0),,I,PRT,,A,,FATALITIES,,PS,,ROAD,,_T,,_T,,1998,,2126,,A,,0,,1,
DATAFLOW,OECD.ITF:DSD_TRENDS@DF_TRENDSSAFETY(1.0),,I,PRT,,A,,FATALITIES,,PS,,ROAD,,_T,,_T,,1999,,1995,,A,,0,,1,
DATAFLOW,OECD.ITF:DSD_TRENDS@DF_TRENDSSAFETY(1.0),,I,PRT,,A,,FATALITIES,,PS,,ROAD,,_T,,_T,,2000,,1857,,A,,0,,1,
DATAFLOW,OECD.ITF:DSD_TRENDS@DF_TRENDSSAFETY(1.0),,I,PRT,,A,,FATALITIES,,PS,,ROAD,,_T,,_T,,2001,,1671,,A,,0,,1,
DATAFLOW,OECD.ITF:DSD_TRENDS@DF_TRENDSSAFETY(1.0),,I,PRT,,A,,FATALITIES,,PS,,ROAD,,_T,,_T,,2002,,1675,,A,,0,,1,
DATAFLOW,OECD.ITF:DSD_TRENDS@DF_TRENDSSAFETY(1.0),,I,PRT,,A,,FATALITIES,,PS,,ROAD,,_T,,_T,,2003,,1546,,A,,0,,1,
DATAFLOW,OECD.ITF:DSD_TRENDS@DF_TRENDSSAFETY(1.0),,I,PRT,,A,,FATALITIES,,PS,,ROAD,,_T,,_T,,2004,,1294,,A,,0,,1,
DATAFLOW,OECD.ITF:DSD_TRENDS@DF_TRENDSSAFETY(1.0),,I,PRT,,A,,FATALITIES,,PS,,ROAD,,_T,,_T,,2005,,1247,,A,,0,,1,
DATAFLOW,OECD.ITF:DSD_TRENDS@DF_TRENDSSAFETY(1.0),,I,PRT,,A,,FATALITIES,,PS,,ROAD,,_T,,_T,,2006,,969,,A,,0,,1,
DATAFLOW,OECD.ITF:DSD_TRENDS@DF_TRENDSSAFETY(1.0),,I,PRT,,A,,FATALITIES,,PS,,ROAD,,_T,,_T,,2007,,974,,A,,0,,1,
DATAFLOW,OECD.ITF:DSD_TRENDS@DF_TRENDSSAFETY(1.0),,I,PRT,,A,,FATALITIES,,PS,,ROAD,,_T,,_T,,2008,,885,,A,,0,,1,
DATAFLOW,OECD.ITF:DSD_TRENDS@DF_TRENDSSAFETY(1.0),,I,PRT,,A,,FATALITIES,,PS,,ROAD,,_T,,_T,,2009,,737,,A,,0,,1,
DATAFLOW,OECD.ITF:DSD_TRENDS@DF_TRENDSSAFETY(1.0),,I,PRT,,A,,FATALITIES,,PS,,ROAD,,_T,,_T,,2010,,937,,A,,0,,1,
DATAFLOW,OECD.ITF:DSD_TRENDS@DF_TRENDSSAFETY(1.0),,I,PRT,,A,,FATALITIES,,PS,,ROAD,,_T,,_T,,2011,,891,,A,,0,,1,
DATAFLOW,OECD.ITF:DSD_TRENDS@DF_TRENDSSAFETY(1.0),,I,PRT,,A,,FATALITIES,,PS,,ROAD,,_T,,_T,,2012,,718,,A,,0,,1,
DATAFLOW,OECD.ITF:DSD_TRENDS@DF_TRENDSSAFETY(1.0),,I,PRT,,A,,FATALITIES,,PS,,ROAD,,_T,,_T,,2013,,637,,A,,0,,1,
DATAFLOW,OECD.ITF:DSD_TRENDS@DF_TRENDSSAFETY(1.0),,I,PRT,,A,,FATALITIES,,PS,,ROAD,,_T,,_T,,2014,,638,,A,,0,,1,
DATAFLOW,OECD.ITF:DSD_TRENDS@DF_TRENDSSAFETY(1.0),,I,PRT,,A,,FATALITIES,,PS,,ROAD,,_T,,_T,,2015,,593,,A,,0,,1,
DATAFLOW,OECD.ITF:DSD_TRENDS@DF_TRENDSSAFETY(1.0),,I,PRT,,A,,FATALITIES,,PS,,ROAD,,_T,,_T,,2016,,563,,A,,0,,1,
DATAFLOW,OECD.ITF:DSD_TRENDS@DF_TRENDSSAFETY(1.0),,I,PRT,,A,,FATALITIES,,PS,,ROAD,,_T,,_T,,2017,,602,,A,,0,,1,
DATAFLOW,OECD.ITF:DSD_TRENDS@DF_TRENDSSAFETY(1.0),,I,PRT,,A,,FATALITIES,,PS,,ROAD,,_T,,_T,,2019,,689,,A,,0,,1,
DATAFLOW,OECD.ITF:DSD_TRENDS@DF_TRENDSSAFETY(1.0),,I,PRT,,A,,FATALITIES,,PS,,ROAD,,_T,,_T,,2020,,536,,A,,0,,1,
DATAFLOW,OECD.ITF:DSD_TRENDS@DF_TRENDSSAFETY(1.0),,I,PRT,,A,,FATALITIES,,PS,,ROAD,,_T,,_T,,2021,,561,,A,,0,,1,
DATAFLOW,OECD.ITF:DSD_TRENDS@DF_TRENDSSAFETY(1.0),,I,PRT,,A,,FATALITIES,,PS,,ROAD,,_T,,_T,,2022,,618,,A,,0,,1,
DATAFLOW,OECD.ITF:DSD_TRENDS@DF_TRENDSSAFETY(1.0),,I,PRT,,A,,FATALITIES,,PS,,ROAD,,_T,,_T,,2023,,642,,A,,0,,1,
DATAFLOW,OECD.ITF:DSD_TRENDS@DF_TRENDSSAFETY(1.0),,I,SVK,,A,,FATALITIES,,PS,,ROAD,,_T,,_T,,1993,,639,,A,,0,,1,
DATAFLOW,OECD.ITF:DSD_TRENDS@DF_TRENDSSAFETY(1.0),,I,SVK,,A,,FATALITIES,,PS,,ROAD,,_T,,_T,,1994,,680,,A,,0,,1,
DATAFLOW,OECD.ITF:DSD_TRENDS@DF_TRENDSSAFETY(1.0),,I,SVK,,A,,FATALITIES,,PS,,ROAD,,_T,,_T,,1995,,698,,A,,0,,1,
DATAFLOW,OECD.ITF:DSD_TRENDS@DF_TRENDSSAFETY(1.0),,I,SVK,,A,,FATALITIES,,PS,,ROAD,,_T,,_T,,1996,,638,,A,,0,,1,
DATAFLOW,OECD.ITF:DSD_TRENDS@DF_TRENDSSAFETY(1.0),,I,SVK,,A,,FATALITIES,,PS,,ROAD,,_T,,_T,,1997,,828,,A,,0,,1,
DATAFLOW,OECD.ITF:DSD_TRENDS@DF_TRENDSSAFETY(1.0),,I,SVK,,A,,FATALITIES,,PS,,ROAD,,_T,,_T,,1998,,861,,A,,0,,1,
DATAFLOW,OECD.ITF:DSD_TRENDS@DF_TRENDSSAFETY(1.0),,I,SVK,,A,,FATALITIES,,PS,,ROAD,,_T,,_T,,1999,,672,,A,,0,,1,
DATAFLOW,OECD.ITF:DSD_TRENDS@DF_TRENDSSAFETY(1.0),,I,SVK,,A,,FATALITIES,,PS,,ROAD,,_T,,_T,,2000,,648,,A,,0,,1,
DATAFLOW,OECD.ITF:DSD_TRENDS@DF_TRENDSSAFETY(1.0),,I,SVK,,A,,FATALITIES,,PS,,ROAD,,_T,,_T,,2001,,625,,A,,0,,1,
DATAFLOW,OECD.ITF:DSD_TRENDS@DF_TRENDSSAFETY(1.0),,I,SVK,,A,,FATALITIES,,PS,,ROAD,,_T,,_T,,2002,,626,,A,,0,,1,
DATAFLOW,OECD.ITF:DSD_TRENDS@DF_TRENDSSAFETY(1.0),,I,SVK,,A,,FATALITIES,,PS,,ROAD,,_T,,_T,,2003,,653,,A,,0,,1,
DATAFLOW,OECD.ITF:DSD_TRENDS@DF_TRENDSSAFETY(1.0),,I,SVK,,A,,FATALITIES,,PS,,ROAD,,_T,,_T,,2004,,608,,A,,0,,1,
DATAFLOW,OECD.ITF:DSD_TRENDS@DF_TRENDSSAFETY(1.0),,I,SVK,,A,,FATALITIES,,PS,,ROAD,,_T,,_T,,2005,,600,,A,,0,,1,
DATAFLOW,OECD.ITF:DSD_TRENDS@DF_TRENDSSAFETY(1.0),,I,SVK,,A,,FATALITIES,,PS,,ROAD,,_T,,_T,,2006,,608,,A,,0,,1,
DATAFLOW,OECD.ITF:DSD_TRENDS@DF_TRENDSSAFETY(1.0),,I,SVK,,A,,FATALITIES,,PS,,ROAD,,_T,,_T,,2007,,661,,A,,0,,1,
DATAFLOW,OECD.ITF:DSD_TRENDS@DF_TRENDSSAFETY(1.0),,I,SVK,,A,,FATALITIES,,PS,,ROAD,,_T,,_T,,2008,,606,,A,,0,,1,
DATAFLOW,OECD.ITF:DSD_TRENDS@DF_TRENDSSAFETY(1.0),,I,SVK,,A,,FATALITIES,,PS,,ROAD,,_T,,_T,,2009,,384,,A,,0,,1,
DATAFLOW,OECD.ITF:DSD_TRENDS@DF_TRENDSSAFETY(1.0),,I,SVK,,A,,FATALITIES,,PS,,ROAD,,_T,,_T,,2010,,353,,A,,0,,1,
DATAFLOW,OECD.ITF:DSD_TRENDS@DF_TRENDSSAFETY(1.0),,I,SVK,,A,,FATALITIES,,PS,,ROAD,,_T,,_T,,2011,,325,,A,,0,,1,
DATAFLOW,OECD.ITF:DSD_TRENDS@DF_TRENDSSAFETY(1.0),,I,SVK,,A,,FATALITIES,,PS,,ROAD,,_T,,_T,,2012,,352,,A,,0,,1,
DATAFLOW,OECD.ITF:DSD_TRENDS@DF_TRENDSSAFETY(1.0),,I,SVK,,A,,FATALITIES,,PS,,ROAD,,_T,,_T,,2013,,251,,A,,0,,1,
DATAFLOW,OECD.ITF:DSD_TRENDS@DF_TRENDSSAFETY(1.0),,I,SVK,,A,,FATALITIES,,PS,,ROAD,,_T,,_T,,2014,,295,,A,,0,,1,
DATAFLOW,OECD.ITF:DSD_TRENDS@DF_TRENDSSAFETY(1.0),,I,SVK,,A,,FATALITIES,,PS,,ROAD,,_T,,_T,,2015,,310,,A,,0,,1,
DATAFLOW,OECD.ITF:DSD_TRENDS@DF_TRENDSSAFETY(1.0),,I,SVK,,A,,FATALITIES,,PS,,ROAD,,_T,,_T,,2016,,275,,A,,0,,1,
DATAFLOW,OECD.ITF:DSD_TRENDS@DF_TRENDSSAFETY(1.0),,I,SVK,,A,,FATALITIES,,PS,,ROAD,,_T,,_T,,2017,,276,,A,,0,,1,
DATAFLOW,OECD.ITF:DSD_TRENDS@DF_TRENDSSAFETY(1.0),,I,SVK,,A,,FATALITIES,,PS,,ROAD,,_T,,_T,,2018,,260,,A,,0,,1,
DATAFLOW,OECD.ITF:DSD_TRENDS@DF_TRENDSSAFETY(1.0),,I,SVK,,A,,FATALITIES,,PS,,ROAD,,_T,,_T,,2019,,270,,A,,0,,1,
DATAFLOW,OECD.ITF:DSD_TRENDS@DF_TRENDSSAFETY(1.0),,I,SVK,,A,,FATALITIES,,PS,,ROAD,,_T,,_T,,2020,,247,,A,,0,,1,
DATAFLOW,OECD.ITF:DSD_TRENDS@DF_TRENDSSAFETY(1.0),,I,SVK,,A,,FATALITIES,,PS,,ROAD,,_T,,_T,,2021,,247,,A,,0,,1,
DATAFLOW,OECD.ITF:DSD_TRENDS@DF_TRENDSSAFETY(1.0),,I,SVK,,A,,FATALITIES,,PS,,ROAD,,_T,,_T,,2022,,266,,A,,0,,1,
DATAFLOW,OECD.ITF:DSD_TRENDS@DF_TRENDSSAFETY(1.0),,I,SVK,,A,,FATALITIES,,PS,,ROAD,,_T,,_T,,2023,,267,,A,,0,,1,
DATAFLOW,OECD.ITF:DSD_TRENDS@DF_TRENDSSAFETY(1.0),,I,SVK,,A,,FATALITIES,,PS,,ROAD,,_T,,_T,,2024,,262,,A,,0,,1,
DATAFLOW,OECD.ITF:DSD_TRENDS@DF_TRENDSSAFETY(1.0),,I,SVN,,A,,FATALITIES,,PS,,ROAD,,_T,,_T,,1970,,620,,A,,0,,1,
DATAFLOW,OECD.ITF:DSD_TRENDS@DF_TRENDSSAFETY(1.0),,I,SVN,,A,,FATALITIES,,PS,,ROAD,,_T,,_T,,1971,,644,,A,,0,,1,
DATAFLOW,OECD.ITF:DSD_TRENDS@DF_TRENDSSAFETY(1.0),,I,SVN,,A,,FATALITIES,,PS,,ROAD,,_T,,_T,,1972,,625,,A,,0,,1,
DATAFLOW,OECD.ITF:DSD_TRENDS@DF_TRENDSSAFETY(1.0),,I,SVN,,A,,FATALITIES,,PS,,ROAD,,_T,,_T,,1973,,701,,A,,0,,1,
DATAFLOW,OECD.ITF:DSD_TRENDS@DF_TRENDSSAFETY(1.0),,I,SVN,,A,,FATALITIES,,PS,,ROAD,,_T,,_T,,1974,,557,,A,,0,,1,
DATAFLOW,OECD.ITF:DSD_TRENDS@DF_TRENDSSAFETY(1.0),,I,SVN,,A,,FATALITIES,,PS,,ROAD,,_T,,_T,,1975,,596,,A,,0,,1,
DATAFLOW,OECD.ITF:DSD_TRENDS@DF_TRENDSSAFETY(1.0),,I,SVN,,A,,FATALITIES,,PS,,ROAD,,_T,,_T,,1976,,587,,A,,0,,1,
DATAFLOW,OECD.ITF:DSD_TRENDS@DF_TRENDSSAFETY(1.0),,I,SVN,,A,,FATALITIES,,PS,,ROAD,,_T,,_T,,1977,,680,,A,,0,,1,
DATAFLOW,OECD.ITF:DSD_TRENDS@DF_TRENDSSAFETY(1.0),,I,SVN,,A,,FATALITIES,,PS,,ROAD,,_T,,_T,,1978,,729,,A,,0,,1,
DATAFLOW,OECD.ITF:DSD_TRENDS@DF_TRENDSSAFETY(1.0),,I,SVN,,A,,FATALITIES,,PS,,ROAD,,_T,,_T,,1979,,735,,A,,0,,1,
DATAFLOW,OECD.ITF:DSD_TRENDS@DF_TRENDSSAFETY(1.0),,I,SVN,,A,,FATALITIES,,PS,,ROAD,,_T,,_T,,1980,,558,,A,,0,,1,
DATAFLOW,OECD.ITF:DSD_TRENDS@DF_TRENDSSAFETY(1.0),,I,SVN,,A,,FATALITIES,,PS,,ROAD,,_T,,_T,,1981,,565,,A,,0,,1,
DATAFLOW,OECD.ITF:DSD_TRENDS@DF_TRENDSSAFETY(1.0),,I,SVN,,A,,FATALITIES,,PS,,ROAD,,_T,,_T,,1982,,569,,A,,0,,1,
DATAFLOW,OECD.ITF:DSD_TRENDS@DF_TRENDSSAFETY(1.0),,I,SVN,,A,,FATALITIES,,PS,,ROAD,,_T,,_T,,1983,,527,,A,,0,,1,
DATAFLOW,OECD.ITF:DSD_TRENDS@DF_TRENDSSAFETY(1.0),,I,SVN,,A,,FATALITIES,,PS,,ROAD,,_T,,_T,,1984,,492,,A,,0,,1,
DATAFLOW,OECD.ITF:DSD_TRENDS@DF_TRENDSSAFETY(1.0),,I,SVN,,A,,FATALITIES,,PS,,ROAD,,_T,,_T,,1985,,464,,A,,0,,1,
DATAFLOW,OECD.ITF:DSD_TRENDS@DF_TRENDSSAFETY(1.0),,I,SVN,,A,,FATALITIES,,PS,,ROAD,,_T,,_T,,1986,,504,,A,,0,,1,
DATAFLOW,OECD.ITF:DSD_TRENDS@DF_TRENDSSAFETY(1.0),,I,SVN,,A,,FATALITIES,,PS,,ROAD,,_T,,_T,,1987,,558,,A,,0,,1,
DATAFLOW,OECD.ITF:DSD_TRENDS@DF_TRENDSSAFETY(1.0),,I,SVN,,A,,FATALITIES,,PS,,ROAD,,_T,,_T,,1988,,551,,A,,0,,1,
DATAFLOW,OECD.ITF:DSD_TRENDS@DF_TRENDSSAFETY(1.0),,I,SVN,,A,,FATALITIES,,PS,,ROAD,,_T,,_T,,1989,,554,,A,,0,,1,
DATAFLOW,OECD.ITF:DSD_TRENDS@DF_TRENDSSAFETY(1.0),,I,SVN,,A,,FATALITIES,,PS,,ROAD,,_T,,_T,,1990,,517,,A,,0,,1,
DATAFLOW,OECD.ITF:DSD_TRENDS@DF_TRENDSSAFETY(1.0),,I,SVN,,A,,FATALITIES,,PS,,ROAD,,_T,,_T,,1991,,462,,A,,0,,1,
DATAFLOW,OECD.ITF:DSD_TRENDS@DF_TRENDSSAFETY(1.0),,I,SVN,,A,,FATALITIES,,PS,,ROAD,,_T,,_T,,1992,,492,,A,,0,,1,
DATAFLOW,OECD.ITF:DSD_TRENDS@DF_TRENDSSAFETY(1.0),,I,SVN,,A,,FATALITIES,,PS,,ROAD,,_T,,_T,,1993,,493,,A,,0,,1,
DATAFLOW,OECD.ITF:DSD_TRENDS@DF_TRENDSSAFETY(1.0),,I,SVN,,A,,FATALITIES,,PS,,ROAD,,_T,,_T,,1994,,505,,A,,0,,1,
DATAFLOW,OECD.ITF:DSD_TRENDS@DF_TRENDSSAFETY(1.0),,I,SVN,,A,,FATALITIES,,PS,,ROAD,,_T,,_T,,1995,,415,,A,,0,,1,
DATAFLOW,OECD.ITF:DSD_TRENDS@DF_TRENDSSAFETY(1.0),,I,SVN,,A,,FATALITIES,,PS,,ROAD,,_T,,_T,,1996,,389,,A,,0,,1,
DATAFLOW,OECD.ITF:DSD_TRENDS@DF_TRENDSSAFETY(1.0),,I,SVN,,A,,FATALITIES,,PS,,ROAD,,_T,,_T,,1997,,357,,A,,0,,1,
DATAFLOW,OECD.ITF:DSD_TRENDS@DF_TRENDSSAFETY(1.0),,I,SVN,,A,,FATALITIES,,PS,,ROAD,,_T,,_T,,1998,,309,,A,,0,,1,
DATAFLOW,OECD.ITF:DSD_TRENDS@DF_TRENDSSAFETY(1.0),,I,SVN,,A,,FATALITIES,,PS,,ROAD,,_T,,_T,,1999,,334,,A,,0,,1,
DATAFLOW,OECD.ITF:DSD_TRENDS@DF_TRENDSSAFETY(1.0),,I,SVN,,A,,FATALITIES,,PS,,ROAD,,_T,,_T,,2000,,313,,A,,0,,1,
DATAFLOW,OECD.ITF:DSD_TRENDS@DF_TRENDSSAFETY(1.0),,I,SVN,,A,,FATALITIES,,PS,,ROAD,,_T,,_T,,2001,,278,,A,,0,,1,
DATAFLOW,OECD.ITF:DSD_TRENDS@DF_TRENDSSAFETY(1.0),,I,SVN,,A,,FATALITIES,,PS,,ROAD,,_T,,_T,,2002,,268,,A,,0,,1,
DATAFLOW,OECD.ITF:DSD_TRENDS@DF_TRENDSSAFETY(1.0),,I,SVN,,A,,FATALITIES,,PS,,ROAD,,_T,,_T,,2003,,242,,A,,0,,1,
DATAFLOW,OECD.ITF:DSD_TRENDS@DF_TRENDSSAFETY(1.0),,I,SVN,,A,,FATALITIES,,PS,,ROAD,,_T,,_T,,2004,,274,,A,,0,,1,
DATAFLOW,OECD.ITF:DSD_TRENDS@DF_TRENDSSAFETY(1.0),,I,SVN,,A,,FATALITIES,,PS,,ROAD,,_T,,_T,,2005,,258,,A,,0,,1,
DATAFLOW,OECD.ITF:DSD_TRENDS@DF_TRENDSSAFETY(1.0),,I,SVN,,A,,FATALITIES,,PS,,ROAD,,_T,,_T,,2006,,262,,A,,0,,1,
DATAFLOW,OECD.ITF:DSD_TRENDS@DF_TRENDSSAFETY(1.0),,I,SVN,,A,,FATALITIES,,PS,,ROAD,,_T,,_T,,2007,,293,,A,,0,,1,
DATAFLOW,OECD.ITF:DSD_TRENDS@DF_TRENDSSAFETY(1.0),,I,SVN,,A,,FATALITIES,,PS,,ROAD,,_T,,_T,,2008,,214,,A,,0,,1,
DATAFLOW,OECD.ITF:DSD_TRENDS@DF_TRENDSSAFETY(1.0),,I,SVN,,A,,FATALITIES,,PS,,ROAD,,_T,,_T,,2009,,171,,A,,0,,1,
DATAFLOW,OECD.ITF:DSD_TRENDS@DF_TRENDSSAFETY(1.0),,I,SVN,,A,,FATALITIES,,PS,,ROAD,,_T,,_T,,2010,,138,,A,,0,,1,
DATAFLOW,OECD.ITF:DSD_TRENDS@DF_TRENDSSAFETY(1.0),,I,SVN,,A,,FATALITIES,,PS,,ROAD,,_T,,_T,,2011,,141,,A,,0,,1,
DATAFLOW,OECD.ITF:DSD_TRENDS@DF_TRENDSSAFETY(1.0),,I,SVN,,A,,FATALITIES,,PS,,ROAD,,_T,,_T,,2012,,130,,A,,0,,1,
DATAFLOW,OECD.ITF:DSD_TRENDS@DF_TRENDSSAFETY(1.0),,I,SVN,,A,,FATALITIES,,PS,,ROAD,,_T,,_T,,2013,,125,,A,,0,,1,
DATAFLOW,OECD.ITF:DSD_TRENDS@DF_TRENDSSAFETY(1.0),,I,SVN,,A,,FATALITIES,,PS,,ROAD,,_T,,_T,,2014,,108,,A,,0,,1,
DATAFLOW,OECD.ITF:DSD_TRENDS@DF_TRENDSSAFETY(1.0),,I,SVN,,A,,FATALITIES,,PS,,ROAD,,_T,,_T,,2015,,120,,A,,0,,1,
DATAFLOW,OECD.ITF:DSD_TRENDS@DF_TRENDSSAFETY(1.0),,I,SVN,,A,,FATALITIES,,PS,,ROAD,,_T,,_T,,2016,,130,,A,,0,,1,
DATAFLOW,OECD.ITF:DSD_TRENDS@DF_TRENDSSAFETY(1.0),,I,SVN,,A,,FATALITIES,,PS,,ROAD,,_T,,_T,,2017,,104,,A,,0,,1,
DATAFLOW,OECD.ITF:DSD_TRENDS@DF_TRENDSSAFETY(1.0),,I,SVN,,A,,FATALITIES,,PS,,ROAD,,_T,,_T,,2018,,91,,A,,0,,1,
DATAFLOW,OECD.ITF:DSD_TRENDS@DF_TRENDSSAFETY(1.0),,I,SVN,,A,,FATALITIES,,PS,,ROAD,,_T,,_T,,2019,,102,,A,,0,,1,
DATAFLOW,OECD.ITF:DSD_TRENDS@DF_TRENDSSAFETY(1.0),,I,SVN,,A,,FATALITIES,,PS,,ROAD,,_T,,_T,,2020,,80,,A,,0,,1,
DATAFLOW,OECD.ITF:DSD_TRENDS@DF_TRENDSSAFETY(1.0),,I,SVN,,A,,FATALITIES,,PS,,ROAD,,_T,,_T,,2021,,114,,A,,0,,1,
DATAFLOW,OECD.ITF:DSD_TRENDS@DF_TRENDSSAFETY(1.0),,I,SVN,,A,,FATALITIES,,PS,,ROAD,,_T,,_T,,2022,,85,,A,,0,,1,
DATAFLOW,OECD.ITF:DSD_TRENDS@DF_TRENDSSAFETY(1.0),,I,SVN,,A,,FATALITIES,,PS,,ROAD,,_T,,_T,,2023,,83,,A,,0,,1,
DATAFLOW,OECD.ITF:DSD_TRENDS@DF_TRENDSSAFETY(1.0),,I,SVN,,A,,FATALITIES,,PS,,ROAD,,_T,,_T,,2024,,68,,A,,0,,1,
DATAFLOW,OECD.ITF:DSD_TRENDS@DF_TRENDSSAFETY(1.0),,I,ESP,,A,,FATALITIES,,PS,,ROAD,,_T,,_T,,1970,,4200,,A,,0,,1,
DATAFLOW,OECD.ITF:DSD_TRENDS@DF_TRENDSSAFETY(1.0),,I,ESP,,A,,FATALITIES,,PS,,ROAD,,_T,,_T,,1971,,4200,,A,,0,,1,
DATAFLOW,OECD.ITF:DSD_TRENDS@DF_TRENDSSAFETY(1.0),,I,ESP,,A,,FATALITIES,,PS,,ROAD,,_T,,_T,,1972,,4500,,A,,0,,1,
DATAFLOW,OECD.ITF:DSD_TRENDS@DF_TRENDSSAFETY(1.0),,I,ESP,,A,,FATALITIES,,PS,,ROAD,,_T,,_T,,1973,,4800,,A,,0,,1,
DATAFLOW,OECD.ITF:DSD_TRENDS@DF_TRENDSSAFETY(1.0),,I,ESP,,A,,FATALITIES,,PS,,ROAD,,_T,,_T,,1974,,4300,,A,,0,,1,
DATAFLOW,OECD.ITF:DSD_TRENDS@DF_TRENDSSAFETY(1.0),,I,ESP,,A,,FATALITIES,,PS,,ROAD,,_T,,_T,,1975,,4487,,A,,0,,1,
DATAFLOW,OECD.ITF:DSD_TRENDS@DF_TRENDSSAFETY(1.0),,I,ESP,,A,,FATALITIES,,PS,,ROAD,,_T,,_T,,1976,,4800,,A,,0,,1,
DATAFLOW,OECD.ITF:DSD_TRENDS@DF_TRENDSSAFETY(1.0),,I,ESP,,A,,FATALITIES,,PS,,ROAD,,_T,,_T,,1977,,4800,,A,,0,,1,
DATAFLOW,OECD.ITF:DSD_TRENDS@DF_TRENDSSAFETY(1.0),,I,ESP,,A,,FATALITIES,,PS,,ROAD,,_T,,_T,,1978,,5300,,A,,0,,1,
DATAFLOW,OECD.ITF:DSD_TRENDS@DF_TRENDSSAFETY(1.0),,I,ESP,,A,,FATALITIES,,PS,,ROAD,,_T,,_T,,1979,,5100,,A,,0,,1,
DATAFLOW,OECD.ITF:DSD_TRENDS@DF_TRENDSSAFETY(1.0),,I,ESP,,A,,FATALITIES,,PS,,ROAD,,_T,,_T,,1980,,5017,,A,,0,,1,
DATAFLOW,OECD.ITF:DSD_TRENDS@DF_TRENDSSAFETY(1.0),,I,ESP,,A,,FATALITIES,,PS,,ROAD,,_T,,_T,,1981,,4930,,A,,0,,1,
DATAFLOW,OECD.ITF:DSD_TRENDS@DF_TRENDSSAFETY(1.0),,I,ESP,,A,,FATALITIES,,PS,,ROAD,,_T,,_T,,1982,,4486,,A,,0,,1,
DATAFLOW,OECD.ITF:DSD_TRENDS@DF_TRENDSSAFETY(1.0),,I,ESP,,A,,FATALITIES,,PS,,ROAD,,_T,,_T,,1983,,4666,,A,,0,,1,
DATAFLOW,OECD.ITF:DSD_TRENDS@DF_TRENDSSAFETY(1.0),,I,ESP,,A,,FATALITIES,,PS,,ROAD,,_T,,_T,,1984,,4827,,A,,0,,1,
DATAFLOW,OECD.ITF:DSD_TRENDS@DF_TRENDSSAFETY(1.0),,I,ESP,,A,,FATALITIES,,PS,,ROAD,,_T,,_T,,1985,,4903,,A,,0,,1,
DATAFLOW,OECD.ITF:DSD_TRENDS@DF_TRENDSSAFETY(1.0),,I,ESP,,A,,FATALITIES,,PS,,ROAD,,_T,,_T,,1986,,5419,,A,,0,,1,
DATAFLOW,OECD.ITF:DSD_TRENDS@DF_TRENDSSAFETY(1.0),,I,ESP,,A,,FATALITIES,,PS,,ROAD,,_T,,_T,,1987,,5862,,A,,0,,1,
DATAFLOW,OECD.ITF:DSD_TRENDS@DF_TRENDSSAFETY(1.0),,I,ESP,,A,,FATALITIES,,PS,,ROAD,,_T,,_T,,1988,,6348,,A,,0,,1,
DATAFLOW,OECD.ITF:DSD_TRENDS@DF_TRENDSSAFETY(1.0),,I,ESP,,A,,FATALITIES,,PS,,ROAD,,_T,,_T,,1989,,7188,,A,,0,,1,
DATAFLOW,OECD.ITF:DSD_TRENDS@DF_TRENDSSAFETY(1.0),,I,ESP,,A,,FATALITIES,,PS,,ROAD,,_T,,_T,,1990,,6948,,A,,0,,1,
DATAFLOW,OECD.ITF:DSD_TRENDS@DF_TRENDSSAFETY(1.0),,I,ESP,,A,,FATALITIES,,PS,,ROAD,,_T,,_T,,1991,,6797,,A,,0,,1,
DATAFLOW,OECD.ITF:DSD_TRENDS@DF_TRENDSSAFETY(1.0),,I,ESP,,A,,FATALITIES,,PS,,ROAD,,_T,,_T,,1992,,6014,,A,,0,,1,
DATAFLOW,OECD.ITF:DSD_TRENDS@DF_TRENDSSAFETY(1.0),,I,ESP,,A,,FATALITIES,,PS,,ROAD,,_T,,_T,,1993,,6378,,A,,0,,1,
DATAFLOW,OECD.ITF:DSD_TRENDS@DF_TRENDSSAFETY(1.0),,I,ESP,,A,,FATALITIES,,PS,,ROAD,,_T,,_T,,1994,,5615,,A,,0,,1,
DATAFLOW,OECD.ITF:DSD_TRENDS@DF_TRENDSSAFETY(1.0),,I,ESP,,A,,FATALITIES,,PS,,ROAD,,_T,,_T,,1995,,5751,,A,,0,,1,
DATAFLOW,OECD.ITF:DSD_TRENDS@DF_TRENDSSAFETY(1.0),,I,ESP,,A,,FATALITIES,,PS,,ROAD,,_T,,_T,,1996,,5483,,A,,0,,1,
DATAFLOW,OECD.ITF:DSD_TRENDS@DF_TRENDSSAFETY(1.0),,I,ESP,,A,,FATALITIES,,PS,,ROAD,,_T,,_T,,1997,,5604,,A,,0,,1,
DATAFLOW,OECD.ITF:DSD_TRENDS@DF_TRENDSSAFETY(1.0),,I,ESP,,A,,FATALITIES,,PS,,ROAD,,_T,,_T,,1998,,5957,,A,,0,,1,
DATAFLOW,OECD.ITF:DSD_TRENDS@DF_TRENDSSAFETY(1.0),,I,ESP,,A,,FATALITIES,,PS,,ROAD,,_T,,_T,,1999,,5738,,A,,0,,1,
DATAFLOW,OECD.ITF:DSD_TRENDS@DF_TRENDSSAFETY(1.0),,I,ESP,,A,,FATALITIES,,PS,,ROAD,,_T,,_T,,2000,,5776,,A,,0,,1,
DATAFLOW,OECD.ITF:DSD_TRENDS@DF_TRENDSSAFETY(1.0),,I,ESP,,A,,FATALITIES,,PS,,ROAD,,_T,,_T,,2001,,5517,,A,,0,,1,
DATAFLOW,OECD.ITF:DSD_TRENDS@DF_TRENDSSAFETY(1.0),,I,ESP,,A,,FATALITIES,,PS,,ROAD,,_T,,_T,,2002,,5347,,A,,0,,1,
DATAFLOW,OECD.ITF:DSD_TRENDS@DF_TRENDSSAFETY(1.0),,I,ESP,,A,,FATALITIES,,PS,,ROAD,,_T,,_T,,2003,,5399,,A,,0,,1,
DATAFLOW,OECD.ITF:DSD_TRENDS@DF_TRENDSSAFETY(1.0),,I,ESP,,A,,FATALITIES,,PS,,ROAD,,_T,,_T,,2004,,4741,,A,,0,,1,
DATAFLOW,OECD.ITF:DSD_TRENDS@DF_TRENDSSAFETY(1.0),,I,ESP,,A,,FATALITIES,,PS,,ROAD,,_T,,_T,,2005,,4442,,A,,0,,1,
DATAFLOW,OECD.ITF:DSD_TRENDS@DF_TRENDSSAFETY(1.0),,I,ESP,,A,,FATALITIES,,PS,,ROAD,,_T,,_T,,2006,,4104,,A,,0,,1,
DATAFLOW,OECD.ITF:DSD_TRENDS@DF_TRENDSSAFETY(1.0),,I,ESP,,A,,FATALITIES,,PS,,ROAD,,_T,,_T,,2007,,3823,,A,,0,,1,
DATAFLOW,OECD.ITF:DSD_TRENDS@DF_TRENDSSAFETY(1.0),,I,ESP,,A,,FATALITIES,,PS,,ROAD,,_T,,_T,,2008,,3100,,A,,0,,1,
DATAFLOW,OECD.ITF:DSD_TRENDS@DF_TRENDSSAFETY(1.0),,I,ESP,,A,,FATALITIES,,PS,,ROAD,,_T,,_T,,2009,,2714,,A,,0,,1,
DATAFLOW,OECD.ITF:DSD_TRENDS@DF_TRENDSSAFETY(1.0),,I,ESP,,A,,FATALITIES,,PS,,ROAD,,_T,,_T,,2010,,2478,,A,,0,,1,
DATAFLOW,OECD.ITF:DSD_TRENDS@DF_TRENDSSAFETY(1.0),,I,ESP,,A,,FATALITIES,,PS,,ROAD,,_T,,_T,,2011,,2060,,A,,0,,1,
DATAFLOW,OECD.ITF:DSD_TRENDS@DF_TRENDSSAFETY(1.0),,I,ESP,,A,,FATALITIES,,PS,,ROAD,,_T,,_T,,2012,,1903,,A,,0,,1,
DATAFLOW,OECD.ITF:DSD_TRENDS@DF_TRENDSSAFETY(1.0),,I,ESP,,A,,FATALITIES,,PS,,ROAD,,_T,,_T,,2013,,1680,,A,,0,,1,
DATAFLOW,OECD.ITF:DSD_TRENDS@DF_TRENDSSAFETY(1.0),,I,ESP,,A,,FATALITIES,,PS,,ROAD,,_T,,_T,,2014,,1688,,A,,0,,1,
DATAFLOW,OECD.ITF:DSD_TRENDS@DF_TRENDSSAFETY(1.0),,I,ESP,,A,,FATALITIES,,PS,,ROAD,,_T,,_T,,2015,,1689,,A,,0,,1,
DATAFLOW,OECD.ITF:DSD_TRENDS@DF_TRENDSSAFETY(1.0),,I,ESP,,A,,FATALITIES,,PS,,ROAD,,_T,,_T,,2016,,1810,,A,,0,,1,
DATAFLOW,OECD.ITF:DSD_TRENDS@DF_TRENDSSAFETY(1.0),,I,ESP,,A,,FATALITIES,,PS,,ROAD,,_T,,_T,,2017,,1830,,A,,0,,1,
DATAFLOW,OECD.ITF:DSD_TRENDS@DF_TRENDSSAFETY(1.0),,I,ESP,,A,,FATALITIES,,PS,,ROAD,,_T,,_T,,2018,,1806,,A,,0,,1,
DATAFLOW,OECD.ITF:DSD_TRENDS@DF_TRENDSSAFETY(1.0),,I,ESP,,A,,FATALITIES,,PS,,ROAD,,_T,,_T,,2019,,1755,,A,,0,,1,
DATAFLOW,OECD.ITF:DSD_TRENDS@DF_TRENDSSAFETY(1.0),,I,ESP,,A,,FATALITIES,,PS,,ROAD,,_T,,_T,,2020,,1370,,A,,0,,1,
DATAFLOW,OECD.ITF:DSD_TRENDS@DF_TRENDSSAFETY(1.0),,I,ESP,,A,,FATALITIES,,PS,,ROAD,,_T,,_T,,2021,,1533,,A,,0,,1,
DATAFLOW,OECD.ITF:DSD_TRENDS@DF_TRENDSSAFETY(1.0),,I,ESP,,A,,FATALITIES,,PS,,ROAD,,_T,,_T,,2022,,1746,,A,,0,,1,
DATAFLOW,OECD.ITF:DSD_TRENDS@DF_TRENDSSAFETY(1.0),,I,ESP,,A,,FATALITIES,,PS,,ROAD,,_T,,_T,,2023,,1805,,A,,0,,1,
DATAFLOW,OECD.ITF:DSD_TRENDS@DF_TRENDSSAFETY(1.0),,I,SWE,,A,,FATALITIES,,PS,,ROAD,,_T,,_T,,1970,,1307,,A,,0,,1,
DATAFLOW,OECD.ITF:DSD_TRENDS@DF_TRENDSSAFETY(1.0),,I,SWE,,A,,FATALITIES,,PS,,ROAD,,_T,,_T,,1971,,1213,,A,,0,,1,
DATAFLOW,OECD.ITF:DSD_TRENDS@DF_TRENDSSAFETY(1.0),,I,SWE,,A,,FATALITIES,,PS,,ROAD,,_T,,_T,,1972,,1194,,A,,0,,1,
DATAFLOW,OECD.ITF:DSD_TRENDS@DF_TRENDSSAFETY(1.0),,I,SWE,,A,,FATALITIES,,PS,,ROAD,,_T,,_T,,1973,,1177,,A,,0,,1,
DATAFLOW,OECD.ITF:DSD_TRENDS@DF_TRENDSSAFETY(1.0),,I,SWE,,A,,FATALITIES,,PS,,ROAD,,_T,,_T,,1974,,1197,,A,,0,,1,
DATAFLOW,OECD.ITF:DSD_TRENDS@DF_TRENDSSAFETY(1.0),,I,SWE,,A,,FATALITIES,,PS,,ROAD,,_T,,_T,,1975,,1172,,A,,0,,1,
DATAFLOW,OECD.ITF:DSD_TRENDS@DF_TRENDSSAFETY(1.0),,I,SWE,,A,,FATALITIES,,PS,,ROAD,,_T,,_T,,1976,,1168,,A,,0,,1,
DATAFLOW,OECD.ITF:DSD_TRENDS@DF_TRENDSSAFETY(1.0),,I,SWE,,A,,FATALITIES,,PS,,ROAD,,_T,,_T,,1977,,1031,,A,,0,,1,
DATAFLOW,OECD.ITF:DSD_TRENDS@DF_TRENDSSAFETY(1.0),,I,SWE,,A,,FATALITIES,,PS,,ROAD,,_T,,_T,,1978,,1034,,A,,0,,1,
DATAFLOW,OECD.ITF:DSD_TRENDS@DF_TRENDSSAFETY(1.0),,I,SWE,,A,,FATALITIES,,PS,,ROAD,,_T,,_T,,1979,,926,,A,,0,,1,
DATAFLOW,OECD.ITF:DSD_TRENDS@DF_TRENDSSAFETY(1.0),,I,SWE,,A,,FATALITIES,,PS,,ROAD,,_T,,_T,,1980,,848,,A,,0,,1,
DATAFLOW,OECD.ITF:DSD_TRENDS@DF_TRENDSSAFETY(1.0),,I,SWE,,A,,FATALITIES,,PS,,ROAD,,_T,,_T,,1981,,784,,A,,0,,1,
DATAFLOW,OECD.ITF:DSD_TRENDS@DF_TRENDSSAFETY(1.0),,I,SWE,,A,,FATALITIES,,PS,,ROAD,,_T,,_T,,1982,,758,,A,,0,,1,
DATAFLOW,OECD.ITF:DSD_TRENDS@DF_TRENDSSAFETY(1.0),,I,SWE,,A,,FATALITIES,,PS,,ROAD,,_T,,_T,,1983,,779,,A,,0,,1,
DATAFLOW,OECD.ITF:DSD_TRENDS@DF_TRENDSSAFETY(1.0),,I,SWE,,A,,FATALITIES,,PS,,ROAD,,_T,,_T,,1984,,801,,A,,0,,1,
DATAFLOW,OECD.ITF:DSD_TRENDS@DF_TRENDSSAFETY(1.0),,I,SWE,,A,,FATALITIES,,PS,,ROAD,,_T,,_T,,1985,,808,,A,,0,,1,
DATAFLOW,OECD.ITF:DSD_TRENDS@DF_TRENDSSAFETY(1.0),,I,SWE,,A,,FATALITIES,,PS,,ROAD,,_T,,_T,,1986,,844,,A,,0,,1,
DATAFLOW,OECD.ITF:DSD_TRENDS@DF_TRENDSSAFETY(1.0),,I,SWE,,A,,FATALITIES,,PS,,ROAD,,_T,,_T,,1987,,787,,A,,0,,1,
DATAFLOW,OECD.ITF:DSD_TRENDS@DF_TRENDSSAFETY(1.0),,I,SWE,,A,,FATALITIES,,PS,,ROAD,,_T,,_T,,1988,,813,,A,,0,,1,
DATAFLOW,OECD.ITF:DSD_TRENDS@DF_TRENDSSAFETY(1.0),,I,SWE,,A,,FATALITIES,,PS,,ROAD,,_T,,_T,,1989,,904,,A,,0,,1,
DATAFLOW,OECD.ITF:DSD_TRENDS@DF_TRENDSSAFETY(1.0),,I,SWE,,A,,FATALITIES,,PS,,ROAD,,_T,,_T,,1990,,772,,A,,0,,1,
DATAFLOW,OECD.ITF:DSD_TRENDS@DF_TRENDSSAFETY(1.0),,I,SWE,,A,,FATALITIES,,PS,,ROAD,,_T,,_T,,1991,,745,,A,,0,,1,
DATAFLOW,OECD.ITF:DSD_TRENDS@DF_TRENDSSAFETY(1.0),,I,SWE,,A,,FATALITIES,,PS,,ROAD,,_T,,_T,,1992,,759,,A,,0,,1,
DATAFLOW,OECD.ITF:DSD_TRENDS@DF_TRENDSSAFETY(1.0),,I,SWE,,A,,FATALITIES,,PS,,ROAD,,_T,,_T,,1993,,632,,A,,0,,1,
DATAFLOW,OECD.ITF:DSD_TRENDS@DF_TRENDSSAFETY(1.0),,I,SWE,,A,,FATALITIES,,PS,,ROAD,,_T,,_T,,1994,,589,,A,,0,,1,
DATAFLOW,OECD.ITF:DSD_TRENDS@DF_TRENDSSAFETY(1.0),,I,SWE,,A,,FATALITIES,,PS,,ROAD,,_T,,_T,,1995,,572,,A,,0,,1,
DATAFLOW,OECD.ITF:DSD_TRENDS@DF_TRENDSSAFETY(1.0),,I,SWE,,A,,FATALITIES,,PS,,ROAD,,_T,,_T,,1996,,537,,A,,0,,1,
DATAFLOW,OECD.ITF:DSD_TRENDS@DF_TRENDSSAFETY(1.0),,I,SWE,,A,,FATALITIES,,PS,,ROAD,,_T,,_T,,1997,,541,,A,,0,,1,
DATAFLOW,OECD.ITF:DSD_TRENDS@DF_TRENDSSAFETY(1.0),,I,SWE,,A,,FATALITIES,,PS,,ROAD,,_T,,_T,,1998,,531,,A,,0,,1,
DATAFLOW,OECD.ITF:DSD_TRENDS@DF_TRENDSSAFETY(1.0),,I,SWE,,A,,FATALITIES,,PS,,ROAD,,_T,,_T,,1999,,580,,A,,0,,1,
DATAFLOW,OECD.ITF:DSD_TRENDS@DF_TRENDSSAFETY(1.0),,I,SWE,,A,,FATALITIES,,PS,,ROAD,,_T,,_T,,2000,,591,,A,,0,,1,
DATAFLOW,OECD.ITF:DSD_TRENDS@DF_TRENDSSAFETY(1.0),,I,SWE,,A,,FATALITIES,,PS,,ROAD,,_T,,_T,,2001,,583,,A,,0,,1,
DATAFLOW,OECD.ITF:DSD_TRENDS@DF_TRENDSSAFETY(1.0),,I,SWE,,A,,FATALITIES,,PS,,ROAD,,_T,,_T,,2002,,560,,A,,0,,1,
DATAFLOW,OECD.ITF:DSD_TRENDS@DF_TRENDSSAFETY(1.0),,I,SWE,,A,,FATALITIES,,PS,,ROAD,,_T,,_T,,2003,,529,,A,,0,,1,
DATAFLOW,OECD.ITF:DSD_TRENDS@DF_TRENDSSAFETY(1.0),,I,SWE,,A,,FATALITIES,,PS,,ROAD,,_T,,_T,,2004,,480,,A,,0,,1,
DATAFLOW,OECD.ITF:DSD_TRENDS@DF_TRENDSSAFETY(1.0),,I,SWE,,A,,FATALITIES,,PS,,ROAD,,_T,,_T,,2005,,440,,A,,0,,1,
DATAFLOW,OECD.ITF:DSD_TRENDS@DF_TRENDSSAFETY(1.0),,I,SWE,,A,,FATALITIES,,PS,,ROAD,,_T,,_T,,2006,,445,,A,,0,,1,
DATAFLOW,OECD.ITF:DSD_TRENDS@DF_TRENDSSAFETY(1.0),,I,SWE,,A,,FATALITIES,,PS,,ROAD,,_T,,_T,,2007,,471,,A,,0,,1,
DATAFLOW,OECD.ITF:DSD_TRENDS@DF_TRENDSSAFETY(1.0),,I,SWE,,A,,FATALITIES,,PS,,ROAD,,_T,,_T,,2008,,397,,A,,0,,1,
DATAFLOW,OECD.ITF:DSD_TRENDS@DF_TRENDSSAFETY(1.0),,I,SWE,,A,,FATALITIES,,PS,,ROAD,,_T,,_T,,2009,,358,,A,,0,,1,
DATAFLOW,OECD.ITF:DSD_TRENDS@DF_TRENDSSAFETY(1.0),,I,SWE,,A,,FATALITIES,,PS,,ROAD,,_T,,_T,,2011,,319,,A,,0,,1,
DATAFLOW,OECD.ITF:DSD_TRENDS@DF_TRENDSSAFETY(1.0),,I,SWE,,A,,FATALITIES,,PS,,ROAD,,_T,,_T,,2012,,285,,A,,0,,1,
DATAFLOW,OECD.ITF:DSD_TRENDS@DF_TRENDSSAFETY(1.0),,I,SWE,,A,,FATALITIES,,PS,,ROAD,,_T,,_T,,2013,,260,,A,,0,,1,
DATAFLOW,OECD.ITF:DSD_TRENDS@DF_TRENDSSAFETY(1.0),,I,SWE,,A,,FATALITIES,,PS,,ROAD,,_T,,_T,,2014,,270,,A,,0,,1,
DATAFLOW,OECD.ITF:DSD_TRENDS@DF_TRENDSSAFETY(1.0),,I,SWE,,A,,FATALITIES,,PS,,ROAD,,_T,,_T,,2015,,259,,A,,0,,1,
DATAFLOW,OECD.ITF:DSD_TRENDS@DF_TRENDSSAFETY(1.0),,I,SWE,,A,,FATALITIES,,PS,,ROAD,,_T,,_T,,2016,,270,,A,,0,,1,
DATAFLOW,OECD.ITF:DSD_TRENDS@DF_TRENDSSAFETY(1.0),,I,SWE,,A,,FATALITIES,,PS,,ROAD,,_T,,_T,,2017,,252,,A,,0,,1,
DATAFLOW,OECD.ITF:DSD_TRENDS@DF_TRENDSSAFETY(1.0),,I,SWE,,A,,FATALITIES,,PS,,ROAD,,_T,,_T,,2018,,324,,A,,0,,1,
DATAFLOW,OECD.ITF:DSD_TRENDS@DF_TRENDSSAFETY(1.0),,I,SWE,,A,,FATALITIES,,PS,,ROAD,,_T,,_T,,2019,,221,,A,,0,,1,
DATAFLOW,OECD.ITF:DSD_TRENDS@DF_TRENDSSAFETY(1.0),,I,SWE,,A,,FATALITIES,,PS,,ROAD,,_T,,_T,,2020,,204,,A,,0,,1,
DATAFLOW,OECD.ITF:DSD_TRENDS@DF_TRENDSSAFETY(1.0),,I,SWE,,A,,FATALITIES,,PS,,ROAD,,_T,,_T,,2021,,210,,A,,0,,1,
DATAFLOW,OECD.ITF:DSD_TRENDS@DF_TRENDSSAFETY(1.0),,I,SWE,,A,,FATALITIES,,PS,,ROAD,,_T,,_T,,2022,,227,,A,,0,,1,
DATAFLOW,OECD.ITF:DSD_TRENDS@DF_TRENDSSAFETY(1.0),,I,SWE,,A,,FATALITIES,,PS,,ROAD,,_T,,_T,,2023,,229,,A,,0,,1,
DATAFLOW,OECD.ITF:DSD_TRENDS@DF_TRENDSSAFETY(1.0),,I,SWE,,A,,FATALITIES,,PS,,ROAD,,_T,,_T,,2024,,213,,A,,0,,1,
DATAFLOW,OECD.ITF:DSD_TRENDS@DF_TRENDSSAFETY(1.0),,I,CHE,,A,,FATALITIES,,PS,,ROAD,,_T,,_T,,1970,,1694,,A,,0,,1,
DATAFLOW,OECD.ITF:DSD_TRENDS@DF_TRENDSSAFETY(1.0),,I,CHE,,A,,FATALITIES,,PS,,ROAD,,_T,,_T,,1971,,1773,,A,,0,,1,
DATAFLOW,OECD.ITF:DSD_TRENDS@DF_TRENDSSAFETY(1.0),,I,CHE,,A,,FATALITIES,,PS,,ROAD,,_T,,_T,,1972,,1722,,A,,0,,1,
DATAFLOW,OECD.ITF:DSD_TRENDS@DF_TRENDSSAFETY(1.0),,I,CHE,,A,,FATALITIES,,PS,,ROAD,,_T,,_T,,1973,,1451,,A,,0,,1,
DATAFLOW,OECD.ITF:DSD_TRENDS@DF_TRENDSSAFETY(1.0),,I,CHE,,A,,FATALITIES,,PS,,ROAD,,_T,,_T,,1974,,1372,,A,,0,,1,
DATAFLOW,OECD.ITF:DSD_TRENDS@DF_TRENDSSAFETY(1.0),,I,CHE,,A,,FATALITIES,,PS,,ROAD,,_T,,_T,,1975,,1238,,A,,0,,1,
DATAFLOW,OECD.ITF:DSD_TRENDS@DF_TRENDSSAFETY(1.0),,I,CHE,,A,,FATALITIES,,PS,,ROAD,,_T,,_T,,1976,,1188,,A,,0,,1,
DATAFLOW,OECD.ITF:DSD_TRENDS@DF_TRENDSSAFETY(1.0),,I,CHE,,A,,FATALITIES,,PS,,ROAD,,_T,,_T,,1977,,1302,,A,,0,,1,
DATAFLOW,OECD.ITF:DSD_TRENDS@DF_TRENDSSAFETY(1.0),,I,CHE,,A,,FATALITIES,,PS,,ROAD,,_T,,_T,,1978,,1268,,A,,0,,1,
DATAFLOW,OECD.ITF:DSD_TRENDS@DF_TRENDSSAFETY(1.0),,I,CHE,,A,,FATALITIES,,PS,,ROAD,,_T,,_T,,1979,,1268,,A,,0,,1,
DATAFLOW,OECD.ITF:DSD_TRENDS@DF_TRENDSSAFETY(1.0),,I,CHE,,A,,FATALITIES,,PS,,ROAD,,_T,,_T,,1980,,1246,,A,,0,,1,
DATAFLOW,OECD.ITF:DSD_TRENDS@DF_TRENDSSAFETY(1.0),,I,CHE,,A,,FATALITIES,,PS,,ROAD,,_T,,_T,,1981,,1165,,A,,0,,1,
DATAFLOW,OECD.ITF:DSD_TRENDS@DF_TRENDSSAFETY(1.0),,I,CHE,,A,,FATALITIES,,PS,,ROAD,,_T,,_T,,1982,,1192,,A,,0,,1,
DATAFLOW,OECD.ITF:DSD_TRENDS@DF_TRENDSSAFETY(1.0),,I,CHE,,A,,FATALITIES,,PS,,ROAD,,_T,,_T,,1983,,1159,,A,,0,,1,
DATAFLOW,OECD.ITF:DSD_TRENDS@DF_TRENDSSAFETY(1.0),,I,CHE,,A,,FATALITIES,,PS,,ROAD,,_T,,_T,,1984,,1101,,A,,0,,1,
DATAFLOW,OECD.ITF:DSD_TRENDS@DF_TRENDSSAFETY(1.0),,I,CHE,,A,,FATALITIES,,PS,,ROAD,,_T,,_T,,1985,,908,,A,,0,,1,
DATAFLOW,OECD.ITF:DSD_TRENDS@DF_TRENDSSAFETY(1.0),,I,CHE,,A,,FATALITIES,,PS,,ROAD,,_T,,_T,,1986,,1034,,A,,0,,1,
DATAFLOW,OECD.ITF:DSD_TRENDS@DF_TRENDSSAFETY(1.0),,I,CHE,,A,,FATALITIES,,PS,,ROAD,,_T,,_T,,1987,,952,,A,,0,,1,
DATAFLOW,OECD.ITF:DSD_TRENDS@DF_TRENDSSAFETY(1.0),,I,CHE,,A,,FATALITIES,,PS,,ROAD,,_T,,_T,,1988,,945,,A,,0,,1,
DATAFLOW,OECD.ITF:DSD_TRENDS@DF_TRENDSSAFETY(1.0),,I,CHE,,A,,FATALITIES,,PS,,ROAD,,_T,,_T,,1989,,925,,A,,0,,1,
DATAFLOW,OECD.ITF:DSD_TRENDS@DF_TRENDSSAFETY(1.0),,I,CHE,,A,,FATALITIES,,PS,,ROAD,,_T,,_T,,1990,,954,,A,,0,,1,
DATAFLOW,OECD.ITF:DSD_TRENDS@DF_TRENDSSAFETY(1.0),,I,CHE,,A,,FATALITIES,,PS,,ROAD,,_T,,_T,,1991,,860,,A,,0,,1,
DATAFLOW,OECD.ITF:DSD_TRENDS@DF_TRENDSSAFETY(1.0),,I,CHE,,A,,FATALITIES,,PS,,ROAD,,_T,,_T,,1992,,834,,A,,0,,1,
DATAFLOW,OECD.ITF:DSD_TRENDS@DF_TRENDSSAFETY(1.0),,I,CHE,,A,,FATALITIES,,PS,,ROAD,,_T,,_T,,1993,,723,,A,,0,,1,
DATAFLOW,OECD.ITF:DSD_TRENDS@DF_TRENDSSAFETY(1.0),,I,CHE,,A,,FATALITIES,,PS,,ROAD,,_T,,_T,,1994,,679,,A,,0,,1,
DATAFLOW,OECD.ITF:DSD_TRENDS@DF_TRENDSSAFETY(1.0),,I,CHE,,A,,FATALITIES,,PS,,ROAD,,_T,,_T,,1995,,692,,A,,0,,1,
DATAFLOW,OECD.ITF:DSD_TRENDS@DF_TRENDSSAFETY(1.0),,I,CHE,,A,,FATALITIES,,PS,,ROAD,,_T,,_T,,1996,,616,,A,,0,,1,
DATAFLOW,OECD.ITF:DSD_TRENDS@DF_TRENDSSAFETY(1.0),,I,CHE,,A,,FATALITIES,,PS,,ROAD,,_T,,_T,,1997,,587,,A,,0,,1,
DATAFLOW,OECD.ITF:DSD_TRENDS@DF_TRENDSSAFETY(1.0),,I,CHE,,A,,FATALITIES,,PS,,ROAD,,_T,,_T,,1998,,597,,A,,0,,1,
DATAFLOW,OECD.ITF:DSD_TRENDS@DF_TRENDSSAFETY(1.0),,I,CHE,,A,,FATALITIES,,PS,,ROAD,,_T,,_T,,1999,,583,,A,,0,,1,
DATAFLOW,OECD.ITF:DSD_TRENDS@DF_TRENDSSAFETY(1.0),,I,CHE,,A,,FATALITIES,,PS,,ROAD,,_T,,_T,,2000,,592,,A,,0,,1,
DATAFLOW,OECD.ITF:DSD_TRENDS@DF_TRENDSSAFETY(1.0),,I,CHE,,A,,FATALITIES,,PS,,ROAD,,_T,,_T,,2001,,544,,A,,0,,1,
DATAFLOW,OECD.ITF:DSD_TRENDS@DF_TRENDSSAFETY(1.0),,I,CHE,,A,,FATALITIES,,PS,,ROAD,,_T,,_T,,2002,,513,,A,,0,,1,
DATAFLOW,OECD.ITF:DSD_TRENDS@DF_TRENDSSAFETY(1.0),,I,CHE,,A,,FATALITIES,,PS,,ROAD,,_T,,_T,,2003,,546,,A,,0,,1,
DATAFLOW,OECD.ITF:DSD_TRENDS@DF_TRENDSSAFETY(1.0),,I,CHE,,A,,FATALITIES,,PS,,ROAD,,_T,,_T,,2004,,510,,A,,0,,1,
DATAFLOW,OECD.ITF:DSD_TRENDS@DF_TRENDSSAFETY(1.0),,I,CHE,,A,,FATALITIES,,PS,,ROAD,,_T,,_T,,2005,,409,,A,,0,,1,
DATAFLOW,OECD.ITF:DSD_TRENDS@DF_TRENDSSAFETY(1.0),,I,CHE,,A,,FATALITIES,,PS,,ROAD,,_T,,_T,,2006,,370,,A,,0,,1,
DATAFLOW,OECD.ITF:DSD_TRENDS@DF_TRENDSSAFETY(1.0),,I,CHE,,A,,FATALITIES,,PS,,ROAD,,_T,,_T,,2007,,384,,A,,0,,1,
DATAFLOW,OECD.ITF:DSD_TRENDS@DF_TRENDSSAFETY(1.0),,I,CHE,,A,,FATALITIES,,PS,,ROAD,,_T,,_T,,2008,,357,,A,,0,,1,
DATAFLOW,OECD.ITF:DSD_TRENDS@DF_TRENDSSAFETY(1.0),,I,CHE,,A,,FATALITIES,,PS,,ROAD,,_T,,_T,,2009,,349,,A,,0,,1,
DATAFLOW,OECD.ITF:DSD_TRENDS@DF_TRENDSSAFETY(1.0),,I,CHE,,A,,FATALITIES,,PS,,ROAD,,_T,,_T,,2010,,327,,A,,0,,1,
DATAFLOW,OECD.ITF:DSD_TRENDS@DF_TRENDSSAFETY(1.0),,I,CHE,,A,,FATALITIES,,PS,,ROAD,,_T,,_T,,2011,,320,,A,,0,,1,
DATAFLOW,OECD.ITF:DSD_TRENDS@DF_TRENDSSAFETY(1.0),,I,CHE,,A,,FATALITIES,,PS,,ROAD,,_T,,_T,,2012,,339,,A,,0,,1,
DATAFLOW,OECD.ITF:DSD_TRENDS@DF_TRENDSSAFETY(1.0),,I,CHE,,A,,FATALITIES,,PS,,ROAD,,_T,,_T,,2013,,269,,A,,0,,1,
DATAFLOW,OECD.ITF:DSD_TRENDS@DF_TRENDSSAFETY(1.0),,I,CHE,,A,,FATALITIES,,PS,,ROAD,,_T,,_T,,2014,,243,,A,,0,,1,
DATAFLOW,OECD.ITF:DSD_TRENDS@DF_TRENDSSAFETY(1.0),,I,CHE,,A,,FATALITIES,,PS,,ROAD,,_T,,_T,,2015,,253,,A,,0,,1,
DATAFLOW,OECD.ITF:DSD_TRENDS@DF_TRENDSSAFETY(1.0),,I,CHE,,A,,FATALITIES,,PS,,ROAD,,_T,,_T,,2016,,216,,A,,0,,1,
DATAFLOW,OECD.ITF:DSD_TRENDS@DF_TRENDSSAFETY(1.0),,I,CHE,,A,,FATALITIES,,PS,,ROAD,,_T,,_T,,2017,,230,,A,,0,,1,
DATAFLOW,OECD.ITF:DSD_TRENDS@DF_TRENDSSAFETY(1.0),,I,CHE,,A,,FATALITIES,,PS,,ROAD,,_T,,_T,,2018,,233,,A,,0,,1,
DATAFLOW,OECD.ITF:DSD_TRENDS@DF_TRENDSSAFETY(1.0),,I,CHE,,A,,FATALITIES,,PS,,ROAD,,_T,,_T,,2019,,187,,A,,0,,1,
DATAFLOW,OECD.ITF:DSD_TRENDS@DF_TRENDSSAFETY(1.0),,I,CHE,,A,,FATALITIES,,PS,,ROAD,,_T,,_T,,2020,,227,,A,,0,,1,
DATAFLOW,OECD.ITF:DSD_TRENDS@DF_TRENDSSAFETY(1.0),,I,CHE,,A,,FATALITIES,,PS,,ROAD,,_T,,_T,,2021,,200,,A,,0,,1,
DATAFLOW,OECD.ITF:DSD_TRENDS@DF_TRENDSSAFETY(1.0),,I,CHE,,A,,FATALITIES,,PS,,ROAD,,_T,,_T,,2022,,241,,A,,0,,1,
DATAFLOW,OECD.ITF:DSD_TRENDS@DF_TRENDSSAFETY(1.0),,I,CHE,,A,,FATALITIES,,PS,,ROAD,,_T,,_T,,2023,,236,,A,,0,,1,
DATAFLOW,OECD.ITF:DSD_TRENDS@DF_TRENDSSAFETY(1.0),,I,CHE,,A,,FATALITIES,,PS,,ROAD,,_T,,_T,,2024,,250,,A,,0,,1,
DATAFLOW,OECD.ITF:DSD_TRENDS@DF_TRENDSSAFETY(1.0),,I,TUR,,A,,FATALITIES,,PS,,ROAD,,_T,,_T,,1970,,3978,,A,,0,,1,
DATAFLOW,OECD.ITF:DSD_TRENDS@DF_TRENDSSAFETY(1.0),,I,TUR,,A,,FATALITIES,,PS,,ROAD,,_T,,_T,,1971,,3898,,A,,0,,1,
DATAFLOW,OECD.ITF:DSD_TRENDS@DF_TRENDSSAFETY(1.0),,I,TUR,,A,,FATALITIES,,PS,,ROAD,,_T,,_T,,1972,,3919,,A,,0,,1,
DATAFLOW,OECD.ITF:DSD_TRENDS@DF_TRENDSSAFETY(1.0),,I,TUR,,A,,FATALITIES,,PS,,ROAD,,_T,,_T,,1973,,4204,,A,,0,,1,
DATAFLOW,OECD.ITF:DSD_TRENDS@DF_TRENDSSAFETY(1.0),,I,TUR,,A,,FATALITIES,,PS,,ROAD,,_T,,_T,,1974,,4280,,A,,0,,1,
DATAFLOW,OECD.ITF:DSD_TRENDS@DF_TRENDSSAFETY(1.0),,I,TUR,,A,,FATALITIES,,PS,,ROAD,,_T,,_T,,1975,,5125,,A,,0,,1,
DATAFLOW,OECD.ITF:DSD_TRENDS@DF_TRENDSSAFETY(1.0),,I,TUR,,A,,FATALITIES,,PS,,ROAD,,_T,,_T,,1976,,5489,,A,,0,,1,
DATAFLOW,OECD.ITF:DSD_TRENDS@DF_TRENDSSAFETY(1.0),,I,TUR,,A,,FATALITIES,,PS,,ROAD,,_T,,_T,,1977,,6281,,A,,0,,1,
DATAFLOW,OECD.ITF:DSD_TRENDS@DF_TRENDSSAFETY(1.0),,I,TUR,,A,,FATALITIES,,PS,,ROAD,,_T,,_T,,1978,,5753,,A,,0,,1,
DATAFLOW,OECD.ITF:DSD_TRENDS@DF_TRENDSSAFETY(1.0),,I,TUR,,A,,FATALITIES,,PS,,ROAD,,_T,,_T,,1979,,4536,,A,,0,,1,
DATAFLOW,OECD.ITF:DSD_TRENDS@DF_TRENDSSAFETY(1.0),,I,TUR,,A,,FATALITIES,,PS,,ROAD,,_T,,_T,,1980,,4199,,A,,0,,1,
DATAFLOW,OECD.ITF:DSD_TRENDS@DF_TRENDSSAFETY(1.0),,I,TUR,,A,,FATALITIES,,PS,,ROAD,,_T,,_T,,1981,,4441,,A,,0,,1,
DATAFLOW,OECD.ITF:DSD_TRENDS@DF_TRENDSSAFETY(1.0),,I,TUR,,A,,FATALITIES,,PS,,ROAD,,_T,,_T,,1982,,4884,,A,,0,,1,
DATAFLOW,OECD.ITF:DSD_TRENDS@DF_TRENDSSAFETY(1.0),,I,TUR,,A,,FATALITIES,,PS,,ROAD,,_T,,_T,,1983,,5201,,A,,0,,1,
DATAFLOW,OECD.ITF:DSD_TRENDS@DF_TRENDSSAFETY(1.0),,I,TUR,,A,,FATALITIES,,PS,,ROAD,,_T,,_T,,1984,,5731,,A,,0,,1,
DATAFLOW,OECD.ITF:DSD_TRENDS@DF_TRENDSSAFETY(1.0),,I,TUR,,A,,FATALITIES,,PS,,ROAD,,_T,,_T,,1985,,5680,,A,,0,,1,
DATAFLOW,OECD.ITF:DSD_TRENDS@DF_TRENDSSAFETY(1.0),,I,TUR,,A,,FATALITIES,,PS,,ROAD,,_T,,_T,,1986,,7315,,A,,0,,1,
DATAFLOW,OECD.ITF:DSD_TRENDS@DF_TRENDSSAFETY(1.0),,I,TUR,,A,,FATALITIES,,PS,,ROAD,,_T,,_T,,1987,,7530,,A,,0,,1,
DATAFLOW,OECD.ITF:DSD_TRENDS@DF_TRENDSSAFETY(1.0),,I,TUR,,A,,FATALITIES,,PS,,ROAD,,_T,,_T,,1988,,6846,,A,,0,,1,
DATAFLOW,OECD.ITF:DSD_TRENDS@DF_TRENDSSAFETY(1.0),,I,TUR,,A,,FATALITIES,,PS,,ROAD,,_T,,_T,,1989,,6332,,A,,0,,1,
DATAFLOW,OECD.ITF:DSD_TRENDS@DF_TRENDSSAFETY(1.0),,I,TUR,,A,,FATALITIES,,PS,,ROAD,,_T,,_T,,1990,,6317,,A,,0,,1,
DATAFLOW,OECD.ITF:DSD_TRENDS@DF_TRENDSSAFETY(1.0),,I,TUR,,A,,FATALITIES,,PS,,ROAD,,_T,,_T,,1991,,6231,,A,,0,,1,
DATAFLOW,OECD.ITF:DSD_TRENDS@DF_TRENDSSAFETY(1.0),,I,TUR,,A,,FATALITIES,,PS,,ROAD,,_T,,_T,,1992,,6214,,A,,0,,1,
DATAFLOW,OECD.ITF:DSD_TRENDS@DF_TRENDSSAFETY(1.0),,I,TUR,,A,,FATALITIES,,PS,,ROAD,,_T,,_T,,1993,,6457,,A,,0,,1,
DATAFLOW,OECD.ITF:DSD_TRENDS@DF_TRENDSSAFETY(1.0),,I,TUR,,A,,FATALITIES,,PS,,ROAD,,_T,,_T,,1994,,5942,,A,,0,,1,
DATAFLOW,OECD.ITF:DSD_TRENDS@DF_TRENDSSAFETY(1.0),,I,TUR,,A,,FATALITIES,,PS,,ROAD,,_T,,_T,,1995,,6004,,A,,0,,1,
DATAFLOW,OECD.ITF:DSD_TRENDS@DF_TRENDSSAFETY(1.0),,I,TUR,,A,,FATALITIES,,PS,,ROAD,,_T,,_T,,1996,,5428,,A,,0,,1,
DATAFLOW,OECD.ITF:DSD_TRENDS@DF_TRENDSSAFETY(1.0),,I,TUR,,A,,FATALITIES,,PS,,ROAD,,_T,,_T,,1997,,5125,,A,,0,,1,
DATAFLOW,OECD.ITF:DSD_TRENDS@DF_TRENDSSAFETY(1.0),,I,TUR,,A,,FATALITIES,,PS,,ROAD,,_T,,_T,,1998,,6093,,A,,0,,1,
DATAFLOW,OECD.ITF:DSD_TRENDS@DF_TRENDSSAFETY(1.0),,I,TUR,,A,,FATALITIES,,PS,,ROAD,,_T,,_T,,1999,,5713,,A,,0,,1,
DATAFLOW,OECD.ITF:DSD_TRENDS@DF_TRENDSSAFETY(1.0),,I,TUR,,A,,FATALITIES,,PS,,ROAD,,_T,,_T,,2000,,5510,,A,,0,,1,
DATAFLOW,OECD.ITF:DSD_TRENDS@DF_TRENDSSAFETY(1.0),,I,TUR,,A,,FATALITIES,,PS,,ROAD,,_T,,_T,,2001,,4386,,A,,0,,1,
DATAFLOW,OECD.ITF:DSD_TRENDS@DF_TRENDSSAFETY(1.0),,I,TUR,,A,,FATALITIES,,PS,,ROAD,,_T,,_T,,2002,,4093,,A,,0,,1,
DATAFLOW,OECD.ITF:DSD_TRENDS@DF_TRENDSSAFETY(1.0),,I,TUR,,A,,FATALITIES,,PS,,ROAD,,_T,,_T,,2003,,3946,,A,,0,,1,
DATAFLOW,OECD.ITF:DSD_TRENDS@DF_TRENDSSAFETY(1.0),,I,TUR,,A,,FATALITIES,,PS,,ROAD,,_T,,_T,,2004,,4427,,A,,0,,1,
DATAFLOW,OECD.ITF:DSD_TRENDS@DF_TRENDSSAFETY(1.0),,I,TUR,,A,,FATALITIES,,PS,,ROAD,,_T,,_T,,2005,,4505,,A,,0,,1,
DATAFLOW,OECD.ITF:DSD_TRENDS@DF_TRENDSSAFETY(1.0),,I,TUR,,A,,FATALITIES,,PS,,ROAD,,_T,,_T,,2006,,4633,,A,,0,,1,
DATAFLOW,OECD.ITF:DSD_TRENDS@DF_TRENDSSAFETY(1.0),,I,TUR,,A,,FATALITIES,,PS,,ROAD,,_T,,_T,,2007,,5007,,A,,0,,1,
DATAFLOW,OECD.ITF:DSD_TRENDS@DF_TRENDSSAFETY(1.0),,I,TUR,,A,,FATALITIES,,PS,,ROAD,,_T,,_T,,2008,,4236,,A,,0,,1,
DATAFLOW,OECD.ITF:DSD_TRENDS@DF_TRENDSSAFETY(1.0),,I,TUR,,A,,FATALITIES,,PS,,ROAD,,_T,,_T,,2009,,4324,,A,,0,,1,
DATAFLOW,OECD.ITF:DSD_TRENDS@DF_TRENDSSAFETY(1.0),,I,TUR,,A,,FATALITIES,,PS,,ROAD,,_T,,_T,,2010,,4045,,A,,0,,1,
DATAFLOW,OECD.ITF:DSD_TRENDS@DF_TRENDSSAFETY(1.0),,I,TUR,,A,,FATALITIES,,PS,,ROAD,,_T,,_T,,2011,,3835,,A,,0,,1,
DATAFLOW,OECD.ITF:DSD_TRENDS@DF_TRENDSSAFETY(1.0),,I,TUR,,A,,FATALITIES,,PS,,ROAD,,_T,,_T,,2012,,3750,,A,,0,,1,
DATAFLOW,OECD.ITF:DSD_TRENDS@DF_TRENDSSAFETY(1.0),,I,TUR,,A,,FATALITIES,,PS,,ROAD,,_T,,_T,,2013,,3685,,A,,0,,1,
DATAFLOW,OECD.ITF:DSD_TRENDS@DF_TRENDSSAFETY(1.0),,I,TUR,,A,,FATALITIES,,PS,,ROAD,,_T,,_T,,2014,,3524,,A,,0,,1,
DATAFLOW,OECD.ITF:DSD_TRENDS@DF_TRENDSSAFETY(1.0),,I,TUR,,A,,FATALITIES,,PS,,ROAD,,_T,,_T,,2016,,7300,,A,,0,,1,
DATAFLOW,OECD.ITF:DSD_TRENDS@DF_TRENDSSAFETY(1.0),,I,TUR,,A,,FATALITIES,,PS,,ROAD,,_T,,_T,,2017,,7427,,A,,0,,1,
DATAFLOW,OECD.ITF:DSD_TRENDS@DF_TRENDSSAFETY(1.0),,I,TUR,,A,,FATALITIES,,PS,,ROAD,,_T,,_T,,2018,,6675,,A,,0,,1,
DATAFLOW,OECD.ITF:DSD_TRENDS@DF_TRENDSSAFETY(1.0),,I,TUR,,A,,FATALITIES,,PS,,ROAD,,_T,,_T,,2019,,5473,,A,,0,,1,
DATAFLOW,OECD.ITF:DSD_TRENDS@DF_TRENDSSAFETY(1.0),,I,TUR,,A,,FATALITIES,,PS,,ROAD,,_T,,_T,,2020,,4866,,A,,0,,1,
DATAFLOW,OECD.ITF:DSD_TRENDS@DF_TRENDSSAFETY(1.0),,I,TUR,,A,,FATALITIES,,PS,,ROAD,,_T,,_T,,2021,,5362,,A,,0,,1,
DATAFLOW,OECD.ITF:DSD_TRENDS@DF_TRENDSSAFETY(1.0),,I,TUR,,A,,FATALITIES,,PS,,ROAD,,_T,,_T,,2022,,5229,,A,,0,,1,
DATAFLOW,OECD.ITF:DSD_TRENDS@DF_TRENDSSAFETY(1.0),,I,TUR,,A,,FATALITIES,,PS,,ROAD,,_T,,_T,,2023,,6548,,A,,0,,1,
DATAFLOW,OECD.ITF:DSD_TRENDS@DF_TRENDSSAFETY(1.0),,I,TUR,,A,,FATALITIES,,PS,,ROAD,,_T,,_T,,2024,,6351,,A,,0,,1,
DATAFLOW,OECD.ITF:DSD_TRENDS@DF_TRENDSSAFETY(1.0),,I,GBR,,A,,FATALITIES,,PS,,ROAD,,_T,,_T,,1970,,7771,,A,,0,,1,
DATAFLOW,OECD.ITF:DSD_TRENDS@DF_TRENDSSAFETY(1.0),,I,GBR,,A,,FATALITIES,,PS,,ROAD,,_T,,_T,,1971,,8003,,A,,0,,1,
DATAFLOW,OECD.ITF:DSD_TRENDS@DF_TRENDSSAFETY(1.0),,I,GBR,,A,,FATALITIES,,PS,,ROAD,,_T,,_T,,1972,,8135,,A,,0,,1,
DATAFLOW,OECD.ITF:DSD_TRENDS@DF_TRENDSSAFETY(1.0),,I,GBR,,A,,FATALITIES,,PS,,ROAD,,_T,,_T,,1973,,7741,,A,,0,,1,
DATAFLOW,OECD.ITF:DSD_TRENDS@DF_TRENDSSAFETY(1.0),,I,GBR,,A,,FATALITIES,,PS,,ROAD,,_T,,_T,,1974,,7199,,A,,0,,1,
DATAFLOW,OECD.ITF:DSD_TRENDS@DF_TRENDSSAFETY(1.0),,I,GBR,,A,,FATALITIES,,PS,,ROAD,,_T,,_T,,1975,,6679,,A,,0,,1,
DATAFLOW,OECD.ITF:DSD_TRENDS@DF_TRENDSSAFETY(1.0),,I,GBR,,A,,FATALITIES,,PS,,ROAD,,_T,,_T,,1976,,6870,,A,,0,,1,
DATAFLOW,OECD.ITF:DSD_TRENDS@DF_TRENDSSAFETY(1.0),,I,GBR,,A,,FATALITIES,,PS,,ROAD,,_T,,_T,,1977,,6969,,A,,0,,1,
DATAFLOW,OECD.ITF:DSD_TRENDS@DF_TRENDSSAFETY(1.0),,I,GBR,,A,,FATALITIES,,PS,,ROAD,,_T,,_T,,1978,,7119,,A,,0,,1,
DATAFLOW,OECD.ITF:DSD_TRENDS@DF_TRENDSSAFETY(1.0),,I,GBR,,A,,FATALITIES,,PS,,ROAD,,_T,,_T,,1979,,6645,,A,,0,,1,
DATAFLOW,OECD.ITF:DSD_TRENDS@DF_TRENDSSAFETY(1.0),,I,GBR,,A,,FATALITIES,,PS,,ROAD,,_T,,_T,,1980,,6239,,A,,0,,1,
DATAFLOW,OECD.ITF:DSD_TRENDS@DF_TRENDSSAFETY(1.0),,I,GBR,,A,,FATALITIES,,PS,,ROAD,,_T,,_T,,1981,,6069,,A,,0,,1,
DATAFLOW,OECD.ITF:DSD_TRENDS@DF_TRENDSSAFETY(1.0),,I,GBR,,A,,FATALITIES,,PS,,ROAD,,_T,,_T,,1982,,6150,,A,,0,,1,
DATAFLOW,OECD.ITF:DSD_TRENDS@DF_TRENDSSAFETY(1.0),,I,GBR,,A,,FATALITIES,,PS,,ROAD,,_T,,_T,,1983,,5618,,A,,0,,1,
DATAFLOW,OECD.ITF:DSD_TRENDS@DF_TRENDSSAFETY(1.0),,I,GBR,,A,,FATALITIES,,PS,,ROAD,,_T,,_T,,1984,,5788,,A,,0,,1,
DATAFLOW,OECD.ITF:DSD_TRENDS@DF_TRENDSSAFETY(1.0),,I,GBR,,A,,FATALITIES,,PS,,ROAD,,_T,,_T,,1985,,5342,,A,,0,,1,
DATAFLOW,OECD.ITF:DSD_TRENDS@DF_TRENDSSAFETY(1.0),,I,GBR,,A,,FATALITIES,,PS,,ROAD,,_T,,_T,,1986,,5618,,A,,0,,1,
DATAFLOW,OECD.ITF:DSD_TRENDS@DF_TRENDSSAFETY(1.0),,I,GBR,,A,,FATALITIES,,PS,,ROAD,,_T,,_T,,1987,,5339,,A,,0,,1,
DATAFLOW,OECD.ITF:DSD_TRENDS@DF_TRENDSSAFETY(1.0),,I,GBR,,A,,FATALITIES,,PS,,ROAD,,_T,,_T,,1988,,5230,,A,,0,,1,
DATAFLOW,OECD.ITF:DSD_TRENDS@DF_TRENDSSAFETY(1.0),,I,GBR,,A,,FATALITIES,,PS,,ROAD,,_T,,_T,,1989,,5554,,A,,0,,1,
DATAFLOW,OECD.ITF:DSD_TRENDS@DF_TRENDSSAFETY(1.0),,I,GBR,,A,,FATALITIES,,PS,,ROAD,,_T,,_T,,1990,,5402,,A,,0,,1,
DATAFLOW,OECD.ITF:DSD_TRENDS@DF_TRENDSSAFETY(1.0),,I,GBR,,A,,FATALITIES,,PS,,ROAD,,_T,,_T,,1991,,4753,,A,,0,,1,
DATAFLOW,OECD.ITF:DSD_TRENDS@DF_TRENDSSAFETY(1.0),,I,GBR,,A,,FATALITIES,,PS,,ROAD,,_T,,_T,,1992,,4379,,A,,0,,1,
DATAFLOW,OECD.ITF:DSD_TRENDS@DF_TRENDSSAFETY(1.0),,I,GBR,,A,,FATALITIES,,PS,,ROAD,,_T,,_T,,1993,,3957,,A,,0,,1,
DATAFLOW,OECD.ITF:DSD_TRENDS@DF_TRENDSSAFETY(1.0),,I,GBR,,A,,FATALITIES,,PS,,ROAD,,_T,,_T,,1994,,3807,,A,,0,,1,
DATAFLOW,OECD.ITF:DSD_TRENDS@DF_TRENDSSAFETY(1.0),,I,GBR,,A,,FATALITIES,,PS,,ROAD,,_T,,_T,,1995,,3765,,A,,0,,1,
DATAFLOW,OECD.ITF:DSD_TRENDS@DF_TRENDSSAFETY(1.0),,I,GBR,,A,,FATALITIES,,PS,,ROAD,,_T,,_T,,1996,,3740,,A,,0,,1,
DATAFLOW,OECD.ITF:DSD_TRENDS@DF_TRENDSSAFETY(1.0),,I,GBR,,A,,FATALITIES,,PS,,ROAD,,_T,,_T,,1997,,3743,,A,,0,,1,
DATAFLOW,OECD.ITF:DSD_TRENDS@DF_TRENDSSAFETY(1.0),,I,GBR,,A,,FATALITIES,,PS,,ROAD,,_T,,_T,,1998,,3581,,A,,0,,1,
DATAFLOW,OECD.ITF:DSD_TRENDS@DF_TRENDSSAFETY(1.0),,I,GBR,,A,,FATALITIES,,PS,,ROAD,,_T,,_T,,1999,,3564,,A,,0,,1,
DATAFLOW,OECD.ITF:DSD_TRENDS@DF_TRENDSSAFETY(1.0),,I,GBR,,A,,FATALITIES,,PS,,ROAD,,_T,,_T,,2000,,3580,,A,,0,,1,
DATAFLOW,OECD.ITF:DSD_TRENDS@DF_TRENDSSAFETY(1.0),,I,GBR,,A,,FATALITIES,,PS,,ROAD,,_T,,_T,,2001,,3598,,A,,0,,1,
DATAFLOW,OECD.ITF:DSD_TRENDS@DF_TRENDSSAFETY(1.0),,I,GBR,,A,,FATALITIES,,PS,,ROAD,,_T,,_T,,2002,,3581,,A,,0,,1,
DATAFLOW,OECD.ITF:DSD_TRENDS@DF_TRENDSSAFETY(1.0),,I,GBR,,A,,FATALITIES,,PS,,ROAD,,_T,,_T,,2003,,3658,,A,,0,,1,
DATAFLOW,OECD.ITF:DSD_TRENDS@DF_TRENDSSAFETY(1.0),,I,GBR,,A,,FATALITIES,,PS,,ROAD,,_T,,_T,,2004,,3368,,A,,0,,1,
DATAFLOW,OECD.ITF:DSD_TRENDS@DF_TRENDSSAFETY(1.0),,I,GBR,,A,,FATALITIES,,PS,,ROAD,,_T,,_T,,2005,,3336,,A,,0,,1,
DATAFLOW,OECD.ITF:DSD_TRENDS@DF_TRENDSSAFETY(1.0),,I,GBR,,A,,FATALITIES,,PS,,ROAD,,_T,,_T,,2006,,3298,,A,,0,,1,
DATAFLOW,OECD.ITF:DSD_TRENDS@DF_TRENDSSAFETY(1.0),,I,GBR,,A,,FATALITIES,,PS,,ROAD,,_T,,_T,,2007,,3059,,A,,0,,1,
DATAFLOW,OECD.ITF:DSD_TRENDS@DF_TRENDSSAFETY(1.0),,I,GBR,,A,,FATALITIES,,PS,,ROAD,,_T,,_T,,2008,,2645,,A,,0,,1,
DATAFLOW,OECD.ITF:DSD_TRENDS@DF_TRENDSSAFETY(1.0),,I,GBR,,A,,FATALITIES,,PS,,ROAD,,_T,,_T,,2009,,2337,,A,,0,,1,
DATAFLOW,OECD.ITF:DSD_TRENDS@DF_TRENDSSAFETY(1.0),,I,GBR,,A,,FATALITIES,,PS,,ROAD,,_T,,_T,,2010,,1905,,A,,0,,1,
DATAFLOW,OECD.ITF:DSD_TRENDS@DF_TRENDSSAFETY(1.0),,I,GBR,,A,,FATALITIES,,PS,,ROAD,,_T,,_T,,2011,,1960,,A,,0,,1,
DATAFLOW,OECD.ITF:DSD_TRENDS@DF_TRENDSSAFETY(1.0),,I,GBR,,A,,FATALITIES,,PS,,ROAD,,_T,,_T,,2012,,1802,,A,,0,,1,
DATAFLOW,OECD.ITF:DSD_TRENDS@DF_TRENDSSAFETY(1.0),,I,GBR,,A,,FATALITIES,,PS,,ROAD,,_T,,_T,,2013,,1770,,A,,0,,1,
DATAFLOW,OECD.ITF:DSD_TRENDS@DF_TRENDSSAFETY(1.0),,I,GBR,,A,,FATALITIES,,PS,,ROAD,,_T,,_T,,2014,,1854,,A,,0,,1,
DATAFLOW,OECD.ITF:DSD_TRENDS@DF_TRENDSSAFETY(1.0),,I,GBR,,A,,FATALITIES,,PS,,ROAD,,_T,,_T,,2015,,1804,,A,,0,,1,
DATAFLOW,OECD.ITF:DSD_TRENDS@DF_TRENDSSAFETY(1.0),,I,GBR,,A,,FATALITIES,,PS,,ROAD,,_T,,_T,,2016,,1860,,A,,0,,1,
DATAFLOW,OECD.ITF:DSD_TRENDS@DF_TRENDSSAFETY(1.0),,I,GBR,,A,,FATALITIES,,PS,,ROAD,,_T,,_T,,2017,,1856,,A,,0,,1,
DATAFLOW,OECD.ITF:DSD_TRENDS@DF_TRENDSSAFETY(1.0),,I,GBR,,A,,FATALITIES,,PS,,ROAD,,_T,,_T,,2018,,1839,,A,,0,,1,
DATAFLOW,OECD.ITF:DSD_TRENDS@DF_TRENDSSAFETY(1.0),,I,GBR,,A,,FATALITIES,,PS,,ROAD,,_T,,_T,,2019,,1808,,A,,0,,1,
DATAFLOW,OECD.ITF:DSD_TRENDS@DF_TRENDSSAFETY(1.0),,I,GBR,,A,,FATALITIES,,PS,,ROAD,,_T,,_T,,2020,,1516,,A,,0,,1,
DATAFLOW,OECD.ITF:DSD_TRENDS@DF_TRENDSSAFETY(1.0),,I,GBR,,A,,FATALITIES,,PS,,ROAD,,_T,,_T,,2021,,1608,,A,,0,,1,
DATAFLOW,OECD.ITF:DSD_TRENDS@DF_TRENDSSAFETY(1.0),,I,GBR,,A,,FATALITIES,,PS,,ROAD,,_T,,_T,,2022,,1766,,A,,0,,1,
DATAFLOW,OECD.ITF:DSD_TRENDS@DF_TRENDSSAFETY(1.0),,I,GBR,,A,,FATALITIES,,PS,,ROAD,,_T,,_T,,2023,,1695,,A,,0,,1,
DATAFLOW,OECD.ITF:DSD_TRENDS@DF_TRENDSSAFETY(1.0),,I,GBR,,A,,FATALITIES,,PS,,ROAD,,_T,,_T,,2024,,1671,,A,,0,,1,
DATAFLOW,OECD.ITF:DSD_TRENDS@DF_TRENDSSAFETY(1.0),,I,USA,,A,,FATALITIES,,PS,,ROAD,,_T,,_T,,1970,,52627,,A,,0,,1,
DATAFLOW,OECD.ITF:DSD_TRENDS@DF_TRENDSSAFETY(1.0),,I,USA,,A,,FATALITIES,,PS,,ROAD,,_T,,_T,,1971,,52542,,A,,0,,1,
DATAFLOW,OECD.ITF:DSD_TRENDS@DF_TRENDSSAFETY(1.0),,I,USA,,A,,FATALITIES,,PS,,ROAD,,_T,,_T,,1972,,54589,,A,,0,,1,
DATAFLOW,OECD.ITF:DSD_TRENDS@DF_TRENDSSAFETY(1.0),,I,USA,,A,,FATALITIES,,PS,,ROAD,,_T,,_T,,1973,,54052,,A,,0,,1,
DATAFLOW,OECD.ITF:DSD_TRENDS@DF_TRENDSSAFETY(1.0),,I,USA,,A,,FATALITIES,,PS,,ROAD,,_T,,_T,,1974,,45196,,A,,0,,1,
DATAFLOW,OECD.ITF:DSD_TRENDS@DF_TRENDSSAFETY(1.0),,I,USA,,A,,FATALITIES,,PS,,ROAD,,_T,,_T,,1975,,44525,,A,,0,,1,
DATAFLOW,OECD.ITF:DSD_TRENDS@DF_TRENDSSAFETY(1.0),,I,USA,,A,,FATALITIES,,PS,,ROAD,,_T,,_T,,1976,,45523,,A,,0,,1,
DATAFLOW,OECD.ITF:DSD_TRENDS@DF_TRENDSSAFETY(1.0),,I,USA,,A,,FATALITIES,,PS,,ROAD,,_T,,_T,,1977,,47878,,A,,0,,1,
DATAFLOW,OECD.ITF:DSD_TRENDS@DF_TRENDSSAFETY(1.0),,I,USA,,A,,FATALITIES,,PS,,ROAD,,_T,,_T,,1978,,50331,,A,,0,,1,
DATAFLOW,OECD.ITF:DSD_TRENDS@DF_TRENDSSAFETY(1.0),,I,USA,,A,,FATALITIES,,PS,,ROAD,,_T,,_T,,1979,,51093,,A,,0,,1,
DATAFLOW,OECD.ITF:DSD_TRENDS@DF_TRENDSSAFETY(1.0),,I,USA,,A,,FATALITIES,,PS,,ROAD,,_T,,_T,,1980,,51091,,A,,0,,1,
DATAFLOW,OECD.ITF:DSD_TRENDS@DF_TRENDSSAFETY(1.0),,I,USA,,A,,FATALITIES,,PS,,ROAD,,_T,,_T,,1981,,49301,,A,,0,,1,
DATAFLOW,OECD.ITF:DSD_TRENDS@DF_TRENDSSAFETY(1.0),,I,USA,,A,,FATALITIES,,PS,,ROAD,,_T,,_T,,1982,,43945,,A,,0,,1,
DATAFLOW,OECD.ITF:DSD_TRENDS@DF_TRENDSSAFETY(1.0),,I,USA,,A,,FATALITIES,,PS,,ROAD,,_T,,_T,,1983,,42589,,A,,0,,1,
DATAFLOW,OECD.ITF:DSD_TRENDS@DF_TRENDSSAFETY(1.0),,I,USA,,A,,FATALITIES,,PS,,ROAD,,_T,,_T,,1984,,44257,,A,,0,,1,
DATAFLOW,OECD.ITF:DSD_TRENDS@DF_TRENDSSAFETY(1.0),,I,USA,,A,,FATALITIES,,PS,,ROAD,,_T,,_T,,1985,,43825,,A,,0,,1,
DATAFLOW,OECD.ITF:DSD_TRENDS@DF_TRENDSSAFETY(1.0),,I,USA,,A,,FATALITIES,,PS,,ROAD,,_T,,_T,,1986,,46087,,A,,0,,1,
DATAFLOW,OECD.ITF:DSD_TRENDS@DF_TRENDSSAFETY(1.0),,I,USA,,A,,FATALITIES,,PS,,ROAD,,_T,,_T,,1987,,46390,,A,,0,,1,
DATAFLOW,OECD.ITF:DSD_TRENDS@DF_TRENDSSAFETY(1.0),,I,USA,,A,,FATALITIES,,PS,,ROAD,,_T,,_T,,1988,,47087,,A,,0,,1,
DATAFLOW,OECD.ITF:DSD_TRENDS@DF_TRENDSSAFETY(1.0),,I,USA,,A,,FATALITIES,,PS,,ROAD,,_T,,_T,,1989,,45582,,A,,0,,1,
DATAFLOW,OECD.ITF:DSD_TRENDS@DF_TRENDSSAFETY(1.0),,I,USA,,A,,FATALITIES,,PS,,ROAD,,_T,,_T,,1990,,44599,,A,,0,,1,
DATAFLOW,OECD.ITF:DSD_TRENDS@DF_TRENDSSAFETY(1.0),,I,USA,,A,,FATALITIES,,PS,,ROAD,,_T,,_T,,1991,,41508,,A,,0,,1,
DATAFLOW,OECD.ITF:DSD_TRENDS@DF_TRENDSSAFETY(1.0),,I,USA,,A,,FATALITIES,,PS,,ROAD,,_T,,_T,,1992,,39250,,A,,0,,1,
DATAFLOW,OECD.ITF:DSD_TRENDS@DF_TRENDSSAFETY(1.0),,I,USA,,A,,FATALITIES,,PS,,ROAD,,_T,,_T,,1993,,40150,,A,,0,,1,
DATAFLOW,OECD.ITF:DSD_TRENDS@DF_TRENDSSAFETY(1.0),,I,USA,,A,,FATALITIES,,PS,,ROAD,,_T,,_T,,1994,,40716,,A,,0,,1,
DATAFLOW,OECD.ITF:DSD_TRENDS@DF_TRENDSSAFETY(1.0),,I,USA,,A,,FATALITIES,,PS,,ROAD,,_T,,_T,,1995,,41817,,A,,0,,1,
DATAFLOW,OECD.ITF:DSD_TRENDS@DF_TRENDSSAFETY(1.0),,I,USA,,A,,FATALITIES,,PS,,ROAD,,_T,,_T,,1996,,42065,,A,,0,,1,
DATAFLOW,OECD.ITF:DSD_TRENDS@DF_TRENDSSAFETY(1.0),,I,USA,,A,,FATALITIES,,PS,,ROAD,,_T,,_T,,1997,,42013,,A,,0,,1,
DATAFLOW,OECD.ITF:DSD_TRENDS@DF_TRENDSSAFETY(1.0),,I,USA,,A,,FATALITIES,,PS,,ROAD,,_T,,_T,,1998,,41501,,A,,0,,1,
DATAFLOW,OECD.ITF:DSD_TRENDS@DF_TRENDSSAFETY(1.0),,I,USA,,A,,FATALITIES,,PS,,ROAD,,_T,,_T,,1999,,41717,,A,,0,,1,
DATAFLOW,OECD.ITF:DSD_TRENDS@DF_TRENDSSAFETY(1.0),,I,USA,,A,,FATALITIES,,PS,,ROAD,,_T,,_T,,2000,,41945,,A,,0,,1,
DATAFLOW,OECD.ITF:DSD_TRENDS@DF_TRENDSSAFETY(1.0),,I,USA,,A,,FATALITIES,,PS,,ROAD,,_T,,_T,,2001,,42196,,A,,0,,1,
DATAFLOW,OECD.ITF:DSD_TRENDS@DF_TRENDSSAFETY(1.0),,I,USA,,A,,FATALITIES,,PS,,ROAD,,_T,,_T,,2002,,43005,,A,,0,,1,
DATAFLOW,OECD.ITF:DSD_TRENDS@DF_TRENDSSAFETY(1.0),,I,USA,,A,,FATALITIES,,PS,,ROAD,,_T,,_T,,2003,,42884,,A,,0,,1,
DATAFLOW,OECD.ITF:DSD_TRENDS@DF_TRENDSSAFETY(1.0),,I,USA,,A,,FATALITIES,,PS,,ROAD,,_T,,_T,,2004,,42836,,A,,0,,1,
DATAFLOW,OECD.ITF:DSD_TRENDS@DF_TRENDSSAFETY(1.0),,I,USA,,A,,FATALITIES,,PS,,ROAD,,_T,,_T,,2005,,43510,,A,,0,,1,
DATAFLOW,OECD.ITF:DSD_TRENDS@DF_TRENDSSAFETY(1.0),,I,USA,,A,,FATALITIES,,PS,,ROAD,,_T,,_T,,2006,,42708,,A,,0,,1,
DATAFLOW,OECD.ITF:DSD_TRENDS@DF_TRENDSSAFETY(1.0),,I,USA,,A,,FATALITIES,,PS,,ROAD,,_T,,_T,,2007,,41259,,A,,0,,1,
DATAFLOW,OECD.ITF:DSD_TRENDS@DF_TRENDSSAFETY(1.0),,I,USA,,A,,FATALITIES,,PS,,ROAD,,_T,,_T,,2008,,37423,,A,,0,,1,
DATAFLOW,OECD.ITF:DSD_TRENDS@DF_TRENDSSAFETY(1.0),,I,USA,,A,,FATALITIES,,PS,,ROAD,,_T,,_T,,2009,,33883,,A,,0,,1,
DATAFLOW,OECD.ITF:DSD_TRENDS@DF_TRENDSSAFETY(1.0),,I,USA,,A,,FATALITIES,,PS,,ROAD,,_T,,_T,,2010,,32999,,A,,0,,1,
DATAFLOW,OECD.ITF:DSD_TRENDS@DF_TRENDSSAFETY(1.0),,I,USA,,A,,FATALITIES,,PS,,ROAD,,_T,,_T,,2011,,32479,,A,,0,,1,
DATAFLOW,OECD.ITF:DSD_TRENDS@DF_TRENDSSAFETY(1.0),,I,USA,,A,,FATALITIES,,PS,,ROAD,,_T,,_T,,2012,,33782,,A,,0,,1,
DATAFLOW,OECD.ITF:DSD_TRENDS@DF_TRENDSSAFETY(1.0),,I,USA,,A,,FATALITIES,,PS,,ROAD,,_T,,_T,,2013,,32893,,A,,0,,1,
DATAFLOW,OECD.ITF:DSD_TRENDS@DF_TRENDSSAFETY(1.0),,I,USA,,A,,FATALITIES,,PS,,ROAD,,_T,,_T,,2014,,32744,,A,,0,,1,
DATAFLOW,OECD.ITF:DSD_TRENDS@DF_TRENDSSAFETY(1.0),,I,USA,,A,,FATALITIES,,PS,,ROAD,,_T,,_T,,2015,,35484,,A,,0,,1,
DATAFLOW,OECD.ITF:DSD_TRENDS@DF_TRENDSSAFETY(1.0),,I,USA,,A,,FATALITIES,,PS,,ROAD,,_T,,_T,,2016,,37806,,A,,0,,1,
DATAFLOW,OECD.ITF:DSD_TRENDS@DF_TRENDSSAFETY(1.0),,I,USA,,A,,FATALITIES,,PS,,ROAD,,_T,,_T,,2017,,37473,,A,,0,,1,
DATAFLOW,OECD.ITF:DSD_TRENDS@DF_TRENDSSAFETY(1.0),,I,USA,,A,,FATALITIES,,PS,,ROAD,,_T,,_T,,2018,,36835,,A,,0,,1,
DATAFLOW,OECD.ITF:DSD_TRENDS@DF_TRENDSSAFETY(1.0),,I,USA,,A,,FATALITIES,,PS,,ROAD,,_T,,_T,,2019,,36355,,A,,0,,1,
DATAFLOW,OECD.ITF:DSD_TRENDS@DF_TRENDSSAFETY(1.0),,I,USA,,A,,FATALITIES,,PS,,ROAD,,_T,,_T,,2020,,39007,,A,,0,,1,
DATAFLOW,OECD.ITF:DSD_TRENDS@DF_TRENDSSAFETY(1.0),,I,USA,,A,,FATALITIES,,PS,,ROAD,,_T,,_T,,2021,,42939,,A,,0,,1,
DATAFLOW,OECD.ITF:DSD_TRENDS@DF_TRENDSSAFETY(1.0),,I,USA,,A,,FATALITIES,,PS,,ROAD,,_T,,_T,,2022,,42514,,A,,0,,1,
DATAFLOW,OECD.ITF:DSD_TRENDS@DF_TRENDSSAFETY(1.0),,I,USA,,A,,FATALITIES,,PS,,ROAD,,_T,,_T,,2023,,40990,,A,,0,,1,
DATAFLOW,OECD.ITF:DSD_TRENDS@DF_TRENDSSAFETY(1.0),,I,ALB,,A,,FATALITIES,,PS,,ROAD,,_T,,_T,,1994,,421,,A,,0,,1,
DATAFLOW,OECD.ITF:DSD_TRENDS@DF_TRENDSSAFETY(1.0),,I,ALB,,A,,FATALITIES,,PS,,ROAD,,_T,,_T,,1995,,306,,A,,0,,1,
DATAFLOW,OECD.ITF:DSD_TRENDS@DF_TRENDSSAFETY(1.0),,I,ALB,,A,,FATALITIES,,PS,,ROAD,,_T,,_T,,1996,,256,,A,,0,,1,
DATAFLOW,OECD.ITF:DSD_TRENDS@DF_TRENDSSAFETY(1.0),,I,ALB,,A,,FATALITIES,,PS,,ROAD,,_T,,_T,,1997,,266,,A,,0,,1,
DATAFLOW,OECD.ITF:DSD_TRENDS@DF_TRENDSSAFETY(1.0),,I,ALB,,A,,FATALITIES,,PS,,ROAD,,_T,,_T,,1998,,308,,A,,0,,1,
DATAFLOW,OECD.ITF:DSD_TRENDS@DF_TRENDSSAFETY(1.0),,I,ALB,,A,,FATALITIES,,PS,,ROAD,,_T,,_T,,1999,,274,,A,,0,,1,
DATAFLOW,OECD.ITF:DSD_TRENDS@DF_TRENDSSAFETY(1.0),,I,ALB,,A,,FATALITIES,,PS,,ROAD,,_T,,_T,,2000,,280,,A,,0,,1,
DATAFLOW,OECD.ITF:DSD_TRENDS@DF_TRENDSSAFETY(1.0),,I,ALB,,A,,FATALITIES,,PS,,ROAD,,_T,,_T,,2001,,297,,A,,0,,1,
DATAFLOW,OECD.ITF:DSD_TRENDS@DF_TRENDSSAFETY(1.0),,I,ALB,,A,,FATALITIES,,PS,,ROAD,,_T,,_T,,2002,,250,,A,,0,,1,
DATAFLOW,OECD.ITF:DSD_TRENDS@DF_TRENDSSAFETY(1.0),,I,ALB,,A,,FATALITIES,,PS,,ROAD,,_T,,_T,,2003,,260,,A,,0,,1,
DATAFLOW,OECD.ITF:DSD_TRENDS@DF_TRENDSSAFETY(1.0),,I,ALB,,A,,FATALITIES,,PS,,ROAD,,_T,,_T,,2004,,315,,A,,0,,1,
DATAFLOW,OECD.ITF:DSD_TRENDS@DF_TRENDSSAFETY(1.0),,I,ALB,,A,,FATALITIES,,PS,,ROAD,,_T,,_T,,2005,,308,,A,,0,,1,
DATAFLOW,OECD.ITF:DSD_TRENDS@DF_TRENDSSAFETY(1.0),,I,ALB,,A,,FATALITIES,,PS,,ROAD,,_T,,_T,,2006,,277,,A,,0,,1,
DATAFLOW,OECD.ITF:DSD_TRENDS@DF_TRENDSSAFETY(1.0),,I,ALB,,A,,FATALITIES,,PS,,ROAD,,_T,,_T,,2007,,384,,A,,0,,1,
DATAFLOW,OECD.ITF:DSD_TRENDS@DF_TRENDSSAFETY(1.0),,I,ALB,,A,,FATALITIES,,PS,,ROAD,,_T,,_T,,2008,,303,,A,,0,,1,
DATAFLOW,OECD.ITF:DSD_TRENDS@DF_TRENDSSAFETY(1.0),,I,ALB,,A,,FATALITIES,,PS,,ROAD,,_T,,_T,,2009,,378,,A,,0,,1,
DATAFLOW,OECD.ITF:DSD_TRENDS@DF_TRENDSSAFETY(1.0),,I,ALB,,A,,FATALITIES,,PS,,ROAD,,_T,,_T,,2010,,353,,A,,0,,1,
DATAFLOW,OECD.ITF:DSD_TRENDS@DF_TRENDSSAFETY(1.0),,I,ALB,,A,,FATALITIES,,PS,,ROAD,,_T,,_T,,2011,,322,,A,,0,,1,
DATAFLOW,OECD.ITF:DSD_TRENDS@DF_TRENDSSAFETY(1.0),,I,ALB,,A,,FATALITIES,,PS,,ROAD,,_T,,_T,,2012,,334,,A,,0,,1,
DATAFLOW,OECD.ITF:DSD_TRENDS@DF_TRENDSSAFETY(1.0),,I,ALB,,A,,FATALITIES,,PS,,ROAD,,_T,,_T,,2013,,295,,A,,0,,1,
DATAFLOW,OECD.ITF:DSD_TRENDS@DF_TRENDSSAFETY(1.0),,I,ALB,,A,,FATALITIES,,PS,,ROAD,,_T,,_T,,2014,,264,,A,,0,,1,
DATAFLOW,OECD.ITF:DSD_TRENDS@DF_TRENDSSAFETY(1.0),,I,ALB,,A,,FATALITIES,,PS,,ROAD,,_T,,_T,,2015,,270,,A,,0,,1,
DATAFLOW,OECD.ITF:DSD_TRENDS@DF_TRENDSSAFETY(1.0),,I,ALB,,A,,FATALITIES,,PS,,ROAD,,_T,,_T,,2016,,269,,A,,0,,1,
DATAFLOW,OECD.ITF:DSD_TRENDS@DF_TRENDSSAFETY(1.0),,I,ALB,,A,,FATALITIES,,PS,,ROAD,,_T,,_T,,2017,,222,,A,,0,,1,
DATAFLOW,OECD.ITF:DSD_TRENDS@DF_TRENDSSAFETY(1.0),,I,ALB,,A,,FATALITIES,,PS,,ROAD,,_T,,_T,,2018,,213,,A,,0,,1,
DATAFLOW,OECD.ITF:DSD_TRENDS@DF_TRENDSSAFETY(1.0),,I,ALB,,A,,FATALITIES,,PS,,ROAD,,_T,,_T,,2019,,227,,A,,0,,1,
DATAFLOW,OECD.ITF:DSD_TRENDS@DF_TRENDSSAFETY(1.0),,I,ALB,,A,,FATALITIES,,PS,,ROAD,,_T,,_T,,2020,,181,,A,,0,,1,
DATAFLOW,OECD.ITF:DSD_TRENDS@DF_TRENDSSAFETY(1.0),,I,ALB,,A,,FATALITIES,,PS,,ROAD,,_T,,_T,,2021,,197,,A,,0,,1,
DATAFLOW,OECD.ITF:DSD_TRENDS@DF_TRENDSSAFETY(1.0),,I,ALB,,A,,FATALITIES,,PS,,ROAD,,_T,,_T,,2022,,164,,A,,0,,1,
DATAFLOW,OECD.ITF:DSD_TRENDS@DF_TRENDSSAFETY(1.0),,I,ALB,,A,,FATALITIES,,PS,,ROAD,,_T,,_T,,2023,,192,,A,,0,,1,
DATAFLOW,OECD.ITF:DSD_TRENDS@DF_TRENDSSAFETY(1.0),,I,ALB,,A,,FATALITIES,,PS,,ROAD,,_T,,_T,,2024,,175,,A,,0,,1,
DATAFLOW,OECD.ITF:DSD_TRENDS@DF_TRENDSSAFETY(1.0),,I,ARG,,A,,FATALITIES,,PS,,ROAD,,_T,,_T,,2008,,5759,,A,,0,,1,
DATAFLOW,OECD.ITF:DSD_TRENDS@DF_TRENDSSAFETY(1.0),,I,ARG,,A,,FATALITIES,,PS,,ROAD,,_T,,_T,,2009,,5219,,A,,0,,1,
DATAFLOW,OECD.ITF:DSD_TRENDS@DF_TRENDSSAFETY(1.0),,I,ARG,,A,,FATALITIES,,PS,,ROAD,,_T,,_T,,2010,,5094,,A,,0,,1,
DATAFLOW,OECD.ITF:DSD_TRENDS@DF_TRENDSSAFETY(1.0),,I,ARG,,A,,FATALITIES,,PS,,ROAD,,_T,,_T,,2011,,5040,,A,,0,,1,
DATAFLOW,OECD.ITF:DSD_TRENDS@DF_TRENDSSAFETY(1.0),,I,ARG,,A,,FATALITIES,,PS,,ROAD,,_T,,_T,,2012,,5074,,A,,0,,1,
DATAFLOW,OECD.ITF:DSD_TRENDS@DF_TRENDSSAFETY(1.0),,I,ARG,,A,,FATALITIES,,PS,,ROAD,,_T,,_T,,2013,,5209,,A,,0,,1,
DATAFLOW,OECD.ITF:DSD_TRENDS@DF_TRENDSSAFETY(1.0),,I,ARG,,A,,FATALITIES,,PS,,ROAD,,_T,,_T,,2014,,5279,,A,,0,,1,
DATAFLOW,OECD.ITF:DSD_TRENDS@DF_TRENDSSAFETY(1.0),,I,ARG,,A,,FATALITIES,,PS,,ROAD,,_T,,_T,,2016,,5582,,A,,0,,1,
DATAFLOW,OECD.ITF:DSD_TRENDS@DF_TRENDSSAFETY(1.0),,I,ARM,,A,,FATALITIES,,PS,,ROAD,,_T,,_T,,1997,,261,,A,,0,,1,
DATAFLOW,OECD.ITF:DSD_TRENDS@DF_TRENDSSAFETY(1.0),,I,ARM,,A,,FATALITIES,,PS,,ROAD,,_T,,_T,,1998,,316,,A,,0,,1,
DATAFLOW,OECD.ITF:DSD_TRENDS@DF_TRENDSSAFETY(1.0),,I,ARM,,A,,FATALITIES,,PS,,ROAD,,_T,,_T,,1999,,229,,A,,0,,1,
DATAFLOW,OECD.ITF:DSD_TRENDS@DF_TRENDSSAFETY(1.0),,I,ARM,,A,,FATALITIES,,PS,,ROAD,,_T,,_T,,2000,,214,,A,,0,,1,
DATAFLOW,OECD.ITF:DSD_TRENDS@DF_TRENDSSAFETY(1.0),,I,ARM,,A,,FATALITIES,,PS,,ROAD,,_T,,_T,,2001,,237,,A,,0,,1,
DATAFLOW,OECD.ITF:DSD_TRENDS@DF_TRENDSSAFETY(1.0),,I,ARM,,A,,FATALITIES,,PS,,ROAD,,_T,,_T,,2002,,235,,A,,0,,1,
DATAFLOW,OECD.ITF:DSD_TRENDS@DF_TRENDSSAFETY(1.0),,I,ARM,,A,,FATALITIES,,PS,,ROAD,,_T,,_T,,2003,,252,,A,,0,,1,
DATAFLOW,OECD.ITF:DSD_TRENDS@DF_TRENDSSAFETY(1.0),,I,ARM,,A,,FATALITIES,,PS,,ROAD,,_T,,_T,,2004,,259,,A,,0,,1,
DATAFLOW,OECD.ITF:DSD_TRENDS@DF_TRENDSSAFETY(1.0),,I,ARM,,A,,FATALITIES,,PS,,ROAD,,_T,,_T,,2005,,310,,A,,0,,1,
DATAFLOW,OECD.ITF:DSD_TRENDS@DF_TRENDSSAFETY(1.0),,I,ARM,,A,,FATALITIES,,PS,,ROAD,,_T,,_T,,2006,,332,,A,,0,,1,
DATAFLOW,OECD.ITF:DSD_TRENDS@DF_TRENDSSAFETY(1.0),,I,ARM,,A,,FATALITIES,,PS,,ROAD,,_T,,_T,,2007,,371,,A,,0,,1,
DATAFLOW,OECD.ITF:DSD_TRENDS@DF_TRENDSSAFETY(1.0),,I,ARM,,A,,FATALITIES,,PS,,ROAD,,_T,,_T,,2008,,407,,A,,0,,1,
DATAFLOW,OECD.ITF:DSD_TRENDS@DF_TRENDSSAFETY(1.0),,I,ARM,,A,,FATALITIES,,PS,,ROAD,,_T,,_T,,2009,,325,,A,,0,,1,
DATAFLOW,OECD.ITF:DSD_TRENDS@DF_TRENDSSAFETY(1.0),,I,ARM,,A,,FATALITIES,,PS,,ROAD,,_T,,_T,,2010,,294,,A,,0,,1,
DATAFLOW,OECD.ITF:DSD_TRENDS@DF_TRENDSSAFETY(1.0),,I,ARM,,A,,FATALITIES,,PS,,ROAD,,_T,,_T,,2011,,327,,A,,0,,1,
DATAFLOW,OECD.ITF:DSD_TRENDS@DF_TRENDSSAFETY(1.0),,I,ARM,,A,,FATALITIES,,PS,,ROAD,,_T,,_T,,2012,,311,,A,,0,,1,
DATAFLOW,OECD.ITF:DSD_TRENDS@DF_TRENDSSAFETY(1.0),,I,ARM,,A,,FATALITIES,,PS,,ROAD,,_T,,_T,,2013,,316,,A,,0,,1,
DATAFLOW,OECD.ITF:DSD_TRENDS@DF_TRENDSSAFETY(1.0),,I,ARM,,A,,FATALITIES,,PS,,ROAD,,_T,,_T,,2014,,297,,A,,0,,1,
DATAFLOW,OECD.ITF:DSD_TRENDS@DF_TRENDSSAFETY(1.0),,I,ARM,,A,,FATALITIES,,PS,,ROAD,,_T,,_T,,2015,,346,,A,,0,,1,
DATAFLOW,OECD.ITF:DSD_TRENDS@DF_TRENDSSAFETY(1.0),,I,ARM,,A,,FATALITIES,,PS,,ROAD,,_T,,_T,,2016,,267,,A,,0,,1,
DATAFLOW,OECD.ITF:DSD_TRENDS@DF_TRENDSSAFETY(1.0),,I,ARM,,A,,FATALITIES,,PS,,ROAD,,_T,,_T,,2017,,279,,A,,0,,1,
DATAFLOW,OECD.ITF:DSD_TRENDS@DF_TRENDSSAFETY(1.0),,I,ARM,,A,,FATALITIES,,PS,,ROAD,,_T,,_T,,2018,,343,,A,,0,,1,
DATAFLOW,OECD.ITF:DSD_TRENDS@DF_TRENDSSAFETY(1.0),,I,ARM,,A,,FATALITIES,,PS,,ROAD,,_T,,_T,,2019,,341,,A,,0,,1,
DATAFLOW,OECD.ITF:DSD_TRENDS@DF_TRENDSSAFETY(1.0),,I,ARM,,A,,FATALITIES,,PS,,ROAD,,_T,,_T,,2020,,348,,A,,0,,1,
DATAFLOW,OECD.ITF:DSD_TRENDS@DF_TRENDSSAFETY(1.0),,I,ARM,,A,,FATALITIES,,PS,,ROAD,,_T,,_T,,2021,,368,,A,,0,,1,
DATAFLOW,OECD.ITF:DSD_TRENDS@DF_TRENDSSAFETY(1.0),,I,ARM,,A,,FATALITIES,,PS,,ROAD,,_T,,_T,,2022,,321,,A,,0,,1,
DATAFLOW,OECD.ITF:DSD_TRENDS@DF_TRENDSSAFETY(1.0),,I,ARM,,A,,FATALITIES,,PS,,ROAD,,_T,,_T,,2023,,378,,A,,0,,1,
DATAFLOW,OECD.ITF:DSD_TRENDS@DF_TRENDSSAFETY(1.0),,I,AZE,,A,,FATALITIES,,PS,,ROAD,,_T,,_T,,1991,,1281,,A,,0,,1,
DATAFLOW,OECD.ITF:DSD_TRENDS@DF_TRENDSSAFETY(1.0),,I,AZE,,A,,FATALITIES,,PS,,ROAD,,_T,,_T,,1992,,1265,,A,,0,,1,
DATAFLOW,OECD.ITF:DSD_TRENDS@DF_TRENDSSAFETY(1.0),,I,AZE,,A,,FATALITIES,,PS,,ROAD,,_T,,_T,,1993,,1152,,A,,0,,1,
DATAFLOW,OECD.ITF:DSD_TRENDS@DF_TRENDSSAFETY(1.0),,I,AZE,,A,,FATALITIES,,PS,,ROAD,,_T,,_T,,1994,,1107,,A,,0,,1,
DATAFLOW,OECD.ITF:DSD_TRENDS@DF_TRENDSSAFETY(1.0),,I,AZE,,A,,FATALITIES,,PS,,ROAD,,_T,,_T,,1995,,990,,A,,0,,1,
DATAFLOW,OECD.ITF:DSD_TRENDS@DF_TRENDSSAFETY(1.0),,I,AZE,,A,,FATALITIES,,PS,,ROAD,,_T,,_T,,1996,,763,,A,,0,,1,
DATAFLOW,OECD.ITF:DSD_TRENDS@DF_TRENDSSAFETY(1.0),,I,AZE,,A,,FATALITIES,,PS,,ROAD,,_T,,_T,,1997,,605,,A,,0,,1,
DATAFLOW,OECD.ITF:DSD_TRENDS@DF_TRENDSSAFETY(1.0),,I,AZE,,A,,FATALITIES,,PS,,ROAD,,_T,,_T,,1998,,594,,A,,0,,1,
DATAFLOW,OECD.ITF:DSD_TRENDS@DF_TRENDSSAFETY(1.0),,I,AZE,,A,,FATALITIES,,PS,,ROAD,,_T,,_T,,1999,,554,,A,,0,,1,
DATAFLOW,OECD.ITF:DSD_TRENDS@DF_TRENDSSAFETY(1.0),,I,AZE,,A,,FATALITIES,,PS,,ROAD,,_T,,_T,,2000,,596,,A,,0,,1,
DATAFLOW,OECD.ITF:DSD_TRENDS@DF_TRENDSSAFETY(1.0),,I,AZE,,A,,FATALITIES,,PS,,ROAD,,_T,,_T,,2001,,559,,A,,0,,1,
DATAFLOW,OECD.ITF:DSD_TRENDS@DF_TRENDSSAFETY(1.0),,I,AZE,,A,,FATALITIES,,PS,,ROAD,,_T,,_T,,2002,,642,,A,,0,,1,
DATAFLOW,OECD.ITF:DSD_TRENDS@DF_TRENDSSAFETY(1.0),,I,AZE,,A,,FATALITIES,,PS,,ROAD,,_T,,_T,,2003,,724,,A,,0,,1,
DATAFLOW,OECD.ITF:DSD_TRENDS@DF_TRENDSSAFETY(1.0),,I,AZE,,A,,FATALITIES,,PS,,ROAD,,_T,,_T,,2004,,811,,A,,0,,1,
DATAFLOW,OECD.ITF:DSD_TRENDS@DF_TRENDSSAFETY(1.0),,I,AZE,,A,,FATALITIES,,PS,,ROAD,,_T,,_T,,2005,,1065,,A,,0,,1,
DATAFLOW,OECD.ITF:DSD_TRENDS@DF_TRENDSSAFETY(1.0),,I,AZE,,A,,FATALITIES,,PS,,ROAD,,_T,,_T,,2006,,1027,,A,,0,,1,
DATAFLOW,OECD.ITF:DSD_TRENDS@DF_TRENDSSAFETY(1.0),,I,AZE,,A,,FATALITIES,,PS,,ROAD,,_T,,_T,,2007,,1107,,A,,0,,1,
DATAFLOW,OECD.ITF:DSD_TRENDS@DF_TRENDSSAFETY(1.0),,I,AZE,,A,,FATALITIES,,PS,,ROAD,,_T,,_T,,2008,,1052,,A,,0,,1,
DATAFLOW,OECD.ITF:DSD_TRENDS@DF_TRENDSSAFETY(1.0),,I,AZE,,A,,FATALITIES,,PS,,ROAD,,_T,,_T,,2009,,930,,A,,0,,1,
DATAFLOW,OECD.ITF:DSD_TRENDS@DF_TRENDSSAFETY(1.0),,I,AZE,,A,,FATALITIES,,PS,,ROAD,,_T,,_T,,2010,,925,,A,,0,,1,
DATAFLOW,OECD.ITF:DSD_TRENDS@DF_TRENDSSAFETY(1.0),,I,AZE,,A,,FATALITIES,,PS,,ROAD,,_T,,_T,,2011,,1016,,A,,0,,1,
DATAFLOW,OECD.ITF:DSD_TRENDS@DF_TRENDSSAFETY(1.0),,I,AZE,,A,,FATALITIES,,PS,,ROAD,,_T,,_T,,2012,,1168,,A,,0,,1,
DATAFLOW,OECD.ITF:DSD_TRENDS@DF_TRENDSSAFETY(1.0),,I,AZE,,A,,FATALITIES,,PS,,ROAD,,_T,,_T,,2013,,1164,,A,,0,,1,
DATAFLOW,OECD.ITF:DSD_TRENDS@DF_TRENDSSAFETY(1.0),,I,AZE,,A,,FATALITIES,,PS,,ROAD,,_T,,_T,,2014,,1124,,A,,0,,1,
DATAFLOW,OECD.ITF:DSD_TRENDS@DF_TRENDSSAFETY(1.0),,I,AZE,,A,,FATALITIES,,PS,,ROAD,,_T,,_T,,2015,,894,,A,,0,,1,
DATAFLOW,OECD.ITF:DSD_TRENDS@DF_TRENDSSAFETY(1.0),,I,AZE,,A,,FATALITIES,,PS,,ROAD,,_T,,_T,,2016,,759,,A,,0,,1,
DATAFLOW,OECD.ITF:DSD_TRENDS@DF_TRENDSSAFETY(1.0),,I,AZE,,A,,FATALITIES,,PS,,ROAD,,_T,,_T,,2017,,750,,A,,0,,1,
DATAFLOW,OECD.ITF:DSD_TRENDS@DF_TRENDSSAFETY(1.0),,I,AZE,,A,,FATALITIES,,PS,,ROAD,,_T,,_T,,2018,,722,,A,,0,,1,
DATAFLOW,OECD.ITF:DSD_TRENDS@DF_TRENDSSAFETY(1.0),,I,AZE,,A,,FATALITIES,,PS,,ROAD,,_T,,_T,,2019,,821,,A,,0,,1,
DATAFLOW,OECD.ITF:DSD_TRENDS@DF_TRENDSSAFETY(1.0),,I,AZE,,A,,FATALITIES,,PS,,ROAD,,_T,,_T,,2020,,696,,A,,0,,1,
DATAFLOW,OECD.ITF:DSD_TRENDS@DF_TRENDSSAFETY(1.0),,I,AZE,,A,,FATALITIES,,PS,,ROAD,,_T,,_T,,2021,,706,,A,,0,,1,
DATAFLOW,OECD.ITF:DSD_TRENDS@DF_TRENDSSAFETY(1.0),,I,AZE,,A,,FATALITIES,,PS,,ROAD,,_T,,_T,,2022,,834,,A,,0,,1,
DATAFLOW,OECD.ITF:DSD_TRENDS@DF_TRENDSSAFETY(1.0),,I,AZE,,A,,FATALITIES,,PS,,ROAD,,_T,,_T,,2023,,862,,A,,0,,1,
DATAFLOW,OECD.ITF:DSD_TRENDS@DF_TRENDSSAFETY(1.0),,I,AZE,,A,,FATALITIES,,PS,,ROAD,,_T,,_T,,2024,,764,,A,,0,,1,
DATAFLOW,OECD.ITF:DSD_TRENDS@DF_TRENDSSAFETY(1.0),,I,BIH,,A,,FATALITIES,,PS,,ROAD,,_T,,_T,,1989,,592,,A,,0,,1,
DATAFLOW,OECD.ITF:DSD_TRENDS@DF_TRENDSSAFETY(1.0),,I,BIH,,A,,FATALITIES,,PS,,ROAD,,_T,,_T,,1994,,149,,A,,0,,1,
DATAFLOW,OECD.ITF:DSD_TRENDS@DF_TRENDSSAFETY(1.0),,I,BIH,,A,,FATALITIES,,PS,,ROAD,,_T,,_T,,1995,,215,,A,,0,,1,
DATAFLOW,OECD.ITF:DSD_TRENDS@DF_TRENDSSAFETY(1.0),,I,BIH,,A,,FATALITIES,,PS,,ROAD,,_T,,_T,,1996,,199,,A,,0,,1,
DATAFLOW,OECD.ITF:DSD_TRENDS@DF_TRENDSSAFETY(1.0),,I,BIH,,A,,FATALITIES,,PS,,ROAD,,_T,,_T,,1997,,230,,A,,0,,1,
DATAFLOW,OECD.ITF:DSD_TRENDS@DF_TRENDSSAFETY(1.0),,I,BIH,,A,,FATALITIES,,PS,,ROAD,,_T,,_T,,2003,,460,,A,,0,,1,
DATAFLOW,OECD.ITF:DSD_TRENDS@DF_TRENDSSAFETY(1.0),,I,BIH,,A,,FATALITIES,,PS,,ROAD,,_T,,_T,,2004,,437,,A,,0,,1,
DATAFLOW,OECD.ITF:DSD_TRENDS@DF_TRENDSSAFETY(1.0),,I,BIH,,A,,FATALITIES,,PS,,ROAD,,_T,,_T,,2005,,384,,A,,0,,1,
DATAFLOW,OECD.ITF:DSD_TRENDS@DF_TRENDSSAFETY(1.0),,I,BIH,,A,,FATALITIES,,PS,,ROAD,,_T,,_T,,2006,,403,,A,,0,,1,
DATAFLOW,OECD.ITF:DSD_TRENDS@DF_TRENDSSAFETY(1.0),,I,BIH,,A,,FATALITIES,,PS,,ROAD,,_T,,_T,,2007,,430,,A,,0,,1,
DATAFLOW,OECD.ITF:DSD_TRENDS@DF_TRENDSSAFETY(1.0),,I,BIH,,A,,FATALITIES,,PS,,ROAD,,_T,,_T,,2008,,434,,A,,0,,1,
DATAFLOW,OECD.ITF:DSD_TRENDS@DF_TRENDSSAFETY(1.0),,I,BIH,,A,,FATALITIES,,PS,,ROAD,,_T,,_T,,2009,,382,,A,,0,,1,
DATAFLOW,OECD.ITF:DSD_TRENDS@DF_TRENDSSAFETY(1.0),,I,BIH,,A,,FATALITIES,,PS,,ROAD,,_T,,_T,,2010,,356,,A,,0,,1,
DATAFLOW,OECD.ITF:DSD_TRENDS@DF_TRENDSSAFETY(1.0),,I,BIH,,A,,FATALITIES,,PS,,ROAD,,_T,,_T,,2011,,349,,A,,0,,1,
DATAFLOW,OECD.ITF:DSD_TRENDS@DF_TRENDSSAFETY(1.0),,I,BIH,,A,,FATALITIES,,PS,,ROAD,,_T,,_T,,2012,,295,,A,,0,,1,
DATAFLOW,OECD.ITF:DSD_TRENDS@DF_TRENDSSAFETY(1.0),,I,BIH,,A,,FATALITIES,,PS,,ROAD,,_T,,_T,,2013,,337,,A,,0,,1,
DATAFLOW,OECD.ITF:DSD_TRENDS@DF_TRENDSSAFETY(1.0),,I,BIH,,A,,FATALITIES,,PS,,ROAD,,_T,,_T,,2014,,290,,A,,0,,1,
DATAFLOW,OECD.ITF:DSD_TRENDS@DF_TRENDSSAFETY(1.0),,I,BIH,,A,,FATALITIES,,PS,,ROAD,,_T,,_T,,2015,,337,,A,,0,,1,
DATAFLOW,OECD.ITF:DSD_TRENDS@DF_TRENDSSAFETY(1.0),,I,BIH,,A,,FATALITIES,,PS,,ROAD,,_T,,_T,,2016,,318,,A,,0,,1,
DATAFLOW,OECD.ITF:DSD_TRENDS@DF_TRENDSSAFETY(1.0),,I,BIH,,A,,FATALITIES,,PS,,ROAD,,_T,,_T,,2017,,300,,A,,0,,1,
DATAFLOW,OECD.ITF:DSD_TRENDS@DF_TRENDSSAFETY(1.0),,I,BIH,,A,,FATALITIES,,PS,,ROAD,,_T,,_T,,2018,,279,,A,,0,,1,
DATAFLOW,OECD.ITF:DSD_TRENDS@DF_TRENDSSAFETY(1.0),,I,BIH,,A,,FATALITIES,,PS,,ROAD,,_T,,_T,,2019,,257,,A,,0,,1,
DATAFLOW,OECD.ITF:DSD_TRENDS@DF_TRENDSSAFETY(1.0),,I,BIH,,A,,FATALITIES,,PS,,ROAD,,_T,,_T,,2020,,243,,A,,0,,1,
DATAFLOW,OECD.ITF:DSD_TRENDS@DF_TRENDSSAFETY(1.0),,I,BIH,,A,,FATALITIES,,PS,,ROAD,,_T,,_T,,2021,,263,,A,,0,,1,
DATAFLOW,OECD.ITF:DSD_TRENDS@DF_TRENDSSAFETY(1.0),,I,BIH,,A,,FATALITIES,,PS,,ROAD,,_T,,_T,,2022,,223,,A,,0,,1,
DATAFLOW,OECD.ITF:DSD_TRENDS@DF_TRENDSSAFETY(1.0),,I,BIH,,A,,FATALITIES,,PS,,ROAD,,_T,,_T,,2023,,253,,A,,0,,1,
DATAFLOW,OECD.ITF:DSD_TRENDS@DF_TRENDSSAFETY(1.0),,I,BIH,,A,,FATALITIES,,PS,,ROAD,,_T,,_T,,2024,,219,,A,,0,,1,
DATAFLOW,OECD.ITF:DSD_TRENDS@DF_TRENDSSAFETY(1.0),,I,BGR,,A,,FATALITIES,,PS,,ROAD,,_T,,_T,,1976,,1021,,A,,0,,1,
DATAFLOW,OECD.ITF:DSD_TRENDS@DF_TRENDSSAFETY(1.0),,I,BGR,,A,,FATALITIES,,PS,,ROAD,,_T,,_T,,1977,,1040,,A,,0,,1,
DATAFLOW,OECD.ITF:DSD_TRENDS@DF_TRENDSSAFETY(1.0),,I,BGR,,A,,FATALITIES,,PS,,ROAD,,_T,,_T,,1978,,1153,,A,,0,,1,
DATAFLOW,OECD.ITF:DSD_TRENDS@DF_TRENDSSAFETY(1.0),,I,BGR,,A,,FATALITIES,,PS,,ROAD,,_T,,_T,,1979,,1149,,A,,0,,1,
DATAFLOW,OECD.ITF:DSD_TRENDS@DF_TRENDSSAFETY(1.0),,I,BGR,,A,,FATALITIES,,PS,,ROAD,,_T,,_T,,1980,,1199,,A,,0,,1,
DATAFLOW,OECD.ITF:DSD_TRENDS@DF_TRENDSSAFETY(1.0),,I,BGR,,A,,FATALITIES,,PS,,ROAD,,_T,,_T,,1981,,1219,,A,,0,,1,
DATAFLOW,OECD.ITF:DSD_TRENDS@DF_TRENDSSAFETY(1.0),,I,BGR,,A,,FATALITIES,,PS,,ROAD,,_T,,_T,,1982,,1229,,A,,0,,1,
DATAFLOW,OECD.ITF:DSD_TRENDS@DF_TRENDSSAFETY(1.0),,I,BGR,,A,,FATALITIES,,PS,,ROAD,,_T,,_T,,1983,,1123,,A,,0,,1,
DATAFLOW,OECD.ITF:DSD_TRENDS@DF_TRENDSSAFETY(1.0),,I,BGR,,A,,FATALITIES,,PS,,ROAD,,_T,,_T,,1984,,1119,,A,,0,,1,
DATAFLOW,OECD.ITF:DSD_TRENDS@DF_TRENDSSAFETY(1.0),,I,BGR,,A,,FATALITIES,,PS,,ROAD,,_T,,_T,,1985,,1113,,A,,0,,1,
DATAFLOW,OECD.ITF:DSD_TRENDS@DF_TRENDSSAFETY(1.0),,I,BGR,,A,,FATALITIES,,PS,,ROAD,,_T,,_T,,1986,,1070,,A,,0,,1,
DATAFLOW,OECD.ITF:DSD_TRENDS@DF_TRENDSSAFETY(1.0),,I,BGR,,A,,FATALITIES,,PS,,ROAD,,_T,,_T,,1987,,1153,,A,,0,,1,
DATAFLOW,OECD.ITF:DSD_TRENDS@DF_TRENDSSAFETY(1.0),,I,BGR,,A,,FATALITIES,,PS,,ROAD,,_T,,_T,,1988,,1153,,A,,0,,1,
DATAFLOW,OECD.ITF:DSD_TRENDS@DF_TRENDSSAFETY(1.0),,I,BGR,,A,,FATALITIES,,PS,,ROAD,,_T,,_T,,1989,,1280,,A,,0,,1,
DATAFLOW,OECD.ITF:DSD_TRENDS@DF_TRENDSSAFETY(1.0),,I,BGR,,A,,FATALITIES,,PS,,ROAD,,_T,,_T,,1990,,1567,,A,,0,,1,
DATAFLOW,OECD.ITF:DSD_TRENDS@DF_TRENDSSAFETY(1.0),,I,BGR,,A,,FATALITIES,,PS,,ROAD,,_T,,_T,,1991,,1114,,A,,0,,1,
DATAFLOW,OECD.ITF:DSD_TRENDS@DF_TRENDSSAFETY(1.0),,I,BGR,,A,,FATALITIES,,PS,,ROAD,,_T,,_T,,1992,,1299,,A,,0,,1,
DATAFLOW,OECD.ITF:DSD_TRENDS@DF_TRENDSSAFETY(1.0),,I,BGR,,A,,FATALITIES,,PS,,ROAD,,_T,,_T,,1993,,1307,,A,,0,,1,
DATAFLOW,OECD.ITF:DSD_TRENDS@DF_TRENDSSAFETY(1.0),,I,BGR,,A,,FATALITIES,,PS,,ROAD,,_T,,_T,,1994,,1390,,A,,0,,1,
DATAFLOW,OECD.ITF:DSD_TRENDS@DF_TRENDSSAFETY(1.0),,I,BGR,,A,,FATALITIES,,PS,,ROAD,,_T,,_T,,1995,,1264,,A,,0,,1,
DATAFLOW,OECD.ITF:DSD_TRENDS@DF_TRENDSSAFETY(1.0),,I,BGR,,A,,FATALITIES,,PS,,ROAD,,_T,,_T,,1996,,1014,,A,,0,,1,
DATAFLOW,OECD.ITF:DSD_TRENDS@DF_TRENDSSAFETY(1.0),,I,BGR,,A,,FATALITIES,,PS,,ROAD,,_T,,_T,,1997,,915,,A,,0,,1,
DATAFLOW,OECD.ITF:DSD_TRENDS@DF_TRENDSSAFETY(1.0),,I,BGR,,A,,FATALITIES,,PS,,ROAD,,_T,,_T,,1998,,1003,,A,,0,,1,
DATAFLOW,OECD.ITF:DSD_TRENDS@DF_TRENDSSAFETY(1.0),,I,BGR,,A,,FATALITIES,,PS,,ROAD,,_T,,_T,,1999,,1047,,A,,0,,1,
DATAFLOW,OECD.ITF:DSD_TRENDS@DF_TRENDSSAFETY(1.0),,I,BGR,,A,,FATALITIES,,PS,,ROAD,,_T,,_T,,2000,,1012,,A,,0,,1,
DATAFLOW,OECD.ITF:DSD_TRENDS@DF_TRENDSSAFETY(1.0),,I,BGR,,A,,FATALITIES,,PS,,ROAD,,_T,,_T,,2001,,1011,,A,,0,,1,
DATAFLOW,OECD.ITF:DSD_TRENDS@DF_TRENDSSAFETY(1.0),,I,BGR,,A,,FATALITIES,,PS,,ROAD,,_T,,_T,,2002,,959,,A,,0,,1,
DATAFLOW,OECD.ITF:DSD_TRENDS@DF_TRENDSSAFETY(1.0),,I,BGR,,A,,FATALITIES,,PS,,ROAD,,_T,,_T,,2003,,960,,A,,0,,1,
DATAFLOW,OECD.ITF:DSD_TRENDS@DF_TRENDSSAFETY(1.0),,I,BGR,,A,,FATALITIES,,PS,,ROAD,,_T,,_T,,2004,,943,,A,,0,,1,
DATAFLOW,OECD.ITF:DSD_TRENDS@DF_TRENDSSAFETY(1.0),,I,BGR,,A,,FATALITIES,,PS,,ROAD,,_T,,_T,,2005,,957,,A,,0,,1,
DATAFLOW,OECD.ITF:DSD_TRENDS@DF_TRENDSSAFETY(1.0),,I,BGR,,A,,FATALITIES,,PS,,ROAD,,_T,,_T,,2006,,1043,,A,,0,,1,
DATAFLOW,OECD.ITF:DSD_TRENDS@DF_TRENDSSAFETY(1.0),,I,BGR,,A,,FATALITIES,,PS,,ROAD,,_T,,_T,,2007,,1006,,A,,0,,1,
DATAFLOW,OECD.ITF:DSD_TRENDS@DF_TRENDSSAFETY(1.0),,I,BGR,,A,,FATALITIES,,PS,,ROAD,,_T,,_T,,2008,,1061,,A,,0,,1,
DATAFLOW,OECD.ITF:DSD_TRENDS@DF_TRENDSSAFETY(1.0),,I,BGR,,A,,FATALITIES,,PS,,ROAD,,_T,,_T,,2009,,901,,A,,0,,1,
DATAFLOW,OECD.ITF:DSD_TRENDS@DF_TRENDSSAFETY(1.0),,I,BGR,,A,,FATALITIES,,PS,,ROAD,,_T,,_T,,2010,,776,,A,,0,,1,
DATAFLOW,OECD.ITF:DSD_TRENDS@DF_TRENDSSAFETY(1.0),,I,BGR,,A,,FATALITIES,,PS,,ROAD,,_T,,_T,,2011,,657,,A,,0,,1,
DATAFLOW,OECD.ITF:DSD_TRENDS@DF_TRENDSSAFETY(1.0),,I,BGR,,A,,FATALITIES,,PS,,ROAD,,_T,,_T,,2012,,601,,A,,0,,1,
DATAFLOW,OECD.ITF:DSD_TRENDS@DF_TRENDSSAFETY(1.0),,I,BGR,,A,,FATALITIES,,PS,,ROAD,,_T,,_T,,2013,,601,,A,,0,,1,
DATAFLOW,OECD.ITF:DSD_TRENDS@DF_TRENDSSAFETY(1.0),,I,BGR,,A,,FATALITIES,,PS,,ROAD,,_T,,_T,,2014,,660,,A,,0,,1,
DATAFLOW,OECD.ITF:DSD_TRENDS@DF_TRENDSSAFETY(1.0),,I,BGR,,A,,FATALITIES,,PS,,ROAD,,_T,,_T,,2015,,708,,A,,0,,1,
DATAFLOW,OECD.ITF:DSD_TRENDS@DF_TRENDSSAFETY(1.0),,I,BGR,,A,,FATALITIES,,PS,,ROAD,,_T,,_T,,2016,,708,,A,,0,,1,
DATAFLOW,OECD.ITF:DSD_TRENDS@DF_TRENDSSAFETY(1.0),,I,BGR,,A,,FATALITIES,,PS,,ROAD,,_T,,_T,,2017,,682,,A,,0,,1,
DATAFLOW,OECD.ITF:DSD_TRENDS@DF_TRENDSSAFETY(1.0),,I,BGR,,A,,FATALITIES,,PS,,ROAD,,_T,,_T,,2018,,611,,A,,0,,1,
DATAFLOW,OECD.ITF:DSD_TRENDS@DF_TRENDSSAFETY(1.0),,I,BGR,,A,,FATALITIES,,PS,,ROAD,,_T,,_T,,2019,,628,,A,,0,,1,
DATAFLOW,OECD.ITF:DSD_TRENDS@DF_TRENDSSAFETY(1.0),,I,BGR,,A,,FATALITIES,,PS,,ROAD,,_T,,_T,,2020,,463,,A,,0,,1,
DATAFLOW,OECD.ITF:DSD_TRENDS@DF_TRENDSSAFETY(1.0),,I,BGR,,A,,FATALITIES,,PS,,ROAD,,_T,,_T,,2021,,561,,A,,0,,1,
DATAFLOW,OECD.ITF:DSD_TRENDS@DF_TRENDSSAFETY(1.0),,I,BGR,,A,,FATALITIES,,PS,,ROAD,,_T,,_T,,2022,,531,,A,,0,,1,
DATAFLOW,OECD.ITF:DSD_TRENDS@DF_TRENDSSAFETY(1.0),,I,BGR,,A,,FATALITIES,,PS,,ROAD,,_T,,_T,,2023,,525,,A,,0,,1,
DATAFLOW,OECD.ITF:DSD_TRENDS@DF_TRENDSSAFETY(1.0),,I,BGR,,A,,FATALITIES,,PS,,ROAD,,_T,,_T,,2024,,478,,A,,0,,1,
DATAFLOW,OECD.ITF:DSD_TRENDS@DF_TRENDSSAFETY(1.0),,I,HRV,,A,,FATALITIES,,PS,,ROAD,,_T,,_T,,1971,,1289,,A,,0,,1,
DATAFLOW,OECD.ITF:DSD_TRENDS@DF_TRENDSSAFETY(1.0),,I,HRV,,A,,FATALITIES,,PS,,ROAD,,_T,,_T,,1972,,1444,,A,,0,,1,
DATAFLOW,OECD.ITF:DSD_TRENDS@DF_TRENDSSAFETY(1.0),,I,HRV,,A,,FATALITIES,,PS,,ROAD,,_T,,_T,,1973,,1303,,A,,0,,1,
DATAFLOW,OECD.ITF:DSD_TRENDS@DF_TRENDSSAFETY(1.0),,I,HRV,,A,,FATALITIES,,PS,,ROAD,,_T,,_T,,1974,,1336,,A,,0,,1,
DATAFLOW,OECD.ITF:DSD_TRENDS@DF_TRENDSSAFETY(1.0),,I,HRV,,A,,FATALITIES,,PS,,ROAD,,_T,,_T,,1975,,1169,,A,,0,,1,
DATAFLOW,OECD.ITF:DSD_TRENDS@DF_TRENDSSAFETY(1.0),,I,HRV,,A,,FATALITIES,,PS,,ROAD,,_T,,_T,,1976,,1111,,A,,0,,1,
DATAFLOW,OECD.ITF:DSD_TRENDS@DF_TRENDSSAFETY(1.0),,I,HRV,,A,,FATALITIES,,PS,,ROAD,,_T,,_T,,1977,,1412,,A,,0,,1,
DATAFLOW,OECD.ITF:DSD_TRENDS@DF_TRENDSSAFETY(1.0),,I,HRV,,A,,FATALITIES,,PS,,ROAD,,_T,,_T,,1978,,1533,,A,,0,,1,
DATAFLOW,OECD.ITF:DSD_TRENDS@DF_TRENDSSAFETY(1.0),,I,HRV,,A,,FATALITIES,,PS,,ROAD,,_T,,_T,,1979,,1605,,A,,0,,1,
DATAFLOW,OECD.ITF:DSD_TRENDS@DF_TRENDSSAFETY(1.0),,I,HRV,,A,,FATALITIES,,PS,,ROAD,,_T,,_T,,1980,,1603,,A,,0,,1,
DATAFLOW,OECD.ITF:DSD_TRENDS@DF_TRENDSSAFETY(1.0),,I,HRV,,A,,FATALITIES,,PS,,ROAD,,_T,,_T,,1981,,1459,,A,,0,,1,
DATAFLOW,OECD.ITF:DSD_TRENDS@DF_TRENDSSAFETY(1.0),,I,HRV,,A,,FATALITIES,,PS,,ROAD,,_T,,_T,,1982,,1400,,A,,0,,1,
DATAFLOW,OECD.ITF:DSD_TRENDS@DF_TRENDSSAFETY(1.0),,I,HRV,,A,,FATALITIES,,PS,,ROAD,,_T,,_T,,1983,,1322,,A,,0,,1,
DATAFLOW,OECD.ITF:DSD_TRENDS@DF_TRENDSSAFETY(1.0),,I,HRV,,A,,FATALITIES,,PS,,ROAD,,_T,,_T,,1984,,1294,,A,,0,,1,
DATAFLOW,OECD.ITF:DSD_TRENDS@DF_TRENDSSAFETY(1.0),,I,HRV,,A,,FATALITIES,,PS,,ROAD,,_T,,_T,,1985,,1125,,A,,0,,1,
DATAFLOW,OECD.ITF:DSD_TRENDS@DF_TRENDSSAFETY(1.0),,I,HRV,,A,,FATALITIES,,PS,,ROAD,,_T,,_T,,1986,,1256,,A,,0,,1,
DATAFLOW,OECD.ITF:DSD_TRENDS@DF_TRENDSSAFETY(1.0),,I,HRV,,A,,FATALITIES,,PS,,ROAD,,_T,,_T,,1987,,1311,,A,,0,,1,
DATAFLOW,OECD.ITF:DSD_TRENDS@DF_TRENDSSAFETY(1.0),,I,HRV,,A,,FATALITIES,,PS,,ROAD,,_T,,_T,,1988,,1312,,A,,0,,1,
DATAFLOW,OECD.ITF:DSD_TRENDS@DF_TRENDSSAFETY(1.0),,I,HRV,,A,,FATALITIES,,PS,,ROAD,,_T,,_T,,1989,,1321,,A,,0,,1,
DATAFLOW,OECD.ITF:DSD_TRENDS@DF_TRENDSSAFETY(1.0),,I,HRV,,A,,FATALITIES,,PS,,ROAD,,_T,,_T,,1990,,1360,,A,,0,,1,
DATAFLOW,OECD.ITF:DSD_TRENDS@DF_TRENDSSAFETY(1.0),,I,HRV,,A,,FATALITIES,,PS,,ROAD,,_T,,_T,,1991,,1020,,A,,0,,1,
DATAFLOW,OECD.ITF:DSD_TRENDS@DF_TRENDSSAFETY(1.0),,I,HRV,,A,,FATALITIES,,PS,,ROAD,,_T,,_T,,1992,,975,,A,,0,,1,
DATAFLOW,OECD.ITF:DSD_TRENDS@DF_TRENDSSAFETY(1.0),,I,HRV,,A,,FATALITIES,,PS,,ROAD,,_T,,_T,,1993,,855,,A,,0,,1,
DATAFLOW,OECD.ITF:DSD_TRENDS@DF_TRENDSSAFETY(1.0),,I,HRV,,A,,FATALITIES,,PS,,ROAD,,_T,,_T,,1994,,804,,A,,0,,1,
DATAFLOW,OECD.ITF:DSD_TRENDS@DF_TRENDSSAFETY(1.0),,I,HRV,,A,,FATALITIES,,PS,,ROAD,,_T,,_T,,1995,,800,,A,,0,,1,
DATAFLOW,OECD.ITF:DSD_TRENDS@DF_TRENDSSAFETY(1.0),,I,HRV,,A,,FATALITIES,,PS,,ROAD,,_T,,_T,,1996,,721,,A,,0,,1,
DATAFLOW,OECD.ITF:DSD_TRENDS@DF_TRENDSSAFETY(1.0),,I,HRV,,A,,FATALITIES,,PS,,ROAD,,_T,,_T,,1997,,714,,A,,0,,1,
DATAFLOW,OECD.ITF:DSD_TRENDS@DF_TRENDSSAFETY(1.0),,I,HRV,,A,,FATALITIES,,PS,,ROAD,,_T,,_T,,1998,,646,,A,,0,,1,
DATAFLOW,OECD.ITF:DSD_TRENDS@DF_TRENDSSAFETY(1.0),,I,HRV,,A,,FATALITIES,,PS,,ROAD,,_T,,_T,,1999,,662,,A,,0,,1,
DATAFLOW,OECD.ITF:DSD_TRENDS@DF_TRENDSSAFETY(1.0),,I,HRV,,A,,FATALITIES,,PS,,ROAD,,_T,,_T,,2000,,655,,A,,0,,1,
DATAFLOW,OECD.ITF:DSD_TRENDS@DF_TRENDSSAFETY(1.0),,I,HRV,,A,,FATALITIES,,PS,,ROAD,,_T,,_T,,2001,,647,,A,,0,,1,
DATAFLOW,OECD.ITF:DSD_TRENDS@DF_TRENDSSAFETY(1.0),,I,HRV,,A,,FATALITIES,,PS,,ROAD,,_T,,_T,,2002,,627,,A,,0,,1,
DATAFLOW,OECD.ITF:DSD_TRENDS@DF_TRENDSSAFETY(1.0),,I,HRV,,A,,FATALITIES,,PS,,ROAD,,_T,,_T,,2003,,701,,A,,0,,1,
DATAFLOW,OECD.ITF:DSD_TRENDS@DF_TRENDSSAFETY(1.0),,I,HRV,,A,,FATALITIES,,PS,,ROAD,,_T,,_T,,2004,,608,,A,,0,,1,
DATAFLOW,OECD.ITF:DSD_TRENDS@DF_TRENDSSAFETY(1.0),,I,HRV,,A,,FATALITIES,,PS,,ROAD,,_T,,_T,,2005,,597,,A,,0,,1,
DATAFLOW,OECD.ITF:DSD_TRENDS@DF_TRENDSSAFETY(1.0),,I,HRV,,A,,FATALITIES,,PS,,ROAD,,_T,,_T,,2006,,614,,A,,0,,1,
DATAFLOW,OECD.ITF:DSD_TRENDS@DF_TRENDSSAFETY(1.0),,I,HRV,,A,,FATALITIES,,PS,,ROAD,,_T,,_T,,2007,,619,,A,,0,,1,
DATAFLOW,OECD.ITF:DSD_TRENDS@DF_TRENDSSAFETY(1.0),,I,HRV,,A,,FATALITIES,,PS,,ROAD,,_T,,_T,,2008,,664,,A,,0,,1,
DATAFLOW,OECD.ITF:DSD_TRENDS@DF_TRENDSSAFETY(1.0),,I,HRV,,A,,FATALITIES,,PS,,ROAD,,_T,,_T,,2009,,548,,A,,0,,1,
DATAFLOW,OECD.ITF:DSD_TRENDS@DF_TRENDSSAFETY(1.0),,I,HRV,,A,,FATALITIES,,PS,,ROAD,,_T,,_T,,2010,,426,,A,,0,,1,
DATAFLOW,OECD.ITF:DSD_TRENDS@DF_TRENDSSAFETY(1.0),,I,HRV,,A,,FATALITIES,,PS,,ROAD,,_T,,_T,,2011,,418,,A,,0,,1,
DATAFLOW,OECD.ITF:DSD_TRENDS@DF_TRENDSSAFETY(1.0),,I,HRV,,A,,FATALITIES,,PS,,ROAD,,_T,,_T,,2012,,393,,A,,0,,1,
DATAFLOW,OECD.ITF:DSD_TRENDS@DF_TRENDSSAFETY(1.0),,I,HRV,,A,,FATALITIES,,PS,,ROAD,,_T,,_T,,2013,,368,,A,,0,,1,
DATAFLOW,OECD.ITF:DSD_TRENDS@DF_TRENDSSAFETY(1.0),,I,HRV,,A,,FATALITIES,,PS,,ROAD,,_T,,_T,,2014,,308,,A,,0,,1,
DATAFLOW,OECD.ITF:DSD_TRENDS@DF_TRENDSSAFETY(1.0),,I,HRV,,A,,FATALITIES,,PS,,ROAD,,_T,,_T,,2015,,348,,A,,0,,1,
DATAFLOW,OECD.ITF:DSD_TRENDS@DF_TRENDSSAFETY(1.0),,I,HRV,,A,,FATALITIES,,PS,,ROAD,,_T,,_T,,2016,,307,,A,,0,,1,
DATAFLOW,OECD.ITF:DSD_TRENDS@DF_TRENDSSAFETY(1.0),,I,HRV,,A,,FATALITIES,,PS,,ROAD,,_T,,_T,,2017,,331,,A,,0,,1,
DATAFLOW,OECD.ITF:DSD_TRENDS@DF_TRENDSSAFETY(1.0),,I,HRV,,A,,FATALITIES,,PS,,ROAD,,_T,,_T,,2018,,317,,A,,0,,1,
DATAFLOW,OECD.ITF:DSD_TRENDS@DF_TRENDSSAFETY(1.0),,I,HRV,,A,,FATALITIES,,PS,,ROAD,,_T,,_T,,2019,,297,,A,,0,,1,
DATAFLOW,OECD.ITF:DSD_TRENDS@DF_TRENDSSAFETY(1.0),,I,HRV,,A,,FATALITIES,,PS,,ROAD,,_T,,_T,,2020,,237,,A,,0,,1,
DATAFLOW,OECD.ITF:DSD_TRENDS@DF_TRENDSSAFETY(1.0),,I,HRV,,A,,FATALITIES,,PS,,ROAD,,_T,,_T,,2021,,292,,A,,0,,1,
DATAFLOW,OECD.ITF:DSD_TRENDS@DF_TRENDSSAFETY(1.0),,I,HRV,,A,,FATALITIES,,PS,,ROAD,,_T,,_T,,2022,,275,,A,,0,,1,
DATAFLOW,OECD.ITF:DSD_TRENDS@DF_TRENDSSAFETY(1.0),,I,HRV,,A,,FATALITIES,,PS,,ROAD,,_T,,_T,,2023,,274,,A,,0,,1,
DATAFLOW,OECD.ITF:DSD_TRENDS@DF_TRENDSSAFETY(1.0),,I,HRV,,A,,FATALITIES,,PS,,ROAD,,_T,,_T,,2024,,239,,A,,0,,1,
DATAFLOW,OECD.ITF:DSD_TRENDS@DF_TRENDSSAFETY(1.0),,I,GEO,,A,,FATALITIES,,PS,,ROAD,,_T,,_T,,1970,,795,,A,,0,,1,
DATAFLOW,OECD.ITF:DSD_TRENDS@DF_TRENDSSAFETY(1.0),,I,GEO,,A,,FATALITIES,,PS,,ROAD,,_T,,_T,,1971,,745,,A,,0,,1,
DATAFLOW,OECD.ITF:DSD_TRENDS@DF_TRENDSSAFETY(1.0),,I,GEO,,A,,FATALITIES,,PS,,ROAD,,_T,,_T,,1972,,672,,A,,0,,1,
DATAFLOW,OECD.ITF:DSD_TRENDS@DF_TRENDSSAFETY(1.0),,I,GEO,,A,,FATALITIES,,PS,,ROAD,,_T,,_T,,1973,,719,,A,,0,,1,
DATAFLOW,OECD.ITF:DSD_TRENDS@DF_TRENDSSAFETY(1.0),,I,GEO,,A,,FATALITIES,,PS,,ROAD,,_T,,_T,,1974,,700,,A,,0,,1,
DATAFLOW,OECD.ITF:DSD_TRENDS@DF_TRENDSSAFETY(1.0),,I,GEO,,A,,FATALITIES,,PS,,ROAD,,_T,,_T,,1975,,845,,A,,0,,1,
DATAFLOW,OECD.ITF:DSD_TRENDS@DF_TRENDSSAFETY(1.0),,I,GEO,,A,,FATALITIES,,PS,,ROAD,,_T,,_T,,1976,,817,,A,,0,,1,
DATAFLOW,OECD.ITF:DSD_TRENDS@DF_TRENDSSAFETY(1.0),,I,GEO,,A,,FATALITIES,,PS,,ROAD,,_T,,_T,,1977,,925,,A,,0,,1,
DATAFLOW,OECD.ITF:DSD_TRENDS@DF_TRENDSSAFETY(1.0),,I,GEO,,A,,FATALITIES,,PS,,ROAD,,_T,,_T,,1978,,969,,A,,0,,1,
DATAFLOW,OECD.ITF:DSD_TRENDS@DF_TRENDSSAFETY(1.0),,I,GEO,,A,,FATALITIES,,PS,,ROAD,,_T,,_T,,1979,,985,,A,,0,,1,
DATAFLOW,OECD.ITF:DSD_TRENDS@DF_TRENDSSAFETY(1.0),,I,GEO,,A,,FATALITIES,,PS,,ROAD,,_T,,_T,,1980,,902,,A,,0,,1,
DATAFLOW,OECD.ITF:DSD_TRENDS@DF_TRENDSSAFETY(1.0),,I,GEO,,A,,FATALITIES,,PS,,ROAD,,_T,,_T,,1981,,897,,A,,0,,1,
DATAFLOW,OECD.ITF:DSD_TRENDS@DF_TRENDSSAFETY(1.0),,I,GEO,,A,,FATALITIES,,PS,,ROAD,,_T,,_T,,1982,,894,,A,,0,,1,
DATAFLOW,OECD.ITF:DSD_TRENDS@DF_TRENDSSAFETY(1.0),,I,GEO,,A,,FATALITIES,,PS,,ROAD,,_T,,_T,,1983,,822,,A,,0,,1,
DATAFLOW,OECD.ITF:DSD_TRENDS@DF_TRENDSSAFETY(1.0),,I,GEO,,A,,FATALITIES,,PS,,ROAD,,_T,,_T,,1984,,719,,A,,0,,1,
DATAFLOW,OECD.ITF:DSD_TRENDS@DF_TRENDSSAFETY(1.0),,I,GEO,,A,,FATALITIES,,PS,,ROAD,,_T,,_T,,1985,,660,,A,,0,,1,
DATAFLOW,OECD.ITF:DSD_TRENDS@DF_TRENDSSAFETY(1.0),,I,GEO,,A,,FATALITIES,,PS,,ROAD,,_T,,_T,,1986,,645,,A,,0,,1,
DATAFLOW,OECD.ITF:DSD_TRENDS@DF_TRENDSSAFETY(1.0),,I,GEO,,A,,FATALITIES,,PS,,ROAD,,_T,,_T,,1987,,622,,A,,0,,1,
DATAFLOW,OECD.ITF:DSD_TRENDS@DF_TRENDSSAFETY(1.0),,I,GEO,,A,,FATALITIES,,PS,,ROAD,,_T,,_T,,1988,,658,,A,,0,,1,
DATAFLOW,OECD.ITF:DSD_TRENDS@DF_TRENDSSAFETY(1.0),,I,GEO,,A,,FATALITIES,,PS,,ROAD,,_T,,_T,,1989,,797,,A,,0,,1,
DATAFLOW,OECD.ITF:DSD_TRENDS@DF_TRENDSSAFETY(1.0),,I,GEO,,A,,FATALITIES,,PS,,ROAD,,_T,,_T,,1990,,1067,,A,,0,,1,
DATAFLOW,OECD.ITF:DSD_TRENDS@DF_TRENDSSAFETY(1.0),,I,GEO,,A,,FATALITIES,,PS,,ROAD,,_T,,_T,,1991,,1145,,A,,0,,1,
DATAFLOW,OECD.ITF:DSD_TRENDS@DF_TRENDSSAFETY(1.0),,I,GEO,,A,,FATALITIES,,PS,,ROAD,,_T,,_T,,1992,,883,,A,,0,,1,
DATAFLOW,OECD.ITF:DSD_TRENDS@DF_TRENDSSAFETY(1.0),,I,GEO,,A,,FATALITIES,,PS,,ROAD,,_T,,_T,,1993,,542,,A,,0,,1,
DATAFLOW,OECD.ITF:DSD_TRENDS@DF_TRENDSSAFETY(1.0),,I,GEO,,A,,FATALITIES,,PS,,ROAD,,_T,,_T,,1994,,494,,A,,0,,1,
DATAFLOW,OECD.ITF:DSD_TRENDS@DF_TRENDSSAFETY(1.0),,I,GEO,,A,,FATALITIES,,PS,,ROAD,,_T,,_T,,1995,,450,,A,,0,,1,
DATAFLOW,OECD.ITF:DSD_TRENDS@DF_TRENDSSAFETY(1.0),,I,GEO,,A,,FATALITIES,,PS,,ROAD,,_T,,_T,,1996,,437,,A,,0,,1,
DATAFLOW,OECD.ITF:DSD_TRENDS@DF_TRENDSSAFETY(1.0),,I,GEO,,A,,FATALITIES,,PS,,ROAD,,_T,,_T,,1997,,449,,A,,0,,1,
DATAFLOW,OECD.ITF:DSD_TRENDS@DF_TRENDSSAFETY(1.0),,I,GEO,,A,,FATALITIES,,PS,,ROAD,,_T,,_T,,1998,,466,,A,,0,,1,
DATAFLOW,OECD.ITF:DSD_TRENDS@DF_TRENDSSAFETY(1.0),,I,GEO,,A,,FATALITIES,,PS,,ROAD,,_T,,_T,,1999,,539,,A,,0,,1,
DATAFLOW,OECD.ITF:DSD_TRENDS@DF_TRENDSSAFETY(1.0),,I,GEO,,A,,FATALITIES,,PS,,ROAD,,_T,,_T,,2000,,500,,A,,0,,1,
DATAFLOW,OECD.ITF:DSD_TRENDS@DF_TRENDSSAFETY(1.0),,I,GEO,,A,,FATALITIES,,PS,,ROAD,,_T,,_T,,2001,,558,,A,,0,,1,
DATAFLOW,OECD.ITF:DSD_TRENDS@DF_TRENDSSAFETY(1.0),,I,GEO,,A,,FATALITIES,,PS,,ROAD,,_T,,_T,,2002,,515,,A,,0,,1,
DATAFLOW,OECD.ITF:DSD_TRENDS@DF_TRENDSSAFETY(1.0),,I,GEO,,A,,FATALITIES,,PS,,ROAD,,_T,,_T,,2003,,572,,A,,0,,1,
DATAFLOW,OECD.ITF:DSD_TRENDS@DF_TRENDSSAFETY(1.0),,I,GEO,,A,,FATALITIES,,PS,,ROAD,,_T,,_T,,2004,,637,,A,,0,,1,
DATAFLOW,OECD.ITF:DSD_TRENDS@DF_TRENDSSAFETY(1.0),,I,GEO,,A,,FATALITIES,,PS,,ROAD,,_T,,_T,,2005,,581,,A,,0,,1,
DATAFLOW,OECD.ITF:DSD_TRENDS@DF_TRENDSSAFETY(1.0),,I,GEO,,A,,FATALITIES,,PS,,ROAD,,_T,,_T,,2006,,675,,A,,0,,1,
DATAFLOW,OECD.ITF:DSD_TRENDS@DF_TRENDSSAFETY(1.0),,I,GEO,,A,,FATALITIES,,PS,,ROAD,,_T,,_T,,2007,,737,,A,,0,,1,
DATAFLOW,OECD.ITF:DSD_TRENDS@DF_TRENDSSAFETY(1.0),,I,GEO,,A,,FATALITIES,,PS,,ROAD,,_T,,_T,,2008,,867,,A,,0,,1,
DATAFLOW,OECD.ITF:DSD_TRENDS@DF_TRENDSSAFETY(1.0),,I,GEO,,A,,FATALITIES,,PS,,ROAD,,_T,,_T,,2009,,738,,A,,0,,1,
DATAFLOW,OECD.ITF:DSD_TRENDS@DF_TRENDSSAFETY(1.0),,I,GEO,,A,,FATALITIES,,PS,,ROAD,,_T,,_T,,2010,,685,,A,,0,,1,
DATAFLOW,OECD.ITF:DSD_TRENDS@DF_TRENDSSAFETY(1.0),,I,GEO,,A,,FATALITIES,,PS,,ROAD,,_T,,_T,,2011,,526,,A,,0,,1,
DATAFLOW,OECD.ITF:DSD_TRENDS@DF_TRENDSSAFETY(1.0),,I,GEO,,A,,FATALITIES,,PS,,ROAD,,_T,,_T,,2012,,605,,A,,0,,1,
DATAFLOW,OECD.ITF:DSD_TRENDS@DF_TRENDSSAFETY(1.0),,I,GEO,,A,,FATALITIES,,PS,,ROAD,,_T,,_T,,2013,,514,,A,,0,,1,
DATAFLOW,OECD.ITF:DSD_TRENDS@DF_TRENDSSAFETY(1.0),,I,GEO,,A,,FATALITIES,,PS,,ROAD,,_T,,_T,,2014,,511,,A,,0,,1,
DATAFLOW,OECD.ITF:DSD_TRENDS@DF_TRENDSSAFETY(1.0),,I,GEO,,A,,FATALITIES,,PS,,ROAD,,_T,,_T,,2015,,602,,A,,0,,1,
DATAFLOW,OECD.ITF:DSD_TRENDS@DF_TRENDSSAFETY(1.0),,I,GEO,,A,,FATALITIES,,PS,,ROAD,,_T,,_T,,2016,,581,,A,,0,,1,
DATAFLOW,OECD.ITF:DSD_TRENDS@DF_TRENDSSAFETY(1.0),,I,GEO,,A,,FATALITIES,,PS,,ROAD,,_T,,_T,,2017,,517,,A,,0,,1,
DATAFLOW,OECD.ITF:DSD_TRENDS@DF_TRENDSSAFETY(1.0),,I,GEO,,A,,FATALITIES,,PS,,ROAD,,_T,,_T,,2018,,459,,A,,0,,1,
DATAFLOW,OECD.ITF:DSD_TRENDS@DF_TRENDSSAFETY(1.0),,I,GEO,,A,,FATALITIES,,PS,,ROAD,,_T,,_T,,2019,,481,,A,,0,,1,
DATAFLOW,OECD.ITF:DSD_TRENDS@DF_TRENDSSAFETY(1.0),,I,GEO,,A,,FATALITIES,,PS,,ROAD,,_T,,_T,,2020,,450,,A,,0,,1,
DATAFLOW,OECD.ITF:DSD_TRENDS@DF_TRENDSSAFETY(1.0),,I,GEO,,A,,FATALITIES,,PS,,ROAD,,_T,,_T,,2021,,449,,A,,0,,1,
DATAFLOW,OECD.ITF:DSD_TRENDS@DF_TRENDSSAFETY(1.0),,I,GEO,,A,,FATALITIES,,PS,,ROAD,,_T,,_T,,2022,,430,,A,,0,,1,
DATAFLOW,OECD.ITF:DSD_TRENDS@DF_TRENDSSAFETY(1.0),,I,GEO,,A,,FATALITIES,,PS,,ROAD,,_T,,_T,,2023,,442,,A,,0,,1,
DATAFLOW,OECD.ITF:DSD_TRENDS@DF_TRENDSSAFETY(1.0),,I,GEO,,A,,FATALITIES,,PS,,ROAD,,_T,,_T,,2024,,444,,A,,0,,1,
DATAFLOW,OECD.ITF:DSD_TRENDS@DF_TRENDSSAFETY(1.0),,I,IND,,A,,FATALITIES,,PS,,ROAD,,_T,,_T,,1990,,54100,,A,,0,,1,
DATAFLOW,OECD.ITF:DSD_TRENDS@DF_TRENDSSAFETY(1.0),,I,IND,,A,,FATALITIES,,PS,,ROAD,,_T,,_T,,1991,,56278,,A,,0,,1,
DATAFLOW,OECD.ITF:DSD_TRENDS@DF_TRENDSSAFETY(1.0),,I,IND,,A,,FATALITIES,,PS,,ROAD,,_T,,_T,,1992,,60113,,A,,0,,1,
DATAFLOW,OECD.ITF:DSD_TRENDS@DF_TRENDSSAFETY(1.0),,I,IND,,A,,FATALITIES,,PS,,ROAD,,_T,,_T,,1993,,60380,,A,,0,,1,
DATAFLOW,OECD.ITF:DSD_TRENDS@DF_TRENDSSAFETY(1.0),,I,IND,,A,,FATALITIES,,PS,,ROAD,,_T,,_T,,1994,,64463,,A,,0,,1,
DATAFLOW,OECD.ITF:DSD_TRENDS@DF_TRENDSSAFETY(1.0),,I,IND,,A,,FATALITIES,,PS,,ROAD,,_T,,_T,,1995,,70781,,A,,0,,1,
DATAFLOW,OECD.ITF:DSD_TRENDS@DF_TRENDSSAFETY(1.0),,I,IND,,A,,FATALITIES,,PS,,ROAD,,_T,,_T,,1996,,74665,,A,,0,,1,
DATAFLOW,OECD.ITF:DSD_TRENDS@DF_TRENDSSAFETY(1.0),,I,IND,,A,,FATALITIES,,PS,,ROAD,,_T,,_T,,1997,,76977,,A,,0,,1,
DATAFLOW,OECD.ITF:DSD_TRENDS@DF_TRENDSSAFETY(1.0),,I,IND,,A,,FATALITIES,,PS,,ROAD,,_T,,_T,,1998,,79919,,A,,0,,1,
DATAFLOW,OECD.ITF:DSD_TRENDS@DF_TRENDSSAFETY(1.0),,I,IND,,A,,FATALITIES,,PS,,ROAD,,_T,,_T,,1999,,81966,,A,,0,,1,
DATAFLOW,OECD.ITF:DSD_TRENDS@DF_TRENDSSAFETY(1.0),,I,IND,,A,,FATALITIES,,PS,,ROAD,,_T,,_T,,2000,,78911,,A,,0,,1,
DATAFLOW,OECD.ITF:DSD_TRENDS@DF_TRENDSSAFETY(1.0),,I,IND,,A,,FATALITIES,,PS,,ROAD,,_T,,_T,,2001,,80888,,A,,0,,1,
DATAFLOW,OECD.ITF:DSD_TRENDS@DF_TRENDSSAFETY(1.0),,I,IND,,A,,FATALITIES,,PS,,ROAD,,_T,,_T,,2002,,84674,,A,,0,,1,
DATAFLOW,OECD.ITF:DSD_TRENDS@DF_TRENDSSAFETY(1.0),,I,IND,,A,,FATALITIES,,PS,,ROAD,,_T,,_T,,2003,,85998,,A,,0,,1,
DATAFLOW,OECD.ITF:DSD_TRENDS@DF_TRENDSSAFETY(1.0),,I,IND,,A,,FATALITIES,,PS,,ROAD,,_T,,_T,,2004,,92618,,A,,0,,1,
DATAFLOW,OECD.ITF:DSD_TRENDS@DF_TRENDSSAFETY(1.0),,I,IND,,A,,FATALITIES,,PS,,ROAD,,_T,,_T,,2005,,94968,,A,,0,,1,
DATAFLOW,OECD.ITF:DSD_TRENDS@DF_TRENDSSAFETY(1.0),,I,IND,,A,,FATALITIES,,PS,,ROAD,,_T,,_T,,2006,,105749,,A,,0,,1,
DATAFLOW,OECD.ITF:DSD_TRENDS@DF_TRENDSSAFETY(1.0),,I,IND,,A,,FATALITIES,,PS,,ROAD,,_T,,_T,,2007,,114444,,A,,0,,1,
DATAFLOW,OECD.ITF:DSD_TRENDS@DF_TRENDSSAFETY(1.0),,I,IND,,A,,FATALITIES,,PS,,ROAD,,_T,,_T,,2008,,119860,,A,,0,,1,
DATAFLOW,OECD.ITF:DSD_TRENDS@DF_TRENDSSAFETY(1.0),,I,IND,,A,,FATALITIES,,PS,,ROAD,,_T,,_T,,2009,,125660,,A,,0,,1,
DATAFLOW,OECD.ITF:DSD_TRENDS@DF_TRENDSSAFETY(1.0),,I,IND,,A,,FATALITIES,,PS,,ROAD,,_T,,_T,,2010,,134513,,A,,0,,1,
DATAFLOW,OECD.ITF:DSD_TRENDS@DF_TRENDSSAFETY(1.0),,I,IND,,A,,FATALITIES,,PS,,ROAD,,_T,,_T,,2011,,142485,,A,,0,,1,
DATAFLOW,OECD.ITF:DSD_TRENDS@DF_TRENDSSAFETY(1.0),,I,IND,,A,,FATALITIES,,PS,,ROAD,,_T,,_T,,2012,,138258,,A,,0,,1,
DATAFLOW,OECD.ITF:DSD_TRENDS@DF_TRENDSSAFETY(1.0),,I,IND,,A,,FATALITIES,,PS,,ROAD,,_T,,_T,,2013,,137572,,A,,0,,1,
DATAFLOW,OECD.ITF:DSD_TRENDS@DF_TRENDSSAFETY(1.0),,I,IND,,A,,FATALITIES,,PS,,ROAD,,_T,,_T,,2014,,139671,,A,,0,,1,
DATAFLOW,OECD.ITF:DSD_TRENDS@DF_TRENDSSAFETY(1.0),,I,IND,,A,,FATALITIES,,PS,,ROAD,,_T,,_T,,2015,,146133,,A,,0,,1,
DATAFLOW,OECD.ITF:DSD_TRENDS@DF_TRENDSSAFETY(1.0),,I,IND,,A,,FATALITIES,,PS,,ROAD,,_T,,_T,,2016,,150785,,A,,0,,1,
DATAFLOW,OECD.ITF:DSD_TRENDS@DF_TRENDSSAFETY(1.0),,I,IND,,A,,FATALITIES,,PS,,ROAD,,_T,,_T,,2017,,147913,,A,,0,,1,
DATAFLOW,OECD.ITF:DSD_TRENDS@DF_TRENDSSAFETY(1.0),,I,KAZ,,A,,FATALITIES,,PS,,ROAD,,_T,,_T,,2003,,2754,,A,,0,,1,
DATAFLOW,OECD.ITF:DSD_TRENDS@DF_TRENDSSAFETY(1.0),,I,KAZ,,A,,FATALITIES,,PS,,ROAD,,_T,,_T,,2004,,3136,,A,,0,,1,
DATAFLOW,OECD.ITF:DSD_TRENDS@DF_TRENDSSAFETY(1.0),,I,KAZ,,A,,FATALITIES,,PS,,ROAD,,_T,,_T,,2005,,3374,,A,,0,,1,
DATAFLOW,OECD.ITF:DSD_TRENDS@DF_TRENDSSAFETY(1.0),,I,KAZ,,A,,FATALITIES,,PS,,ROAD,,_T,,_T,,2006,,4271,,A,,0,,1,
DATAFLOW,OECD.ITF:DSD_TRENDS@DF_TRENDSSAFETY(1.0),,I,KAZ,,A,,FATALITIES,,PS,,ROAD,,_T,,_T,,2007,,4365,,A,,0,,1,
DATAFLOW,OECD.ITF:DSD_TRENDS@DF_TRENDSSAFETY(1.0),,I,KAZ,,A,,FATALITIES,,PS,,ROAD,,_T,,_T,,2008,,3351,,A,,0,,1,
DATAFLOW,OECD.ITF:DSD_TRENDS@DF_TRENDSSAFETY(1.0),,I,KAZ,,A,,FATALITIES,,PS,,ROAD,,_T,,_T,,2009,,2898,,A,,0,,1,
DATAFLOW,OECD.ITF:DSD_TRENDS@DF_TRENDSSAFETY(1.0),,I,KAZ,,A,,FATALITIES,,PS,,ROAD,,_T,,_T,,2010,,2797,,A,,0,,1,
DATAFLOW,OECD.ITF:DSD_TRENDS@DF_TRENDSSAFETY(1.0),,I,KAZ,,A,,FATALITIES,,PS,,ROAD,,_T,,_T,,2011,,2449,,A,,0,,1,
DATAFLOW,OECD.ITF:DSD_TRENDS@DF_TRENDSSAFETY(1.0),,I,KAZ,,A,,FATALITIES,,PS,,ROAD,,_T,,_T,,2012,,3022,,A,,0,,1,
DATAFLOW,OECD.ITF:DSD_TRENDS@DF_TRENDSSAFETY(1.0),,I,KAZ,,A,,FATALITIES,,PS,,ROAD,,_T,,_T,,2013,,3037,,A,,0,,1,
DATAFLOW,OECD.ITF:DSD_TRENDS@DF_TRENDSSAFETY(1.0),,I,KAZ,,A,,FATALITIES,,PS,,ROAD,,_T,,_T,,2014,,2585,,A,,0,,1,
DATAFLOW,OECD.ITF:DSD_TRENDS@DF_TRENDSSAFETY(1.0),,I,KAZ,,A,,FATALITIES,,PS,,ROAD,,_T,,_T,,2015,,2453,,A,,0,,1,
DATAFLOW,OECD.ITF:DSD_TRENDS@DF_TRENDSSAFETY(1.0),,I,KAZ,,A,,FATALITIES,,PS,,ROAD,,_T,,_T,,2016,,2390,,A,,0,,1,
DATAFLOW,OECD.ITF:DSD_TRENDS@DF_TRENDSSAFETY(1.0),,I,KAZ,,A,,FATALITIES,,PS,,ROAD,,_T,,_T,,2017,,2086,,A,,0,,1,
DATAFLOW,OECD.ITF:DSD_TRENDS@DF_TRENDSSAFETY(1.0),,I,KAZ,,A,,FATALITIES,,PS,,ROAD,,_T,,_T,,2018,,2096,,A,,0,,1,
DATAFLOW,OECD.ITF:DSD_TRENDS@DF_TRENDSSAFETY(1.0),,I,KAZ,,A,,FATALITIES,,PS,,ROAD,,_T,,_T,,2019,,1947,,A,,0,,1,
DATAFLOW,OECD.ITF:DSD_TRENDS@DF_TRENDSSAFETY(1.0),,I,KAZ,,A,,FATALITIES,,PS,,ROAD,,_T,,_T,,2020,,1997,,A,,0,,1,
DATAFLOW,OECD.ITF:DSD_TRENDS@DF_TRENDSSAFETY(1.0),,I,LIE,,A,,FATALITIES,,PS,,ROAD,,_T,,_T,,1970,,12,,A,,0,,1,
DATAFLOW,OECD.ITF:DSD_TRENDS@DF_TRENDSSAFETY(1.0),,I,LIE,,A,,FATALITIES,,PS,,ROAD,,_T,,_T,,1971,,8,,A,,0,,1,
DATAFLOW,OECD.ITF:DSD_TRENDS@DF_TRENDSSAFETY(1.0),,I,LIE,,A,,FATALITIES,,PS,,ROAD,,_T,,_T,,1972,,9,,A,,0,,1,
DATAFLOW,OECD.ITF:DSD_TRENDS@DF_TRENDSSAFETY(1.0),,I,LIE,,A,,FATALITIES,,PS,,ROAD,,_T,,_T,,1973,,5,,A,,0,,1,
DATAFLOW,OECD.ITF:DSD_TRENDS@DF_TRENDSSAFETY(1.0),,I,LIE,,A,,FATALITIES,,PS,,ROAD,,_T,,_T,,1974,,13,,A,,0,,1,
DATAFLOW,OECD.ITF:DSD_TRENDS@DF_TRENDSSAFETY(1.0),,I,LIE,,A,,FATALITIES,,PS,,ROAD,,_T,,_T,,1975,,8,,A,,0,,1,
DATAFLOW,OECD.ITF:DSD_TRENDS@DF_TRENDSSAFETY(1.0),,I,LIE,,A,,FATALITIES,,PS,,ROAD,,_T,,_T,,1976,,8,,A,,0,,1,
DATAFLOW,OECD.ITF:DSD_TRENDS@DF_TRENDSSAFETY(1.0),,I,LIE,,A,,FATALITIES,,PS,,ROAD,,_T,,_T,,1977,,8,,A,,0,,1,
DATAFLOW,OECD.ITF:DSD_TRENDS@DF_TRENDSSAFETY(1.0),,I,LIE,,A,,FATALITIES,,PS,,ROAD,,_T,,_T,,1978,,13,,A,,0,,1,
DATAFLOW,OECD.ITF:DSD_TRENDS@DF_TRENDSSAFETY(1.0),,I,LIE,,A,,FATALITIES,,PS,,ROAD,,_T,,_T,,1979,,12,,A,,0,,1,
DATAFLOW,OECD.ITF:DSD_TRENDS@DF_TRENDSSAFETY(1.0),,I,LIE,,A,,FATALITIES,,PS,,ROAD,,_T,,_T,,1980,,9,,A,,0,,1,
DATAFLOW,OECD.ITF:DSD_TRENDS@DF_TRENDSSAFETY(1.0),,I,LIE,,A,,FATALITIES,,PS,,ROAD,,_T,,_T,,1981,,4,,A,,0,,1,
DATAFLOW,OECD.ITF:DSD_TRENDS@DF_TRENDSSAFETY(1.0),,I,LIE,,A,,FATALITIES,,PS,,ROAD,,_T,,_T,,1982,,2,,A,,0,,1,
DATAFLOW,OECD.ITF:DSD_TRENDS@DF_TRENDSSAFETY(1.0),,I,LIE,,A,,FATALITIES,,PS,,ROAD,,_T,,_T,,1983,,5,,A,,0,,1,
DATAFLOW,OECD.ITF:DSD_TRENDS@DF_TRENDSSAFETY(1.0),,I,LIE,,A,,FATALITIES,,PS,,ROAD,,_T,,_T,,1984,,2,,A,,0,,1,
DATAFLOW,OECD.ITF:DSD_TRENDS@DF_TRENDSSAFETY(1.0),,I,LIE,,A,,FATALITIES,,PS,,ROAD,,_T,,_T,,1985,,3,,A,,0,,1,
DATAFLOW,OECD.ITF:DSD_TRENDS@DF_TRENDSSAFETY(1.0),,I,LIE,,A,,FATALITIES,,PS,,ROAD,,_T,,_T,,1986,,4,,A,,0,,1,
DATAFLOW,OECD.ITF:DSD_TRENDS@DF_TRENDSSAFETY(1.0),,I,LIE,,A,,FATALITIES,,PS,,ROAD,,_T,,_T,,1987,,4,,A,,0,,1,
DATAFLOW,OECD.ITF:DSD_TRENDS@DF_TRENDSSAFETY(1.0),,I,LIE,,A,,FATALITIES,,PS,,ROAD,,_T,,_T,,1988,,3,,A,,0,,1,
DATAFLOW,OECD.ITF:DSD_TRENDS@DF_TRENDSSAFETY(1.0),,I,LIE,,A,,FATALITIES,,PS,,ROAD,,_T,,_T,,1989,,2,,A,,0,,1,
DATAFLOW,OECD.ITF:DSD_TRENDS@DF_TRENDSSAFETY(1.0),,I,LIE,,A,,FATALITIES,,PS,,ROAD,,_T,,_T,,1990,,3,,A,,0,,1,
DATAFLOW,OECD.ITF:DSD_TRENDS@DF_TRENDSSAFETY(1.0),,I,LIE,,A,,FATALITIES,,PS,,ROAD,,_T,,_T,,1991,,3,,A,,0,,1,
DATAFLOW,OECD.ITF:DSD_TRENDS@DF_TRENDSSAFETY(1.0),,I,LIE,,A,,FATALITIES,,PS,,ROAD,,_T,,_T,,1992,,1,,A,,0,,1,
DATAFLOW,OECD.ITF:DSD_TRENDS@DF_TRENDSSAFETY(1.0),,I,LIE,,A,,FATALITIES,,PS,,ROAD,,_T,,_T,,1993,,2,,A,,0,,1,
DATAFLOW,OECD.ITF:DSD_TRENDS@DF_TRENDSSAFETY(1.0),,I,LIE,,A,,FATALITIES,,PS,,ROAD,,_T,,_T,,1994,,3,,A,,0,,1,
DATAFLOW,OECD.ITF:DSD_TRENDS@DF_TRENDSSAFETY(1.0),,I,LIE,,A,,FATALITIES,,PS,,ROAD,,_T,,_T,,1995,,2,,A,,0,,1,
DATAFLOW,OECD.ITF:DSD_TRENDS@DF_TRENDSSAFETY(1.0),,I,LIE,,A,,FATALITIES,,PS,,ROAD,,_T,,_T,,1996,,3,,A,,0,,1,
DATAFLOW,OECD.ITF:DSD_TRENDS@DF_TRENDSSAFETY(1.0),,I,LIE,,A,,FATALITIES,,PS,,ROAD,,_T,,_T,,1997,,6,,A,,0,,1,
DATAFLOW,OECD.ITF:DSD_TRENDS@DF_TRENDSSAFETY(1.0),,I,LIE,,A,,FATALITIES,,PS,,ROAD,,_T,,_T,,1998,,0,,A,,0,,1,
DATAFLOW,OECD.ITF:DSD_TRENDS@DF_TRENDSSAFETY(1.0),,I,LIE,,A,,FATALITIES,,PS,,ROAD,,_T,,_T,,1999,,0,,A,,0,,1,
DATAFLOW,OECD.ITF:DSD_TRENDS@DF_TRENDSSAFETY(1.0),,I,LIE,,A,,FATALITIES,,PS,,ROAD,,_T,,_T,,2000,,3,,A,,0,,1,
DATAFLOW,OECD.ITF:DSD_TRENDS@DF_TRENDSSAFETY(1.0),,I,LIE,,A,,FATALITIES,,PS,,ROAD,,_T,,_T,,2001,,2,,A,,0,,1,
DATAFLOW,OECD.ITF:DSD_TRENDS@DF_TRENDSSAFETY(1.0),,I,LIE,,A,,FATALITIES,,PS,,ROAD,,_T,,_T,,2002,,0,,A,,0,,1,
DATAFLOW,OECD.ITF:DSD_TRENDS@DF_TRENDSSAFETY(1.0),,I,LIE,,A,,FATALITIES,,PS,,ROAD,,_T,,_T,,2003,,5,,A,,0,,1,
DATAFLOW,OECD.ITF:DSD_TRENDS@DF_TRENDSSAFETY(1.0),,I,LIE,,A,,FATALITIES,,PS,,ROAD,,_T,,_T,,2004,,1,,A,,0,,1,
DATAFLOW,OECD.ITF:DSD_TRENDS@DF_TRENDSSAFETY(1.0),,I,LIE,,A,,FATALITIES,,PS,,ROAD,,_T,,_T,,2005,,2,,A,,0,,1,
DATAFLOW,OECD.ITF:DSD_TRENDS@DF_TRENDSSAFETY(1.0),,I,LIE,,A,,FATALITIES,,PS,,ROAD,,_T,,_T,,2006,,0,,A,,0,,1,
DATAFLOW,OECD.ITF:DSD_TRENDS@DF_TRENDSSAFETY(1.0),,I,LIE,,A,,FATALITIES,,PS,,ROAD,,_T,,_T,,2007,,0,,A,,0,,1,
DATAFLOW,OECD.ITF:DSD_TRENDS@DF_TRENDSSAFETY(1.0),,I,LIE,,A,,FATALITIES,,PS,,ROAD,,_T,,_T,,2008,,1,,A,,0,,1,
DATAFLOW,OECD.ITF:DSD_TRENDS@DF_TRENDSSAFETY(1.0),,I,LIE,,A,,FATALITIES,,PS,,ROAD,,_T,,_T,,2009,,1,,A,,0,,1,
DATAFLOW,OECD.ITF:DSD_TRENDS@DF_TRENDSSAFETY(1.0),,I,LIE,,A,,FATALITIES,,PS,,ROAD,,_T,,_T,,2010,,0,,A,,0,,1,
DATAFLOW,OECD.ITF:DSD_TRENDS@DF_TRENDSSAFETY(1.0),,I,LIE,,A,,FATALITIES,,PS,,ROAD,,_T,,_T,,2011,,2,,A,,0,,1,
DATAFLOW,OECD.ITF:DSD_TRENDS@DF_TRENDSSAFETY(1.0),,I,LIE,,A,,FATALITIES,,PS,,ROAD,,_T,,_T,,2012,,1,,A,,0,,1,
DATAFLOW,OECD.ITF:DSD_TRENDS@DF_TRENDSSAFETY(1.0),,I,LIE,,A,,FATALITIES,,PS,,ROAD,,_T,,_T,,2013,,2,,A,,0,,1,
DATAFLOW,OECD.ITF:DSD_TRENDS@DF_TRENDSSAFETY(1.0),,I,LIE,,A,,FATALITIES,,PS,,ROAD,,_T,,_T,,2014,,3,,A,,0,,1,
DATAFLOW,OECD.ITF:DSD_TRENDS@DF_TRENDSSAFETY(1.0),,I,LIE,,A,,FATALITIES,,PS,,ROAD,,_T,,_T,,2015,,2,,A,,0,,1,
DATAFLOW,OECD.ITF:DSD_TRENDS@DF_TRENDSSAFETY(1.0),,I,LIE,,A,,FATALITIES,,PS,,ROAD,,_T,,_T,,2016,,0,,A,,0,,1,
DATAFLOW,OECD.ITF:DSD_TRENDS@DF_TRENDSSAFETY(1.0),,I,LIE,,A,,FATALITIES,,PS,,ROAD,,_T,,_T,,2017,,2,,A,,0,,1,
DATAFLOW,OECD.ITF:DSD_TRENDS@DF_TRENDSSAFETY(1.0),,I,LIE,,A,,FATALITIES,,PS,,ROAD,,_T,,_T,,2018,,0,,A,,0,,1,
DATAFLOW,OECD.ITF:DSD_TRENDS@DF_TRENDSSAFETY(1.0),,I,LIE,,A,,FATALITIES,,PS,,ROAD,,_T,,_T,,2019,,0,,A,,0,,1,
DATAFLOW,OECD.ITF:DSD_TRENDS@DF_TRENDSSAFETY(1.0),,I,LIE,,A,,FATALITIES,,PS,,ROAD,,_T,,_T,,2020,,1,,A,,0,,1,
DATAFLOW,OECD.ITF:DSD_TRENDS@DF_TRENDSSAFETY(1.0),,I,LIE,,A,,FATALITIES,,PS,,ROAD,,_T,,_T,,2021,,0,,A,,0,,1,
DATAFLOW,OECD.ITF:DSD_TRENDS@DF_TRENDSSAFETY(1.0),,I,LIE,,A,,FATALITIES,,PS,,ROAD,,_T,,_T,,2022,,2,,A,,0,,1,
DATAFLOW,OECD.ITF:DSD_TRENDS@DF_TRENDSSAFETY(1.0),,I,LIE,,A,,FATALITIES,,PS,,ROAD,,_T,,_T,,2023,,0,,A,,0,,1,
DATAFLOW,OECD.ITF:DSD_TRENDS@DF_TRENDSSAFETY(1.0),,I,LIE,,A,,FATALITIES,,PS,,ROAD,,_T,,_T,,2024,,3,,A,,0,,1,
DATAFLOW,OECD.ITF:DSD_TRENDS@DF_TRENDSSAFETY(1.0),,I,MLT,,A,,FATALITIES,,PS,,ROAD,,_T,,_T,,1999,,12,,A,,0,,1,
DATAFLOW,OECD.ITF:DSD_TRENDS@DF_TRENDSSAFETY(1.0),,I,MLT,,A,,FATALITIES,,PS,,ROAD,,_T,,_T,,2000,,15,,A,,0,,1,
DATAFLOW,OECD.ITF:DSD_TRENDS@DF_TRENDSSAFETY(1.0),,I,MLT,,A,,FATALITIES,,PS,,ROAD,,_T,,_T,,2001,,16,,A,,0,,1,
DATAFLOW,OECD.ITF:DSD_TRENDS@DF_TRENDSSAFETY(1.0),,I,MLT,,A,,FATALITIES,,PS,,ROAD,,_T,,_T,,2002,,16,,A,,0,,1,
DATAFLOW,OECD.ITF:DSD_TRENDS@DF_TRENDSSAFETY(1.0),,I,MLT,,A,,FATALITIES,,PS,,ROAD,,_T,,_T,,2003,,17,,A,,0,,1,
DATAFLOW,OECD.ITF:DSD_TRENDS@DF_TRENDSSAFETY(1.0),,I,MLT,,A,,FATALITIES,,PS,,ROAD,,_T,,_T,,2004,,13,,A,,0,,1,
DATAFLOW,OECD.ITF:DSD_TRENDS@DF_TRENDSSAFETY(1.0),,I,MLT,,A,,FATALITIES,,PS,,ROAD,,_T,,_T,,2005,,16,,A,,0,,1,
DATAFLOW,OECD.ITF:DSD_TRENDS@DF_TRENDSSAFETY(1.0),,I,MLT,,A,,FATALITIES,,PS,,ROAD,,_T,,_T,,2006,,10,,A,,0,,1,
DATAFLOW,OECD.ITF:DSD_TRENDS@DF_TRENDSSAFETY(1.0),,I,MLT,,A,,FATALITIES,,PS,,ROAD,,_T,,_T,,2007,,14,,A,,0,,1,
DATAFLOW,OECD.ITF:DSD_TRENDS@DF_TRENDSSAFETY(1.0),,I,MLT,,A,,FATALITIES,,PS,,ROAD,,_T,,_T,,2008,,15,,A,,0,,1,
DATAFLOW,OECD.ITF:DSD_TRENDS@DF_TRENDSSAFETY(1.0),,I,MLT,,A,,FATALITIES,,PS,,ROAD,,_T,,_T,,2009,,21,,A,,0,,1,
DATAFLOW,OECD.ITF:DSD_TRENDS@DF_TRENDSSAFETY(1.0),,I,MLT,,A,,FATALITIES,,PS,,ROAD,,_T,,_T,,2010,,15,,A,,0,,1,
DATAFLOW,OECD.ITF:DSD_TRENDS@DF_TRENDSSAFETY(1.0),,I,MLT,,A,,FATALITIES,,PS,,ROAD,,_T,,_T,,2011,,17,,A,,0,,1,
DATAFLOW,OECD.ITF:DSD_TRENDS@DF_TRENDSSAFETY(1.0),,I,MLT,,A,,FATALITIES,,PS,,ROAD,,_T,,_T,,2012,,9,,A,,0,,1,
DATAFLOW,OECD.ITF:DSD_TRENDS@DF_TRENDSSAFETY(1.0),,I,MLT,,A,,FATALITIES,,PS,,ROAD,,_T,,_T,,2013,,18,,A,,0,,1,
DATAFLOW,OECD.ITF:DSD_TRENDS@DF_TRENDSSAFETY(1.0),,I,MLT,,A,,FATALITIES,,PS,,ROAD,,_T,,_T,,2014,,10,,A,,0,,1,
DATAFLOW,OECD.ITF:DSD_TRENDS@DF_TRENDSSAFETY(1.0),,I,MLT,,A,,FATALITIES,,PS,,ROAD,,_T,,_T,,2015,,11,,A,,0,,1,
DATAFLOW,OECD.ITF:DSD_TRENDS@DF_TRENDSSAFETY(1.0),,I,MLT,,A,,FATALITIES,,PS,,ROAD,,_T,,_T,,2016,,23,,A,,0,,1,
DATAFLOW,OECD.ITF:DSD_TRENDS@DF_TRENDSSAFETY(1.0),,I,MLT,,A,,FATALITIES,,PS,,ROAD,,_T,,_T,,2017,,19,,A,,0,,1,
DATAFLOW,OECD.ITF:DSD_TRENDS@DF_TRENDSSAFETY(1.0),,I,MLT,,A,,FATALITIES,,PS,,ROAD,,_T,,_T,,2018,,18,,A,,0,,1,
DATAFLOW,OECD.ITF:DSD_TRENDS@DF_TRENDSSAFETY(1.0),,I,MLT,,A,,FATALITIES,,PS,,ROAD,,_T,,_T,,2019,,16,,A,,0,,1,
DATAFLOW,OECD.ITF:DSD_TRENDS@DF_TRENDSSAFETY(1.0),,I,MLT,,A,,FATALITIES,,PS,,ROAD,,_T,,_T,,2020,,12,,A,,0,,1,
DATAFLOW,OECD.ITF:DSD_TRENDS@DF_TRENDSSAFETY(1.0),,I,MLT,,A,,FATALITIES,,PS,,ROAD,,_T,,_T,,2021,,9,,A,,0,,1,
DATAFLOW,OECD.ITF:DSD_TRENDS@DF_TRENDSSAFETY(1.0),,I,MLT,,A,,FATALITIES,,PS,,ROAD,,_T,,_T,,2022,,28,,A,,0,,1,
DATAFLOW,OECD.ITF:DSD_TRENDS@DF_TRENDSSAFETY(1.0),,I,MLT,,A,,FATALITIES,,PS,,ROAD,,_T,,_T,,2023,,16,,A,,0,,1,
DATAFLOW,OECD.ITF:DSD_TRENDS@DF_TRENDSSAFETY(1.0),,I,MLT,,A,,FATALITIES,,PS,,ROAD,,_T,,_T,,2024,,12,,A,,0,,1,
DATAFLOW,OECD.ITF:DSD_TRENDS@DF_TRENDSSAFETY(1.0),,I,MDA,,A,,FATALITIES,,PS,,ROAD,,_T,,_T,,1970,,585,,A,,0,,1,
DATAFLOW,OECD.ITF:DSD_TRENDS@DF_TRENDSSAFETY(1.0),,I,MDA,,A,,FATALITIES,,PS,,ROAD,,_T,,_T,,1971,,647,,A,,0,,1,
DATAFLOW,OECD.ITF:DSD_TRENDS@DF_TRENDSSAFETY(1.0),,I,MDA,,A,,FATALITIES,,PS,,ROAD,,_T,,_T,,1972,,628,,A,,0,,1,
DATAFLOW,OECD.ITF:DSD_TRENDS@DF_TRENDSSAFETY(1.0),,I,MDA,,A,,FATALITIES,,PS,,ROAD,,_T,,_T,,1973,,675,,A,,0,,1,
DATAFLOW,OECD.ITF:DSD_TRENDS@DF_TRENDSSAFETY(1.0),,I,MDA,,A,,FATALITIES,,PS,,ROAD,,_T,,_T,,1974,,801,,A,,0,,1,
DATAFLOW,OECD.ITF:DSD_TRENDS@DF_TRENDSSAFETY(1.0),,I,MDA,,A,,FATALITIES,,PS,,ROAD,,_T,,_T,,1975,,797,,A,,0,,1,
DATAFLOW,OECD.ITF:DSD_TRENDS@DF_TRENDSSAFETY(1.0),,I,MDA,,A,,FATALITIES,,PS,,ROAD,,_T,,_T,,1976,,796,,A,,0,,1,
DATAFLOW,OECD.ITF:DSD_TRENDS@DF_TRENDSSAFETY(1.0),,I,MDA,,A,,FATALITIES,,PS,,ROAD,,_T,,_T,,1977,,911,,A,,0,,1,
DATAFLOW,OECD.ITF:DSD_TRENDS@DF_TRENDSSAFETY(1.0),,I,MDA,,A,,FATALITIES,,PS,,ROAD,,_T,,_T,,1978,,911,,A,,0,,1,
DATAFLOW,OECD.ITF:DSD_TRENDS@DF_TRENDSSAFETY(1.0),,I,MDA,,A,,FATALITIES,,PS,,ROAD,,_T,,_T,,1979,,884,,A,,0,,1,
DATAFLOW,OECD.ITF:DSD_TRENDS@DF_TRENDSSAFETY(1.0),,I,MDA,,A,,FATALITIES,,PS,,ROAD,,_T,,_T,,1980,,931,,A,,0,,1,
DATAFLOW,OECD.ITF:DSD_TRENDS@DF_TRENDSSAFETY(1.0),,I,MDA,,A,,FATALITIES,,PS,,ROAD,,_T,,_T,,1981,,925,,A,,0,,1,
DATAFLOW,OECD.ITF:DSD_TRENDS@DF_TRENDSSAFETY(1.0),,I,MDA,,A,,FATALITIES,,PS,,ROAD,,_T,,_T,,1982,,959,,A,,0,,1,
DATAFLOW,OECD.ITF:DSD_TRENDS@DF_TRENDSSAFETY(1.0),,I,MDA,,A,,FATALITIES,,PS,,ROAD,,_T,,_T,,1983,,973,,A,,0,,1,
DATAFLOW,OECD.ITF:DSD_TRENDS@DF_TRENDSSAFETY(1.0),,I,MDA,,A,,FATALITIES,,PS,,ROAD,,_T,,_T,,1984,,951,,A,,0,,1,
DATAFLOW,OECD.ITF:DSD_TRENDS@DF_TRENDSSAFETY(1.0),,I,MDA,,A,,FATALITIES,,PS,,ROAD,,_T,,_T,,1985,,811,,A,,0,,1,
DATAFLOW,OECD.ITF:DSD_TRENDS@DF_TRENDSSAFETY(1.0),,I,MDA,,A,,FATALITIES,,PS,,ROAD,,_T,,_T,,1986,,823,,A,,0,,1,
DATAFLOW,OECD.ITF:DSD_TRENDS@DF_TRENDSSAFETY(1.0),,I,MDA,,A,,FATALITIES,,PS,,ROAD,,_T,,_T,,1987,,741,,A,,0,,1,
DATAFLOW,OECD.ITF:DSD_TRENDS@DF_TRENDSSAFETY(1.0),,I,MDA,,A,,FATALITIES,,PS,,ROAD,,_T,,_T,,1988,,872,,A,,0,,1,
DATAFLOW,OECD.ITF:DSD_TRENDS@DF_TRENDSSAFETY(1.0),,I,MDA,,A,,FATALITIES,,PS,,ROAD,,_T,,_T,,1989,,1147,,A,,0,,1,
DATAFLOW,OECD.ITF:DSD_TRENDS@DF_TRENDSSAFETY(1.0),,I,MDA,,A,,FATALITIES,,PS,,ROAD,,_T,,_T,,1990,,1127,,A,,0,,1,
DATAFLOW,OECD.ITF:DSD_TRENDS@DF_TRENDSSAFETY(1.0),,I,MDA,,A,,FATALITIES,,PS,,ROAD,,_T,,_T,,1991,,968,,A,,0,,1,
DATAFLOW,OECD.ITF:DSD_TRENDS@DF_TRENDSSAFETY(1.0),,I,MDA,,A,,FATALITIES,,PS,,ROAD,,_T,,_T,,1993,,422,,A,,0,,1,
DATAFLOW,OECD.ITF:DSD_TRENDS@DF_TRENDSSAFETY(1.0),,I,MDA,,A,,FATALITIES,,PS,,ROAD,,_T,,_T,,1994,,540,,A,,0,,1,
DATAFLOW,OECD.ITF:DSD_TRENDS@DF_TRENDSSAFETY(1.0),,I,MDA,,A,,FATALITIES,,PS,,ROAD,,_T,,_T,,1995,,544,,A,,0,,1,
DATAFLOW,OECD.ITF:DSD_TRENDS@DF_TRENDSSAFETY(1.0),,I,MDA,,A,,FATALITIES,,PS,,ROAD,,_T,,_T,,1996,,554,,A,,0,,1,
DATAFLOW,OECD.ITF:DSD_TRENDS@DF_TRENDSSAFETY(1.0),,I,MDA,,A,,FATALITIES,,PS,,ROAD,,_T,,_T,,1997,,569,,A,,0,,1,
DATAFLOW,OECD.ITF:DSD_TRENDS@DF_TRENDSSAFETY(1.0),,I,MDA,,A,,FATALITIES,,PS,,ROAD,,_T,,_T,,1998,,492,,A,,0,,1,
DATAFLOW,OECD.ITF:DSD_TRENDS@DF_TRENDSSAFETY(1.0),,I,MDA,,A,,FATALITIES,,PS,,ROAD,,_T,,_T,,1999,,396,,A,,0,,1,
DATAFLOW,OECD.ITF:DSD_TRENDS@DF_TRENDSSAFETY(1.0),,I,MDA,,A,,FATALITIES,,PS,,ROAD,,_T,,_T,,2000,,406,,A,,0,,1,
DATAFLOW,OECD.ITF:DSD_TRENDS@DF_TRENDSSAFETY(1.0),,I,MDA,,A,,FATALITIES,,PS,,ROAD,,_T,,_T,,2001,,420,,A,,0,,1,
DATAFLOW,OECD.ITF:DSD_TRENDS@DF_TRENDSSAFETY(1.0),,I,MDA,,A,,FATALITIES,,PS,,ROAD,,_T,,_T,,2002,,412,,A,,0,,1,
DATAFLOW,OECD.ITF:DSD_TRENDS@DF_TRENDSSAFETY(1.0),,I,MDA,,A,,FATALITIES,,PS,,ROAD,,_T,,_T,,2003,,425,,A,,0,,1,
DATAFLOW,OECD.ITF:DSD_TRENDS@DF_TRENDSSAFETY(1.0),,I,MDA,,A,,FATALITIES,,PS,,ROAD,,_T,,_T,,2004,,405,,A,,0,,1,
DATAFLOW,OECD.ITF:DSD_TRENDS@DF_TRENDSSAFETY(1.0),,I,MDA,,A,,FATALITIES,,PS,,ROAD,,_T,,_T,,2005,,391,,A,,0,,1,
DATAFLOW,OECD.ITF:DSD_TRENDS@DF_TRENDSSAFETY(1.0),,I,MDA,,A,,FATALITIES,,PS,,ROAD,,_T,,_T,,2006,,382,,A,,0,,1,
DATAFLOW,OECD.ITF:DSD_TRENDS@DF_TRENDSSAFETY(1.0),,I,MDA,,A,,FATALITIES,,PS,,ROAD,,_T,,_T,,2007,,464,,A,,0,,1,
DATAFLOW,OECD.ITF:DSD_TRENDS@DF_TRENDSSAFETY(1.0),,I,MDA,,A,,FATALITIES,,PS,,ROAD,,_T,,_T,,2008,,509,,A,,0,,1,
DATAFLOW,OECD.ITF:DSD_TRENDS@DF_TRENDSSAFETY(1.0),,I,MDA,,A,,FATALITIES,,PS,,ROAD,,_T,,_T,,2009,,487,,A,,0,,1,
DATAFLOW,OECD.ITF:DSD_TRENDS@DF_TRENDSSAFETY(1.0),,I,MDA,,A,,FATALITIES,,PS,,ROAD,,_T,,_T,,2010,,452,,A,,0,,1,
DATAFLOW,OECD.ITF:DSD_TRENDS@DF_TRENDSSAFETY(1.0),,I,MDA,,A,,FATALITIES,,PS,,ROAD,,_T,,_T,,2011,,443,,A,,0,,1,
DATAFLOW,OECD.ITF:DSD_TRENDS@DF_TRENDSSAFETY(1.0),,I,MDA,,A,,FATALITIES,,PS,,ROAD,,_T,,_T,,2012,,441,,A,,0,,1,
DATAFLOW,OECD.ITF:DSD_TRENDS@DF_TRENDSSAFETY(1.0),,I,MDA,,A,,FATALITIES,,PS,,ROAD,,_T,,_T,,2013,,301,,A,,0,,1,
DATAFLOW,OECD.ITF:DSD_TRENDS@DF_TRENDSSAFETY(1.0),,I,MDA,,A,,FATALITIES,,PS,,ROAD,,_T,,_T,,2014,,324,,A,,0,,1,
DATAFLOW,OECD.ITF:DSD_TRENDS@DF_TRENDSSAFETY(1.0),,I,MDA,,A,,FATALITIES,,PS,,ROAD,,_T,,_T,,2015,,300,,A,,0,,1,
DATAFLOW,OECD.ITF:DSD_TRENDS@DF_TRENDSSAFETY(1.0),,I,MDA,,A,,FATALITIES,,PS,,ROAD,,_T,,_T,,2016,,311,,A,,0,,1,
DATAFLOW,OECD.ITF:DSD_TRENDS@DF_TRENDSSAFETY(1.0),,I,MDA,,A,,FATALITIES,,PS,,ROAD,,_T,,_T,,2017,,302,,A,,0,,1,
DATAFLOW,OECD.ITF:DSD_TRENDS@DF_TRENDSSAFETY(1.0),,I,MDA,,A,,FATALITIES,,PS,,ROAD,,_T,,_T,,2018,,274,,A,,0,,1,
DATAFLOW,OECD.ITF:DSD_TRENDS@DF_TRENDSSAFETY(1.0),,I,MDA,,A,,FATALITIES,,PS,,ROAD,,_T,,_T,,2019,,277,,A,,0,,1,
DATAFLOW,OECD.ITF:DSD_TRENDS@DF_TRENDSSAFETY(1.0),,I,MDA,,A,,FATALITIES,,PS,,ROAD,,_T,,_T,,2020,,245,,A,,0,,1,
DATAFLOW,OECD.ITF:DSD_TRENDS@DF_TRENDSSAFETY(1.0),,I,MDA,,A,,FATALITIES,,PS,,ROAD,,_T,,_T,,2021,,257,,A,,0,,1,
DATAFLOW,OECD.ITF:DSD_TRENDS@DF_TRENDSSAFETY(1.0),,I,MDA,,A,,FATALITIES,,PS,,ROAD,,_T,,_T,,2022,,217,,A,,0,,1,
DATAFLOW,OECD.ITF:DSD_TRENDS@DF_TRENDSSAFETY(1.0),,I,MDA,,A,,FATALITIES,,PS,,ROAD,,_T,,_T,,2023,,198,,A,,0,,1,
DATAFLOW,OECD.ITF:DSD_TRENDS@DF_TRENDSSAFETY(1.0),,I,MDA,,A,,FATALITIES,,PS,,ROAD,,_T,,_T,,2024,,209,,A,,0,,1,
DATAFLOW,OECD.ITF:DSD_TRENDS@DF_TRENDSSAFETY(1.0),,I,MNE,,A,,FATALITIES,,PS,,ROAD,,_T,,_T,,2005,,95,,A,,0,,1,
DATAFLOW,OECD.ITF:DSD_TRENDS@DF_TRENDSSAFETY(1.0),,I,MNE,,A,,FATALITIES,,PS,,ROAD,,_T,,_T,,2006,,85,,A,,0,,1,
DATAFLOW,OECD.ITF:DSD_TRENDS@DF_TRENDSSAFETY(1.0),,I,MNE,,A,,FATALITIES,,PS,,ROAD,,_T,,_T,,2007,,122,,A,,0,,1,
DATAFLOW,OECD.ITF:DSD_TRENDS@DF_TRENDSSAFETY(1.0),,I,MNE,,A,,FATALITIES,,PS,,ROAD,,_T,,_T,,2008,,112,,A,,0,,1,
DATAFLOW,OECD.ITF:DSD_TRENDS@DF_TRENDSSAFETY(1.0),,I,MNE,,A,,FATALITIES,,PS,,ROAD,,_T,,_T,,2009,,100,,A,,0,,1,
DATAFLOW,OECD.ITF:DSD_TRENDS@DF_TRENDSSAFETY(1.0),,I,MNE,,A,,FATALITIES,,PS,,ROAD,,_T,,_T,,2010,,95,,A,,0,,1,
DATAFLOW,OECD.ITF:DSD_TRENDS@DF_TRENDSSAFETY(1.0),,I,MNE,,A,,FATALITIES,,PS,,ROAD,,_T,,_T,,2011,,58,,A,,0,,1,
DATAFLOW,OECD.ITF:DSD_TRENDS@DF_TRENDSSAFETY(1.0),,I,MNE,,A,,FATALITIES,,PS,,ROAD,,_T,,_T,,2012,,46,,A,,0,,1,
DATAFLOW,OECD.ITF:DSD_TRENDS@DF_TRENDSSAFETY(1.0),,I,MNE,,A,,FATALITIES,,PS,,ROAD,,_T,,_T,,2013,,74,,A,,0,,1,
DATAFLOW,OECD.ITF:DSD_TRENDS@DF_TRENDSSAFETY(1.0),,I,MNE,,A,,FATALITIES,,PS,,ROAD,,_T,,_T,,2014,,65,,A,,0,,1,
DATAFLOW,OECD.ITF:DSD_TRENDS@DF_TRENDSSAFETY(1.0),,I,MNE,,A,,FATALITIES,,PS,,ROAD,,_T,,_T,,2015,,51,,A,,0,,1,
DATAFLOW,OECD.ITF:DSD_TRENDS@DF_TRENDSSAFETY(1.0),,I,MNE,,A,,FATALITIES,,PS,,ROAD,,_T,,_T,,2016,,65,,A,,0,,1,
DATAFLOW,OECD.ITF:DSD_TRENDS@DF_TRENDSSAFETY(1.0),,I,MNE,,A,,FATALITIES,,PS,,ROAD,,_T,,_T,,2017,,63,,A,,0,,1,
DATAFLOW,OECD.ITF:DSD_TRENDS@DF_TRENDSSAFETY(1.0),,I,MAR,,A,,FATALITIES,,PS,,ROAD,,_T,,_T,,1990,,2777,,A,,0,,1,
DATAFLOW,OECD.ITF:DSD_TRENDS@DF_TRENDSSAFETY(1.0),,I,MAR,,A,,FATALITIES,,PS,,ROAD,,_T,,_T,,2000,,3627,,A,,0,,1,
DATAFLOW,OECD.ITF:DSD_TRENDS@DF_TRENDSSAFETY(1.0),,I,MKD,,A,,FATALITIES,,PS,,ROAD,,_T,,_T,,1970,,148,,A,,0,,1,
DATAFLOW,OECD.ITF:DSD_TRENDS@DF_TRENDSSAFETY(1.0),,I,MKD,,A,,FATALITIES,,PS,,ROAD,,_T,,_T,,1971,,174,,A,,0,,1,
DATAFLOW,OECD.ITF:DSD_TRENDS@DF_TRENDSSAFETY(1.0),,I,MKD,,A,,FATALITIES,,PS,,ROAD,,_T,,_T,,1972,,202,,A,,0,,1,
DATAFLOW,OECD.ITF:DSD_TRENDS@DF_TRENDSSAFETY(1.0),,I,MKD,,A,,FATALITIES,,PS,,ROAD,,_T,,_T,,1973,,206,,A,,0,,1,
DATAFLOW,OECD.ITF:DSD_TRENDS@DF_TRENDSSAFETY(1.0),,I,MKD,,A,,FATALITIES,,PS,,ROAD,,_T,,_T,,1974,,235,,A,,0,,1,
DATAFLOW,OECD.ITF:DSD_TRENDS@DF_TRENDSSAFETY(1.0),,I,MKD,,A,,FATALITIES,,PS,,ROAD,,_T,,_T,,1975,,213,,A,,0,,1,
DATAFLOW,OECD.ITF:DSD_TRENDS@DF_TRENDSSAFETY(1.0),,I,MKD,,A,,FATALITIES,,PS,,ROAD,,_T,,_T,,1976,,214,,A,,0,,1,
DATAFLOW,OECD.ITF:DSD_TRENDS@DF_TRENDSSAFETY(1.0),,I,MKD,,A,,FATALITIES,,PS,,ROAD,,_T,,_T,,1977,,278,,A,,0,,1,
DATAFLOW,OECD.ITF:DSD_TRENDS@DF_TRENDSSAFETY(1.0),,I,MKD,,A,,FATALITIES,,PS,,ROAD,,_T,,_T,,1978,,264,,A,,0,,1,
DATAFLOW,OECD.ITF:DSD_TRENDS@DF_TRENDSSAFETY(1.0),,I,MKD,,A,,FATALITIES,,PS,,ROAD,,_T,,_T,,1979,,270,,A,,0,,1,
DATAFLOW,OECD.ITF:DSD_TRENDS@DF_TRENDSSAFETY(1.0),,I,MKD,,A,,FATALITIES,,PS,,ROAD,,_T,,_T,,1980,,221,,A,,0,,1,
DATAFLOW,OECD.ITF:DSD_TRENDS@DF_TRENDSSAFETY(1.0),,I,MKD,,A,,FATALITIES,,PS,,ROAD,,_T,,_T,,1981,,233,,A,,0,,1,
DATAFLOW,OECD.ITF:DSD_TRENDS@DF_TRENDSSAFETY(1.0),,I,MKD,,A,,FATALITIES,,PS,,ROAD,,_T,,_T,,1982,,209,,A,,0,,1,
DATAFLOW,OECD.ITF:DSD_TRENDS@DF_TRENDSSAFETY(1.0),,I,MKD,,A,,FATALITIES,,PS,,ROAD,,_T,,_T,,1983,,182,,A,,0,,1,
DATAFLOW,OECD.ITF:DSD_TRENDS@DF_TRENDSSAFETY(1.0),,I,MKD,,A,,FATALITIES,,PS,,ROAD,,_T,,_T,,1984,,176,,A,,0,,1,
DATAFLOW,OECD.ITF:DSD_TRENDS@DF_TRENDSSAFETY(1.0),,I,MKD,,A,,FATALITIES,,PS,,ROAD,,_T,,_T,,1985,,182,,A,,0,,1,
DATAFLOW,OECD.ITF:DSD_TRENDS@DF_TRENDSSAFETY(1.0),,I,MKD,,A,,FATALITIES,,PS,,ROAD,,_T,,_T,,1986,,196,,A,,0,,1,
DATAFLOW,OECD.ITF:DSD_TRENDS@DF_TRENDSSAFETY(1.0),,I,MKD,,A,,FATALITIES,,PS,,ROAD,,_T,,_T,,1987,,190,,A,,0,,1,
DATAFLOW,OECD.ITF:DSD_TRENDS@DF_TRENDSSAFETY(1.0),,I,MKD,,A,,FATALITIES,,PS,,ROAD,,_T,,_T,,1988,,168,,A,,0,,1,
DATAFLOW,OECD.ITF:DSD_TRENDS@DF_TRENDSSAFETY(1.0),,I,MKD,,A,,FATALITIES,,PS,,ROAD,,_T,,_T,,1989,,168,,A,,0,,1,
DATAFLOW,OECD.ITF:DSD_TRENDS@DF_TRENDSSAFETY(1.0),,I,MKD,,A,,FATALITIES,,PS,,ROAD,,_T,,_T,,1990,,207,,A,,0,,1,
DATAFLOW,OECD.ITF:DSD_TRENDS@DF_TRENDSSAFETY(1.0),,I,MKD,,A,,FATALITIES,,PS,,ROAD,,_T,,_T,,1991,,175,,A,,0,,1,
DATAFLOW,OECD.ITF:DSD_TRENDS@DF_TRENDSSAFETY(1.0),,I,MKD,,A,,FATALITIES,,PS,,ROAD,,_T,,_T,,1992,,148,,A,,0,,1,
DATAFLOW,OECD.ITF:DSD_TRENDS@DF_TRENDSSAFETY(1.0),,I,MKD,,A,,FATALITIES,,PS,,ROAD,,_T,,_T,,1993,,152,,A,,0,,1,
DATAFLOW,OECD.ITF:DSD_TRENDS@DF_TRENDSSAFETY(1.0),,I,MKD,,A,,FATALITIES,,PS,,ROAD,,_T,,_T,,1994,,147,,A,,0,,1,
DATAFLOW,OECD.ITF:DSD_TRENDS@DF_TRENDSSAFETY(1.0),,I,MKD,,A,,FATALITIES,,PS,,ROAD,,_T,,_T,,1995,,157,,A,,0,,1,
DATAFLOW,OECD.ITF:DSD_TRENDS@DF_TRENDSSAFETY(1.0),,I,MKD,,A,,FATALITIES,,PS,,ROAD,,_T,,_T,,1996,,154,,A,,0,,1,
DATAFLOW,OECD.ITF:DSD_TRENDS@DF_TRENDSSAFETY(1.0),,I,MKD,,A,,FATALITIES,,PS,,ROAD,,_T,,_T,,1997,,178,,A,,0,,1,
DATAFLOW,OECD.ITF:DSD_TRENDS@DF_TRENDSSAFETY(1.0),,I,MKD,,A,,FATALITIES,,PS,,ROAD,,_T,,_T,,1998,,187,,A,,0,,1,
DATAFLOW,OECD.ITF:DSD_TRENDS@DF_TRENDSSAFETY(1.0),,I,MKD,,A,,FATALITIES,,PS,,ROAD,,_T,,_T,,1999,,216,,A,,0,,1,
DATAFLOW,OECD.ITF:DSD_TRENDS@DF_TRENDSSAFETY(1.0),,I,MKD,,A,,FATALITIES,,PS,,ROAD,,_T,,_T,,2000,,162,,A,,0,,1,
DATAFLOW,OECD.ITF:DSD_TRENDS@DF_TRENDSSAFETY(1.0),,I,MKD,,A,,FATALITIES,,PS,,ROAD,,_T,,_T,,2001,,107,,A,,0,,1,
DATAFLOW,OECD.ITF:DSD_TRENDS@DF_TRENDSSAFETY(1.0),,I,MKD,,A,,FATALITIES,,PS,,ROAD,,_T,,_T,,2002,,176,,A,,0,,1,
DATAFLOW,OECD.ITF:DSD_TRENDS@DF_TRENDSSAFETY(1.0),,I,MKD,,A,,FATALITIES,,PS,,ROAD,,_T,,_T,,2003,,118,,A,,0,,1,
DATAFLOW,OECD.ITF:DSD_TRENDS@DF_TRENDSSAFETY(1.0),,I,MKD,,A,,FATALITIES,,PS,,ROAD,,_T,,_T,,2004,,155,,A,,0,,1,
DATAFLOW,OECD.ITF:DSD_TRENDS@DF_TRENDSSAFETY(1.0),,I,MKD,,A,,FATALITIES,,PS,,ROAD,,_T,,_T,,2005,,143,,A,,0,,1,
DATAFLOW,OECD.ITF:DSD_TRENDS@DF_TRENDSSAFETY(1.0),,I,MKD,,A,,FATALITIES,,PS,,ROAD,,_T,,_T,,2006,,140,,A,,0,,1,
DATAFLOW,OECD.ITF:DSD_TRENDS@DF_TRENDSSAFETY(1.0),,I,MKD,,A,,FATALITIES,,PS,,ROAD,,_T,,_T,,2007,,173,,A,,0,,1,
DATAFLOW,OECD.ITF:DSD_TRENDS@DF_TRENDSSAFETY(1.0),,I,MKD,,A,,FATALITIES,,PS,,ROAD,,_T,,_T,,2008,,162,,A,,0,,1,
DATAFLOW,OECD.ITF:DSD_TRENDS@DF_TRENDSSAFETY(1.0),,I,MKD,,A,,FATALITIES,,PS,,ROAD,,_T,,_T,,2009,,160,,A,,0,,1,
DATAFLOW,OECD.ITF:DSD_TRENDS@DF_TRENDSSAFETY(1.0),,I,MKD,,A,,FATALITIES,,PS,,ROAD,,_T,,_T,,2010,,162,,A,,0,,1,
DATAFLOW,OECD.ITF:DSD_TRENDS@DF_TRENDSSAFETY(1.0),,I,MKD,,A,,FATALITIES,,PS,,ROAD,,_T,,_T,,2011,,172,,A,,0,,1,
DATAFLOW,OECD.ITF:DSD_TRENDS@DF_TRENDSSAFETY(1.0),,I,MKD,,A,,FATALITIES,,PS,,ROAD,,_T,,_T,,2012,,132,,A,,0,,1,
DATAFLOW,OECD.ITF:DSD_TRENDS@DF_TRENDSSAFETY(1.0),,I,MKD,,A,,FATALITIES,,PS,,ROAD,,_T,,_T,,2013,,198,,A,,0,,1,
DATAFLOW,OECD.ITF:DSD_TRENDS@DF_TRENDSSAFETY(1.0),,I,MKD,,A,,FATALITIES,,PS,,ROAD,,_T,,_T,,2014,,130,,A,,0,,1,
DATAFLOW,OECD.ITF:DSD_TRENDS@DF_TRENDSSAFETY(1.0),,I,MKD,,A,,FATALITIES,,PS,,ROAD,,_T,,_T,,2015,,148,,A,,0,,1,
DATAFLOW,OECD.ITF:DSD_TRENDS@DF_TRENDSSAFETY(1.0),,I,MKD,,A,,FATALITIES,,PS,,ROAD,,_T,,_T,,2016,,165,,A,,0,,1,
DATAFLOW,OECD.ITF:DSD_TRENDS@DF_TRENDSSAFETY(1.0),,I,MKD,,A,,FATALITIES,,PS,,ROAD,,_T,,_T,,2017,,155,,A,,0,,1,
DATAFLOW,OECD.ITF:DSD_TRENDS@DF_TRENDSSAFETY(1.0),,I,MKD,,A,,FATALITIES,,PS,,ROAD,,_T,,_T,,2018,,133,,A,,0,,1,
DATAFLOW,OECD.ITF:DSD_TRENDS@DF_TRENDSSAFETY(1.0),,I,MKD,,A,,FATALITIES,,PS,,ROAD,,_T,,_T,,2019,,132,,A,,0,,1,
DATAFLOW,OECD.ITF:DSD_TRENDS@DF_TRENDSSAFETY(1.0),,I,MKD,,A,,FATALITIES,,PS,,ROAD,,_T,,_T,,2020,,125,,A,,0,,1,
DATAFLOW,OECD.ITF:DSD_TRENDS@DF_TRENDSSAFETY(1.0),,I,MKD,,A,,FATALITIES,,PS,,ROAD,,_T,,_T,,2021,,116,,A,,0,,1,
DATAFLOW,OECD.ITF:DSD_TRENDS@DF_TRENDSSAFETY(1.0),,I,MKD,,A,,FATALITIES,,PS,,ROAD,,_T,,_T,,2022,,124,,A,,0,,1,
DATAFLOW,OECD.ITF:DSD_TRENDS@DF_TRENDSSAFETY(1.0),,I,MKD,,A,,FATALITIES,,PS,,ROAD,,_T,,_T,,2023,,127,,A,,0,,1,
DATAFLOW,OECD.ITF:DSD_TRENDS@DF_TRENDSSAFETY(1.0),,I,MKD,,A,,FATALITIES,,PS,,ROAD,,_T,,_T,,2024,,142,,A,,0,,1,
DATAFLOW,OECD.ITF:DSD_TRENDS@DF_TRENDSSAFETY(1.0),,I,ROU,,A,,FATALITIES,,PS,,ROAD,,_T,,_T,,1970,,1938,,A,,0,,1,
DATAFLOW,OECD.ITF:DSD_TRENDS@DF_TRENDSSAFETY(1.0),,I,ROU,,A,,FATALITIES,,PS,,ROAD,,_T,,_T,,1971,,1807,,A,,0,,1,
DATAFLOW,OECD.ITF:DSD_TRENDS@DF_TRENDSSAFETY(1.0),,I,ROU,,A,,FATALITIES,,PS,,ROAD,,_T,,_T,,1972,,2062,,A,,0,,1,
DATAFLOW,OECD.ITF:DSD_TRENDS@DF_TRENDSSAFETY(1.0),,I,ROU,,A,,FATALITIES,,PS,,ROAD,,_T,,_T,,1973,,2033,,A,,0,,1,
DATAFLOW,OECD.ITF:DSD_TRENDS@DF_TRENDSSAFETY(1.0),,I,ROU,,A,,FATALITIES,,PS,,ROAD,,_T,,_T,,1974,,1951,,A,,0,,1,
DATAFLOW,OECD.ITF:DSD_TRENDS@DF_TRENDSSAFETY(1.0),,I,ROU,,A,,FATALITIES,,PS,,ROAD,,_T,,_T,,1975,,2156,,A,,0,,1,
DATAFLOW,OECD.ITF:DSD_TRENDS@DF_TRENDSSAFETY(1.0),,I,ROU,,A,,FATALITIES,,PS,,ROAD,,_T,,_T,,1976,,2222,,A,,0,,1,
DATAFLOW,OECD.ITF:DSD_TRENDS@DF_TRENDSSAFETY(1.0),,I,ROU,,A,,FATALITIES,,PS,,ROAD,,_T,,_T,,1977,,2278,,A,,0,,1,
DATAFLOW,OECD.ITF:DSD_TRENDS@DF_TRENDSSAFETY(1.0),,I,ROU,,A,,FATALITIES,,PS,,ROAD,,_T,,_T,,1978,,2193,,A,,0,,1,
DATAFLOW,OECD.ITF:DSD_TRENDS@DF_TRENDSSAFETY(1.0),,I,ROU,,A,,FATALITIES,,PS,,ROAD,,_T,,_T,,1979,,2047,,A,,0,,1,
DATAFLOW,OECD.ITF:DSD_TRENDS@DF_TRENDSSAFETY(1.0),,I,ROU,,A,,FATALITIES,,PS,,ROAD,,_T,,_T,,1980,,1863,,A,,0,,1,
DATAFLOW,OECD.ITF:DSD_TRENDS@DF_TRENDSSAFETY(1.0),,I,ROU,,A,,FATALITIES,,PS,,ROAD,,_T,,_T,,1981,,1751,,A,,0,,1,
DATAFLOW,OECD.ITF:DSD_TRENDS@DF_TRENDSSAFETY(1.0),,I,ROU,,A,,FATALITIES,,PS,,ROAD,,_T,,_T,,1982,,1616,,A,,0,,1,
DATAFLOW,OECD.ITF:DSD_TRENDS@DF_TRENDSSAFETY(1.0),,I,ROU,,A,,FATALITIES,,PS,,ROAD,,_T,,_T,,1983,,1522,,A,,0,,1,
DATAFLOW,OECD.ITF:DSD_TRENDS@DF_TRENDSSAFETY(1.0),,I,ROU,,A,,FATALITIES,,PS,,ROAD,,_T,,_T,,1984,,1449,,A,,0,,1,
DATAFLOW,OECD.ITF:DSD_TRENDS@DF_TRENDSSAFETY(1.0),,I,ROU,,A,,FATALITIES,,PS,,ROAD,,_T,,_T,,1985,,1340,,A,,0,,1,
DATAFLOW,OECD.ITF:DSD_TRENDS@DF_TRENDSSAFETY(1.0),,I,ROU,,A,,FATALITIES,,PS,,ROAD,,_T,,_T,,1986,,1229,,A,,0,,1,
DATAFLOW,OECD.ITF:DSD_TRENDS@DF_TRENDSSAFETY(1.0),,I,ROU,,A,,FATALITIES,,PS,,ROAD,,_T,,_T,,1987,,1188,,A,,0,,1,
DATAFLOW,OECD.ITF:DSD_TRENDS@DF_TRENDSSAFETY(1.0),,I,ROU,,A,,FATALITIES,,PS,,ROAD,,_T,,_T,,1988,,1195,,A,,0,,1,
DATAFLOW,OECD.ITF:DSD_TRENDS@DF_TRENDSSAFETY(1.0),,I,ROU,,A,,FATALITIES,,PS,,ROAD,,_T,,_T,,1989,,1106,,A,,0,,1,
DATAFLOW,OECD.ITF:DSD_TRENDS@DF_TRENDSSAFETY(1.0),,I,ROU,,A,,FATALITIES,,PS,,ROAD,,_T,,_T,,1990,,3782,,A,,0,,1,
DATAFLOW,OECD.ITF:DSD_TRENDS@DF_TRENDSSAFETY(1.0),,I,ROU,,A,,FATALITIES,,PS,,ROAD,,_T,,_T,,1991,,3078,,A,,0,,1,
DATAFLOW,OECD.ITF:DSD_TRENDS@DF_TRENDSSAFETY(1.0),,I,ROU,,A,,FATALITIES,,PS,,ROAD,,_T,,_T,,1992,,2816,,A,,0,,1,
DATAFLOW,OECD.ITF:DSD_TRENDS@DF_TRENDSSAFETY(1.0),,I,ROU,,A,,FATALITIES,,PS,,ROAD,,_T,,_T,,1993,,2826,,A,,0,,1,
DATAFLOW,OECD.ITF:DSD_TRENDS@DF_TRENDSSAFETY(1.0),,I,ROU,,A,,FATALITIES,,PS,,ROAD,,_T,,_T,,1994,,2877,,A,,0,,1,
DATAFLOW,OECD.ITF:DSD_TRENDS@DF_TRENDSSAFETY(1.0),,I,ROU,,A,,FATALITIES,,PS,,ROAD,,_T,,_T,,1995,,2845,,A,,0,,1,
DATAFLOW,OECD.ITF:DSD_TRENDS@DF_TRENDSSAFETY(1.0),,I,ROU,,A,,FATALITIES,,PS,,ROAD,,_T,,_T,,1996,,2845,,A,,0,,1,
DATAFLOW,OECD.ITF:DSD_TRENDS@DF_TRENDSSAFETY(1.0),,I,ROU,,A,,FATALITIES,,PS,,ROAD,,_T,,_T,,1997,,2863,,A,,0,,1,
DATAFLOW,OECD.ITF:DSD_TRENDS@DF_TRENDSSAFETY(1.0),,I,ROU,,A,,FATALITIES,,PS,,ROAD,,_T,,_T,,1998,,2778,,A,,0,,1,
DATAFLOW,OECD.ITF:DSD_TRENDS@DF_TRENDSSAFETY(1.0),,I,ROU,,A,,FATALITIES,,PS,,ROAD,,_T,,_T,,1999,,2505,,A,,0,,1,
DATAFLOW,OECD.ITF:DSD_TRENDS@DF_TRENDSSAFETY(1.0),,I,ROU,,A,,FATALITIES,,PS,,ROAD,,_T,,_T,,2000,,2499,,A,,0,,1,
DATAFLOW,OECD.ITF:DSD_TRENDS@DF_TRENDSSAFETY(1.0),,I,ROU,,A,,FATALITIES,,PS,,ROAD,,_T,,_T,,2001,,2461,,A,,0,,1,
DATAFLOW,OECD.ITF:DSD_TRENDS@DF_TRENDSSAFETY(1.0),,I,ROU,,A,,FATALITIES,,PS,,ROAD,,_T,,_T,,2002,,2398,,A,,0,,1,
DATAFLOW,OECD.ITF:DSD_TRENDS@DF_TRENDSSAFETY(1.0),,I,ROU,,A,,FATALITIES,,PS,,ROAD,,_T,,_T,,2003,,2235,,A,,0,,1,
DATAFLOW,OECD.ITF:DSD_TRENDS@DF_TRENDSSAFETY(1.0),,I,ROU,,A,,FATALITIES,,PS,,ROAD,,_T,,_T,,2004,,2418,,A,,0,,1,
DATAFLOW,OECD.ITF:DSD_TRENDS@DF_TRENDSSAFETY(1.0),,I,ROU,,A,,FATALITIES,,PS,,ROAD,,_T,,_T,,2005,,2641,,A,,0,,1,
DATAFLOW,OECD.ITF:DSD_TRENDS@DF_TRENDSSAFETY(1.0),,I,ROU,,A,,FATALITIES,,PS,,ROAD,,_T,,_T,,2006,,2587,,A,,0,,1,
DATAFLOW,OECD.ITF:DSD_TRENDS@DF_TRENDSSAFETY(1.0),,I,ROU,,A,,FATALITIES,,PS,,ROAD,,_T,,_T,,2007,,2800,,A,,0,,1,
DATAFLOW,OECD.ITF:DSD_TRENDS@DF_TRENDSSAFETY(1.0),,I,ROU,,A,,FATALITIES,,PS,,ROAD,,_T,,_T,,2008,,3065,,A,,0,,1,
DATAFLOW,OECD.ITF:DSD_TRENDS@DF_TRENDSSAFETY(1.0),,I,ROU,,A,,FATALITIES,,PS,,ROAD,,_T,,_T,,2009,,2797,,A,,0,,1,
DATAFLOW,OECD.ITF:DSD_TRENDS@DF_TRENDSSAFETY(1.0),,I,ROU,,A,,FATALITIES,,PS,,ROAD,,_T,,_T,,2010,,2377,,A,,0,,1,
DATAFLOW,OECD.ITF:DSD_TRENDS@DF_TRENDSSAFETY(1.0),,I,ROU,,A,,FATALITIES,,PS,,ROAD,,_T,,_T,,2011,,2018,,A,,0,,1,
DATAFLOW,OECD.ITF:DSD_TRENDS@DF_TRENDSSAFETY(1.0),,I,ROU,,A,,FATALITIES,,PS,,ROAD,,_T,,_T,,2012,,2042,,A,,0,,1,
DATAFLOW,OECD.ITF:DSD_TRENDS@DF_TRENDSSAFETY(1.0),,I,ROU,,A,,FATALITIES,,PS,,ROAD,,_T,,_T,,2013,,1861,,A,,0,,1,
DATAFLOW,OECD.ITF:DSD_TRENDS@DF_TRENDSSAFETY(1.0),,I,ROU,,A,,FATALITIES,,PS,,ROAD,,_T,,_T,,2014,,1818,,A,,0,,1,
DATAFLOW,OECD.ITF:DSD_TRENDS@DF_TRENDSSAFETY(1.0),,I,ROU,,A,,FATALITIES,,PS,,ROAD,,_T,,_T,,2015,,1893,,A,,0,,1,
DATAFLOW,OECD.ITF:DSD_TRENDS@DF_TRENDSSAFETY(1.0),,I,ROU,,A,,FATALITIES,,PS,,ROAD,,_T,,_T,,2016,,1913,,A,,0,,1,
DATAFLOW,OECD.ITF:DSD_TRENDS@DF_TRENDSSAFETY(1.0),,I,ROU,,A,,FATALITIES,,PS,,ROAD,,_T,,_T,,2017,,1951,,A,,0,,1,
DATAFLOW,OECD.ITF:DSD_TRENDS@DF_TRENDSSAFETY(1.0),,I,ROU,,A,,FATALITIES,,PS,,ROAD,,_T,,_T,,2018,,1867,,A,,0,,1,
DATAFLOW,OECD.ITF:DSD_TRENDS@DF_TRENDSSAFETY(1.0),,I,ROU,,A,,FATALITIES,,PS,,ROAD,,_T,,_T,,2019,,1864,,A,,0,,1,
DATAFLOW,OECD.ITF:DSD_TRENDS@DF_TRENDSSAFETY(1.0),,I,SRB,,A,,FATALITIES,,PS,,ROAD,,_T,,_T,,1999,,1100,,A,,0,,1,
DATAFLOW,OECD.ITF:DSD_TRENDS@DF_TRENDSSAFETY(1.0),,I,SRB,,A,,FATALITIES,,PS,,ROAD,,_T,,_T,,2000,,1048,,A,,0,,1,
DATAFLOW,OECD.ITF:DSD_TRENDS@DF_TRENDSSAFETY(1.0),,I,SRB,,A,,FATALITIES,,PS,,ROAD,,_T,,_T,,2001,,1273,,A,,0,,1,
DATAFLOW,OECD.ITF:DSD_TRENDS@DF_TRENDSSAFETY(1.0),,I,SRB,,A,,FATALITIES,,PS,,ROAD,,_T,,_T,,2002,,847,,A,,0,,1,
DATAFLOW,OECD.ITF:DSD_TRENDS@DF_TRENDSSAFETY(1.0),,I,SRB,,A,,FATALITIES,,PS,,ROAD,,_T,,_T,,2003,,858,,A,,0,,1,
DATAFLOW,OECD.ITF:DSD_TRENDS@DF_TRENDSSAFETY(1.0),,I,SRB,,A,,FATALITIES,,PS,,ROAD,,_T,,_T,,2004,,953,,A,,0,,1,
DATAFLOW,OECD.ITF:DSD_TRENDS@DF_TRENDSSAFETY(1.0),,I,SRB,,A,,FATALITIES,,PS,,ROAD,,_T,,_T,,2005,,841,,A,,0,,1,
DATAFLOW,OECD.ITF:DSD_TRENDS@DF_TRENDSSAFETY(1.0),,I,SRB,,A,,FATALITIES,,PS,,ROAD,,_T,,_T,,2006,,900,,A,,0,,1,
DATAFLOW,OECD.ITF:DSD_TRENDS@DF_TRENDSSAFETY(1.0),,I,SRB,,A,,FATALITIES,,PS,,ROAD,,_T,,_T,,2007,,962,,A,,0,,1,
DATAFLOW,OECD.ITF:DSD_TRENDS@DF_TRENDSSAFETY(1.0),,I,SRB,,A,,FATALITIES,,PS,,ROAD,,_T,,_T,,2008,,897,,A,,0,,1,
DATAFLOW,OECD.ITF:DSD_TRENDS@DF_TRENDSSAFETY(1.0),,I,SRB,,A,,FATALITIES,,PS,,ROAD,,_T,,_T,,2009,,808,,A,,0,,1,
DATAFLOW,OECD.ITF:DSD_TRENDS@DF_TRENDSSAFETY(1.0),,I,SRB,,A,,FATALITIES,,PS,,ROAD,,_T,,_T,,2010,,656,,A,,0,,1,
DATAFLOW,OECD.ITF:DSD_TRENDS@DF_TRENDSSAFETY(1.0),,I,SRB,,A,,FATALITIES,,PS,,ROAD,,_T,,_T,,2011,,728,,A,,0,,1,
DATAFLOW,OECD.ITF:DSD_TRENDS@DF_TRENDSSAFETY(1.0),,I,SRB,,A,,FATALITIES,,PS,,ROAD,,_T,,_T,,2012,,684,,A,,0,,1,
DATAFLOW,OECD.ITF:DSD_TRENDS@DF_TRENDSSAFETY(1.0),,I,SRB,,A,,FATALITIES,,PS,,ROAD,,_T,,_T,,2013,,646,,A,,0,,1,
DATAFLOW,OECD.ITF:DSD_TRENDS@DF_TRENDSSAFETY(1.0),,I,SRB,,A,,FATALITIES,,PS,,ROAD,,_T,,_T,,2014,,536,,A,,0,,1,
DATAFLOW,OECD.ITF:DSD_TRENDS@DF_TRENDSSAFETY(1.0),,I,SRB,,A,,FATALITIES,,PS,,ROAD,,_T,,_T,,2015,,601,,A,,0,,1,
DATAFLOW,OECD.ITF:DSD_TRENDS@DF_TRENDSSAFETY(1.0),,I,SRB,,A,,FATALITIES,,PS,,ROAD,,_T,,_T,,2016,,606,,A,,0,,1,
DATAFLOW,OECD.ITF:DSD_TRENDS@DF_TRENDSSAFETY(1.0),,I,SRB,,A,,FATALITIES,,PS,,ROAD,,_T,,_T,,2017,,578,,A,,0,,1,
DATAFLOW,OECD.ITF:DSD_TRENDS@DF_TRENDSSAFETY(1.0),,I,SRB,,A,,FATALITIES,,PS,,ROAD,,_T,,_T,,2018,,542,,A,,0,,1,
DATAFLOW,OECD.ITF:DSD_TRENDS@DF_TRENDSSAFETY(1.0),,I,SRB,,A,,FATALITIES,,PS,,ROAD,,_T,,_T,,2019,,531,,A,,0,,1,
DATAFLOW,OECD.ITF:DSD_TRENDS@DF_TRENDSSAFETY(1.0),,I,SRB,,A,,FATALITIES,,PS,,ROAD,,_T,,_T,,2020,,492,,A,,0,,1,
DATAFLOW,OECD.ITF:DSD_TRENDS@DF_TRENDSSAFETY(1.0),,I,SRB,,A,,FATALITIES,,PS,,ROAD,,_T,,_T,,2021,,521,,A,,0,,1,
DATAFLOW,OECD.ITF:DSD_TRENDS@DF_TRENDSSAFETY(1.0),,I,SRB,,A,,FATALITIES,,PS,,ROAD,,_T,,_T,,2022,,553,,A,,0,,1,
DATAFLOW,OECD.ITF:DSD_TRENDS@DF_TRENDSSAFETY(1.0),,I,SRB,,A,,FATALITIES,,PS,,ROAD,,_T,,_T,,2023,,503,,A,,0,,1,
DATAFLOW,OECD.ITF:DSD_TRENDS@DF_TRENDSSAFETY(1.0),,I,SRB,,A,,FATALITIES,,PS,,ROAD,,_T,,_T,,2024,,510,,A,,0,,1,
DATAFLOW,OECD.ITF:DSD_TRENDS@DF_TRENDSSAFETY(1.0),,I,UKR,,A,,FATALITIES,,PS,,ROAD,,_T,,_T,,1970,,5150,,A,,0,,1,
DATAFLOW,OECD.ITF:DSD_TRENDS@DF_TRENDSSAFETY(1.0),,I,UKR,,A,,FATALITIES,,PS,,ROAD,,_T,,_T,,1971,,5630,,A,,0,,1,
DATAFLOW,OECD.ITF:DSD_TRENDS@DF_TRENDSSAFETY(1.0),,I,UKR,,A,,FATALITIES,,PS,,ROAD,,_T,,_T,,1972,,5589,,A,,0,,1,
DATAFLOW,OECD.ITF:DSD_TRENDS@DF_TRENDSSAFETY(1.0),,I,UKR,,A,,FATALITIES,,PS,,ROAD,,_T,,_T,,1973,,5832,,A,,0,,1,
DATAFLOW,OECD.ITF:DSD_TRENDS@DF_TRENDSSAFETY(1.0),,I,UKR,,A,,FATALITIES,,PS,,ROAD,,_T,,_T,,1974,,2355,,A,,0,,1,
DATAFLOW,OECD.ITF:DSD_TRENDS@DF_TRENDSSAFETY(1.0),,I,UKR,,A,,FATALITIES,,PS,,ROAD,,_T,,_T,,1975,,2551,,A,,0,,1,
DATAFLOW,OECD.ITF:DSD_TRENDS@DF_TRENDSSAFETY(1.0),,I,UKR,,A,,FATALITIES,,PS,,ROAD,,_T,,_T,,1976,,6844,,A,,0,,1,
DATAFLOW,OECD.ITF:DSD_TRENDS@DF_TRENDSSAFETY(1.0),,I,UKR,,A,,FATALITIES,,PS,,ROAD,,_T,,_T,,1977,,7103,,A,,0,,1,
DATAFLOW,OECD.ITF:DSD_TRENDS@DF_TRENDSSAFETY(1.0),,I,UKR,,A,,FATALITIES,,PS,,ROAD,,_T,,_T,,1978,,7163,,A,,0,,1,
DATAFLOW,OECD.ITF:DSD_TRENDS@DF_TRENDSSAFETY(1.0),,I,UKR,,A,,FATALITIES,,PS,,ROAD,,_T,,_T,,1979,,7288,,A,,0,,1,
DATAFLOW,OECD.ITF:DSD_TRENDS@DF_TRENDSSAFETY(1.0),,I,UKR,,A,,FATALITIES,,PS,,ROAD,,_T,,_T,,1980,,7291,,A,,0,,1,
DATAFLOW,OECD.ITF:DSD_TRENDS@DF_TRENDSSAFETY(1.0),,I,UKR,,A,,FATALITIES,,PS,,ROAD,,_T,,_T,,1983,,7141,,A,,0,,1,
DATAFLOW,OECD.ITF:DSD_TRENDS@DF_TRENDSSAFETY(1.0),,I,UKR,,A,,FATALITIES,,PS,,ROAD,,_T,,_T,,1984,,6905,,A,,0,,1,
DATAFLOW,OECD.ITF:DSD_TRENDS@DF_TRENDSSAFETY(1.0),,I,UKR,,A,,FATALITIES,,PS,,ROAD,,_T,,_T,,1985,,6266,,A,,0,,1,
DATAFLOW,OECD.ITF:DSD_TRENDS@DF_TRENDSSAFETY(1.0),,I,UKR,,A,,FATALITIES,,PS,,ROAD,,_T,,_T,,1986,,6179,,A,,0,,1,
DATAFLOW,OECD.ITF:DSD_TRENDS@DF_TRENDSSAFETY(1.0),,I,UKR,,A,,FATALITIES,,PS,,ROAD,,_T,,_T,,1987,,6177,,A,,0,,1,
DATAFLOW,OECD.ITF:DSD_TRENDS@DF_TRENDSSAFETY(1.0),,I,UKR,,A,,FATALITIES,,PS,,ROAD,,_T,,_T,,1988,,7087,,A,,0,,1,
DATAFLOW,OECD.ITF:DSD_TRENDS@DF_TRENDSSAFETY(1.0),,I,UKR,,A,,FATALITIES,,PS,,ROAD,,_T,,_T,,1989,,8854,,A,,0,,1,
DATAFLOW,OECD.ITF:DSD_TRENDS@DF_TRENDSSAFETY(1.0),,I,UKR,,A,,FATALITIES,,PS,,ROAD,,_T,,_T,,1990,,9616,,A,,0,,1,
DATAFLOW,OECD.ITF:DSD_TRENDS@DF_TRENDSSAFETY(1.0),,I,UKR,,A,,FATALITIES,,PS,,ROAD,,_T,,_T,,1991,,8975,,A,,0,,1,
DATAFLOW,OECD.ITF:DSD_TRENDS@DF_TRENDSSAFETY(1.0),,I,UKR,,A,,FATALITIES,,PS,,ROAD,,_T,,_T,,1992,,8596,,A,,0,,1,
DATAFLOW,OECD.ITF:DSD_TRENDS@DF_TRENDSSAFETY(1.0),,I,UKR,,A,,FATALITIES,,PS,,ROAD,,_T,,_T,,1993,,7462,,A,,0,,1,
DATAFLOW,OECD.ITF:DSD_TRENDS@DF_TRENDSSAFETY(1.0),,I,UKR,,A,,FATALITIES,,PS,,ROAD,,_T,,_T,,1994,,7560,,A,,0,,1,
DATAFLOW,OECD.ITF:DSD_TRENDS@DF_TRENDSSAFETY(1.0),,I,UKR,,A,,FATALITIES,,PS,,ROAD,,_T,,_T,,1995,,7530,,A,,0,,1,
DATAFLOW,OECD.ITF:DSD_TRENDS@DF_TRENDSSAFETY(1.0),,I,UKR,,A,,FATALITIES,,PS,,ROAD,,_T,,_T,,1996,,6631,,A,,0,,1,
DATAFLOW,OECD.ITF:DSD_TRENDS@DF_TRENDSSAFETY(1.0),,I,UKR,,A,,FATALITIES,,PS,,ROAD,,_T,,_T,,1997,,5988,,A,,0,,1,
DATAFLOW,OECD.ITF:DSD_TRENDS@DF_TRENDSSAFETY(1.0),,I,UKR,,A,,FATALITIES,,PS,,ROAD,,_T,,_T,,1998,,5522,,A,,0,,1,
DATAFLOW,OECD.ITF:DSD_TRENDS@DF_TRENDSSAFETY(1.0),,I,UKR,,A,,FATALITIES,,PS,,ROAD,,_T,,_T,,1999,,5269,,A,,0,,1,
DATAFLOW,OECD.ITF:DSD_TRENDS@DF_TRENDSSAFETY(1.0),,I,UKR,,A,,FATALITIES,,PS,,ROAD,,_T,,_T,,2000,,5185,,A,,0,,1,
DATAFLOW,OECD.ITF:DSD_TRENDS@DF_TRENDSSAFETY(1.0),,I,UKR,,A,,FATALITIES,,PS,,ROAD,,_T,,_T,,2001,,5984,,A,,0,,1,
DATAFLOW,OECD.ITF:DSD_TRENDS@DF_TRENDSSAFETY(1.0),,I,UKR,,A,,FATALITIES,,PS,,ROAD,,_T,,_T,,2002,,5982,,A,,0,,1,
DATAFLOW,OECD.ITF:DSD_TRENDS@DF_TRENDSSAFETY(1.0),,I,UKR,,A,,FATALITIES,,PS,,ROAD,,_T,,_T,,2003,,7149,,A,,0,,1,
DATAFLOW,OECD.ITF:DSD_TRENDS@DF_TRENDSSAFETY(1.0),,I,UKR,,A,,FATALITIES,,PS,,ROAD,,_T,,_T,,2004,,6966,,A,,0,,1,
DATAFLOW,OECD.ITF:DSD_TRENDS@DF_TRENDSSAFETY(1.0),,I,UKR,,A,,FATALITIES,,PS,,ROAD,,_T,,_T,,2005,,7229,,A,,0,,1,
DATAFLOW,OECD.ITF:DSD_TRENDS@DF_TRENDSSAFETY(1.0),,I,UKR,,A,,FATALITIES,,PS,,ROAD,,_T,,_T,,2006,,7592,,A,,0,,1,
DATAFLOW,OECD.ITF:DSD_TRENDS@DF_TRENDSSAFETY(1.0),,I,UKR,,A,,FATALITIES,,PS,,ROAD,,_T,,_T,,2007,,9574,,A,,0,,1,
DATAFLOW,OECD.ITF:DSD_TRENDS@DF_TRENDSSAFETY(1.0),,I,UKR,,A,,FATALITIES,,PS,,ROAD,,_T,,_T,,2008,,7718,,A,,0,,1,
DATAFLOW,OECD.ITF:DSD_TRENDS@DF_TRENDSSAFETY(1.0),,I,UKR,,A,,FATALITIES,,PS,,ROAD,,_T,,_T,,2009,,5348,,A,,0,,1,
DATAFLOW,OECD.ITF:DSD_TRENDS@DF_TRENDSSAFETY(1.0),,I,UKR,,A,,FATALITIES,,PS,,ROAD,,_T,,_T,,2010,,4875,,A,,0,,1,
DATAFLOW,OECD.ITF:DSD_TRENDS@DF_TRENDSSAFETY(1.0),,I,UKR,,A,,FATALITIES,,PS,,ROAD,,_T,,_T,,2011,,4908,,A,,0,,1,
DATAFLOW,OECD.ITF:DSD_TRENDS@DF_TRENDSSAFETY(1.0),,I,UKR,,A,,FATALITIES,,PS,,ROAD,,_T,,_T,,2012,,5131,,A,,0,,1,
DATAFLOW,OECD.ITF:DSD_TRENDS@DF_TRENDSSAFETY(1.0),,I,UKR,,A,,FATALITIES,,PS,,ROAD,,_T,,_T,,2013,,4833,,A,,0,,1,
DATAFLOW,OECD.ITF:DSD_TRENDS@DF_TRENDSSAFETY(1.0),,I,UKR,,A,,FATALITIES,,PS,,ROAD,,_T,,_T,,2015,,4003,,A,,0,,1,
DATAFLOW,OECD.ITF:DSD_TRENDS@DF_TRENDSSAFETY(1.0),,I,UKR,,A,,FATALITIES,,PS,,ROAD,,_T,,_T,,2016,,3410,,A,,0,,1,
DATAFLOW,OECD.ITF:DSD_TRENDS@DF_TRENDSSAFETY(1.0),,I,UKR,,A,,FATALITIES,,PS,,ROAD,,_T,,_T,,2017,,3432,,A,,0,,1,
DATAFLOW,OECD.ITF:DSD_TRENDS@DF_TRENDSSAFETY(1.0),,I,UZB,,A,,FATALITIES,,PS,,ROAD,,_T,,_T,,1995,,1899,,A,,0,,1,
DATAFLOW,OECD.ITF:DSD_TRENDS@DF_TRENDSSAFETY(1.0),,I,UZB,,A,,FATALITIES,,PS,,ROAD,,_T,,_T,,1996,,1991,,A,,0,,1,
DATAFLOW,OECD.ITF:DSD_TRENDS@DF_TRENDSSAFETY(1.0),,I,UZB,,A,,FATALITIES,,PS,,ROAD,,_T,,_T,,1997,,2075,,A,,0,,1,
DATAFLOW,OECD.ITF:DSD_TRENDS@DF_TRENDSSAFETY(1.0),,I,UZB,,A,,FATALITIES,,PS,,ROAD,,_T,,_T,,1998,,2069,,A,,0,,1,
DATAFLOW,OECD.ITF:DSD_TRENDS@DF_TRENDSSAFETY(1.0),,I,UZB,,A,,FATALITIES,,PS,,ROAD,,_T,,_T,,1999,,2097,,A,,0,,1,
DATAFLOW,OECD.ITF:DSD_TRENDS@DF_TRENDSSAFETY(1.0),,I,UZB,,A,,FATALITIES,,PS,,ROAD,,_T,,_T,,2000,,2128,,A,,0,,1,
DATAFLOW,OECD.ITF:DSD_TRENDS@DF_TRENDSSAFETY(1.0),,I,UZB,,A,,FATALITIES,,PS,,ROAD,,_T,,_T,,2001,,2159,,A,,0,,1,
DATAFLOW,OECD.ITF:DSD_TRENDS@DF_TRENDSSAFETY(1.0),,I,UZB,,A,,FATALITIES,,PS,,ROAD,,_T,,_T,,2002,,2079,,A,,0,,1,
DATAFLOW,OECD.ITF:DSD_TRENDS@DF_TRENDSSAFETY(1.0),,I,UZB,,A,,FATALITIES,,PS,,ROAD,,_T,,_T,,2003,,2034,,A,,0,,1,
DATAFLOW,OECD.ITF:DSD_TRENDS@DF_TRENDSSAFETY(1.0),,I,UZB,,A,,FATALITIES,,PS,,ROAD,,_T,,_T,,2004,,2028,,A,,0,,1,
DATAFLOW,OECD.ITF:DSD_TRENDS@DF_TRENDSSAFETY(1.0),,I,UZB,,A,,FATALITIES,,PS,,ROAD,,_T,,_T,,2005,,2133,,A,,0,,1,
DATAFLOW,OECD.ITF:DSD_TRENDS@DF_TRENDSSAFETY(1.0),,I,UZB,,A,,FATALITIES,,PS,,ROAD,,_T,,_T,,2006,,2128,,A,,0,,1,
DATAFLOW,OECD.ITF:DSD_TRENDS@DF_TRENDSSAFETY(1.0),,I,UZB,,A,,FATALITIES,,PS,,ROAD,,_T,,_T,,2007,,2253,,A,,0,,1,
DATAFLOW,OECD.ITF:DSD_TRENDS@DF_TRENDSSAFETY(1.0),,I,UZB,,A,,FATALITIES,,PS,,ROAD,,_T,,_T,,2008,,2185,,A,,0,,1,
DATAFLOW,OECD.ITF:DSD_TRENDS@DF_TRENDSSAFETY(1.0),,I,UZB,,A,,FATALITIES,,PS,,ROAD,,_T,,_T,,2009,,2177,,A,,0,,1,
DATAFLOW,OECD.ITF:DSD_TRENDS@DF_TRENDSSAFETY(1.0),,I,UZB,,A,,FATALITIES,,PS,,ROAD,,_T,,_T,,2010,,2163,,A,,0,,1,
DATAFLOW,OECD.ITF:DSD_TRENDS@DF_TRENDSSAFETY(1.0),,I,UZB,,A,,FATALITIES,,PS,,ROAD,,_T,,_T,,2011,,2161,,A,,0,,1,
DATAFLOW,OECD.ITF:DSD_TRENDS@DF_TRENDSSAFETY(1.0),,I,UZB,,A,,FATALITIES,,PS,,ROAD,,_T,,_T,,2012,,2279,,A,,0,,1,
DATAFLOW,OECD.ITF:DSD_TRENDS@DF_TRENDSSAFETY(1.0),,I,UZB,,A,,FATALITIES,,PS,,ROAD,,_T,,_T,,2013,,2323,,A,,0,,1,
DATAFLOW,OECD.ITF:DSD_TRENDS@DF_TRENDSSAFETY(1.0),,I,UZB,,A,,FATALITIES,,PS,,ROAD,,_T,,_T,,2014,,2401,,A,,0,,1,
DATAFLOW,OECD.ITF:DSD_TRENDS@DF_TRENDSSAFETY(1.0),,I,UZB,,A,,FATALITIES,,PS,,ROAD,,_T,,_T,,2015,,2549,,A,,0,,1,
DATAFLOW,OECD.ITF:DSD_TRENDS@DF_TRENDSSAFETY(1.0),,I,UZB,,A,,FATALITIES,,PS,,ROAD,,_T,,_T,,2016,,2510,,A,,0,,1,
DATAFLOW,OECD.ITF:DSD_TRENDS@DF_TRENDSSAFETY(1.0),,I,UZB,,A,,FATALITIES,,PS,,ROAD,,_T,,_T,,2017,,2473,,A,,0,,1,
DATAFLOW,OECD.ITF:DSD_TRENDS@DF_TRENDSSAFETY(1.0),,I,UZB,,A,,FATALITIES,,PS,,ROAD,,_T,,_T,,2018,,2262,,A,,0,,1,
DATAFLOW,OECD.ITF:DSD_TRENDS@DF_TRENDSSAFETY(1.0),,I,UZB,,A,,FATALITIES,,PS,,ROAD,,_T,,_T,,2019,,2094,,A,,0,,1,
DATAFLOW,OECD.ITF:DSD_TRENDS@DF_TRENDSSAFETY(1.0),,I,UZB,,A,,FATALITIES,,PS,,ROAD,,_T,,_T,,2020,,1962,,A,,0,,1,
DATAFLOW,OECD.ITF:DSD_TRENDS@DF_TRENDSSAFETY(1.0),,I,AUS,,A,,INJURED,,PS,,ROAD,,_T,,_T,,1980,,32054,,A,,0,,1,
DATAFLOW,OECD.ITF:DSD_TRENDS@DF_TRENDSSAFETY(1.0),,I,AUS,,A,,INJURED,,PS,,ROAD,,_T,,_T,,1981,,32108,,A,,0,,1,
DATAFLOW,OECD.ITF:DSD_TRENDS@DF_TRENDSSAFETY(1.0),,I,AUS,,A,,INJURED,,PS,,ROAD,,_T,,_T,,1982,,30654,,A,,0,,1,
DATAFLOW,OECD.ITF:DSD_TRENDS@DF_TRENDSSAFETY(1.0),,I,AUS,,A,,INJURED,,PS,,ROAD,,_T,,_T,,1983,,28080,,A,,0,,1,
DATAFLOW,OECD.ITF:DSD_TRENDS@DF_TRENDSSAFETY(1.0),,I,AUS,,A,,INJURED,,PS,,ROAD,,_T,,_T,,1984,,28795,,A,,0,,1,
DATAFLOW,OECD.ITF:DSD_TRENDS@DF_TRENDSSAFETY(1.0),,I,AUS,,A,,INJURED,,PS,,ROAD,,_T,,_T,,1985,,29248,,A,,0,,1,
DATAFLOW,OECD.ITF:DSD_TRENDS@DF_TRENDSSAFETY(1.0),,I,AUS,,A,,INJURED,,PS,,ROAD,,_T,,_T,,1986,,29169,,A,,0,,1,
DATAFLOW,OECD.ITF:DSD_TRENDS@DF_TRENDSSAFETY(1.0),,I,AUS,,A,,INJURED,,PS,,ROAD,,_T,,_T,,1987,,29698,,A,,0,,1,
DATAFLOW,OECD.ITF:DSD_TRENDS@DF_TRENDSSAFETY(1.0),,I,AUS,,A,,INJURED,,PS,,ROAD,,_T,,_T,,1988,,29705,,A,,0,,1,
DATAFLOW,OECD.ITF:DSD_TRENDS@DF_TRENDSSAFETY(1.0),,I,AUS,,A,,INJURED,,PS,,ROAD,,_T,,_T,,1989,,28483,,A,,0,,1,
DATAFLOW,OECD.ITF:DSD_TRENDS@DF_TRENDSSAFETY(1.0),,I,AUS,,A,,INJURED,,PS,,ROAD,,_T,,_T,,1990,,24961,,A,,0,,1,
DATAFLOW,OECD.ITF:DSD_TRENDS@DF_TRENDSSAFETY(1.0),,I,AUS,,A,,INJURED,,PS,,ROAD,,_T,,_T,,1991,,22528,,A,,0,,1,
DATAFLOW,OECD.ITF:DSD_TRENDS@DF_TRENDSSAFETY(1.0),,I,AUS,,A,,INJURED,,PS,,ROAD,,_T,,_T,,1992,,21512,,A,,0,,1,
DATAFLOW,OECD.ITF:DSD_TRENDS@DF_TRENDSSAFETY(1.0),,I,AUS,,A,,INJURED,,PS,,ROAD,,_T,,_T,,1993,,21557,,A,,0,,1,
DATAFLOW,OECD.ITF:DSD_TRENDS@DF_TRENDSSAFETY(1.0),,I,AUS,,A,,INJURED,,PS,,ROAD,,_T,,_T,,1994,,22133,,A,,0,,1,
DATAFLOW,OECD.ITF:DSD_TRENDS@DF_TRENDSSAFETY(1.0),,I,AUS,,A,,INJURED,,PS,,ROAD,,_T,,_T,,1995,,22368,,A,,0,,1,
DATAFLOW,OECD.ITF:DSD_TRENDS@DF_TRENDSSAFETY(1.0),,I,AUS,,A,,INJURED,,PS,,ROAD,,_T,,_T,,1996,,21989,,A,,0,,1,
DATAFLOW,OECD.ITF:DSD_TRENDS@DF_TRENDSSAFETY(1.0),,I,AUS,,A,,INJURED,,PS,,ROAD,,_T,,_T,,1997,,21519,,A,,0,,1,
DATAFLOW,OECD.ITF:DSD_TRENDS@DF_TRENDSSAFETY(1.0),,I,AUS,,A,,INJURED,,PS,,ROAD,,_T,,_T,,2000,,26963,,A,,0,,1,
DATAFLOW,OECD.ITF:DSD_TRENDS@DF_TRENDSSAFETY(1.0),,I,AUS,,A,,INJURED,,PS,,ROAD,,_T,,_T,,2001,,27482,,A,,0,,1,
DATAFLOW,OECD.ITF:DSD_TRENDS@DF_TRENDSSAFETY(1.0),,I,AUS,,A,,INJURED,,PS,,ROAD,,_T,,_T,,2002,,27958,,A,,0,,1,
DATAFLOW,OECD.ITF:DSD_TRENDS@DF_TRENDSSAFETY(1.0),,I,AUS,,A,,INJURED,,PS,,ROAD,,_T,,_T,,2003,,28446,,A,,0,,1,
DATAFLOW,OECD.ITF:DSD_TRENDS@DF_TRENDSSAFETY(1.0),,I,AUS,,A,,INJURED,,PS,,ROAD,,_T,,_T,,2004,,28886,,A,,0,,1,
DATAFLOW,OECD.ITF:DSD_TRENDS@DF_TRENDSSAFETY(1.0),,I,AUS,,A,,INJURED,,PS,,ROAD,,_T,,_T,,2005,,30597,,A,,0,,1,
DATAFLOW,OECD.ITF:DSD_TRENDS@DF_TRENDSSAFETY(1.0),,I,AUS,,A,,INJURED,,PS,,ROAD,,_T,,_T,,2006,,32288,,A,,0,,1,
DATAFLOW,OECD.ITF:DSD_TRENDS@DF_TRENDSSAFETY(1.0),,I,AUS,,A,,INJURED,,PS,,ROAD,,_T,,_T,,2007,,32552,,A,,0,,1,
DATAFLOW,OECD.ITF:DSD_TRENDS@DF_TRENDSSAFETY(1.0),,I,AUS,,A,,INJURED,,PS,,ROAD,,_T,,_T,,2008,,33524,,A,,0,,1,
DATAFLOW,OECD.ITF:DSD_TRENDS@DF_TRENDSSAFETY(1.0),,I,AUS,,A,,INJURED,,PS,,ROAD,,_T,,_T,,2009,,33692,,A,,0,,1,
DATAFLOW,OECD.ITF:DSD_TRENDS@DF_TRENDSSAFETY(1.0),,I,AUS,,A,,INJURED,,PS,,ROAD,,_T,,_T,,2010,,32775,,A,,0,,1,
DATAFLOW,OECD.ITF:DSD_TRENDS@DF_TRENDSSAFETY(1.0),,I,AUS,,A,,INJURED,,PS,,ROAD,,_T,,_T,,2011,,34082,,A,,0,,1,
DATAFLOW,OECD.ITF:DSD_TRENDS@DF_TRENDSSAFETY(1.0),,I,AUS,,A,,INJURED,,PS,,ROAD,,_T,,_T,,2012,,34091,,A,,0,,1,
DATAFLOW,OECD.ITF:DSD_TRENDS@DF_TRENDSSAFETY(1.0),,I,AUS,,A,,INJURED,,PS,,ROAD,,_T,,_T,,2013,,35059,,A,,0,,1,
DATAFLOW,OECD.ITF:DSD_TRENDS@DF_TRENDSSAFETY(1.0),,I,AUS,,A,,INJURED,,PS,,ROAD,,_T,,_T,,2014,,35552,,A,,0,,1,
DATAFLOW,OECD.ITF:DSD_TRENDS@DF_TRENDSSAFETY(1.0),,I,AUS,,A,,INJURED,,PS,,ROAD,,_T,,_T,,2015,,37082,,A,,0,,1,
DATAFLOW,OECD.ITF:DSD_TRENDS@DF_TRENDSSAFETY(1.0),,I,AUS,,A,,INJURED,,PS,,ROAD,,_T,,_T,,2016,,38945,,A,,0,,1,
DATAFLOW,OECD.ITF:DSD_TRENDS@DF_TRENDSSAFETY(1.0),,I,AUS,,A,,INJURED,,PS,,ROAD,,_T,,_T,,2017,,39339,,A,,0,,1,
DATAFLOW,OECD.ITF:DSD_TRENDS@DF_TRENDSSAFETY(1.0),,I,AUS,,A,,INJURED,,PS,,ROAD,,_T,,_T,,2018,,39590,,A,,0,,1,
DATAFLOW,OECD.ITF:DSD_TRENDS@DF_TRENDSSAFETY(1.0),,I,AUS,,A,,INJURED,,PS,,ROAD,,_T,,_T,,2019,,39866,,A,,0,,1,
DATAFLOW,OECD.ITF:DSD_TRENDS@DF_TRENDSSAFETY(1.0),,I,AUS,,A,,INJURED,,PS,,ROAD,,_T,,_T,,2020,,37966,,A,,0,,1,
DATAFLOW,OECD.ITF:DSD_TRENDS@DF_TRENDSSAFETY(1.0),,I,AUS,,A,,INJURED,,PS,,ROAD,,_T,,_T,,2021,,39505,,A,,0,,1,
DATAFLOW,OECD.ITF:DSD_TRENDS@DF_TRENDSSAFETY(1.0),,I,AUT,,A,,INJURED,,PS,,ROAD,,_T,,_T,,1970,,70146,,A,,0,,1,
DATAFLOW,OECD.ITF:DSD_TRENDS@DF_TRENDSSAFETY(1.0),,I,AUT,,A,,INJURED,,PS,,ROAD,,_T,,_T,,1971,,72082,,A,,0,,1,
DATAFLOW,OECD.ITF:DSD_TRENDS@DF_TRENDSSAFETY(1.0),,I,AUT,,A,,INJURED,,PS,,ROAD,,_T,,_T,,1972,,72020,,A,,0,,1,
DATAFLOW,OECD.ITF:DSD_TRENDS@DF_TRENDSSAFETY(1.0),,I,AUT,,A,,INJURED,,PS,,ROAD,,_T,,_T,,1973,,68086,,A,,0,,1,
DATAFLOW,OECD.ITF:DSD_TRENDS@DF_TRENDSSAFETY(1.0),,I,AUT,,A,,INJURED,,PS,,ROAD,,_T,,_T,,1974,,65939,,A,,0,,1,
DATAFLOW,OECD.ITF:DSD_TRENDS@DF_TRENDSSAFETY(1.0),,I,AUT,,A,,INJURED,,PS,,ROAD,,_T,,_T,,1975,,65881,,A,,0,,1,
DATAFLOW,OECD.ITF:DSD_TRENDS@DF_TRENDSSAFETY(1.0),,I,AUT,,A,,INJURED,,PS,,ROAD,,_T,,_T,,1976,,60640,,A,,0,,1,
DATAFLOW,OECD.ITF:DSD_TRENDS@DF_TRENDSSAFETY(1.0),,I,AUT,,A,,INJURED,,PS,,ROAD,,_T,,_T,,1977,,62042,,A,,0,,1,
DATAFLOW,OECD.ITF:DSD_TRENDS@DF_TRENDSSAFETY(1.0),,I,AUT,,A,,INJURED,,PS,,ROAD,,_T,,_T,,1978,,58817,,A,,0,,1,
DATAFLOW,OECD.ITF:DSD_TRENDS@DF_TRENDSSAFETY(1.0),,I,AUT,,A,,INJURED,,PS,,ROAD,,_T,,_T,,1979,,60871,,A,,0,,1,
DATAFLOW,OECD.ITF:DSD_TRENDS@DF_TRENDSSAFETY(1.0),,I,AUT,,A,,INJURED,,PS,,ROAD,,_T,,_T,,1980,,62416,,A,,0,,1,
DATAFLOW,OECD.ITF:DSD_TRENDS@DF_TRENDSSAFETY(1.0),,I,AUT,,A,,INJURED,,PS,,ROAD,,_T,,_T,,1981,,62315,,A,,0,,1,
DATAFLOW,OECD.ITF:DSD_TRENDS@DF_TRENDSSAFETY(1.0),,I,AUT,,A,,INJURED,,PS,,ROAD,,_T,,_T,,1982,,62249,,A,,0,,1,
DATAFLOW,OECD.ITF:DSD_TRENDS@DF_TRENDSSAFETY(1.0),,I,AUT,,A,,INJURED,,PS,,ROAD,,_T,,_T,,1983,,64573,,A,,0,,1,
DATAFLOW,OECD.ITF:DSD_TRENDS@DF_TRENDSSAFETY(1.0),,I,AUT,,A,,INJURED,,PS,,ROAD,,_T,,_T,,1984,,62168,,A,,0,,1,
DATAFLOW,OECD.ITF:DSD_TRENDS@DF_TRENDSSAFETY(1.0),,I,AUT,,A,,INJURED,,PS,,ROAD,,_T,,_T,,1985,,59814,,A,,0,,1,
DATAFLOW,OECD.ITF:DSD_TRENDS@DF_TRENDSSAFETY(1.0),,I,AUT,,A,,INJURED,,PS,,ROAD,,_T,,_T,,1986,,58288,,A,,0,,1,
DATAFLOW,OECD.ITF:DSD_TRENDS@DF_TRENDSSAFETY(1.0),,I,AUT,,A,,INJURED,,PS,,ROAD,,_T,,_T,,1987,,57195,,A,,0,,1,
DATAFLOW,OECD.ITF:DSD_TRENDS@DF_TRENDSSAFETY(1.0),,I,AUT,,A,,INJURED,,PS,,ROAD,,_T,,_T,,1988,,57669,,A,,0,,1,
DATAFLOW,OECD.ITF:DSD_TRENDS@DF_TRENDSSAFETY(1.0),,I,AUT,,A,,INJURED,,PS,,ROAD,,_T,,_T,,1989,,60455,,A,,0,,1,
DATAFLOW,OECD.ITF:DSD_TRENDS@DF_TRENDSSAFETY(1.0),,I,AUT,,A,,INJURED,,PS,,ROAD,,_T,,_T,,1990,,60483,,A,,0,,1,
DATAFLOW,OECD.ITF:DSD_TRENDS@DF_TRENDSSAFETY(1.0),,I,AUT,,A,,INJURED,,PS,,ROAD,,_T,,_T,,1991,,60189,,A,,0,,1,
DATAFLOW,OECD.ITF:DSD_TRENDS@DF_TRENDSSAFETY(1.0),,I,AUT,,A,,INJURED,,PS,,ROAD,,_T,,_T,,1992,,57473,,A,,0,,1,
DATAFLOW,OECD.ITF:DSD_TRENDS@DF_TRENDSSAFETY(1.0),,I,AUT,,A,,INJURED,,PS,,ROAD,,_T,,_T,,1993,,53987,,A,,0,,1,
DATAFLOW,OECD.ITF:DSD_TRENDS@DF_TRENDSSAFETY(1.0),,I,AUT,,A,,INJURED,,PS,,ROAD,,_T,,_T,,1994,,53818,,A,,0,,1,
DATAFLOW,OECD.ITF:DSD_TRENDS@DF_TRENDSSAFETY(1.0),,I,AUT,,A,,INJURED,,PS,,ROAD,,_T,,_T,,1995,,50764,,A,,0,,1,
DATAFLOW,OECD.ITF:DSD_TRENDS@DF_TRENDSSAFETY(1.0),,I,AUT,,A,,INJURED,,PS,,ROAD,,_T,,_T,,1996,,49673,,A,,0,,1,
DATAFLOW,OECD.ITF:DSD_TRENDS@DF_TRENDSSAFETY(1.0),,I,AUT,,A,,INJURED,,PS,,ROAD,,_T,,_T,,1997,,51591,,A,,0,,1,
DATAFLOW,OECD.ITF:DSD_TRENDS@DF_TRENDSSAFETY(1.0),,I,AUT,,A,,INJURED,,PS,,ROAD,,_T,,_T,,1998,,51077,,A,,0,,1,
DATAFLOW,OECD.ITF:DSD_TRENDS@DF_TRENDSSAFETY(1.0),,I,AUT,,A,,INJURED,,PS,,ROAD,,_T,,_T,,1999,,54967,,A,,0,,1,
DATAFLOW,OECD.ITF:DSD_TRENDS@DF_TRENDSSAFETY(1.0),,I,AUT,,A,,INJURED,,PS,,ROAD,,_T,,_T,,2000,,54929,,A,,0,,1,
DATAFLOW,OECD.ITF:DSD_TRENDS@DF_TRENDSSAFETY(1.0),,I,AUT,,A,,INJURED,,PS,,ROAD,,_T,,_T,,2001,,56265,,A,,0,,1,
DATAFLOW,OECD.ITF:DSD_TRENDS@DF_TRENDSSAFETY(1.0),,I,AUT,,A,,INJURED,,PS,,ROAD,,_T,,_T,,2002,,56684,,A,,0,,1,
DATAFLOW,OECD.ITF:DSD_TRENDS@DF_TRENDSSAFETY(1.0),,I,AUT,,A,,INJURED,,PS,,ROAD,,_T,,_T,,2003,,56881,,A,,0,,1,
DATAFLOW,OECD.ITF:DSD_TRENDS@DF_TRENDSSAFETY(1.0),,I,AUT,,A,,INJURED,,PS,,ROAD,,_T,,_T,,2004,,55857,,A,,0,,1,
DATAFLOW,OECD.ITF:DSD_TRENDS@DF_TRENDSSAFETY(1.0),,I,AUT,,A,,INJURED,,PS,,ROAD,,_T,,_T,,2005,,53234,,A,,0,,1,
DATAFLOW,OECD.ITF:DSD_TRENDS@DF_TRENDSSAFETY(1.0),,I,AUT,,A,,INJURED,,PS,,ROAD,,_T,,_T,,2006,,51930,,A,,0,,1,
DATAFLOW,OECD.ITF:DSD_TRENDS@DF_TRENDSSAFETY(1.0),,I,AUT,,A,,INJURED,,PS,,ROAD,,_T,,_T,,2007,,53211,,A,,0,,1,
DATAFLOW,OECD.ITF:DSD_TRENDS@DF_TRENDSSAFETY(1.0),,I,AUT,,A,,INJURED,,PS,,ROAD,,_T,,_T,,2008,,50521,,A,,0,,1,
DATAFLOW,OECD.ITF:DSD_TRENDS@DF_TRENDSSAFETY(1.0),,I,AUT,,A,,INJURED,,PS,,ROAD,,_T,,_T,,2009,,49158,,A,,0,,1,
DATAFLOW,OECD.ITF:DSD_TRENDS@DF_TRENDSSAFETY(1.0),,I,AUT,,A,,INJURED,,PS,,ROAD,,_T,,_T,,2010,,45858,,A,,0,,1,
DATAFLOW,OECD.ITF:DSD_TRENDS@DF_TRENDSSAFETY(1.0),,I,AUT,,A,,INJURED,,PS,,ROAD,,_T,,_T,,2011,,45025,,A,,0,,1,
DATAFLOW,OECD.ITF:DSD_TRENDS@DF_TRENDSSAFETY(1.0),,I,AUT,,A,,INJURED,,PS,,ROAD,,_T,,_T,,2013,,48044,,A,,0,,1,
DATAFLOW,OECD.ITF:DSD_TRENDS@DF_TRENDSSAFETY(1.0),,I,AUT,,A,,INJURED,,PS,,ROAD,,_T,,_T,,2014,,47670,,A,,0,,1,
DATAFLOW,OECD.ITF:DSD_TRENDS@DF_TRENDSSAFETY(1.0),,I,AUT,,A,,INJURED,,PS,,ROAD,,_T,,_T,,2015,,47366,,A,,0,,1,
DATAFLOW,OECD.ITF:DSD_TRENDS@DF_TRENDSSAFETY(1.0),,I,AUT,,A,,INJURED,,PS,,ROAD,,_T,,_T,,2016,,48393,,A,,0,,1,
DATAFLOW,OECD.ITF:DSD_TRENDS@DF_TRENDSSAFETY(1.0),,I,AUT,,A,,INJURED,,PS,,ROAD,,_T,,_T,,2017,,47258,,A,,0,,1,
DATAFLOW,OECD.ITF:DSD_TRENDS@DF_TRENDSSAFETY(1.0),,I,AUT,,A,,INJURED,,PS,,ROAD,,_T,,_T,,2018,,46525,,A,,0,,1,
DATAFLOW,OECD.ITF:DSD_TRENDS@DF_TRENDSSAFETY(1.0),,I,AUT,,A,,INJURED,,PS,,ROAD,,_T,,_T,,2019,,45140,,A,,0,,1,
DATAFLOW,OECD.ITF:DSD_TRENDS@DF_TRENDSSAFETY(1.0),,I,AUT,,A,,INJURED,,PS,,ROAD,,_T,,_T,,2020,,37730,,A,,0,,1,
DATAFLOW,OECD.ITF:DSD_TRENDS@DF_TRENDSSAFETY(1.0),,I,AUT,,A,,INJURED,,PS,,ROAD,,_T,,_T,,2021,,40889,,A,,0,,1,
DATAFLOW,OECD.ITF:DSD_TRENDS@DF_TRENDSSAFETY(1.0),,I,AUT,,A,,INJURED,,PS,,ROAD,,_T,,_T,,2022,,43262,,A,,0,,1,
DATAFLOW,OECD.ITF:DSD_TRENDS@DF_TRENDSSAFETY(1.0),,I,AUT,,A,,INJURED,,PS,,ROAD,,_T,,_T,,2023,,44585,,A,,0,,1,
DATAFLOW,OECD.ITF:DSD_TRENDS@DF_TRENDSSAFETY(1.0),,I,BEL,,A,,INJURED,,PS,,ROAD,,_T,,_T,,1970,,104830,,A,,0,,1,
DATAFLOW,OECD.ITF:DSD_TRENDS@DF_TRENDSSAFETY(1.0),,I,BEL,,A,,INJURED,,PS,,ROAD,,_T,,_T,,1971,,96430,,A,,0,,1,
DATAFLOW,OECD.ITF:DSD_TRENDS@DF_TRENDSSAFETY(1.0),,I,BEL,,A,,INJURED,,PS,,ROAD,,_T,,_T,,1972,,103410,,A,,0,,1,
DATAFLOW,OECD.ITF:DSD_TRENDS@DF_TRENDSSAFETY(1.0),,I,BEL,,A,,INJURED,,PS,,ROAD,,_T,,_T,,1973,,94740,,A,,0,,1,
DATAFLOW,OECD.ITF:DSD_TRENDS@DF_TRENDSSAFETY(1.0),,I,BEL,,A,,INJURED,,PS,,ROAD,,_T,,_T,,1974,,87820,,A,,0,,1,
DATAFLOW,OECD.ITF:DSD_TRENDS@DF_TRENDSSAFETY(1.0),,I,BEL,,A,,INJURED,,PS,,ROAD,,_T,,_T,,1975,,82132,,A,,0,,1,
DATAFLOW,OECD.ITF:DSD_TRENDS@DF_TRENDSSAFETY(1.0),,I,BEL,,A,,INJURED,,PS,,ROAD,,_T,,_T,,1976,,84060,,A,,0,,1,
DATAFLOW,OECD.ITF:DSD_TRENDS@DF_TRENDSSAFETY(1.0),,I,BEL,,A,,INJURED,,PS,,ROAD,,_T,,_T,,1977,,85820,,A,,0,,1,
DATAFLOW,OECD.ITF:DSD_TRENDS@DF_TRENDSSAFETY(1.0),,I,BEL,,A,,INJURED,,PS,,ROAD,,_T,,_T,,1978,,87270,,A,,0,,1,
DATAFLOW,OECD.ITF:DSD_TRENDS@DF_TRENDSSAFETY(1.0),,I,BEL,,A,,INJURED,,PS,,ROAD,,_T,,_T,,1979,,81770,,A,,0,,1,
DATAFLOW,OECD.ITF:DSD_TRENDS@DF_TRENDSSAFETY(1.0),,I,BEL,,A,,INJURED,,PS,,ROAD,,_T,,_T,,1980,,82304,,A,,0,,1,
DATAFLOW,OECD.ITF:DSD_TRENDS@DF_TRENDSSAFETY(1.0),,I,BEL,,A,,INJURED,,PS,,ROAD,,_T,,_T,,1981,,79588,,A,,0,,1,
DATAFLOW,OECD.ITF:DSD_TRENDS@DF_TRENDSSAFETY(1.0),,I,BEL,,A,,INJURED,,PS,,ROAD,,_T,,_T,,1982,,77693,,A,,0,,1,
DATAFLOW,OECD.ITF:DSD_TRENDS@DF_TRENDSSAFETY(1.0),,I,BEL,,A,,INJURED,,PS,,ROAD,,_T,,_T,,1983,,79397,,A,,0,,1,
DATAFLOW,OECD.ITF:DSD_TRENDS@DF_TRENDSSAFETY(1.0),,I,BEL,,A,,INJURED,,PS,,ROAD,,_T,,_T,,1984,,79678,,A,,0,,1,
DATAFLOW,OECD.ITF:DSD_TRENDS@DF_TRENDSSAFETY(1.0),,I,BEL,,A,,INJURED,,PS,,ROAD,,_T,,_T,,1985,,74514,,A,,0,,1,
DATAFLOW,OECD.ITF:DSD_TRENDS@DF_TRENDSSAFETY(1.0),,I,BEL,,A,,INJURED,,PS,,ROAD,,_T,,_T,,1986,,79861,,A,,0,,1,
DATAFLOW,OECD.ITF:DSD_TRENDS@DF_TRENDSSAFETY(1.0),,I,BEL,,A,,INJURED,,PS,,ROAD,,_T,,_T,,1987,,81934,,A,,0,,1,
DATAFLOW,OECD.ITF:DSD_TRENDS@DF_TRENDSSAFETY(1.0),,I,BEL,,A,,INJURED,,PS,,ROAD,,_T,,_T,,1988,,84851,,A,,0,,1,
DATAFLOW,OECD.ITF:DSD_TRENDS@DF_TRENDSSAFETY(1.0),,I,BEL,,A,,INJURED,,PS,,ROAD,,_T,,_T,,1989,,86676,,A,,0,,1,
DATAFLOW,OECD.ITF:DSD_TRENDS@DF_TRENDSSAFETY(1.0),,I,BEL,,A,,INJURED,,PS,,ROAD,,_T,,_T,,1990,,86184,,A,,0,,1,
DATAFLOW,OECD.ITF:DSD_TRENDS@DF_TRENDSSAFETY(1.0),,I,BEL,,A,,INJURED,,PS,,ROAD,,_T,,_T,,1991,,80654,,A,,0,,1,
DATAFLOW,OECD.ITF:DSD_TRENDS@DF_TRENDSSAFETY(1.0),,I,BEL,,A,,INJURED,,PS,,ROAD,,_T,,_T,,1992,,77109,,A,,0,,1,
DATAFLOW,OECD.ITF:DSD_TRENDS@DF_TRENDSSAFETY(1.0),,I,BEL,,A,,INJURED,,PS,,ROAD,,_T,,_T,,1993,,76015,,A,,0,,1,
DATAFLOW,OECD.ITF:DSD_TRENDS@DF_TRENDSSAFETY(1.0),,I,BEL,,A,,INJURED,,PS,,ROAD,,_T,,_T,,1994,,73339,,A,,0,,1,
DATAFLOW,OECD.ITF:DSD_TRENDS@DF_TRENDSSAFETY(1.0),,I,BEL,,A,,INJURED,,PS,,ROAD,,_T,,_T,,1995,,72063,,A,,0,,1,
DATAFLOW,OECD.ITF:DSD_TRENDS@DF_TRENDSSAFETY(1.0),,I,BEL,,A,,INJURED,,PS,,ROAD,,_T,,_T,,1996,,66903,,A,,0,,1,
DATAFLOW,OECD.ITF:DSD_TRENDS@DF_TRENDSSAFETY(1.0),,I,BEL,,A,,INJURED,,PS,,ROAD,,_T,,_T,,1997,,69543,,A,,0,,1,
DATAFLOW,OECD.ITF:DSD_TRENDS@DF_TRENDSSAFETY(1.0),,I,BEL,,A,,INJURED,,PS,,ROAD,,_T,,_T,,1998,,70760,,A,,0,,1,
DATAFLOW,OECD.ITF:DSD_TRENDS@DF_TRENDSSAFETY(1.0),,I,BEL,,A,,INJURED,,PS,,ROAD,,_T,,_T,,1999,,71146,,A,,0,,1,
DATAFLOW,OECD.ITF:DSD_TRENDS@DF_TRENDSSAFETY(1.0),,I,BEL,,A,,INJURED,,PS,,ROAD,,_T,,_T,,2000,,67961,,A,,0,,1,
DATAFLOW,OECD.ITF:DSD_TRENDS@DF_TRENDSSAFETY(1.0),,I,BEL,,A,,INJURED,,PS,,ROAD,,_T,,_T,,2001,,65294,,A,,0,,1,
DATAFLOW,OECD.ITF:DSD_TRENDS@DF_TRENDSSAFETY(1.0),,I,BEL,,A,,INJURED,,PS,,ROAD,,_T,,_T,,2002,,64989,,A,,0,,1,
DATAFLOW,OECD.ITF:DSD_TRENDS@DF_TRENDSSAFETY(1.0),,I,BEL,,A,,INJURED,,PS,,ROAD,,_T,,_T,,2003,,65386,,A,,0,,1,
DATAFLOW,OECD.ITF:DSD_TRENDS@DF_TRENDSSAFETY(1.0),,I,BEL,,A,,INJURED,,PS,,ROAD,,_T,,_T,,2004,,62992,,A,,0,,1,
DATAFLOW,OECD.ITF:DSD_TRENDS@DF_TRENDSSAFETY(1.0),,I,BEL,,A,,INJURED,,PS,,ROAD,,_T,,_T,,2005,,63113,,A,,0,,1,
DATAFLOW,OECD.ITF:DSD_TRENDS@DF_TRENDSSAFETY(1.0),,I,BEL,,A,,INJURED,,PS,,ROAD,,_T,,_T,,2006,,63452,,A,,0,,1,
DATAFLOW,OECD.ITF:DSD_TRENDS@DF_TRENDSSAFETY(1.0),,I,BEL,,A,,INJURED,,PS,,ROAD,,_T,,_T,,2007,,64351,,A,,0,,1,
DATAFLOW,OECD.ITF:DSD_TRENDS@DF_TRENDSSAFETY(1.0),,I,BEL,,A,,INJURED,,PS,,ROAD,,_T,,_T,,2008,,62961,,A,,0,,1,
DATAFLOW,OECD.ITF:DSD_TRENDS@DF_TRENDSSAFETY(1.0),,I,BEL,,A,,INJURED,,PS,,ROAD,,_T,,_T,,2009,,61382,,A,,0,,1,
DATAFLOW,OECD.ITF:DSD_TRENDS@DF_TRENDSSAFETY(1.0),,I,BEL,,A,,INJURED,,PS,,ROAD,,_T,,_T,,2010,,59022,,A,,0,,1,
DATAFLOW,OECD.ITF:DSD_TRENDS@DF_TRENDSSAFETY(1.0),,I,BEL,,A,,INJURED,,PS,,ROAD,,_T,,_T,,2011,,61311,,A,,0,,1,
DATAFLOW,OECD.ITF:DSD_TRENDS@DF_TRENDSSAFETY(1.0),,I,BEL,,A,,INJURED,,PS,,ROAD,,_T,,_T,,2012,,56319,,A,,0,,1,
DATAFLOW,OECD.ITF:DSD_TRENDS@DF_TRENDSSAFETY(1.0),,I,BEL,,A,,INJURED,,PS,,ROAD,,_T,,_T,,2013,,53112,,A,,0,,1,
DATAFLOW,OECD.ITF:DSD_TRENDS@DF_TRENDSSAFETY(1.0),,I,BEL,,A,,INJURED,,PS,,ROAD,,_T,,_T,,2014,,53237,,A,,0,,1,
DATAFLOW,OECD.ITF:DSD_TRENDS@DF_TRENDSSAFETY(1.0),,I,BEL,,A,,INJURED,,PS,,ROAD,,_T,,_T,,2015,,51831,,A,,0,,1,
DATAFLOW,OECD.ITF:DSD_TRENDS@DF_TRENDSSAFETY(1.0),,I,BEL,,A,,INJURED,,PS,,ROAD,,_T,,_T,,2016,,51258,,A,,0,,1,
DATAFLOW,OECD.ITF:DSD_TRENDS@DF_TRENDSSAFETY(1.0),,I,BEL,,A,,INJURED,,PS,,ROAD,,_T,,_T,,2017,,48472,,A,,0,,1,
DATAFLOW,OECD.ITF:DSD_TRENDS@DF_TRENDSSAFETY(1.0),,I,BEL,,A,,INJURED,,PS,,ROAD,,_T,,_T,,2018,,48753,,A,,0,,1,
DATAFLOW,OECD.ITF:DSD_TRENDS@DF_TRENDSSAFETY(1.0),,I,BEL,,A,,INJURED,,PS,,ROAD,,_T,,_T,,2019,,47188,,A,,0,,1,
DATAFLOW,OECD.ITF:DSD_TRENDS@DF_TRENDSSAFETY(1.0),,I,BEL,,A,,INJURED,,PS,,ROAD,,_T,,_T,,2020,,36651,,A,,0,,1,
DATAFLOW,OECD.ITF:DSD_TRENDS@DF_TRENDSSAFETY(1.0),,I,BEL,,A,,INJURED,,PS,,ROAD,,_T,,_T,,2021,,42124,,A,,0,,1,
DATAFLOW,OECD.ITF:DSD_TRENDS@DF_TRENDSSAFETY(1.0),,I,BEL,,A,,INJURED,,PS,,ROAD,,_T,,_T,,2022,,45566,,A,,0,,1,
DATAFLOW,OECD.ITF:DSD_TRENDS@DF_TRENDSSAFETY(1.0),,I,BEL,,A,,INJURED,,PS,,ROAD,,_T,,_T,,2023,,44760,,A,,0,,1,
DATAFLOW,OECD.ITF:DSD_TRENDS@DF_TRENDSSAFETY(1.0),,I,BEL,,A,,INJURED,,PS,,ROAD,,_T,,_T,,2024,,43776,,A,,0,,1,
DATAFLOW,OECD.ITF:DSD_TRENDS@DF_TRENDSSAFETY(1.0),,I,CAN,,A,,INJURED,,PS,,ROAD,,_T,,_T,,1970,,178501,,A,,0,,1,
DATAFLOW,OECD.ITF:DSD_TRENDS@DF_TRENDSSAFETY(1.0),,I,CAN,,A,,INJURED,,PS,,ROAD,,_T,,_T,,1971,,192599,,A,,0,,1,
DATAFLOW,OECD.ITF:DSD_TRENDS@DF_TRENDSSAFETY(1.0),,I,CAN,,A,,INJURED,,PS,,ROAD,,_T,,_T,,1972,,215705,,A,,0,,1,
DATAFLOW,OECD.ITF:DSD_TRENDS@DF_TRENDSSAFETY(1.0),,I,CAN,,A,,INJURED,,PS,,ROAD,,_T,,_T,,1973,,223777,,A,,0,,1,
DATAFLOW,OECD.ITF:DSD_TRENDS@DF_TRENDSSAFETY(1.0),,I,CAN,,A,,INJURED,,PS,,ROAD,,_T,,_T,,1974,,229641,,A,,0,,1,
DATAFLOW,OECD.ITF:DSD_TRENDS@DF_TRENDSSAFETY(1.0),,I,CAN,,A,,INJURED,,PS,,ROAD,,_T,,_T,,1975,,220941,,A,,0,,1,
DATAFLOW,OECD.ITF:DSD_TRENDS@DF_TRENDSSAFETY(1.0),,I,CAN,,A,,INJURED,,PS,,ROAD,,_T,,_T,,1976,,199687,,A,,0,,1,
DATAFLOW,OECD.ITF:DSD_TRENDS@DF_TRENDSSAFETY(1.0),,I,CAN,,A,,INJURED,,PS,,ROAD,,_T,,_T,,1977,,214630,,A,,0,,1,
DATAFLOW,OECD.ITF:DSD_TRENDS@DF_TRENDSSAFETY(1.0),,I,CAN,,A,,INJURED,,PS,,ROAD,,_T,,_T,,1978,,239637,,A,,0,,1,
DATAFLOW,OECD.ITF:DSD_TRENDS@DF_TRENDSSAFETY(1.0),,I,CAN,,A,,INJURED,,PS,,ROAD,,_T,,_T,,1979,,256246,,A,,0,,1,
DATAFLOW,OECD.ITF:DSD_TRENDS@DF_TRENDSSAFETY(1.0),,I,CAN,,A,,INJURED,,PS,,ROAD,,_T,,_T,,1980,,262977,,A,,0,,1,
DATAFLOW,OECD.ITF:DSD_TRENDS@DF_TRENDSSAFETY(1.0),,I,CAN,,A,,INJURED,,PS,,ROAD,,_T,,_T,,1981,,261176,,A,,0,,1,
DATAFLOW,OECD.ITF:DSD_TRENDS@DF_TRENDSSAFETY(1.0),,I,CAN,,A,,INJURED,,PS,,ROAD,,_T,,_T,,1982,,225717,,A,,0,,1,
DATAFLOW,OECD.ITF:DSD_TRENDS@DF_TRENDSSAFETY(1.0),,I,CAN,,A,,INJURED,,PS,,ROAD,,_T,,_T,,1983,,224297,,A,,0,,1,
DATAFLOW,OECD.ITF:DSD_TRENDS@DF_TRENDSSAFETY(1.0),,I,CAN,,A,,INJURED,,PS,,ROAD,,_T,,_T,,1984,,238178,,A,,0,,1,
DATAFLOW,OECD.ITF:DSD_TRENDS@DF_TRENDSSAFETY(1.0),,I,CAN,,A,,INJURED,,PS,,ROAD,,_T,,_T,,1985,,259264,,A,,0,,1,
DATAFLOW,OECD.ITF:DSD_TRENDS@DF_TRENDSSAFETY(1.0),,I,CAN,,A,,INJURED,,PS,,ROAD,,_T,,_T,,1986,,265160,,A,,0,,1,
DATAFLOW,OECD.ITF:DSD_TRENDS@DF_TRENDSSAFETY(1.0),,I,CAN,,A,,INJURED,,PS,,ROAD,,_T,,_T,,1987,,280650,,A,,0,,1,
DATAFLOW,OECD.ITF:DSD_TRENDS@DF_TRENDSSAFETY(1.0),,I,CAN,,A,,INJURED,,PS,,ROAD,,_T,,_T,,1988,,278820,,A,,0,,1,
DATAFLOW,OECD.ITF:DSD_TRENDS@DF_TRENDSSAFETY(1.0),,I,CAN,,A,,INJURED,,PS,,ROAD,,_T,,_T,,1989,,285178,,A,,0,,1,
DATAFLOW,OECD.ITF:DSD_TRENDS@DF_TRENDSSAFETY(1.0),,I,CAN,,A,,INJURED,,PS,,ROAD,,_T,,_T,,1990,,262680,,A,,0,,1,
DATAFLOW,OECD.ITF:DSD_TRENDS@DF_TRENDSSAFETY(1.0),,I,CAN,,A,,INJURED,,PS,,ROAD,,_T,,_T,,1991,,249217,,A,,0,,1,
DATAFLOW,OECD.ITF:DSD_TRENDS@DF_TRENDSSAFETY(1.0),,I,CAN,,A,,INJURED,,PS,,ROAD,,_T,,_T,,1992,,249823,,A,,0,,1,
DATAFLOW,OECD.ITF:DSD_TRENDS@DF_TRENDSSAFETY(1.0),,I,CAN,,A,,INJURED,,PS,,ROAD,,_T,,_T,,1993,,247593,,A,,0,,1,
DATAFLOW,OECD.ITF:DSD_TRENDS@DF_TRENDSSAFETY(1.0),,I,CAN,,A,,INJURED,,PS,,ROAD,,_T,,_T,,1994,,241899,,A,,0,,1,
DATAFLOW,OECD.ITF:DSD_TRENDS@DF_TRENDSSAFETY(1.0),,I,CAN,,A,,INJURED,,PS,,ROAD,,_T,,_T,,1995,,238458,,A,,0,,1,
DATAFLOW,OECD.ITF:DSD_TRENDS@DF_TRENDSSAFETY(1.0),,I,CAN,,A,,INJURED,,PS,,ROAD,,_T,,_T,,1996,,227283,,A,,0,,1,
DATAFLOW,OECD.ITF:DSD_TRENDS@DF_TRENDSSAFETY(1.0),,I,CAN,,A,,INJURED,,PS,,ROAD,,_T,,_T,,1997,,217401,,A,,0,,1,
DATAFLOW,OECD.ITF:DSD_TRENDS@DF_TRENDSSAFETY(1.0),,I,CAN,,A,,INJURED,,PS,,ROAD,,_T,,_T,,1998,,213319,,A,,0,,1,
DATAFLOW,OECD.ITF:DSD_TRENDS@DF_TRENDSSAFETY(1.0),,I,CAN,,A,,INJURED,,PS,,ROAD,,_T,,_T,,1999,,218457,,A,,0,,1,
DATAFLOW,OECD.ITF:DSD_TRENDS@DF_TRENDSSAFETY(1.0),,I,CAN,,A,,INJURED,,PS,,ROAD,,_T,,_T,,2000,,222848,,A,,0,,1,
DATAFLOW,OECD.ITF:DSD_TRENDS@DF_TRENDSSAFETY(1.0),,I,CAN,,A,,INJURED,,PS,,ROAD,,_T,,_T,,2001,,216542,,A,,0,,1,
DATAFLOW,OECD.ITF:DSD_TRENDS@DF_TRENDSSAFETY(1.0),,I,CAN,,A,,INJURED,,PS,,ROAD,,_T,,_T,,2002,,222665,,A,,0,,1,
DATAFLOW,OECD.ITF:DSD_TRENDS@DF_TRENDSSAFETY(1.0),,I,CAN,,A,,INJURED,,PS,,ROAD,,_T,,_T,,2003,,216123,,A,,0,,1,
DATAFLOW,OECD.ITF:DSD_TRENDS@DF_TRENDSSAFETY(1.0),,I,CAN,,A,,INJURED,,PS,,ROAD,,_T,,_T,,2004,,206104,,A,,0,,1,
DATAFLOW,OECD.ITF:DSD_TRENDS@DF_TRENDSSAFETY(1.0),,I,CAN,,A,,INJURED,,PS,,ROAD,,_T,,_T,,2005,,204701,,A,,0,,1,
DATAFLOW,OECD.ITF:DSD_TRENDS@DF_TRENDSSAFETY(1.0),,I,CAN,,A,,INJURED,,PS,,ROAD,,_T,,_T,,2006,,199976,,A,,0,,1,
DATAFLOW,OECD.ITF:DSD_TRENDS@DF_TRENDSSAFETY(1.0),,I,CAN,,A,,INJURED,,PS,,ROAD,,_T,,_T,,2007,,192745,,A,,0,,1,
DATAFLOW,OECD.ITF:DSD_TRENDS@DF_TRENDSSAFETY(1.0),,I,CAN,,A,,INJURED,,PS,,ROAD,,_T,,_T,,2008,,176394,,A,,0,,1,
DATAFLOW,OECD.ITF:DSD_TRENDS@DF_TRENDSSAFETY(1.0),,I,CAN,,A,,INJURED,,PS,,ROAD,,_T,,_T,,2009,,170770,,A,,0,,1,
DATAFLOW,OECD.ITF:DSD_TRENDS@DF_TRENDSSAFETY(1.0),,I,CAN,,A,,INJURED,,PS,,ROAD,,_T,,_T,,2010,,172081,,A,,0,,1,
DATAFLOW,OECD.ITF:DSD_TRENDS@DF_TRENDSSAFETY(1.0),,I,CAN,,A,,INJURED,,PS,,ROAD,,_T,,_T,,2011,,167741,,A,,0,,1,
DATAFLOW,OECD.ITF:DSD_TRENDS@DF_TRENDSSAFETY(1.0),,I,CAN,,A,,INJURED,,PS,,ROAD,,_T,,_T,,2012,,166727,,A,,0,,1,
DATAFLOW,OECD.ITF:DSD_TRENDS@DF_TRENDSSAFETY(1.0),,I,CAN,,A,,INJURED,,PS,,ROAD,,_T,,_T,,2013,,164525,,A,,0,,1,
DATAFLOW,OECD.ITF:DSD_TRENDS@DF_TRENDSSAFETY(1.0),,I,CAN,,A,,INJURED,,PS,,ROAD,,_T,,_T,,2014,,156557,,A,,0,,1,
DATAFLOW,OECD.ITF:DSD_TRENDS@DF_TRENDSSAFETY(1.0),,I,CAN,,A,,INJURED,,PS,,ROAD,,_T,,_T,,2015,,160806,,A,,0,,1,
DATAFLOW,OECD.ITF:DSD_TRENDS@DF_TRENDSSAFETY(1.0),,I,CAN,,A,,INJURED,,PS,,ROAD,,_T,,_T,,2016,,158854,,A,,0,,1,
DATAFLOW,OECD.ITF:DSD_TRENDS@DF_TRENDSSAFETY(1.0),,I,CAN,,A,,INJURED,,PS,,ROAD,,_T,,_T,,2017,,152773,,A,,0,,1,
DATAFLOW,OECD.ITF:DSD_TRENDS@DF_TRENDSSAFETY(1.0),,I,CAN,,A,,INJURED,,PS,,ROAD,,_T,,_T,,2018,,149065,,A,,0,,1,
DATAFLOW,OECD.ITF:DSD_TRENDS@DF_TRENDSSAFETY(1.0),,I,CAN,,A,,INJURED,,PS,,ROAD,,_T,,_T,,2019,,139084,,A,,0,,1,
DATAFLOW,OECD.ITF:DSD_TRENDS@DF_TRENDSSAFETY(1.0),,I,CAN,,A,,INJURED,,PS,,ROAD,,_T,,_T,,2020,,104265,,A,,0,,1,
DATAFLOW,OECD.ITF:DSD_TRENDS@DF_TRENDSSAFETY(1.0),,I,CAN,,A,,INJURED,,PS,,ROAD,,_T,,_T,,2021,,108552,,A,,0,,1,
DATAFLOW,OECD.ITF:DSD_TRENDS@DF_TRENDSSAFETY(1.0),,I,CAN,,A,,INJURED,,PS,,ROAD,,_T,,_T,,2022,,123317,,A,,0,,1,
DATAFLOW,OECD.ITF:DSD_TRENDS@DF_TRENDSSAFETY(1.0),,I,CHL,,A,,INJURED,,PS,,ROAD,,_T,,_T,,1972,,22703,,A,,0,,1,
DATAFLOW,OECD.ITF:DSD_TRENDS@DF_TRENDSSAFETY(1.0),,I,CHL,,A,,INJURED,,PS,,ROAD,,_T,,_T,,1973,,20736,,A,,0,,1,
DATAFLOW,OECD.ITF:DSD_TRENDS@DF_TRENDSSAFETY(1.0),,I,CHL,,A,,INJURED,,PS,,ROAD,,_T,,_T,,1974,,16255,,A,,0,,1,
DATAFLOW,OECD.ITF:DSD_TRENDS@DF_TRENDSSAFETY(1.0),,I,CHL,,A,,INJURED,,PS,,ROAD,,_T,,_T,,1975,,14513,,A,,0,,1,
DATAFLOW,OECD.ITF:DSD_TRENDS@DF_TRENDSSAFETY(1.0),,I,CHL,,A,,INJURED,,PS,,ROAD,,_T,,_T,,1976,,14809,,A,,0,,1,
DATAFLOW,OECD.ITF:DSD_TRENDS@DF_TRENDSSAFETY(1.0),,I,CHL,,A,,INJURED,,PS,,ROAD,,_T,,_T,,1977,,16331,,A,,0,,1,
DATAFLOW,OECD.ITF:DSD_TRENDS@DF_TRENDSSAFETY(1.0),,I,CHL,,A,,INJURED,,PS,,ROAD,,_T,,_T,,1978,,18775,,A,,0,,1,
DATAFLOW,OECD.ITF:DSD_TRENDS@DF_TRENDSSAFETY(1.0),,I,CHL,,A,,INJURED,,PS,,ROAD,,_T,,_T,,1979,,21351,,A,,0,,1,
DATAFLOW,OECD.ITF:DSD_TRENDS@DF_TRENDSSAFETY(1.0),,I,CHL,,A,,INJURED,,PS,,ROAD,,_T,,_T,,1980,,23775,,A,,0,,1,
DATAFLOW,OECD.ITF:DSD_TRENDS@DF_TRENDSSAFETY(1.0),,I,CHL,,A,,INJURED,,PS,,ROAD,,_T,,_T,,1981,,28387,,A,,0,,1,
DATAFLOW,OECD.ITF:DSD_TRENDS@DF_TRENDSSAFETY(1.0),,I,CHL,,A,,INJURED,,PS,,ROAD,,_T,,_T,,1982,,33599,,A,,0,,1,
DATAFLOW,OECD.ITF:DSD_TRENDS@DF_TRENDSSAFETY(1.0),,I,CHL,,A,,INJURED,,PS,,ROAD,,_T,,_T,,1983,,30773,,A,,0,,1,
DATAFLOW,OECD.ITF:DSD_TRENDS@DF_TRENDSSAFETY(1.0),,I,CHL,,A,,INJURED,,PS,,ROAD,,_T,,_T,,1984,,29468,,A,,0,,1,
DATAFLOW,OECD.ITF:DSD_TRENDS@DF_TRENDSSAFETY(1.0),,I,CHL,,A,,INJURED,,PS,,ROAD,,_T,,_T,,1985,,19979,,A,,0,,1,
DATAFLOW,OECD.ITF:DSD_TRENDS@DF_TRENDSSAFETY(1.0),,I,CHL,,A,,INJURED,,PS,,ROAD,,_T,,_T,,1986,,23628,,A,,0,,1,
DATAFLOW,OECD.ITF:DSD_TRENDS@DF_TRENDSSAFETY(1.0),,I,CHL,,A,,INJURED,,PS,,ROAD,,_T,,_T,,1987,,24312,,A,,0,,1,
DATAFLOW,OECD.ITF:DSD_TRENDS@DF_TRENDSSAFETY(1.0),,I,CHL,,A,,INJURED,,PS,,ROAD,,_T,,_T,,1988,,26884,,A,,0,,1,
DATAFLOW,OECD.ITF:DSD_TRENDS@DF_TRENDSSAFETY(1.0),,I,CHL,,A,,INJURED,,PS,,ROAD,,_T,,_T,,1989,,30984,,A,,0,,1,
DATAFLOW,OECD.ITF:DSD_TRENDS@DF_TRENDSSAFETY(1.0),,I,CHL,,A,,INJURED,,PS,,ROAD,,_T,,_T,,1990,,34029,,A,,0,,1,
DATAFLOW,OECD.ITF:DSD_TRENDS@DF_TRENDSSAFETY(1.0),,I,CHL,,A,,INJURED,,PS,,ROAD,,_T,,_T,,1991,,35893,,A,,0,,1,
DATAFLOW,OECD.ITF:DSD_TRENDS@DF_TRENDSSAFETY(1.0),,I,CHL,,A,,INJURED,,PS,,ROAD,,_T,,_T,,1992,,39833,,A,,0,,1,
DATAFLOW,OECD.ITF:DSD_TRENDS@DF_TRENDSSAFETY(1.0),,I,CHL,,A,,INJURED,,PS,,ROAD,,_T,,_T,,1993,,41255,,A,,0,,1,
DATAFLOW,OECD.ITF:DSD_TRENDS@DF_TRENDSSAFETY(1.0),,I,CHL,,A,,INJURED,,PS,,ROAD,,_T,,_T,,1994,,41117,,A,,0,,1,
DATAFLOW,OECD.ITF:DSD_TRENDS@DF_TRENDSSAFETY(1.0),,I,CHL,,A,,INJURED,,PS,,ROAD,,_T,,_T,,1995,,45262,,A,,0,,1,
DATAFLOW,OECD.ITF:DSD_TRENDS@DF_TRENDSSAFETY(1.0),,I,CHL,,A,,INJURED,,PS,,ROAD,,_T,,_T,,1996,,49982,,A,,0,,1,
DATAFLOW,OECD.ITF:DSD_TRENDS@DF_TRENDSSAFETY(1.0),,I,CHL,,A,,INJURED,,PS,,ROAD,,_T,,_T,,1997,,50092,,A,,0,,1,
DATAFLOW,OECD.ITF:DSD_TRENDS@DF_TRENDSSAFETY(1.0),,I,CHL,,A,,INJURED,,PS,,ROAD,,_T,,_T,,1998,,51602,,A,,0,,1,
DATAFLOW,OECD.ITF:DSD_TRENDS@DF_TRENDSSAFETY(1.0),,I,CHL,,A,,INJURED,,PS,,ROAD,,_T,,_T,,1999,,50014,,A,,0,,1,
DATAFLOW,OECD.ITF:DSD_TRENDS@DF_TRENDSSAFETY(1.0),,I,CHL,,A,,INJURED,,PS,,ROAD,,_T,,_T,,2000,,46149,,A,,0,,1,
DATAFLOW,OECD.ITF:DSD_TRENDS@DF_TRENDSSAFETY(1.0),,I,CHL,,A,,INJURED,,PS,,ROAD,,_T,,_T,,2001,,44875,,A,,0,,1,
DATAFLOW,OECD.ITF:DSD_TRENDS@DF_TRENDSSAFETY(1.0),,I,CHL,,A,,INJURED,,PS,,ROAD,,_T,,_T,,2002,,43655,,A,,0,,1,
DATAFLOW,OECD.ITF:DSD_TRENDS@DF_TRENDSSAFETY(1.0),,I,CHL,,A,,INJURED,,PS,,ROAD,,_T,,_T,,2003,,44824,,A,,0,,1,
DATAFLOW,OECD.ITF:DSD_TRENDS@DF_TRENDSSAFETY(1.0),,I,CHL,,A,,INJURED,,PS,,ROAD,,_T,,_T,,2004,,45984,,A,,0,,1,
DATAFLOW,OECD.ITF:DSD_TRENDS@DF_TRENDSSAFETY(1.0),,I,CHL,,A,,INJURED,,PS,,ROAD,,_T,,_T,,2005,,47304,,A,,0,,1,
DATAFLOW,OECD.ITF:DSD_TRENDS@DF_TRENDSSAFETY(1.0),,I,CHL,,A,,INJURED,,PS,,ROAD,,_T,,_T,,2006,,46530,,A,,0,,1,
DATAFLOW,OECD.ITF:DSD_TRENDS@DF_TRENDSSAFETY(1.0),,I,CHL,,A,,INJURED,,PS,,ROAD,,_T,,_T,,2007,,53508,,A,,0,,1,
DATAFLOW,OECD.ITF:DSD_TRENDS@DF_TRENDSSAFETY(1.0),,I,CHL,,A,,INJURED,,PS,,ROAD,,_T,,_T,,2008,,54749,,A,,0,,1,
DATAFLOW,OECD.ITF:DSD_TRENDS@DF_TRENDSSAFETY(1.0),,I,CHL,,A,,INJURED,,PS,,ROAD,,_T,,_T,,2009,,51722,,A,,0,,1,
DATAFLOW,OECD.ITF:DSD_TRENDS@DF_TRENDSSAFETY(1.0),,I,CHL,,A,,INJURED,,PS,,ROAD,,_T,,_T,,2010,,52484,,A,,0,,1,
DATAFLOW,OECD.ITF:DSD_TRENDS@DF_TRENDSSAFETY(1.0),,I,CHL,,A,,INJURED,,PS,,ROAD,,_T,,_T,,2011,,53735,,A,,0,,1,
DATAFLOW,OECD.ITF:DSD_TRENDS@DF_TRENDSSAFETY(1.0),,I,CHL,,A,,INJURED,,PS,,ROAD,,_T,,_T,,2012,,52767,,A,,0,,1,
DATAFLOW,OECD.ITF:DSD_TRENDS@DF_TRENDSSAFETY(1.0),,I,CHL,,A,,INJURED,,PS,,ROAD,,_T,,_T,,2013,,59106,,A,,0,,1,
DATAFLOW,OECD.ITF:DSD_TRENDS@DF_TRENDSSAFETY(1.0),,I,CHL,,A,,INJURED,,PS,,ROAD,,_T,,_T,,2014,,57389,,A,,0,,1,
DATAFLOW,OECD.ITF:DSD_TRENDS@DF_TRENDSSAFETY(1.0),,I,CHL,,A,,INJURED,,PS,,ROAD,,_T,,_T,,2015,,57452,,A,,0,,1,
DATAFLOW,OECD.ITF:DSD_TRENDS@DF_TRENDSSAFETY(1.0),,I,CHL,,A,,INJURED,,PS,,ROAD,,_T,,_T,,2016,,63050,,A,,0,,1,
DATAFLOW,OECD.ITF:DSD_TRENDS@DF_TRENDSSAFETY(1.0),,I,CHL,,A,,INJURED,,PS,,ROAD,,_T,,_T,,2017,,61719,,A,,0,,1,
DATAFLOW,OECD.ITF:DSD_TRENDS@DF_TRENDSSAFETY(1.0),,I,CHL,,A,,INJURED,,PS,,ROAD,,_T,,_T,,2018,,57487,,A,,0,,1,
DATAFLOW,OECD.ITF:DSD_TRENDS@DF_TRENDSSAFETY(1.0),,I,CHL,,A,,INJURED,,PS,,ROAD,,_T,,_T,,2019,,57489,,A,,0,,1,
DATAFLOW,OECD.ITF:DSD_TRENDS@DF_TRENDSSAFETY(1.0),,I,CHL,,A,,INJURED,,PS,,ROAD,,_T,,_T,,2020,,41840,,A,,0,,1,
DATAFLOW,OECD.ITF:DSD_TRENDS@DF_TRENDSSAFETY(1.0),,I,CHL,,A,,INJURED,,PS,,ROAD,,_T,,_T,,2021,,51654,,A,,0,,1,
DATAFLOW,OECD.ITF:DSD_TRENDS@DF_TRENDSSAFETY(1.0),,I,CHL,,A,,INJURED,,PS,,ROAD,,_T,,_T,,2022,,52300,,A,,0,,1,
DATAFLOW,OECD.ITF:DSD_TRENDS@DF_TRENDSSAFETY(1.0),,I,CHL,,A,,INJURED,,PS,,ROAD,,_T,,_T,,2023,,45397,,A,,0,,1,
DATAFLOW,OECD.ITF:DSD_TRENDS@DF_TRENDSSAFETY(1.0),,I,CZE,,A,,INJURED,,PS,,ROAD,,_T,,_T,,1993,,32277,,A,,0,,1,
DATAFLOW,OECD.ITF:DSD_TRENDS@DF_TRENDSSAFETY(1.0),,I,CZE,,A,,INJURED,,PS,,ROAD,,_T,,_T,,1994,,35667,,A,,0,,1,
DATAFLOW,OECD.ITF:DSD_TRENDS@DF_TRENDSSAFETY(1.0),,I,CZE,,A,,INJURED,,PS,,ROAD,,_T,,_T,,1995,,36967,,A,,0,,1,
DATAFLOW,OECD.ITF:DSD_TRENDS@DF_TRENDSSAFETY(1.0),,I,CZE,,A,,INJURED,,PS,,ROAD,,_T,,_T,,1996,,37743,,A,,0,,1,
DATAFLOW,OECD.ITF:DSD_TRENDS@DF_TRENDSSAFETY(1.0),,I,CZE,,A,,INJURED,,PS,,ROAD,,_T,,_T,,1997,,36608,,A,,0,,1,
DATAFLOW,OECD.ITF:DSD_TRENDS@DF_TRENDSSAFETY(1.0),,I,CZE,,A,,INJURED,,PS,,ROAD,,_T,,_T,,1998,,35227,,A,,0,,1,
DATAFLOW,OECD.ITF:DSD_TRENDS@DF_TRENDSSAFETY(1.0),,I,CZE,,A,,INJURED,,PS,,ROAD,,_T,,_T,,1999,,34710,,A,,0,,1,
DATAFLOW,OECD.ITF:DSD_TRENDS@DF_TRENDSSAFETY(1.0),,I,CZE,,A,,INJURED,,PS,,ROAD,,_T,,_T,,2000,,32439,,A,,0,,1,
DATAFLOW,OECD.ITF:DSD_TRENDS@DF_TRENDSSAFETY(1.0),,I,CZE,,A,,INJURED,,PS,,ROAD,,_T,,_T,,2001,,33676,,A,,0,,1,
DATAFLOW,OECD.ITF:DSD_TRENDS@DF_TRENDSSAFETY(1.0),,I,CZE,,A,,INJURED,,PS,,ROAD,,_T,,_T,,2002,,34389,,A,,0,,1,
DATAFLOW,OECD.ITF:DSD_TRENDS@DF_TRENDSSAFETY(1.0),,I,CZE,,A,,INJURED,,PS,,ROAD,,_T,,_T,,2003,,35438,,A,,0,,1,
DATAFLOW,OECD.ITF:DSD_TRENDS@DF_TRENDSSAFETY(1.0),,I,CZE,,A,,INJURED,,PS,,ROAD,,_T,,_T,,2004,,34254,,A,,0,,1,
DATAFLOW,OECD.ITF:DSD_TRENDS@DF_TRENDSSAFETY(1.0),,I,CZE,,A,,INJURED,,PS,,ROAD,,_T,,_T,,2005,,32211,,A,,0,,1,
DATAFLOW,OECD.ITF:DSD_TRENDS@DF_TRENDSSAFETY(1.0),,I,CZE,,A,,INJURED,,PS,,ROAD,,_T,,_T,,2006,,28114,,A,,0,,1,
DATAFLOW,OECD.ITF:DSD_TRENDS@DF_TRENDSSAFETY(1.0),,I,CZE,,A,,INJURED,,PS,,ROAD,,_T,,_T,,2007,,29243,,A,,0,,1,
DATAFLOW,OECD.ITF:DSD_TRENDS@DF_TRENDSSAFETY(1.0),,I,CZE,,A,,INJURED,,PS,,ROAD,,_T,,_T,,2008,,28501,,A,,0,,1,
DATAFLOW,OECD.ITF:DSD_TRENDS@DF_TRENDSSAFETY(1.0),,I,CZE,,A,,INJURED,,PS,,ROAD,,_T,,_T,,2009,,27244,,A,,0,,1,
DATAFLOW,OECD.ITF:DSD_TRENDS@DF_TRENDSSAFETY(1.0),,I,CZE,,A,,INJURED,,PS,,ROAD,,_T,,_T,,2010,,24384,,A,,0,,1,
DATAFLOW,OECD.ITF:DSD_TRENDS@DF_TRENDSSAFETY(1.0),,I,CZE,,A,,INJURED,,PS,,ROAD,,_T,,_T,,2011,,25549,,A,,0,,1,
DATAFLOW,OECD.ITF:DSD_TRENDS@DF_TRENDSSAFETY(1.0),,I,CZE,,A,,INJURED,,PS,,ROAD,,_T,,_T,,2012,,25515,,A,,0,,1,
DATAFLOW,OECD.ITF:DSD_TRENDS@DF_TRENDSSAFETY(1.0),,I,CZE,,A,,INJURED,,PS,,ROAD,,_T,,_T,,2013,,25288,,A,,0,,1,
DATAFLOW,OECD.ITF:DSD_TRENDS@DF_TRENDSSAFETY(1.0),,I,CZE,,A,,INJURED,,PS,,ROAD,,_T,,_T,,2014,,26358,,A,,0,,1,
DATAFLOW,OECD.ITF:DSD_TRENDS@DF_TRENDSSAFETY(1.0),,I,CZE,,A,,INJURED,,PS,,ROAD,,_T,,_T,,2015,,26966,,A,,0,,1,
DATAFLOW,OECD.ITF:DSD_TRENDS@DF_TRENDSSAFETY(1.0),,I,CZE,,A,,INJURED,,PS,,ROAD,,_T,,_T,,2016,,27081,,A,,0,,1,
DATAFLOW,OECD.ITF:DSD_TRENDS@DF_TRENDSSAFETY(1.0),,I,CZE,,A,,INJURED,,PS,,ROAD,,_T,,_T,,2017,,27079,,A,,0,,1,
DATAFLOW,OECD.ITF:DSD_TRENDS@DF_TRENDSSAFETY(1.0),,I,CZE,,A,,INJURED,,PS,,ROAD,,_T,,_T,,2018,,27680,,A,,0,,1,
DATAFLOW,OECD.ITF:DSD_TRENDS@DF_TRENDSSAFETY(1.0),,I,CZE,,A,,INJURED,,PS,,ROAD,,_T,,_T,,2019,,26045,,A,,0,,1,
DATAFLOW,OECD.ITF:DSD_TRENDS@DF_TRENDSSAFETY(1.0),,I,CZE,,A,,INJURED,,PS,,ROAD,,_T,,_T,,2020,,22687,,A,,0,,1,
DATAFLOW,OECD.ITF:DSD_TRENDS@DF_TRENDSSAFETY(1.0),,I,CZE,,A,,INJURED,,PS,,ROAD,,_T,,_T,,2021,,22205,,A,,0,,1,
DATAFLOW,OECD.ITF:DSD_TRENDS@DF_TRENDSSAFETY(1.0),,I,CZE,,A,,INJURED,,PS,,ROAD,,_T,,_T,,2022,,24186,,A,,0,,1,
DATAFLOW,OECD.ITF:DSD_TRENDS@DF_TRENDSSAFETY(1.0),,I,CZE,,A,,INJURED,,PS,,ROAD,,_T,,_T,,2023,,25687,,A,,0,,1,
DATAFLOW,OECD.ITF:DSD_TRENDS@DF_TRENDSSAFETY(1.0),,I,CZE,,A,,INJURED,,PS,,ROAD,,_T,,_T,,2024,,25582,,A,,0,,1,
DATAFLOW,OECD.ITF:DSD_TRENDS@DF_TRENDSSAFETY(1.0),,I,DNK,,A,,INJURED,,PS,,ROAD,,_T,,_T,,1970,,25448,,A,,0,,1,
DATAFLOW,OECD.ITF:DSD_TRENDS@DF_TRENDSSAFETY(1.0),,I,DNK,,A,,INJURED,,PS,,ROAD,,_T,,_T,,1971,,26374,,A,,0,,1,
DATAFLOW,OECD.ITF:DSD_TRENDS@DF_TRENDSSAFETY(1.0),,I,DNK,,A,,INJURED,,PS,,ROAD,,_T,,_T,,1972,,24769,,A,,0,,1,
DATAFLOW,OECD.ITF:DSD_TRENDS@DF_TRENDSSAFETY(1.0),,I,DNK,,A,,INJURED,,PS,,ROAD,,_T,,_T,,1973,,23456,,A,,0,,1,
DATAFLOW,OECD.ITF:DSD_TRENDS@DF_TRENDSSAFETY(1.0),,I,DNK,,A,,INJURED,,PS,,ROAD,,_T,,_T,,1974,,18711,,A,,0,,1,
DATAFLOW,OECD.ITF:DSD_TRENDS@DF_TRENDSSAFETY(1.0),,I,DNK,,A,,INJURED,,PS,,ROAD,,_T,,_T,,1975,,20100,,A,,0,,1,
DATAFLOW,OECD.ITF:DSD_TRENDS@DF_TRENDSSAFETY(1.0),,I,DNK,,A,,INJURED,,PS,,ROAD,,_T,,_T,,1976,,19599,,A,,0,,1,
DATAFLOW,OECD.ITF:DSD_TRENDS@DF_TRENDSSAFETY(1.0),,I,DNK,,A,,INJURED,,PS,,ROAD,,_T,,_T,,1977,,19648,,A,,0,,1,
DATAFLOW,OECD.ITF:DSD_TRENDS@DF_TRENDSSAFETY(1.0),,I,DNK,,A,,INJURED,,PS,,ROAD,,_T,,_T,,1978,,19517,,A,,0,,1,
DATAFLOW,OECD.ITF:DSD_TRENDS@DF_TRENDSSAFETY(1.0),,I,DNK,,A,,INJURED,,PS,,ROAD,,_T,,_T,,1979,,16487,,A,,0,,1,
DATAFLOW,OECD.ITF:DSD_TRENDS@DF_TRENDSSAFETY(1.0),,I,DNK,,A,,INJURED,,PS,,ROAD,,_T,,_T,,1980,,15061,,A,,0,,1,
DATAFLOW,OECD.ITF:DSD_TRENDS@DF_TRENDSSAFETY(1.0),,I,DNK,,A,,INJURED,,PS,,ROAD,,_T,,_T,,1981,,13689,,A,,0,,1,
DATAFLOW,OECD.ITF:DSD_TRENDS@DF_TRENDSSAFETY(1.0),,I,DNK,,A,,INJURED,,PS,,ROAD,,_T,,_T,,1982,,13442,,A,,0,,1,
DATAFLOW,OECD.ITF:DSD_TRENDS@DF_TRENDSSAFETY(1.0),,I,DNK,,A,,INJURED,,PS,,ROAD,,_T,,_T,,1983,,13137,,A,,0,,1,
DATAFLOW,OECD.ITF:DSD_TRENDS@DF_TRENDSSAFETY(1.0),,I,DNK,,A,,INJURED,,PS,,ROAD,,_T,,_T,,1984,,13718,,A,,0,,1,
DATAFLOW,OECD.ITF:DSD_TRENDS@DF_TRENDSSAFETY(1.0),,I,DNK,,A,,INJURED,,PS,,ROAD,,_T,,_T,,1985,,13855,,A,,0,,1,
DATAFLOW,OECD.ITF:DSD_TRENDS@DF_TRENDSSAFETY(1.0),,I,DNK,,A,,INJURED,,PS,,ROAD,,_T,,_T,,1986,,13398,,A,,0,,1,
DATAFLOW,OECD.ITF:DSD_TRENDS@DF_TRENDSSAFETY(1.0),,I,DNK,,A,,INJURED,,PS,,ROAD,,_T,,_T,,1987,,12016,,A,,0,,1,
DATAFLOW,OECD.ITF:DSD_TRENDS@DF_TRENDSSAFETY(1.0),,I,DNK,,A,,INJURED,,PS,,ROAD,,_T,,_T,,1988,,11790,,A,,0,,1,
DATAFLOW,OECD.ITF:DSD_TRENDS@DF_TRENDSSAFETY(1.0),,I,DNK,,A,,INJURED,,PS,,ROAD,,_T,,_T,,1989,,11645,,A,,0,,1,
DATAFLOW,OECD.ITF:DSD_TRENDS@DF_TRENDSSAFETY(1.0),,I,DNK,,A,,INJURED,,PS,,ROAD,,_T,,_T,,1990,,10653,,A,,0,,1,
DATAFLOW,OECD.ITF:DSD_TRENDS@DF_TRENDSSAFETY(1.0),,I,DNK,,A,,INJURED,,PS,,ROAD,,_T,,_T,,1991,,10265,,A,,0,,1,
DATAFLOW,OECD.ITF:DSD_TRENDS@DF_TRENDSSAFETY(1.0),,I,DNK,,A,,INJURED,,PS,,ROAD,,_T,,_T,,1992,,10514,,A,,0,,1,
DATAFLOW,OECD.ITF:DSD_TRENDS@DF_TRENDSSAFETY(1.0),,I,DNK,,A,,INJURED,,PS,,ROAD,,_T,,_T,,1993,,9930,,A,,0,,1,
DATAFLOW,OECD.ITF:DSD_TRENDS@DF_TRENDSSAFETY(1.0),,I,DNK,,A,,INJURED,,PS,,ROAD,,_T,,_T,,1994,,9757,,A,,0,,1,
DATAFLOW,OECD.ITF:DSD_TRENDS@DF_TRENDSSAFETY(1.0),,I,DNK,,A,,INJURED,,PS,,ROAD,,_T,,_T,,1995,,9991,,A,,0,,1,
DATAFLOW,OECD.ITF:DSD_TRENDS@DF_TRENDSSAFETY(1.0),,I,DNK,,A,,INJURED,,PS,,ROAD,,_T,,_T,,1996,,9810,,A,,0,,1,
DATAFLOW,OECD.ITF:DSD_TRENDS@DF_TRENDSSAFETY(1.0),,I,DNK,,A,,INJURED,,PS,,ROAD,,_T,,_T,,1997,,9617,,A,,0,,1,
DATAFLOW,OECD.ITF:DSD_TRENDS@DF_TRENDSSAFETY(1.0),,I,DNK,,A,,INJURED,,PS,,ROAD,,_T,,_T,,1998,,9175,,A,,0,,1,
DATAFLOW,OECD.ITF:DSD_TRENDS@DF_TRENDSSAFETY(1.0),,I,DNK,,A,,INJURED,,PS,,ROAD,,_T,,_T,,1999,,9393,,A,,0,,1,
DATAFLOW,OECD.ITF:DSD_TRENDS@DF_TRENDSSAFETY(1.0),,I,DNK,,A,,INJURED,,PS,,ROAD,,_T,,_T,,2000,,9092,,A,,0,,1,
DATAFLOW,OECD.ITF:DSD_TRENDS@DF_TRENDSSAFETY(1.0),,I,DNK,,A,,INJURED,,PS,,ROAD,,_T,,_T,,2001,,8465,,A,,0,,1,
DATAFLOW,OECD.ITF:DSD_TRENDS@DF_TRENDSSAFETY(1.0),,I,DNK,,A,,INJURED,,PS,,ROAD,,_T,,_T,,2002,,8791,,A,,0,,1,
DATAFLOW,OECD.ITF:DSD_TRENDS@DF_TRENDSSAFETY(1.0),,I,DNK,,A,,INJURED,,PS,,ROAD,,_T,,_T,,2003,,8412,,A,,0,,1,
DATAFLOW,OECD.ITF:DSD_TRENDS@DF_TRENDSSAFETY(1.0),,I,DNK,,A,,INJURED,,PS,,ROAD,,_T,,_T,,2004,,7546,,A,,0,,1,
DATAFLOW,OECD.ITF:DSD_TRENDS@DF_TRENDSSAFETY(1.0),,I,DNK,,A,,INJURED,,PS,,ROAD,,_T,,_T,,2005,,6588,,A,,0,,1,
DATAFLOW,OECD.ITF:DSD_TRENDS@DF_TRENDSSAFETY(1.0),,I,DNK,,A,,INJURED,,PS,,ROAD,,_T,,_T,,2006,,6515,,A,,0,,1,
DATAFLOW,OECD.ITF:DSD_TRENDS@DF_TRENDSSAFETY(1.0),,I,DNK,,A,,INJURED,,PS,,ROAD,,_T,,_T,,2007,,6656,,A,,0,,1,
DATAFLOW,OECD.ITF:DSD_TRENDS@DF_TRENDSSAFETY(1.0),,I,DNK,,A,,INJURED,,PS,,ROAD,,_T,,_T,,2008,,5923,,A,,0,,1,
DATAFLOW,OECD.ITF:DSD_TRENDS@DF_TRENDSSAFETY(1.0),,I,DNK,,A,,INJURED,,PS,,ROAD,,_T,,_T,,2009,,4947,,A,,0,,1,
DATAFLOW,OECD.ITF:DSD_TRENDS@DF_TRENDSSAFETY(1.0),,I,DNK,,A,,INJURED,,PS,,ROAD,,_T,,_T,,2010,,4153,,A,,0,,1,
DATAFLOW,OECD.ITF:DSD_TRENDS@DF_TRENDSSAFETY(1.0),,I,DNK,,A,,INJURED,,PS,,ROAD,,_T,,_T,,2011,,4039,,A,,0,,1,
DATAFLOW,OECD.ITF:DSD_TRENDS@DF_TRENDSSAFETY(1.0),,I,DNK,,A,,INJURED,,PS,,ROAD,,_T,,_T,,2012,,3611,,A,,0,,1,
DATAFLOW,OECD.ITF:DSD_TRENDS@DF_TRENDSSAFETY(1.0),,I,DNK,,A,,INJURED,,PS,,ROAD,,_T,,_T,,2013,,3394,,A,,0,,1,
DATAFLOW,OECD.ITF:DSD_TRENDS@DF_TRENDSSAFETY(1.0),,I,DNK,,A,,INJURED,,PS,,ROAD,,_T,,_T,,2014,,3193,,A,,0,,1,
DATAFLOW,OECD.ITF:DSD_TRENDS@DF_TRENDSSAFETY(1.0),,I,DNK,,A,,INJURED,,PS,,ROAD,,_T,,_T,,2015,,3156,,A,,0,,1,
DATAFLOW,OECD.ITF:DSD_TRENDS@DF_TRENDSSAFETY(1.0),,I,DNK,,A,,INJURED,,PS,,ROAD,,_T,,_T,,2016,,3228,,A,,0,,1,
DATAFLOW,OECD.ITF:DSD_TRENDS@DF_TRENDSSAFETY(1.0),,I,DNK,,A,,INJURED,,PS,,ROAD,,_T,,_T,,2017,,3143,,A,,0,,1,
DATAFLOW,OECD.ITF:DSD_TRENDS@DF_TRENDSSAFETY(1.0),,I,DNK,,A,,INJURED,,PS,,ROAD,,_T,,_T,,2018,,3287,,A,,0,,1,
DATAFLOW,OECD.ITF:DSD_TRENDS@DF_TRENDSSAFETY(1.0),,I,DNK,,A,,INJURED,,PS,,ROAD,,_T,,_T,,2019,,3076,,A,,0,,1,
DATAFLOW,OECD.ITF:DSD_TRENDS@DF_TRENDSSAFETY(1.0),,I,EST,,A,,INJURED,,PS,,ROAD,,_T,,_T,,1970,,2003,,A,,0,,1,
DATAFLOW,OECD.ITF:DSD_TRENDS@DF_TRENDSSAFETY(1.0),,I,EST,,A,,INJURED,,PS,,ROAD,,_T,,_T,,1971,,2193,,A,,0,,1,
DATAFLOW,OECD.ITF:DSD_TRENDS@DF_TRENDSSAFETY(1.0),,I,EST,,A,,INJURED,,PS,,ROAD,,_T,,_T,,1972,,2081,,A,,0,,1,
DATAFLOW,OECD.ITF:DSD_TRENDS@DF_TRENDSSAFETY(1.0),,I,EST,,A,,INJURED,,PS,,ROAD,,_T,,_T,,1973,,1870,,A,,0,,1,
DATAFLOW,OECD.ITF:DSD_TRENDS@DF_TRENDSSAFETY(1.0),,I,EST,,A,,INJURED,,PS,,ROAD,,_T,,_T,,1974,,1870,,A,,0,,1,
DATAFLOW,OECD.ITF:DSD_TRENDS@DF_TRENDSSAFETY(1.0),,I,EST,,A,,INJURED,,PS,,ROAD,,_T,,_T,,1975,,2104,,A,,0,,1,
DATAFLOW,OECD.ITF:DSD_TRENDS@DF_TRENDSSAFETY(1.0),,I,EST,,A,,INJURED,,PS,,ROAD,,_T,,_T,,1976,,1871,,A,,0,,1,
DATAFLOW,OECD.ITF:DSD_TRENDS@DF_TRENDSSAFETY(1.0),,I,EST,,A,,INJURED,,PS,,ROAD,,_T,,_T,,1977,,1846,,A,,0,,1,
DATAFLOW,OECD.ITF:DSD_TRENDS@DF_TRENDSSAFETY(1.0),,I,EST,,A,,INJURED,,PS,,ROAD,,_T,,_T,,1978,,1683,,A,,0,,1,
DATAFLOW,OECD.ITF:DSD_TRENDS@DF_TRENDSSAFETY(1.0),,I,EST,,A,,INJURED,,PS,,ROAD,,_T,,_T,,1979,,1682,,A,,0,,1,
DATAFLOW,OECD.ITF:DSD_TRENDS@DF_TRENDSSAFETY(1.0),,I,EST,,A,,INJURED,,PS,,ROAD,,_T,,_T,,1980,,1776,,A,,0,,1,
DATAFLOW,OECD.ITF:DSD_TRENDS@DF_TRENDSSAFETY(1.0),,I,EST,,A,,INJURED,,PS,,ROAD,,_T,,_T,,1981,,1746,,A,,0,,1,
DATAFLOW,OECD.ITF:DSD_TRENDS@DF_TRENDSSAFETY(1.0),,I,EST,,A,,INJURED,,PS,,ROAD,,_T,,_T,,1982,,1651,,A,,0,,1,
DATAFLOW,OECD.ITF:DSD_TRENDS@DF_TRENDSSAFETY(1.0),,I,EST,,A,,INJURED,,PS,,ROAD,,_T,,_T,,1983,,1681,,A,,0,,1,
DATAFLOW,OECD.ITF:DSD_TRENDS@DF_TRENDSSAFETY(1.0),,I,EST,,A,,INJURED,,PS,,ROAD,,_T,,_T,,1984,,1743,,A,,0,,1,
DATAFLOW,OECD.ITF:DSD_TRENDS@DF_TRENDSSAFETY(1.0),,I,EST,,A,,INJURED,,PS,,ROAD,,_T,,_T,,1985,,1526,,A,,0,,1,
DATAFLOW,OECD.ITF:DSD_TRENDS@DF_TRENDSSAFETY(1.0),,I,EST,,A,,INJURED,,PS,,ROAD,,_T,,_T,,1986,,1726,,A,,0,,1,
DATAFLOW,OECD.ITF:DSD_TRENDS@DF_TRENDSSAFETY(1.0),,I,EST,,A,,INJURED,,PS,,ROAD,,_T,,_T,,1987,,1758,,A,,0,,1,
DATAFLOW,OECD.ITF:DSD_TRENDS@DF_TRENDSSAFETY(1.0),,I,EST,,A,,INJURED,,PS,,ROAD,,_T,,_T,,1988,,1950,,A,,0,,1,
DATAFLOW,OECD.ITF:DSD_TRENDS@DF_TRENDSSAFETY(1.0),,I,EST,,A,,INJURED,,PS,,ROAD,,_T,,_T,,1989,,2252,,A,,0,,1,
DATAFLOW,OECD.ITF:DSD_TRENDS@DF_TRENDSSAFETY(1.0),,I,EST,,A,,INJURED,,PS,,ROAD,,_T,,_T,,1990,,2379,,A,,0,,1,
DATAFLOW,OECD.ITF:DSD_TRENDS@DF_TRENDSSAFETY(1.0),,I,EST,,A,,INJURED,,PS,,ROAD,,_T,,_T,,1991,,2175,,A,,0,,1,
DATAFLOW,OECD.ITF:DSD_TRENDS@DF_TRENDSSAFETY(1.0),,I,EST,,A,,INJURED,,PS,,ROAD,,_T,,_T,,1992,,1289,,A,,0,,1,
DATAFLOW,OECD.ITF:DSD_TRENDS@DF_TRENDSSAFETY(1.0),,I,EST,,A,,INJURED,,PS,,ROAD,,_T,,_T,,1993,,1502,,A,,0,,1,
DATAFLOW,OECD.ITF:DSD_TRENDS@DF_TRENDSSAFETY(1.0),,I,EST,,A,,INJURED,,PS,,ROAD,,_T,,_T,,1994,,1832,,A,,0,,1,
DATAFLOW,OECD.ITF:DSD_TRENDS@DF_TRENDSSAFETY(1.0),,I,EST,,A,,INJURED,,PS,,ROAD,,_T,,_T,,1995,,1897,,A,,0,,1,
DATAFLOW,OECD.ITF:DSD_TRENDS@DF_TRENDSSAFETY(1.0),,I,EST,,A,,INJURED,,PS,,ROAD,,_T,,_T,,1996,,1547,,A,,0,,1,
DATAFLOW,OECD.ITF:DSD_TRENDS@DF_TRENDSSAFETY(1.0),,I,EST,,A,,INJURED,,PS,,ROAD,,_T,,_T,,1997,,1835,,A,,0,,1,
DATAFLOW,OECD.ITF:DSD_TRENDS@DF_TRENDSSAFETY(1.0),,I,EST,,A,,INJURED,,PS,,ROAD,,_T,,_T,,1998,,1990,,A,,0,,1,
DATAFLOW,OECD.ITF:DSD_TRENDS@DF_TRENDSSAFETY(1.0),,I,EST,,A,,INJURED,,PS,,ROAD,,_T,,_T,,1999,,1690,,A,,0,,1,
DATAFLOW,OECD.ITF:DSD_TRENDS@DF_TRENDSSAFETY(1.0),,I,EST,,A,,INJURED,,PS,,ROAD,,_T,,_T,,2000,,1843,,A,,0,,1,
DATAFLOW,OECD.ITF:DSD_TRENDS@DF_TRENDSSAFETY(1.0),,I,EST,,A,,INJURED,,PS,,ROAD,,_T,,_T,,2001,,2443,,A,,0,,1,
DATAFLOW,OECD.ITF:DSD_TRENDS@DF_TRENDSSAFETY(1.0),,I,EST,,A,,INJURED,,PS,,ROAD,,_T,,_T,,2002,,2868,,A,,0,,1,
DATAFLOW,OECD.ITF:DSD_TRENDS@DF_TRENDSSAFETY(1.0),,I,EST,,A,,INJURED,,PS,,ROAD,,_T,,_T,,2003,,2540,,A,,0,,1,
DATAFLOW,OECD.ITF:DSD_TRENDS@DF_TRENDSSAFETY(1.0),,I,EST,,A,,INJURED,,PS,,ROAD,,_T,,_T,,2004,,2875,,A,,0,,1,
DATAFLOW,OECD.ITF:DSD_TRENDS@DF_TRENDSSAFETY(1.0),,I,EST,,A,,INJURED,,PS,,ROAD,,_T,,_T,,2005,,3027,,A,,0,,1,
DATAFLOW,OECD.ITF:DSD_TRENDS@DF_TRENDSSAFETY(1.0),,I,EST,,A,,INJURED,,PS,,ROAD,,_T,,_T,,2006,,3508,,A,,0,,1,
DATAFLOW,OECD.ITF:DSD_TRENDS@DF_TRENDSSAFETY(1.0),,I,EST,,A,,INJURED,,PS,,ROAD,,_T,,_T,,2007,,3271,,A,,0,,1,
DATAFLOW,OECD.ITF:DSD_TRENDS@DF_TRENDSSAFETY(1.0),,I,EST,,A,,INJURED,,PS,,ROAD,,_T,,_T,,2008,,2398,,A,,0,,1,
DATAFLOW,OECD.ITF:DSD_TRENDS@DF_TRENDSSAFETY(1.0),,I,EST,,A,,INJURED,,PS,,ROAD,,_T,,_T,,2009,,1931,,A,,0,,1,
DATAFLOW,OECD.ITF:DSD_TRENDS@DF_TRENDSSAFETY(1.0),,I,EST,,A,,INJURED,,PS,,ROAD,,_T,,_T,,2010,,1720,,A,,0,,1,
DATAFLOW,OECD.ITF:DSD_TRENDS@DF_TRENDSSAFETY(1.0),,I,EST,,A,,INJURED,,PS,,ROAD,,_T,,_T,,2011,,1879,,A,,0,,1,
DATAFLOW,OECD.ITF:DSD_TRENDS@DF_TRENDSSAFETY(1.0),,I,EST,,A,,INJURED,,PS,,ROAD,,_T,,_T,,2012,,1707,,A,,0,,1,
DATAFLOW,OECD.ITF:DSD_TRENDS@DF_TRENDSSAFETY(1.0),,I,EST,,A,,INJURED,,PS,,ROAD,,_T,,_T,,2013,,1680,,A,,0,,1,
DATAFLOW,OECD.ITF:DSD_TRENDS@DF_TRENDSSAFETY(1.0),,I,EST,,A,,INJURED,,PS,,ROAD,,_T,,_T,,2014,,1712,,A,,0,,1,
DATAFLOW,OECD.ITF:DSD_TRENDS@DF_TRENDSSAFETY(1.0),,I,EST,,A,,INJURED,,PS,,ROAD,,_T,,_T,,2015,,1725,,A,,0,,1,
DATAFLOW,OECD.ITF:DSD_TRENDS@DF_TRENDSSAFETY(1.0),,I,EST,,A,,INJURED,,PS,,ROAD,,_T,,_T,,2016,,1846,,A,,0,,1,
DATAFLOW,OECD.ITF:DSD_TRENDS@DF_TRENDSSAFETY(1.0),,I,EST,,A,,INJURED,,PS,,ROAD,,_T,,_T,,2017,,1725,,A,,0,,1,
DATAFLOW,OECD.ITF:DSD_TRENDS@DF_TRENDSSAFETY(1.0),,I,EST,,A,,INJURED,,PS,,ROAD,,_T,,_T,,2018,,1832,,A,,0,,1,
DATAFLOW,OECD.ITF:DSD_TRENDS@DF_TRENDSSAFETY(1.0),,I,EST,,A,,INJURED,,PS,,ROAD,,_T,,_T,,2019,,1733,,A,,0,,1,
DATAFLOW,OECD.ITF:DSD_TRENDS@DF_TRENDSSAFETY(1.0),,I,EST,,A,,INJURED,,PS,,ROAD,,_T,,_T,,2020,,1577,,A,,0,,1,
DATAFLOW,OECD.ITF:DSD_TRENDS@DF_TRENDSSAFETY(1.0),,I,EST,,A,,INJURED,,PS,,ROAD,,_T,,_T,,2021,,1768,,A,,0,,1,
DATAFLOW,OECD.ITF:DSD_TRENDS@DF_TRENDSSAFETY(1.0),,I,EST,,A,,INJURED,,PS,,ROAD,,_T,,_T,,2022,,1920,,A,,0,,1,
DATAFLOW,OECD.ITF:DSD_TRENDS@DF_TRENDSSAFETY(1.0),,I,EST,,A,,INJURED,,PS,,ROAD,,_T,,_T,,2023,,1943,,A,,0,,1,
DATAFLOW,OECD.ITF:DSD_TRENDS@DF_TRENDSSAFETY(1.0),,I,EST,,A,,INJURED,,PS,,ROAD,,_T,,_T,,2024,,2156,,A,,0,,1,
DATAFLOW,OECD.ITF:DSD_TRENDS@DF_TRENDSSAFETY(1.0),,I,FIN,,A,,INJURED,,PS,,ROAD,,_T,,_T,,1970,,16028,,A,,0,,1,
DATAFLOW,OECD.ITF:DSD_TRENDS@DF_TRENDSSAFETY(1.0),,I,FIN,,A,,INJURED,,PS,,ROAD,,_T,,_T,,1971,,16026,,A,,0,,1,
DATAFLOW,OECD.ITF:DSD_TRENDS@DF_TRENDSSAFETY(1.0),,I,FIN,,A,,INJURED,,PS,,ROAD,,_T,,_T,,1972,,15985,,A,,0,,1,
DATAFLOW,OECD.ITF:DSD_TRENDS@DF_TRENDSSAFETY(1.0),,I,FIN,,A,,INJURED,,PS,,ROAD,,_T,,_T,,1973,,15859,,A,,0,,1,
DATAFLOW,OECD.ITF:DSD_TRENDS@DF_TRENDSSAFETY(1.0),,I,FIN,,A,,INJURED,,PS,,ROAD,,_T,,_T,,1974,,14167,,A,,0,,1,
DATAFLOW,OECD.ITF:DSD_TRENDS@DF_TRENDSSAFETY(1.0),,I,FIN,,A,,INJURED,,PS,,ROAD,,_T,,_T,,1975,,14157,,A,,0,,1,
DATAFLOW,OECD.ITF:DSD_TRENDS@DF_TRENDSSAFETY(1.0),,I,FIN,,A,,INJURED,,PS,,ROAD,,_T,,_T,,1976,,11706,,A,,0,,1,
DATAFLOW,OECD.ITF:DSD_TRENDS@DF_TRENDSSAFETY(1.0),,I,FIN,,A,,INJURED,,PS,,ROAD,,_T,,_T,,1977,,11309,,A,,0,,1,
DATAFLOW,OECD.ITF:DSD_TRENDS@DF_TRENDSSAFETY(1.0),,I,FIN,,A,,INJURED,,PS,,ROAD,,_T,,_T,,1979,,8762,,A,,0,,1,
DATAFLOW,OECD.ITF:DSD_TRENDS@DF_TRENDSSAFETY(1.0),,I,FIN,,A,,INJURED,,PS,,ROAD,,_T,,_T,,1980,,8442,,A,,0,,1,
DATAFLOW,OECD.ITF:DSD_TRENDS@DF_TRENDSSAFETY(1.0),,I,FIN,,A,,INJURED,,PS,,ROAD,,_T,,_T,,1981,,9072,,A,,0,,1,
DATAFLOW,OECD.ITF:DSD_TRENDS@DF_TRENDSSAFETY(1.0),,I,FIN,,A,,INJURED,,PS,,ROAD,,_T,,_T,,1982,,9117,,A,,0,,1,
DATAFLOW,OECD.ITF:DSD_TRENDS@DF_TRENDSSAFETY(1.0),,I,FIN,,A,,INJURED,,PS,,ROAD,,_T,,_T,,1983,,9373,,A,,0,,1,
DATAFLOW,OECD.ITF:DSD_TRENDS@DF_TRENDSSAFETY(1.0),,I,FIN,,A,,INJURED,,PS,,ROAD,,_T,,_T,,1984,,9198,,A,,0,,1,
DATAFLOW,OECD.ITF:DSD_TRENDS@DF_TRENDSSAFETY(1.0),,I,FIN,,A,,INJURED,,PS,,ROAD,,_T,,_T,,1985,,9563,,A,,0,,1,
DATAFLOW,OECD.ITF:DSD_TRENDS@DF_TRENDSSAFETY(1.0),,I,FIN,,A,,INJURED,,PS,,ROAD,,_T,,_T,,1986,,10762,,A,,0,,1,
DATAFLOW,OECD.ITF:DSD_TRENDS@DF_TRENDSSAFETY(1.0),,I,FIN,,A,,INJURED,,PS,,ROAD,,_T,,_T,,1987,,10752,,A,,0,,1,
DATAFLOW,OECD.ITF:DSD_TRENDS@DF_TRENDSSAFETY(1.0),,I,FIN,,A,,INJURED,,PS,,ROAD,,_T,,_T,,1988,,11909,,A,,0,,1,
DATAFLOW,OECD.ITF:DSD_TRENDS@DF_TRENDSSAFETY(1.0),,I,FIN,,A,,INJURED,,PS,,ROAD,,_T,,_T,,1989,,12042,,A,,0,,1,
DATAFLOW,OECD.ITF:DSD_TRENDS@DF_TRENDSSAFETY(1.0),,I,FIN,,A,,INJURED,,PS,,ROAD,,_T,,_T,,1990,,12758,,A,,0,,1,
DATAFLOW,OECD.ITF:DSD_TRENDS@DF_TRENDSSAFETY(1.0),,I,FIN,,A,,INJURED,,PS,,ROAD,,_T,,_T,,1991,,11547,,A,,0,,1,
DATAFLOW,OECD.ITF:DSD_TRENDS@DF_TRENDSSAFETY(1.0),,I,FIN,,A,,INJURED,,PS,,ROAD,,_T,,_T,,1992,,9899,,A,,0,,1,
DATAFLOW,OECD.ITF:DSD_TRENDS@DF_TRENDSSAFETY(1.0),,I,FIN,,A,,INJURED,,PS,,ROAD,,_T,,_T,,1993,,7806,,A,,0,,1,
DATAFLOW,OECD.ITF:DSD_TRENDS@DF_TRENDSSAFETY(1.0),,I,FIN,,A,,INJURED,,PS,,ROAD,,_T,,_T,,1994,,8080,,A,,0,,1,
DATAFLOW,OECD.ITF:DSD_TRENDS@DF_TRENDSSAFETY(1.0),,I,FIN,,A,,INJURED,,PS,,ROAD,,_T,,_T,,1996,,9299,,A,,0,,1,
DATAFLOW,OECD.ITF:DSD_TRENDS@DF_TRENDSSAFETY(1.0),,I,FIN,,A,,INJURED,,PS,,ROAD,,_T,,_T,,1997,,8957,,A,,0,,1,
DATAFLOW,OECD.ITF:DSD_TRENDS@DF_TRENDSSAFETY(1.0),,I,FIN,,A,,INJURED,,PS,,ROAD,,_T,,_T,,1998,,9097,,A,,0,,1,
DATAFLOW,OECD.ITF:DSD_TRENDS@DF_TRENDSSAFETY(1.0),,I,FIN,,A,,INJURED,,PS,,ROAD,,_T,,_T,,1999,,9052,,A,,0,,1,
DATAFLOW,OECD.ITF:DSD_TRENDS@DF_TRENDSSAFETY(1.0),,I,FIN,,A,,INJURED,,PS,,ROAD,,_T,,_T,,2000,,8508,,A,,0,,1,
DATAFLOW,OECD.ITF:DSD_TRENDS@DF_TRENDSSAFETY(1.0),,I,FIN,,A,,INJURED,,PS,,ROAD,,_T,,_T,,2001,,8411,,A,,0,,1,
DATAFLOW,OECD.ITF:DSD_TRENDS@DF_TRENDSSAFETY(1.0),,I,FIN,,A,,INJURED,,PS,,ROAD,,_T,,_T,,2002,,8156,,A,,0,,1,
DATAFLOW,OECD.ITF:DSD_TRENDS@DF_TRENDSSAFETY(1.0),,I,FIN,,A,,INJURED,,PS,,ROAD,,_T,,_T,,2004,,8791,,A,,0,,1,
DATAFLOW,OECD.ITF:DSD_TRENDS@DF_TRENDSSAFETY(1.0),,I,FIN,,A,,INJURED,,PS,,ROAD,,_T,,_T,,2005,,8983,,A,,0,,1,
DATAFLOW,OECD.ITF:DSD_TRENDS@DF_TRENDSSAFETY(1.0),,I,FIN,,A,,INJURED,,PS,,ROAD,,_T,,_T,,2006,,8580,,A,,0,,1,
DATAFLOW,OECD.ITF:DSD_TRENDS@DF_TRENDSSAFETY(1.0),,I,FIN,,A,,INJURED,,PS,,ROAD,,_T,,_T,,2007,,8446,,A,,0,,1,
DATAFLOW,OECD.ITF:DSD_TRENDS@DF_TRENDSSAFETY(1.0),,I,FIN,,A,,INJURED,,PS,,ROAD,,_T,,_T,,2008,,8513,,A,,0,,1,
DATAFLOW,OECD.ITF:DSD_TRENDS@DF_TRENDSSAFETY(1.0),,I,FIN,,A,,INJURED,,PS,,ROAD,,_T,,_T,,2009,,8057,,A,,0,,1,
DATAFLOW,OECD.ITF:DSD_TRENDS@DF_TRENDSSAFETY(1.0),,I,FIN,,A,,INJURED,,PS,,ROAD,,_T,,_T,,2010,,7673,,A,,0,,1,
DATAFLOW,OECD.ITF:DSD_TRENDS@DF_TRENDSSAFETY(1.0),,I,FIN,,A,,INJURED,,PS,,ROAD,,_T,,_T,,2011,,7931,,A,,0,,1,
DATAFLOW,OECD.ITF:DSD_TRENDS@DF_TRENDSSAFETY(1.0),,I,FIN,,A,,INJURED,,PS,,ROAD,,_T,,_T,,2012,,7088,,A,,0,,1,
DATAFLOW,OECD.ITF:DSD_TRENDS@DF_TRENDSSAFETY(1.0),,I,FIN,,A,,INJURED,,PS,,ROAD,,_T,,_T,,2013,,6681,,A,,0,,1,
DATAFLOW,OECD.ITF:DSD_TRENDS@DF_TRENDSSAFETY(1.0),,I,FIN,,A,,INJURED,,PS,,ROAD,,_T,,_T,,2014,,6705,,A,,0,,1,
DATAFLOW,OECD.ITF:DSD_TRENDS@DF_TRENDSSAFETY(1.0),,I,FIN,,A,,INJURED,,PS,,ROAD,,_T,,_T,,2015,,6408,,A,,0,,1,
DATAFLOW,OECD.ITF:DSD_TRENDS@DF_TRENDSSAFETY(1.0),,I,FIN,,A,,INJURED,,PS,,ROAD,,_T,,_T,,2016,,5911,,A,,0,,1,
DATAFLOW,OECD.ITF:DSD_TRENDS@DF_TRENDSSAFETY(1.0),,I,FIN,,A,,INJURED,,PS,,ROAD,,_T,,_T,,2017,,5574,,A,,0,,1,
DATAFLOW,OECD.ITF:DSD_TRENDS@DF_TRENDSSAFETY(1.0),,I,FIN,,A,,INJURED,,PS,,ROAD,,_T,,_T,,2018,,5303,,A,,0,,1,
DATAFLOW,OECD.ITF:DSD_TRENDS@DF_TRENDSSAFETY(1.0),,I,FIN,,A,,INJURED,,PS,,ROAD,,_T,,_T,,2019,,5013,,A,,0,,1,
DATAFLOW,OECD.ITF:DSD_TRENDS@DF_TRENDSSAFETY(1.0),,I,FIN,,A,,INJURED,,PS,,ROAD,,_T,,_T,,2020,,4411,,A,,0,,1,
DATAFLOW,OECD.ITF:DSD_TRENDS@DF_TRENDSSAFETY(1.0),,I,FIN,,A,,INJURED,,PS,,ROAD,,_T,,_T,,2021,,3886,,A,,0,,1,
DATAFLOW,OECD.ITF:DSD_TRENDS@DF_TRENDSSAFETY(1.0),,I,FIN,,A,,INJURED,,PS,,ROAD,,_T,,_T,,2022,,3838,,A,,0,,1,
DATAFLOW,OECD.ITF:DSD_TRENDS@DF_TRENDSSAFETY(1.0),,I,FIN,,A,,INJURED,,PS,,ROAD,,_T,,_T,,2023,,3642,,A,,0,,1,
DATAFLOW,OECD.ITF:DSD_TRENDS@DF_TRENDSSAFETY(1.0),,I,FIN,,A,,INJURED,,PS,,ROAD,,_T,,_T,,2024,,3444,,A,,0,,1,
DATAFLOW,OECD.ITF:DSD_TRENDS@DF_TRENDSSAFETY(1.0),,I,FRA,,A,,INJURED,,PS,,ROAD,,_T,,_T,,1970,,328303,,A,,0,,1,
DATAFLOW,OECD.ITF:DSD_TRENDS@DF_TRENDSSAFETY(1.0),,I,FRA,,A,,INJURED,,PS,,ROAD,,_T,,_T,,1971,,351849,,A,,0,,1,
DATAFLOW,OECD.ITF:DSD_TRENDS@DF_TRENDSSAFETY(1.0),,I,FRA,,A,,INJURED,,PS,,ROAD,,_T,,_T,,1972,,386571,,A,,0,,1,
DATAFLOW,OECD.ITF:DSD_TRENDS@DF_TRENDSSAFETY(1.0),,I,FRA,,A,,INJURED,,PS,,ROAD,,_T,,_T,,1973,,373182,,A,,0,,1,
DATAFLOW,OECD.ITF:DSD_TRENDS@DF_TRENDSSAFETY(1.0),,I,FRA,,A,,INJURED,,PS,,ROAD,,_T,,_T,,1974,,351842,,A,,0,,1,
DATAFLOW,OECD.ITF:DSD_TRENDS@DF_TRENDSSAFETY(1.0),,I,FRA,,A,,INJURED,,PS,,ROAD,,_T,,_T,,1975,,352545,,A,,0,,1,
DATAFLOW,OECD.ITF:DSD_TRENDS@DF_TRENDSSAFETY(1.0),,I,FRA,,A,,INJURED,,PS,,ROAD,,_T,,_T,,1976,,356212,,A,,0,,1,
DATAFLOW,OECD.ITF:DSD_TRENDS@DF_TRENDSSAFETY(1.0),,I,FRA,,A,,INJURED,,PS,,ROAD,,_T,,_T,,1977,,353654,,A,,0,,1,
DATAFLOW,OECD.ITF:DSD_TRENDS@DF_TRENDSSAFETY(1.0),,I,FRA,,A,,INJURED,,PS,,ROAD,,_T,,_T,,1978,,337422,,A,,0,,1,
DATAFLOW,OECD.ITF:DSD_TRENDS@DF_TRENDSSAFETY(1.0),,I,FRA,,A,,INJURED,,PS,,ROAD,,_T,,_T,,1979,,346795,,A,,0,,1,
DATAFLOW,OECD.ITF:DSD_TRENDS@DF_TRENDSSAFETY(1.0),,I,FRA,,A,,INJURED,,PS,,ROAD,,_T,,_T,,1980,,338503,,A,,0,,1,
DATAFLOW,OECD.ITF:DSD_TRENDS@DF_TRENDSSAFETY(1.0),,I,FRA,,A,,INJURED,,PS,,ROAD,,_T,,_T,,1981,,333170,,A,,0,,1,
DATAFLOW,OECD.ITF:DSD_TRENDS@DF_TRENDSSAFETY(1.0),,I,FRA,,A,,INJURED,,PS,,ROAD,,_T,,_T,,1982,,320268,,A,,0,,1,
DATAFLOW,OECD.ITF:DSD_TRENDS@DF_TRENDSSAFETY(1.0),,I,FRA,,A,,INJURED,,PS,,ROAD,,_T,,_T,,1983,,300359,,A,,0,,1,
DATAFLOW,OECD.ITF:DSD_TRENDS@DF_TRENDSSAFETY(1.0),,I,FRA,,A,,INJURED,,PS,,ROAD,,_T,,_T,,1984,,283855,,A,,0,,1,
DATAFLOW,OECD.ITF:DSD_TRENDS@DF_TRENDSSAFETY(1.0),,I,FRA,,A,,INJURED,,PS,,ROAD,,_T,,_T,,1985,,269859,,A,,0,,1,
DATAFLOW,OECD.ITF:DSD_TRENDS@DF_TRENDSSAFETY(1.0),,I,FRA,,A,,INJURED,,PS,,ROAD,,_T,,_T,,1986,,258023,,A,,0,,1,
DATAFLOW,OECD.ITF:DSD_TRENDS@DF_TRENDSSAFETY(1.0),,I,FRA,,A,,INJURED,,PS,,ROAD,,_T,,_T,,1987,,236751,,A,,0,,1,
DATAFLOW,OECD.ITF:DSD_TRENDS@DF_TRENDSSAFETY(1.0),,I,FRA,,A,,INJURED,,PS,,ROAD,,_T,,_T,,1988,,243093,,A,,0,,1,
DATAFLOW,OECD.ITF:DSD_TRENDS@DF_TRENDSSAFETY(1.0),,I,FRA,,A,,INJURED,,PS,,ROAD,,_T,,_T,,1989,,235051,,A,,0,,1,
DATAFLOW,OECD.ITF:DSD_TRENDS@DF_TRENDSSAFETY(1.0),,I,FRA,,A,,INJURED,,PS,,ROAD,,_T,,_T,,1990,,224934,,A,,0,,1,
DATAFLOW,OECD.ITF:DSD_TRENDS@DF_TRENDSSAFETY(1.0),,I,FRA,,A,,INJURED,,PS,,ROAD,,_T,,_T,,1991,,205102,,A,,0,,1,
DATAFLOW,OECD.ITF:DSD_TRENDS@DF_TRENDSSAFETY(1.0),,I,FRA,,A,,INJURED,,PS,,ROAD,,_T,,_T,,1992,,197287,,A,,0,,1,
DATAFLOW,OECD.ITF:DSD_TRENDS@DF_TRENDSSAFETY(1.0),,I,FRA,,A,,INJURED,,PS,,ROAD,,_T,,_T,,1993,,188504,,A,,0,,1,
DATAFLOW,OECD.ITF:DSD_TRENDS@DF_TRENDSSAFETY(1.0),,I,FRA,,A,,INJURED,,PS,,ROAD,,_T,,_T,,1994,,180346,,A,,0,,1,
DATAFLOW,OECD.ITF:DSD_TRENDS@DF_TRENDSSAFETY(1.0),,I,FRA,,A,,INJURED,,PS,,ROAD,,_T,,_T,,1995,,180924,,A,,0,,1,
DATAFLOW,OECD.ITF:DSD_TRENDS@DF_TRENDSSAFETY(1.0),,I,FRA,,A,,INJURED,,PS,,ROAD,,_T,,_T,,1996,,169656,,A,,0,,1,
DATAFLOW,OECD.ITF:DSD_TRENDS@DF_TRENDSSAFETY(1.0),,I,FRA,,A,,INJURED,,PS,,ROAD,,_T,,_T,,1997,,169123,,A,,0,,1,
DATAFLOW,OECD.ITF:DSD_TRENDS@DF_TRENDSSAFETY(1.0),,I,FRA,,A,,INJURED,,PS,,ROAD,,_T,,_T,,1998,,168054,,A,,0,,1,
DATAFLOW,OECD.ITF:DSD_TRENDS@DF_TRENDSSAFETY(1.0),,I,FRA,,A,,INJURED,,PS,,ROAD,,_T,,_T,,1999,,167114,,A,,0,,1,
DATAFLOW,OECD.ITF:DSD_TRENDS@DF_TRENDSSAFETY(1.0),,I,FRA,,A,,INJURED,,PS,,ROAD,,_T,,_T,,2000,,161681,,A,,0,,1,
DATAFLOW,OECD.ITF:DSD_TRENDS@DF_TRENDSSAFETY(1.0),,I,FRA,,A,,INJURED,,PS,,ROAD,,_T,,_T,,2001,,153505,,A,,0,,1,
DATAFLOW,OECD.ITF:DSD_TRENDS@DF_TRENDSSAFETY(1.0),,I,FRA,,A,,INJURED,,PS,,ROAD,,_T,,_T,,2002,,137426,,A,,0,,1,
DATAFLOW,OECD.ITF:DSD_TRENDS@DF_TRENDSSAFETY(1.0),,I,FRA,,A,,INJURED,,PS,,ROAD,,_T,,_T,,2003,,115602,,A,,0,,1,
DATAFLOW,OECD.ITF:DSD_TRENDS@DF_TRENDSSAFETY(1.0),,I,FRA,,A,,INJURED,,PS,,ROAD,,_T,,_T,,2004,,108366,,A,,0,,1,
DATAFLOW,OECD.ITF:DSD_TRENDS@DF_TRENDSSAFETY(1.0),,I,FRA,,A,,INJURED,,PS,,ROAD,,_T,,_T,,2005,,108076,,A,,0,,1,
DATAFLOW,OECD.ITF:DSD_TRENDS@DF_TRENDSSAFETY(1.0),,I,FRA,,A,,INJURED,,PS,,ROAD,,_T,,_T,,2006,,102125,,A,,0,,1,
DATAFLOW,OECD.ITF:DSD_TRENDS@DF_TRENDSSAFETY(1.0),,I,FRA,,A,,INJURED,,PS,,ROAD,,_T,,_T,,2007,,103201,,A,,0,,1,
DATAFLOW,OECD.ITF:DSD_TRENDS@DF_TRENDSSAFETY(1.0),,I,FRA,,A,,INJURED,,PS,,ROAD,,_T,,_T,,2008,,93798,,A,,0,,1,
DATAFLOW,OECD.ITF:DSD_TRENDS@DF_TRENDSSAFETY(1.0),,I,FRA,,A,,INJURED,,PS,,ROAD,,_T,,_T,,2009,,90934,,A,,0,,1,
DATAFLOW,OECD.ITF:DSD_TRENDS@DF_TRENDSSAFETY(1.0),,I,FRA,,A,,INJURED,,PS,,ROAD,,_T,,_T,,2010,,84461,,A,,0,,1,
DATAFLOW,OECD.ITF:DSD_TRENDS@DF_TRENDSSAFETY(1.0),,I,FRA,,A,,INJURED,,PS,,ROAD,,_T,,_T,,2011,,81251,,A,,0,,1,
DATAFLOW,OECD.ITF:DSD_TRENDS@DF_TRENDSSAFETY(1.0),,I,FRA,,A,,INJURED,,PS,,ROAD,,_T,,_T,,2012,,75851,,A,,0,,1,
DATAFLOW,OECD.ITF:DSD_TRENDS@DF_TRENDSSAFETY(1.0),,I,FRA,,A,,INJURED,,PS,,ROAD,,_T,,_T,,2013,,70607,,A,,0,,1,
DATAFLOW,OECD.ITF:DSD_TRENDS@DF_TRENDSSAFETY(1.0),,I,FRA,,A,,INJURED,,PS,,ROAD,,_T,,_T,,2014,,73048,,A,,0,,1,
DATAFLOW,OECD.ITF:DSD_TRENDS@DF_TRENDSSAFETY(1.0),,I,FRA,,A,,INJURED,,PS,,ROAD,,_T,,_T,,2015,,70802,,A,,0,,1,
DATAFLOW,OECD.ITF:DSD_TRENDS@DF_TRENDSSAFETY(1.0),,I,FRA,,A,,INJURED,,PS,,ROAD,,_T,,_T,,2016,,72645,,A,,0,,1,
DATAFLOW,OECD.ITF:DSD_TRENDS@DF_TRENDSSAFETY(1.0),,I,FRA,,A,,INJURED,,PS,,ROAD,,_T,,_T,,2017,,73384,,A,,0,,1,
DATAFLOW,OECD.ITF:DSD_TRENDS@DF_TRENDSSAFETY(1.0),,I,FRA,,A,,INJURED,,PS,,ROAD,,_T,,_T,,2018,,69887,,A,,0,,1,
DATAFLOW,OECD.ITF:DSD_TRENDS@DF_TRENDSSAFETY(1.0),,I,FRA,,A,,INJURED,,PS,,ROAD,,_T,,_T,,2019,,70490,,A,,0,,1,
DATAFLOW,OECD.ITF:DSD_TRENDS@DF_TRENDSSAFETY(1.0),,I,FRA,,A,,INJURED,,PS,,ROAD,,_T,,_T,,2020,,55836,,A,,0,,1,
DATAFLOW,OECD.ITF:DSD_TRENDS@DF_TRENDSSAFETY(1.0),,I,FRA,,A,,INJURED,,PS,,ROAD,,_T,,_T,,2021,,67057,,A,,0,,1,
DATAFLOW,OECD.ITF:DSD_TRENDS@DF_TRENDSSAFETY(1.0),,I,FRA,,A,,INJURED,,PS,,ROAD,,_T,,_T,,2022,,65430,,A,,0,,1,
DATAFLOW,OECD.ITF:DSD_TRENDS@DF_TRENDSSAFETY(1.0),,I,FRA,,A,,INJURED,,PS,,ROAD,,_T,,_T,,2023,,64674,,A,,0,,1,
DATAFLOW,OECD.ITF:DSD_TRENDS@DF_TRENDSSAFETY(1.0),,I,FRA,,A,,INJURED,,PS,,ROAD,,_T,,_T,,2024,,64535,,A,,0,,1,
DATAFLOW,OECD.ITF:DSD_TRENDS@DF_TRENDSSAFETY(1.0),,I,DEU,,A,,INJURED,,PS,,ROAD,,_T,,_T,,1970,,531795,,A,,0,,1,
DATAFLOW,OECD.ITF:DSD_TRENDS@DF_TRENDSSAFETY(1.0),,I,DEU,,A,,INJURED,,PS,,ROAD,,_T,,_T,,1971,,518059,,A,,0,,1,
DATAFLOW,OECD.ITF:DSD_TRENDS@DF_TRENDSSAFETY(1.0),,I,DEU,,A,,INJURED,,PS,,ROAD,,_T,,_T,,1972,,528527,,A,,0,,1,
DATAFLOW,OECD.ITF:DSD_TRENDS@DF_TRENDSSAFETY(1.0),,I,DEU,,A,,INJURED,,PS,,ROAD,,_T,,_T,,1973,,488246,,A,,0,,1,
DATAFLOW,OECD.ITF:DSD_TRENDS@DF_TRENDSSAFETY(1.0),,I,DEU,,A,,INJURED,,PS,,ROAD,,_T,,_T,,1974,,447142,,A,,0,,1,
DATAFLOW,OECD.ITF:DSD_TRENDS@DF_TRENDSSAFETY(1.0),,I,DEU,,A,,INJURED,,PS,,ROAD,,_T,,_T,,1975,,457797,,A,,0,,1,
DATAFLOW,OECD.ITF:DSD_TRENDS@DF_TRENDSSAFETY(1.0),,I,DEU,,A,,INJURED,,PS,,ROAD,,_T,,_T,,1976,,480581,,A,,0,,1,
DATAFLOW,OECD.ITF:DSD_TRENDS@DF_TRENDSSAFETY(1.0),,I,DEU,,A,,INJURED,,PS,,ROAD,,_T,,_T,,1977,,508142,,A,,0,,1,
DATAFLOW,OECD.ITF:DSD_TRENDS@DF_TRENDSSAFETY(1.0),,I,DEU,,A,,INJURED,,PS,,ROAD,,_T,,_T,,1978,,508644,,A,,0,,1,
DATAFLOW,OECD.ITF:DSD_TRENDS@DF_TRENDSSAFETY(1.0),,I,DEU,,A,,INJURED,,PS,,ROAD,,_T,,_T,,1979,,486441,,A,,0,,1,
DATAFLOW,OECD.ITF:DSD_TRENDS@DF_TRENDSSAFETY(1.0),,I,DEU,,A,,INJURED,,PS,,ROAD,,_T,,_T,,1980,,500463,,A,,0,,1,
DATAFLOW,OECD.ITF:DSD_TRENDS@DF_TRENDSSAFETY(1.0),,I,DEU,,A,,INJURED,,PS,,ROAD,,_T,,_T,,1981,,475944,,A,,0,,1,
DATAFLOW,OECD.ITF:DSD_TRENDS@DF_TRENDSSAFETY(1.0),,I,DEU,,A,,INJURED,,PS,,ROAD,,_T,,_T,,1982,,467188,,A,,0,,1,
DATAFLOW,OECD.ITF:DSD_TRENDS@DF_TRENDSSAFETY(1.0),,I,DEU,,A,,INJURED,,PS,,ROAD,,_T,,_T,,1983,,489210,,A,,0,,1,
DATAFLOW,OECD.ITF:DSD_TRENDS@DF_TRENDSSAFETY(1.0),,I,DEU,,A,,INJURED,,PS,,ROAD,,_T,,_T,,1984,,466033,,A,,0,,1,
DATAFLOW,OECD.ITF:DSD_TRENDS@DF_TRENDSSAFETY(1.0),,I,DEU,,A,,INJURED,,PS,,ROAD,,_T,,_T,,1985,,422095,,A,,0,,1,
DATAFLOW,OECD.ITF:DSD_TRENDS@DF_TRENDSSAFETY(1.0),,I,DEU,,A,,INJURED,,PS,,ROAD,,_T,,_T,,1986,,443217,,A,,0,,1,
DATAFLOW,OECD.ITF:DSD_TRENDS@DF_TRENDSSAFETY(1.0),,I,DEU,,A,,INJURED,,PS,,ROAD,,_T,,_T,,1987,,424622,,A,,0,,1,
DATAFLOW,OECD.ITF:DSD_TRENDS@DF_TRENDSSAFETY(1.0),,I,DEU,,A,,INJURED,,PS,,ROAD,,_T,,_T,,1988,,448223,,A,,0,,1,
DATAFLOW,OECD.ITF:DSD_TRENDS@DF_TRENDSSAFETY(1.0),,I,DEU,,A,,INJURED,,PS,,ROAD,,_T,,_T,,1989,,449397,,A,,0,,1,
DATAFLOW,OECD.ITF:DSD_TRENDS@DF_TRENDSSAFETY(1.0),,I,DEU,,A,,INJURED,,PS,,ROAD,,_T,,_T,,1990,,448158,,A,,0,,1,
DATAFLOW,OECD.ITF:DSD_TRENDS@DF_TRENDSSAFETY(1.0),,I,DEU,,A,,INJURED,,PS,,ROAD,,_T,,_T,,1992,,516797,,A,,0,,1,
DATAFLOW,OECD.ITF:DSD_TRENDS@DF_TRENDSSAFETY(1.0),,I,DEU,,A,,INJURED,,PS,,ROAD,,_T,,_T,,1993,,505591,,A,,0,,1,
DATAFLOW,OECD.ITF:DSD_TRENDS@DF_TRENDSSAFETY(1.0),,I,DEU,,A,,INJURED,,PS,,ROAD,,_T,,_T,,1994,,516415,,A,,0,,1,
DATAFLOW,OECD.ITF:DSD_TRENDS@DF_TRENDSSAFETY(1.0),,I,DEU,,A,,INJURED,,PS,,ROAD,,_T,,_T,,1995,,512141,,A,,0,,1,
DATAFLOW,OECD.ITF:DSD_TRENDS@DF_TRENDSSAFETY(1.0),,I,DEU,,A,,INJURED,,PS,,ROAD,,_T,,_T,,1996,,493158,,A,,0,,1,
DATAFLOW,OECD.ITF:DSD_TRENDS@DF_TRENDSSAFETY(1.0),,I,DEU,,A,,INJURED,,PS,,ROAD,,_T,,_T,,1997,,501094,,A,,0,,1,
DATAFLOW,OECD.ITF:DSD_TRENDS@DF_TRENDSSAFETY(1.0),,I,DEU,,A,,INJURED,,PS,,ROAD,,_T,,_T,,1998,,497319,,A,,0,,1,
DATAFLOW,OECD.ITF:DSD_TRENDS@DF_TRENDSSAFETY(1.0),,I,DEU,,A,,INJURED,,PS,,ROAD,,_T,,_T,,1999,,521127,,A,,0,,1,
DATAFLOW,OECD.ITF:DSD_TRENDS@DF_TRENDSSAFETY(1.0),,I,DEU,,A,,INJURED,,PS,,ROAD,,_T,,_T,,2000,,504074,,A,,0,,1,
DATAFLOW,OECD.ITF:DSD_TRENDS@DF_TRENDSSAFETY(1.0),,I,DEU,,A,,INJURED,,PS,,ROAD,,_T,,_T,,2001,,494775,,A,,0,,1,
DATAFLOW,OECD.ITF:DSD_TRENDS@DF_TRENDSSAFETY(1.0),,I,DEU,,A,,INJURED,,PS,,ROAD,,_T,,_T,,2002,,476413,,A,,0,,1,
DATAFLOW,OECD.ITF:DSD_TRENDS@DF_TRENDSSAFETY(1.0),,I,DEU,,A,,INJURED,,PS,,ROAD,,_T,,_T,,2003,,462170,,A,,0,,1,
DATAFLOW,OECD.ITF:DSD_TRENDS@DF_TRENDSSAFETY(1.0),,I,DEU,,A,,INJURED,,PS,,ROAD,,_T,,_T,,2004,,440126,,A,,0,,1,
DATAFLOW,OECD.ITF:DSD_TRENDS@DF_TRENDSSAFETY(1.0),,I,DEU,,A,,INJURED,,PS,,ROAD,,_T,,_T,,2005,,433443,,A,,0,,1,
DATAFLOW,OECD.ITF:DSD_TRENDS@DF_TRENDSSAFETY(1.0),,I,DEU,,A,,INJURED,,PS,,ROAD,,_T,,_T,,2006,,422337,,A,,0,,1,
DATAFLOW,OECD.ITF:DSD_TRENDS@DF_TRENDSSAFETY(1.0),,I,DEU,,A,,INJURED,,PS,,ROAD,,_T,,_T,,2007,,431419,,A,,0,,1,
DATAFLOW,OECD.ITF:DSD_TRENDS@DF_TRENDSSAFETY(1.0),,I,DEU,,A,,INJURED,,PS,,ROAD,,_T,,_T,,2008,,409047,,A,,0,,1,
DATAFLOW,OECD.ITF:DSD_TRENDS@DF_TRENDSSAFETY(1.0),,I,DEU,,A,,INJURED,,PS,,ROAD,,_T,,_T,,2009,,397671,,A,,0,,1,
DATAFLOW,OECD.ITF:DSD_TRENDS@DF_TRENDSSAFETY(1.0),,I,DEU,,A,,INJURED,,PS,,ROAD,,_T,,_T,,2010,,371170,,A,,0,,1,
DATAFLOW,OECD.ITF:DSD_TRENDS@DF_TRENDSSAFETY(1.0),,I,DEU,,A,,INJURED,,PS,,ROAD,,_T,,_T,,2011,,392365,,A,,0,,1,
DATAFLOW,OECD.ITF:DSD_TRENDS@DF_TRENDSSAFETY(1.0),,I,DEU,,A,,INJURED,,PS,,ROAD,,_T,,_T,,2012,,384378,,A,,0,,1,
DATAFLOW,OECD.ITF:DSD_TRENDS@DF_TRENDSSAFETY(1.0),,I,DEU,,A,,INJURED,,PS,,ROAD,,_T,,_T,,2013,,374142,,A,,0,,1,
DATAFLOW,OECD.ITF:DSD_TRENDS@DF_TRENDSSAFETY(1.0),,I,DEU,,A,,INJURED,,PS,,ROAD,,_T,,_T,,2014,,389535,,A,,0,,1,
DATAFLOW,OECD.ITF:DSD_TRENDS@DF_TRENDSSAFETY(1.0),,I,DEU,,A,,INJURED,,PS,,ROAD,,_T,,_T,,2015,,393432,,A,,0,,1,
DATAFLOW,OECD.ITF:DSD_TRENDS@DF_TRENDSSAFETY(1.0),,I,DEU,,A,,INJURED,,PS,,ROAD,,_T,,_T,,2016,,396666,,A,,0,,1,
DATAFLOW,OECD.ITF:DSD_TRENDS@DF_TRENDSSAFETY(1.0),,I,DEU,,A,,INJURED,,PS,,ROAD,,_T,,_T,,2017,,390312,,A,,0,,1,
DATAFLOW,OECD.ITF:DSD_TRENDS@DF_TRENDSSAFETY(1.0),,I,DEU,,A,,INJURED,,PS,,ROAD,,_T,,_T,,2018,,396018,,A,,0,,1,
DATAFLOW,OECD.ITF:DSD_TRENDS@DF_TRENDSSAFETY(1.0),,I,DEU,,A,,INJURED,,PS,,ROAD,,_T,,_T,,2019,,384230,,A,,0,,1,
DATAFLOW,OECD.ITF:DSD_TRENDS@DF_TRENDSSAFETY(1.0),,I,DEU,,A,,INJURED,,PS,,ROAD,,_T,,_T,,2020,,327550,,A,,0,,1,
DATAFLOW,OECD.ITF:DSD_TRENDS@DF_TRENDSSAFETY(1.0),,I,DEU,,A,,INJURED,,PS,,ROAD,,_T,,_T,,2021,,323129,,A,,0,,1,
DATAFLOW,OECD.ITF:DSD_TRENDS@DF_TRENDSSAFETY(1.0),,I,DEU,,A,,INJURED,,PS,,ROAD,,_T,,_T,,2022,,361134,,A,,0,,1,
DATAFLOW,OECD.ITF:DSD_TRENDS@DF_TRENDSSAFETY(1.0),,I,DEU,,A,,INJURED,,PS,,ROAD,,_T,,_T,,2023,,366557,,A,,0,,1,
DATAFLOW,OECD.ITF:DSD_TRENDS@DF_TRENDSSAFETY(1.0),,I,DEU,,A,,INJURED,,PS,,ROAD,,_T,,_T,,2024,,364993,,A,,0,,1,
DATAFLOW,OECD.ITF:DSD_TRENDS@DF_TRENDSSAFETY(1.0),,I,GRC,,A,,INJURED,,PS,,ROAD,,_T,,_T,,1970,,24788,,A,,0,,1,
DATAFLOW,OECD.ITF:DSD_TRENDS@DF_TRENDSSAFETY(1.0),,I,GRC,,A,,INJURED,,PS,,ROAD,,_T,,_T,,1971,,24860,,A,,0,,1,
DATAFLOW,OECD.ITF:DSD_TRENDS@DF_TRENDSSAFETY(1.0),,I,GRC,,A,,INJURED,,PS,,ROAD,,_T,,_T,,1972,,24622,,A,,0,,1,
DATAFLOW,OECD.ITF:DSD_TRENDS@DF_TRENDSSAFETY(1.0),,I,GRC,,A,,INJURED,,PS,,ROAD,,_T,,_T,,1973,,24209,,A,,0,,1,
DATAFLOW,OECD.ITF:DSD_TRENDS@DF_TRENDSSAFETY(1.0),,I,GRC,,A,,INJURED,,PS,,ROAD,,_T,,_T,,1974,,21603,,A,,0,,1,
DATAFLOW,OECD.ITF:DSD_TRENDS@DF_TRENDSSAFETY(1.0),,I,GRC,,A,,INJURED,,PS,,ROAD,,_T,,_T,,1975,,22241,,A,,0,,1,
DATAFLOW,OECD.ITF:DSD_TRENDS@DF_TRENDSSAFETY(1.0),,I,GRC,,A,,INJURED,,PS,,ROAD,,_T,,_T,,1976,,22173,,A,,0,,1,
DATAFLOW,OECD.ITF:DSD_TRENDS@DF_TRENDSSAFETY(1.0),,I,GRC,,A,,INJURED,,PS,,ROAD,,_T,,_T,,1977,,23412,,A,,0,,1,
DATAFLOW,OECD.ITF:DSD_TRENDS@DF_TRENDSSAFETY(1.0),,I,GRC,,A,,INJURED,,PS,,ROAD,,_T,,_T,,1978,,24159,,A,,0,,1,
DATAFLOW,OECD.ITF:DSD_TRENDS@DF_TRENDSSAFETY(1.0),,I,GRC,,A,,INJURED,,PS,,ROAD,,_T,,_T,,1979,,25893,,A,,0,,1,
DATAFLOW,OECD.ITF:DSD_TRENDS@DF_TRENDSSAFETY(1.0),,I,GRC,,A,,INJURED,,PS,,ROAD,,_T,,_T,,1980,,25443,,A,,0,,1,
DATAFLOW,OECD.ITF:DSD_TRENDS@DF_TRENDSSAFETY(1.0),,I,GRC,,A,,INJURED,,PS,,ROAD,,_T,,_T,,1981,,27707,,A,,0,,1,
DATAFLOW,OECD.ITF:DSD_TRENDS@DF_TRENDSSAFETY(1.0),,I,GRC,,A,,INJURED,,PS,,ROAD,,_T,,_T,,1982,,31571,,A,,0,,1,
DATAFLOW,OECD.ITF:DSD_TRENDS@DF_TRENDSSAFETY(1.0),,I,GRC,,A,,INJURED,,PS,,ROAD,,_T,,_T,,1983,,28374,,A,,0,,1,
DATAFLOW,OECD.ITF:DSD_TRENDS@DF_TRENDSSAFETY(1.0),,I,GRC,,A,,INJURED,,PS,,ROAD,,_T,,_T,,1984,,29810,,A,,0,,1,
DATAFLOW,OECD.ITF:DSD_TRENDS@DF_TRENDSSAFETY(1.0),,I,GRC,,A,,INJURED,,PS,,ROAD,,_T,,_T,,1985,,30473,,A,,0,,1,
DATAFLOW,OECD.ITF:DSD_TRENDS@DF_TRENDSSAFETY(1.0),,I,GRC,,A,,INJURED,,PS,,ROAD,,_T,,_T,,1986,,27502,,A,,0,,1,
DATAFLOW,OECD.ITF:DSD_TRENDS@DF_TRENDSSAFETY(1.0),,I,GRC,,A,,INJURED,,PS,,ROAD,,_T,,_T,,1987,,26478,,A,,0,,1,
DATAFLOW,OECD.ITF:DSD_TRENDS@DF_TRENDSSAFETY(1.0),,I,GRC,,A,,INJURED,,PS,,ROAD,,_T,,_T,,1988,,29370,,A,,0,,1,
DATAFLOW,OECD.ITF:DSD_TRENDS@DF_TRENDSSAFETY(1.0),,I,GRC,,A,,INJURED,,PS,,ROAD,,_T,,_T,,1989,,28913,,A,,0,,1,
DATAFLOW,OECD.ITF:DSD_TRENDS@DF_TRENDSSAFETY(1.0),,I,GRC,,A,,INJURED,,PS,,ROAD,,_T,,_T,,1990,,27391,,A,,0,,1,
DATAFLOW,OECD.ITF:DSD_TRENDS@DF_TRENDSSAFETY(1.0),,I,GRC,,A,,INJURED,,PS,,ROAD,,_T,,_T,,1991,,28949,,A,,0,,1,
DATAFLOW,OECD.ITF:DSD_TRENDS@DF_TRENDSSAFETY(1.0),,I,GRC,,A,,INJURED,,PS,,ROAD,,_T,,_T,,1992,,30284,,A,,0,,1,
DATAFLOW,OECD.ITF:DSD_TRENDS@DF_TRENDSSAFETY(1.0),,I,GRC,,A,,INJURED,,PS,,ROAD,,_T,,_T,,1993,,29910,,A,,0,,1,
DATAFLOW,OECD.ITF:DSD_TRENDS@DF_TRENDSSAFETY(1.0),,I,GRC,,A,,INJURED,,PS,,ROAD,,_T,,_T,,1994,,30297,,A,,0,,1,
DATAFLOW,OECD.ITF:DSD_TRENDS@DF_TRENDSSAFETY(1.0),,I,GRC,,A,,INJURED,,PS,,ROAD,,_T,,_T,,1995,,31180,,A,,0,,1,
DATAFLOW,OECD.ITF:DSD_TRENDS@DF_TRENDSSAFETY(1.0),,I,GRC,,A,,INJURED,,PS,,ROAD,,_T,,_T,,1996,,32755,,A,,0,,1,
DATAFLOW,OECD.ITF:DSD_TRENDS@DF_TRENDSSAFETY(1.0),,I,GRC,,A,,INJURED,,PS,,ROAD,,_T,,_T,,1997,,33464,,A,,0,,1,
DATAFLOW,OECD.ITF:DSD_TRENDS@DF_TRENDSSAFETY(1.0),,I,GRC,,A,,INJURED,,PS,,ROAD,,_T,,_T,,1998,,33721,,A,,0,,1,
DATAFLOW,OECD.ITF:DSD_TRENDS@DF_TRENDSSAFETY(1.0),,I,GRC,,A,,INJURED,,PS,,ROAD,,_T,,_T,,1999,,32706,,A,,0,,1,
DATAFLOW,OECD.ITF:DSD_TRENDS@DF_TRENDSSAFETY(1.0),,I,GRC,,A,,INJURED,,PS,,ROAD,,_T,,_T,,2000,,30763,,A,,0,,1,
DATAFLOW,OECD.ITF:DSD_TRENDS@DF_TRENDSSAFETY(1.0),,I,GRC,,A,,INJURED,,PS,,ROAD,,_T,,_T,,2001,,26336,,A,,0,,1,
DATAFLOW,OECD.ITF:DSD_TRENDS@DF_TRENDSSAFETY(1.0),,I,GRC,,A,,INJURED,,PS,,ROAD,,_T,,_T,,2002,,22459,,A,,0,,1,
DATAFLOW,OECD.ITF:DSD_TRENDS@DF_TRENDSSAFETY(1.0),,I,GRC,,A,,INJURED,,PS,,ROAD,,_T,,_T,,2003,,20737,,A,,0,,1,
DATAFLOW,OECD.ITF:DSD_TRENDS@DF_TRENDSSAFETY(1.0),,I,GRC,,A,,INJURED,,PS,,ROAD,,_T,,_T,,2004,,20179,,A,,0,,1,
DATAFLOW,OECD.ITF:DSD_TRENDS@DF_TRENDSSAFETY(1.0),,I,GRC,,A,,INJURED,,PS,,ROAD,,_T,,_T,,2005,,22048,,A,,0,,1,
DATAFLOW,OECD.ITF:DSD_TRENDS@DF_TRENDSSAFETY(1.0),,I,GRC,,A,,INJURED,,PS,,ROAD,,_T,,_T,,2006,,20675,,A,,0,,1,
DATAFLOW,OECD.ITF:DSD_TRENDS@DF_TRENDSSAFETY(1.0),,I,GRC,,A,,INJURED,,PS,,ROAD,,_T,,_T,,2007,,19766,,A,,0,,1,
DATAFLOW,OECD.ITF:DSD_TRENDS@DF_TRENDSSAFETY(1.0),,I,GRC,,A,,INJURED,,PS,,ROAD,,_T,,_T,,2008,,19010,,A,,0,,1,
DATAFLOW,OECD.ITF:DSD_TRENDS@DF_TRENDSSAFETY(1.0),,I,GRC,,A,,INJURED,,PS,,ROAD,,_T,,_T,,2009,,18641,,A,,0,,1,
DATAFLOW,OECD.ITF:DSD_TRENDS@DF_TRENDSSAFETY(1.0),,I,GRC,,A,,INJURED,,PS,,ROAD,,_T,,_T,,2010,,19108,,A,,0,,1,
DATAFLOW,OECD.ITF:DSD_TRENDS@DF_TRENDSSAFETY(1.0),,I,GRC,,A,,INJURED,,PS,,ROAD,,_T,,_T,,2011,,17259,,A,,0,,1,
DATAFLOW,OECD.ITF:DSD_TRENDS@DF_TRENDSSAFETY(1.0),,I,GRC,,A,,INJURED,,PS,,ROAD,,_T,,_T,,2012,,15640,,A,,0,,1,
DATAFLOW,OECD.ITF:DSD_TRENDS@DF_TRENDSSAFETY(1.0),,I,GRC,,A,,INJURED,,PS,,ROAD,,_T,,_T,,2013,,15175,,A,,0,,1,
DATAFLOW,OECD.ITF:DSD_TRENDS@DF_TRENDSSAFETY(1.0),,I,GRC,,A,,INJURED,,PS,,ROAD,,_T,,_T,,2014,,14564,,A,,0,,1,
DATAFLOW,OECD.ITF:DSD_TRENDS@DF_TRENDSSAFETY(1.0),,I,GRC,,A,,INJURED,,PS,,ROAD,,_T,,_T,,2015,,14096,,A,,0,,1,
DATAFLOW,OECD.ITF:DSD_TRENDS@DF_TRENDSSAFETY(1.0),,I,GRC,,A,,INJURED,,PS,,ROAD,,_T,,_T,,2016,,13825,,A,,0,,1,
DATAFLOW,OECD.ITF:DSD_TRENDS@DF_TRENDSSAFETY(1.0),,I,GRC,,A,,INJURED,,PS,,ROAD,,_T,,_T,,2017,,13271,,A,,0,,1,
DATAFLOW,OECD.ITF:DSD_TRENDS@DF_TRENDSSAFETY(1.0),,I,GRC,,A,,INJURED,,PS,,ROAD,,_T,,_T,,2018,,13149,,A,,0,,1,
DATAFLOW,OECD.ITF:DSD_TRENDS@DF_TRENDSSAFETY(1.0),,I,GRC,,A,,INJURED,,PS,,ROAD,,_T,,_T,,2019,,13002,,A,,0,,1,
DATAFLOW,OECD.ITF:DSD_TRENDS@DF_TRENDSSAFETY(1.0),,I,GRC,,A,,INJURED,,PS,,ROAD,,_T,,_T,,2020,,10818,,A,,0,,1,
DATAFLOW,OECD.ITF:DSD_TRENDS@DF_TRENDSSAFETY(1.0),,I,GRC,,A,,INJURED,,PS,,ROAD,,_T,,_T,,2021,,12356,,A,,0,,1,
DATAFLOW,OECD.ITF:DSD_TRENDS@DF_TRENDSSAFETY(1.0),,I,GRC,,A,,INJURED,,PS,,ROAD,,_T,,_T,,2022,,12625,,A,,0,,1,
DATAFLOW,OECD.ITF:DSD_TRENDS@DF_TRENDSSAFETY(1.0),,I,GRC,,A,,INJURED,,PS,,ROAD,,_T,,_T,,2023,,12815,,A,,0,,1,
DATAFLOW,OECD.ITF:DSD_TRENDS@DF_TRENDSSAFETY(1.0),,I,HUN,,A,,INJURED,,PS,,ROAD,,_T,,_T,,1970,,30228,,A,,0,,1,
DATAFLOW,OECD.ITF:DSD_TRENDS@DF_TRENDSSAFETY(1.0),,I,HUN,,A,,INJURED,,PS,,ROAD,,_T,,_T,,1971,,30289,,A,,0,,1,
DATAFLOW,OECD.ITF:DSD_TRENDS@DF_TRENDSSAFETY(1.0),,I,HUN,,A,,INJURED,,PS,,ROAD,,_T,,_T,,1972,,26463,,A,,0,,1,
DATAFLOW,OECD.ITF:DSD_TRENDS@DF_TRENDSSAFETY(1.0),,I,HUN,,A,,INJURED,,PS,,ROAD,,_T,,_T,,1973,,25642,,A,,0,,1,
DATAFLOW,OECD.ITF:DSD_TRENDS@DF_TRENDSSAFETY(1.0),,I,HUN,,A,,INJURED,,PS,,ROAD,,_T,,_T,,1974,,26482,,A,,0,,1,
DATAFLOW,OECD.ITF:DSD_TRENDS@DF_TRENDSSAFETY(1.0),,I,HUN,,A,,INJURED,,PS,,ROAD,,_T,,_T,,1975,,25804,,A,,0,,1,
DATAFLOW,OECD.ITF:DSD_TRENDS@DF_TRENDSSAFETY(1.0),,I,HUN,,A,,INJURED,,PS,,ROAD,,_T,,_T,,1976,,23969,,A,,0,,1,
DATAFLOW,OECD.ITF:DSD_TRENDS@DF_TRENDSSAFETY(1.0),,I,HUN,,A,,INJURED,,PS,,ROAD,,_T,,_T,,1977,,25688,,A,,0,,1,
DATAFLOW,OECD.ITF:DSD_TRENDS@DF_TRENDSSAFETY(1.0),,I,HUN,,A,,INJURED,,PS,,ROAD,,_T,,_T,,1978,,24896,,A,,0,,1,
DATAFLOW,OECD.ITF:DSD_TRENDS@DF_TRENDSSAFETY(1.0),,I,HUN,,A,,INJURED,,PS,,ROAD,,_T,,_T,,1979,,25448,,A,,0,,1,
DATAFLOW,OECD.ITF:DSD_TRENDS@DF_TRENDSSAFETY(1.0),,I,HUN,,A,,INJURED,,PS,,ROAD,,_T,,_T,,1980,,23827,,A,,0,,1,
DATAFLOW,OECD.ITF:DSD_TRENDS@DF_TRENDSSAFETY(1.0),,I,HUN,,A,,INJURED,,PS,,ROAD,,_T,,_T,,1981,,23257,,A,,0,,1,
DATAFLOW,OECD.ITF:DSD_TRENDS@DF_TRENDSSAFETY(1.0),,I,HUN,,A,,INJURED,,PS,,ROAD,,_T,,_T,,1982,,22716,,A,,0,,1,
DATAFLOW,OECD.ITF:DSD_TRENDS@DF_TRENDSSAFETY(1.0),,I,HUN,,A,,INJURED,,PS,,ROAD,,_T,,_T,,1983,,23895,,A,,0,,1,
DATAFLOW,OECD.ITF:DSD_TRENDS@DF_TRENDSSAFETY(1.0),,I,HUN,,A,,INJURED,,PS,,ROAD,,_T,,_T,,1984,,24764,,A,,0,,1,
DATAFLOW,OECD.ITF:DSD_TRENDS@DF_TRENDSSAFETY(1.0),,I,HUN,,A,,INJURED,,PS,,ROAD,,_T,,_T,,1985,,24840,,A,,0,,1,
DATAFLOW,OECD.ITF:DSD_TRENDS@DF_TRENDSSAFETY(1.0),,I,HUN,,A,,INJURED,,PS,,ROAD,,_T,,_T,,1986,,24822,,A,,0,,1,
DATAFLOW,OECD.ITF:DSD_TRENDS@DF_TRENDSSAFETY(1.0),,I,HUN,,A,,INJURED,,PS,,ROAD,,_T,,_T,,1987,,25482,,A,,0,,1,
DATAFLOW,OECD.ITF:DSD_TRENDS@DF_TRENDSSAFETY(1.0),,I,HUN,,A,,INJURED,,PS,,ROAD,,_T,,_T,,1988,,27776,,A,,0,,1,
DATAFLOW,OECD.ITF:DSD_TRENDS@DF_TRENDSSAFETY(1.0),,I,HUN,,A,,INJURED,,PS,,ROAD,,_T,,_T,,1989,,32052,,A,,0,,1,
DATAFLOW,OECD.ITF:DSD_TRENDS@DF_TRENDSSAFETY(1.0),,I,HUN,,A,,INJURED,,PS,,ROAD,,_T,,_T,,1990,,36996,,A,,0,,1,
DATAFLOW,OECD.ITF:DSD_TRENDS@DF_TRENDSSAFETY(1.0),,I,HUN,,A,,INJURED,,PS,,ROAD,,_T,,_T,,1991,,32676,,A,,0,,1,
DATAFLOW,OECD.ITF:DSD_TRENDS@DF_TRENDSSAFETY(1.0),,I,HUN,,A,,INJURED,,PS,,ROAD,,_T,,_T,,1992,,32577,,A,,0,,1,
DATAFLOW,OECD.ITF:DSD_TRENDS@DF_TRENDSSAFETY(1.0),,I,HUN,,A,,INJURED,,PS,,ROAD,,_T,,_T,,1993,,25430,,A,,0,,1,
DATAFLOW,OECD.ITF:DSD_TRENDS@DF_TRENDSSAFETY(1.0),,I,HUN,,A,,INJURED,,PS,,ROAD,,_T,,_T,,1994,,26961,,A,,0,,1,
DATAFLOW,OECD.ITF:DSD_TRENDS@DF_TRENDSSAFETY(1.0),,I,HUN,,A,,INJURED,,PS,,ROAD,,_T,,_T,,1995,,25886,,A,,0,,1,
DATAFLOW,OECD.ITF:DSD_TRENDS@DF_TRENDSSAFETY(1.0),,I,HUN,,A,,INJURED,,PS,,ROAD,,_T,,_T,,1996,,23939,,A,,0,,1,
DATAFLOW,OECD.ITF:DSD_TRENDS@DF_TRENDSSAFETY(1.0),,I,HUN,,A,,INJURED,,PS,,ROAD,,_T,,_T,,1997,,24757,,A,,0,,1,
DATAFLOW,OECD.ITF:DSD_TRENDS@DF_TRENDSSAFETY(1.0),,I,HUN,,A,,INJURED,,PS,,ROAD,,_T,,_T,,1998,,26392,,A,,0,,1,
DATAFLOW,OECD.ITF:DSD_TRENDS@DF_TRENDSSAFETY(1.0),,I,HUN,,A,,INJURED,,PS,,ROAD,,_T,,_T,,1999,,24670,,A,,0,,1,
DATAFLOW,OECD.ITF:DSD_TRENDS@DF_TRENDSSAFETY(1.0),,I,HUN,,A,,INJURED,,PS,,ROAD,,_T,,_T,,2000,,22698,,A,,0,,1,
DATAFLOW,OECD.ITF:DSD_TRENDS@DF_TRENDSSAFETY(1.0),,I,HUN,,A,,INJURED,,PS,,ROAD,,_T,,_T,,2001,,24149,,A,,0,,1,
DATAFLOW,OECD.ITF:DSD_TRENDS@DF_TRENDSSAFETY(1.0),,I,HUN,,A,,INJURED,,PS,,ROAD,,_T,,_T,,2002,,25978,,A,,0,,1,
DATAFLOW,OECD.ITF:DSD_TRENDS@DF_TRENDSSAFETY(1.0),,I,HUN,,A,,INJURED,,PS,,ROAD,,_T,,_T,,2003,,26627,,A,,0,,1,
DATAFLOW,OECD.ITF:DSD_TRENDS@DF_TRENDSSAFETY(1.0),,I,HUN,,A,,INJURED,,PS,,ROAD,,_T,,_T,,2004,,28054,,A,,0,,1,
DATAFLOW,OECD.ITF:DSD_TRENDS@DF_TRENDSSAFETY(1.0),,I,HUN,,A,,INJURED,,PS,,ROAD,,_T,,_T,,2005,,27505,,A,,0,,1,
DATAFLOW,OECD.ITF:DSD_TRENDS@DF_TRENDSSAFETY(1.0),,I,HUN,,A,,INJURED,,PS,,ROAD,,_T,,_T,,2006,,27977,,A,,0,,1,
DATAFLOW,OECD.ITF:DSD_TRENDS@DF_TRENDSSAFETY(1.0),,I,HUN,,A,,INJURED,,PS,,ROAD,,_T,,_T,,2007,,27452,,A,,0,,1,
DATAFLOW,OECD.ITF:DSD_TRENDS@DF_TRENDSSAFETY(1.0),,I,HUN,,A,,INJURED,,PS,,ROAD,,_T,,_T,,2008,,25369,,A,,0,,1,
DATAFLOW,OECD.ITF:DSD_TRENDS@DF_TRENDSSAFETY(1.0),,I,HUN,,A,,INJURED,,PS,,ROAD,,_T,,_T,,2009,,23274,,A,,0,,1,
DATAFLOW,OECD.ITF:DSD_TRENDS@DF_TRENDSSAFETY(1.0),,I,HUN,,A,,INJURED,,PS,,ROAD,,_T,,_T,,2010,,20917,,A,,0,,1,
DATAFLOW,OECD.ITF:DSD_TRENDS@DF_TRENDSSAFETY(1.0),,I,HUN,,A,,INJURED,,PS,,ROAD,,_T,,_T,,2011,,20172,,A,,0,,1,
DATAFLOW,OECD.ITF:DSD_TRENDS@DF_TRENDSSAFETY(1.0),,I,HUN,,A,,INJURED,,PS,,ROAD,,_T,,_T,,2012,,18979,,A,,0,,1,
DATAFLOW,OECD.ITF:DSD_TRENDS@DF_TRENDSSAFETY(1.0),,I,HUN,,A,,INJURED,,PS,,ROAD,,_T,,_T,,2013,,20090,,A,,0,,1,
DATAFLOW,OECD.ITF:DSD_TRENDS@DF_TRENDSSAFETY(1.0),,I,HUN,,A,,INJURED,,PS,,ROAD,,_T,,_T,,2014,,20124,,A,,0,,1,
DATAFLOW,OECD.ITF:DSD_TRENDS@DF_TRENDSSAFETY(1.0),,I,HUN,,A,,INJURED,,PS,,ROAD,,_T,,_T,,2015,,20899,,A,,0,,1,
DATAFLOW,OECD.ITF:DSD_TRENDS@DF_TRENDSSAFETY(1.0),,I,HUN,,A,,INJURED,,PS,,ROAD,,_T,,_T,,2016,,21329,,A,,0,,1,
DATAFLOW,OECD.ITF:DSD_TRENDS@DF_TRENDSSAFETY(1.0),,I,HUN,,A,,INJURED,,PS,,ROAD,,_T,,_T,,2017,,21451,,A,,0,,1,
DATAFLOW,OECD.ITF:DSD_TRENDS@DF_TRENDSSAFETY(1.0),,I,HUN,,A,,INJURED,,PS,,ROAD,,_T,,_T,,2018,,21999,,A,,0,,1,
DATAFLOW,OECD.ITF:DSD_TRENDS@DF_TRENDSSAFETY(1.0),,I,HUN,,A,,INJURED,,PS,,ROAD,,_T,,_T,,2019,,21596,,A,,0,,1,
DATAFLOW,OECD.ITF:DSD_TRENDS@DF_TRENDSSAFETY(1.0),,I,HUN,,A,,INJURED,,PS,,ROAD,,_T,,_T,,2020,,17716,,A,,0,,1,
DATAFLOW,OECD.ITF:DSD_TRENDS@DF_TRENDSSAFETY(1.0),,I,HUN,,A,,INJURED,,PS,,ROAD,,_T,,_T,,2021,,18599,,A,,0,,1,
DATAFLOW,OECD.ITF:DSD_TRENDS@DF_TRENDSSAFETY(1.0),,I,HUN,,A,,INJURED,,PS,,ROAD,,_T,,_T,,2022,,19546,,A,,0,,1,
DATAFLOW,OECD.ITF:DSD_TRENDS@DF_TRENDSSAFETY(1.0),,I,HUN,,A,,INJURED,,PS,,ROAD,,_T,,_T,,2023,,18746,,A,,0,,1,
DATAFLOW,OECD.ITF:DSD_TRENDS@DF_TRENDSSAFETY(1.0),,I,HUN,,A,,INJURED,,PS,,ROAD,,_T,,_T,,2024,,19365,,A,,0,,1,
DATAFLOW,OECD.ITF:DSD_TRENDS@DF_TRENDSSAFETY(1.0),,I,ISL,,A,,INJURED,,PS,,ROAD,,_T,,_T,,1970,,892,,A,,0,,1,
DATAFLOW,OECD.ITF:DSD_TRENDS@DF_TRENDSSAFETY(1.0),,I,ISL,,A,,INJURED,,PS,,ROAD,,_T,,_T,,1971,,1044,,A,,0,,1,
DATAFLOW,OECD.ITF:DSD_TRENDS@DF_TRENDSSAFETY(1.0),,I,ISL,,A,,INJURED,,PS,,ROAD,,_T,,_T,,1972,,1172,,A,,0,,1,
DATAFLOW,OECD.ITF:DSD_TRENDS@DF_TRENDSSAFETY(1.0),,I,ISL,,A,,INJURED,,PS,,ROAD,,_T,,_T,,1973,,1192,,A,,0,,1,
DATAFLOW,OECD.ITF:DSD_TRENDS@DF_TRENDSSAFETY(1.0),,I,ISL,,A,,INJURED,,PS,,ROAD,,_T,,_T,,1974,,1319,,A,,0,,1,
DATAFLOW,OECD.ITF:DSD_TRENDS@DF_TRENDSSAFETY(1.0),,I,ISL,,A,,INJURED,,PS,,ROAD,,_T,,_T,,1975,,641,,A,,0,,1,
DATAFLOW,OECD.ITF:DSD_TRENDS@DF_TRENDSSAFETY(1.0),,I,ISL,,A,,INJURED,,PS,,ROAD,,_T,,_T,,1976,,528,,A,,0,,1,
DATAFLOW,OECD.ITF:DSD_TRENDS@DF_TRENDSSAFETY(1.0),,I,ISL,,A,,INJURED,,PS,,ROAD,,_T,,_T,,1977,,499,,A,,0,,1,
DATAFLOW,OECD.ITF:DSD_TRENDS@DF_TRENDSSAFETY(1.0),,I,ISL,,A,,INJURED,,PS,,ROAD,,_T,,_T,,1978,,682,,A,,0,,1,
DATAFLOW,OECD.ITF:DSD_TRENDS@DF_TRENDSSAFETY(1.0),,I,ISL,,A,,INJURED,,PS,,ROAD,,_T,,_T,,1979,,561,,A,,0,,1,
DATAFLOW,OECD.ITF:DSD_TRENDS@DF_TRENDSSAFETY(1.0),,I,ISL,,A,,INJURED,,PS,,ROAD,,_T,,_T,,1980,,661,,A,,0,,1,
DATAFLOW,OECD.ITF:DSD_TRENDS@DF_TRENDSSAFETY(1.0),,I,ISL,,A,,INJURED,,PS,,ROAD,,_T,,_T,,1981,,683,,A,,0,,1,
DATAFLOW,OECD.ITF:DSD_TRENDS@DF_TRENDSSAFETY(1.0),,I,ISL,,A,,INJURED,,PS,,ROAD,,_T,,_T,,1982,,720,,A,,0,,1,
DATAFLOW,OECD.ITF:DSD_TRENDS@DF_TRENDSSAFETY(1.0),,I,ISL,,A,,INJURED,,PS,,ROAD,,_T,,_T,,1983,,595,,A,,0,,1,
DATAFLOW,OECD.ITF:DSD_TRENDS@DF_TRENDSSAFETY(1.0),,I,ISL,,A,,INJURED,,PS,,ROAD,,_T,,_T,,1984,,735,,A,,0,,1,
DATAFLOW,OECD.ITF:DSD_TRENDS@DF_TRENDSSAFETY(1.0),,I,ISL,,A,,INJURED,,PS,,ROAD,,_T,,_T,,1985,,865,,A,,0,,1,
DATAFLOW,OECD.ITF:DSD_TRENDS@DF_TRENDSSAFETY(1.0),,I,ISL,,A,,INJURED,,PS,,ROAD,,_T,,_T,,1986,,744,,A,,0,,1,
DATAFLOW,OECD.ITF:DSD_TRENDS@DF_TRENDSSAFETY(1.0),,I,ISL,,A,,INJURED,,PS,,ROAD,,_T,,_T,,1987,,931,,A,,0,,1,
DATAFLOW,OECD.ITF:DSD_TRENDS@DF_TRENDSSAFETY(1.0),,I,ISL,,A,,INJURED,,PS,,ROAD,,_T,,_T,,1988,,882,,A,,0,,1,
DATAFLOW,OECD.ITF:DSD_TRENDS@DF_TRENDSSAFETY(1.0),,I,ISL,,A,,INJURED,,PS,,ROAD,,_T,,_T,,1989,,775,,A,,0,,1,
DATAFLOW,OECD.ITF:DSD_TRENDS@DF_TRENDSSAFETY(1.0),,I,ISL,,A,,INJURED,,PS,,ROAD,,_T,,_T,,1990,,833,,A,,0,,1,
DATAFLOW,OECD.ITF:DSD_TRENDS@DF_TRENDSSAFETY(1.0),,I,ISL,,A,,INJURED,,PS,,ROAD,,_T,,_T,,1991,,1101,,A,,0,,1,
DATAFLOW,OECD.ITF:DSD_TRENDS@DF_TRENDSSAFETY(1.0),,I,ISL,,A,,INJURED,,PS,,ROAD,,_T,,_T,,1992,,1306,,A,,0,,1,
DATAFLOW,OECD.ITF:DSD_TRENDS@DF_TRENDSSAFETY(1.0),,I,ISL,,A,,INJURED,,PS,,ROAD,,_T,,_T,,1993,,1417,,A,,0,,1,
DATAFLOW,OECD.ITF:DSD_TRENDS@DF_TRENDSSAFETY(1.0),,I,ISL,,A,,INJURED,,PS,,ROAD,,_T,,_T,,1994,,1461,,A,,0,,1,
DATAFLOW,OECD.ITF:DSD_TRENDS@DF_TRENDSSAFETY(1.0),,I,ISL,,A,,INJURED,,PS,,ROAD,,_T,,_T,,1995,,1631,,A,,0,,1,
DATAFLOW,OECD.ITF:DSD_TRENDS@DF_TRENDSSAFETY(1.0),,I,ISL,,A,,INJURED,,PS,,ROAD,,_T,,_T,,1996,,1558,,A,,0,,1,
DATAFLOW,OECD.ITF:DSD_TRENDS@DF_TRENDSSAFETY(1.0),,I,ISL,,A,,INJURED,,PS,,ROAD,,_T,,_T,,1997,,1496,,A,,0,,1,
DATAFLOW,OECD.ITF:DSD_TRENDS@DF_TRENDSSAFETY(1.0),,I,ISL,,A,,INJURED,,PS,,ROAD,,_T,,_T,,1998,,1578,,A,,0,,1,
DATAFLOW,OECD.ITF:DSD_TRENDS@DF_TRENDSSAFETY(1.0),,I,ISL,,A,,INJURED,,PS,,ROAD,,_T,,_T,,1999,,1705,,A,,0,,1,
DATAFLOW,OECD.ITF:DSD_TRENDS@DF_TRENDSSAFETY(1.0),,I,ISL,,A,,INJURED,,PS,,ROAD,,_T,,_T,,2000,,1488,,A,,0,,1,
DATAFLOW,OECD.ITF:DSD_TRENDS@DF_TRENDSSAFETY(1.0),,I,ISL,,A,,INJURED,,PS,,ROAD,,_T,,_T,,2001,,1278,,A,,0,,1,
DATAFLOW,OECD.ITF:DSD_TRENDS@DF_TRENDSSAFETY(1.0),,I,ISL,,A,,INJURED,,PS,,ROAD,,_T,,_T,,2002,,1485,,A,,0,,1,
DATAFLOW,OECD.ITF:DSD_TRENDS@DF_TRENDSSAFETY(1.0),,I,ISL,,A,,INJURED,,PS,,ROAD,,_T,,_T,,2003,,1221,,A,,0,,1,
DATAFLOW,OECD.ITF:DSD_TRENDS@DF_TRENDSSAFETY(1.0),,I,ISL,,A,,INJURED,,PS,,ROAD,,_T,,_T,,2004,,1156,,A,,0,,1,
DATAFLOW,OECD.ITF:DSD_TRENDS@DF_TRENDSSAFETY(1.0),,I,ISL,,A,,INJURED,,PS,,ROAD,,_T,,_T,,2005,,1013,,A,,0,,1,
DATAFLOW,OECD.ITF:DSD_TRENDS@DF_TRENDSSAFETY(1.0),,I,ISL,,A,,INJURED,,PS,,ROAD,,_T,,_T,,2006,,1327,,A,,0,,1,
DATAFLOW,OECD.ITF:DSD_TRENDS@DF_TRENDSSAFETY(1.0),,I,ISL,,A,,INJURED,,PS,,ROAD,,_T,,_T,,2007,,1658,,A,,0,,1,
DATAFLOW,OECD.ITF:DSD_TRENDS@DF_TRENDSSAFETY(1.0),,I,ISL,,A,,INJURED,,PS,,ROAD,,_T,,_T,,2008,,1573,,A,,0,,1,
DATAFLOW,OECD.ITF:DSD_TRENDS@DF_TRENDSSAFETY(1.0),,I,ISL,,A,,INJURED,,PS,,ROAD,,_T,,_T,,2009,,1282,,A,,0,,1,
DATAFLOW,OECD.ITF:DSD_TRENDS@DF_TRENDSSAFETY(1.0),,I,ISL,,A,,INJURED,,PS,,ROAD,,_T,,_T,,2010,,1253,,A,,0,,1,
DATAFLOW,OECD.ITF:DSD_TRENDS@DF_TRENDSSAFETY(1.0),,I,ISL,,A,,INJURED,,PS,,ROAD,,_T,,_T,,2011,,1205,,A,,0,,1,
DATAFLOW,OECD.ITF:DSD_TRENDS@DF_TRENDSSAFETY(1.0),,I,ISL,,A,,INJURED,,PS,,ROAD,,_T,,_T,,2012,,1035,,A,,0,,1,
DATAFLOW,OECD.ITF:DSD_TRENDS@DF_TRENDSSAFETY(1.0),,I,ISL,,A,,INJURED,,PS,,ROAD,,_T,,_T,,2013,,1217,,A,,0,,1,
DATAFLOW,OECD.ITF:DSD_TRENDS@DF_TRENDSSAFETY(1.0),,I,ISL,,A,,INJURED,,PS,,ROAD,,_T,,_T,,2014,,1168,,A,,0,,1,
DATAFLOW,OECD.ITF:DSD_TRENDS@DF_TRENDSSAFETY(1.0),,I,ISL,,A,,INJURED,,PS,,ROAD,,_T,,_T,,2015,,1308,,A,,0,,1,
DATAFLOW,OECD.ITF:DSD_TRENDS@DF_TRENDSSAFETY(1.0),,I,ISL,,A,,INJURED,,PS,,ROAD,,_T,,_T,,2016,,1411,,A,,0,,1,
DATAFLOW,OECD.ITF:DSD_TRENDS@DF_TRENDSSAFETY(1.0),,I,ISL,,A,,INJURED,,PS,,ROAD,,_T,,_T,,2017,,1371,,A,,0,,1,
DATAFLOW,OECD.ITF:DSD_TRENDS@DF_TRENDSSAFETY(1.0),,I,ISL,,A,,INJURED,,PS,,ROAD,,_T,,_T,,2018,,1271,,A,,0,,1,
DATAFLOW,OECD.ITF:DSD_TRENDS@DF_TRENDSSAFETY(1.0),,I,ISL,,A,,INJURED,,PS,,ROAD,,_T,,_T,,2019,,1130,,A,,0,,1,
DATAFLOW,OECD.ITF:DSD_TRENDS@DF_TRENDSSAFETY(1.0),,I,ISL,,A,,INJURED,,PS,,ROAD,,_T,,_T,,2020,,1007,,A,,0,,1,
DATAFLOW,OECD.ITF:DSD_TRENDS@DF_TRENDSSAFETY(1.0),,I,ISL,,A,,INJURED,,PS,,ROAD,,_T,,_T,,2021,,1153,,A,,0,,1,
DATAFLOW,OECD.ITF:DSD_TRENDS@DF_TRENDSSAFETY(1.0),,I,ISL,,A,,INJURED,,PS,,ROAD,,_T,,_T,,2022,,1121,,A,,0,,1,
DATAFLOW,OECD.ITF:DSD_TRENDS@DF_TRENDSSAFETY(1.0),,I,IRL,,A,,INJURED,,PS,,ROAD,,_T,,_T,,1970,,9269,,A,,0,,1,
DATAFLOW,OECD.ITF:DSD_TRENDS@DF_TRENDSSAFETY(1.0),,I,IRL,,A,,INJURED,,PS,,ROAD,,_T,,_T,,1971,,9629,,A,,0,,1,
DATAFLOW,OECD.ITF:DSD_TRENDS@DF_TRENDSSAFETY(1.0),,I,IRL,,A,,INJURED,,PS,,ROAD,,_T,,_T,,1972,,8955,,A,,0,,1,
DATAFLOW,OECD.ITF:DSD_TRENDS@DF_TRENDSSAFETY(1.0),,I,IRL,,A,,INJURED,,PS,,ROAD,,_T,,_T,,1973,,8762,,A,,0,,1,
DATAFLOW,OECD.ITF:DSD_TRENDS@DF_TRENDSSAFETY(1.0),,I,IRL,,A,,INJURED,,PS,,ROAD,,_T,,_T,,1974,,8288,,A,,0,,1,
DATAFLOW,OECD.ITF:DSD_TRENDS@DF_TRENDSSAFETY(1.0),,I,IRL,,A,,INJURED,,PS,,ROAD,,_T,,_T,,1975,,7198,,A,,0,,1,
DATAFLOW,OECD.ITF:DSD_TRENDS@DF_TRENDSSAFETY(1.0),,I,IRL,,A,,INJURED,,PS,,ROAD,,_T,,_T,,1976,,7798,,A,,0,,1,
DATAFLOW,OECD.ITF:DSD_TRENDS@DF_TRENDSSAFETY(1.0),,I,IRL,,A,,INJURED,,PS,,ROAD,,_T,,_T,,1977,,8515,,A,,0,,1,
DATAFLOW,OECD.ITF:DSD_TRENDS@DF_TRENDSSAFETY(1.0),,I,IRL,,A,,INJURED,,PS,,ROAD,,_T,,_T,,1978,,9313,,A,,0,,1,
DATAFLOW,OECD.ITF:DSD_TRENDS@DF_TRENDSSAFETY(1.0),,I,IRL,,A,,INJURED,,PS,,ROAD,,_T,,_T,,1979,,8250,,A,,0,,1,
DATAFLOW,OECD.ITF:DSD_TRENDS@DF_TRENDSSAFETY(1.0),,I,IRL,,A,,INJURED,,PS,,ROAD,,_T,,_T,,1980,,8504,,A,,0,,1,
DATAFLOW,OECD.ITF:DSD_TRENDS@DF_TRENDSSAFETY(1.0),,I,IRL,,A,,INJURED,,PS,,ROAD,,_T,,_T,,1981,,8283,,A,,0,,1,
DATAFLOW,OECD.ITF:DSD_TRENDS@DF_TRENDSSAFETY(1.0),,I,IRL,,A,,INJURED,,PS,,ROAD,,_T,,_T,,1982,,8006,,A,,0,,1,
DATAFLOW,OECD.ITF:DSD_TRENDS@DF_TRENDSSAFETY(1.0),,I,IRL,,A,,INJURED,,PS,,ROAD,,_T,,_T,,1983,,7946,,A,,0,,1,
DATAFLOW,OECD.ITF:DSD_TRENDS@DF_TRENDSSAFETY(1.0),,I,IRL,,A,,INJURED,,PS,,ROAD,,_T,,_T,,1984,,8210,,A,,0,,1,
DATAFLOW,OECD.ITF:DSD_TRENDS@DF_TRENDSSAFETY(1.0),,I,IRL,,A,,INJURED,,PS,,ROAD,,_T,,_T,,1985,,7818,,A,,0,,1,
DATAFLOW,OECD.ITF:DSD_TRENDS@DF_TRENDSSAFETY(1.0),,I,IRL,,A,,INJURED,,PS,,ROAD,,_T,,_T,,1986,,8329,,A,,0,,1,
DATAFLOW,OECD.ITF:DSD_TRENDS@DF_TRENDSSAFETY(1.0),,I,IRL,,A,,INJURED,,PS,,ROAD,,_T,,_T,,1987,,8409,,A,,0,,1,
DATAFLOW,OECD.ITF:DSD_TRENDS@DF_TRENDSSAFETY(1.0),,I,IRL,,A,,INJURED,,PS,,ROAD,,_T,,_T,,1988,,8437,,A,,0,,1,
DATAFLOW,OECD.ITF:DSD_TRENDS@DF_TRENDSSAFETY(1.0),,I,IRL,,A,,INJURED,,PS,,ROAD,,_T,,_T,,1989,,8803,,A,,0,,1,
DATAFLOW,OECD.ITF:DSD_TRENDS@DF_TRENDSSAFETY(1.0),,I,IRL,,A,,INJURED,,PS,,ROAD,,_T,,_T,,1990,,9429,,A,,0,,1,
DATAFLOW,OECD.ITF:DSD_TRENDS@DF_TRENDSSAFETY(1.0),,I,IRL,,A,,INJURED,,PS,,ROAD,,_T,,_T,,1991,,9874,,A,,0,,1,
DATAFLOW,OECD.ITF:DSD_TRENDS@DF_TRENDSSAFETY(1.0),,I,IRL,,A,,INJURED,,PS,,ROAD,,_T,,_T,,1992,,10188,,A,,0,,1,
DATAFLOW,OECD.ITF:DSD_TRENDS@DF_TRENDSSAFETY(1.0),,I,IRL,,A,,INJURED,,PS,,ROAD,,_T,,_T,,1993,,9831,,A,,0,,1,
DATAFLOW,OECD.ITF:DSD_TRENDS@DF_TRENDSSAFETY(1.0),,I,IRL,,A,,INJURED,,PS,,ROAD,,_T,,_T,,1994,,10229,,A,,0,,1,
DATAFLOW,OECD.ITF:DSD_TRENDS@DF_TRENDSSAFETY(1.0),,I,IRL,,A,,INJURED,,PS,,ROAD,,_T,,_T,,1995,,12673,,A,,0,,1,
DATAFLOW,OECD.ITF:DSD_TRENDS@DF_TRENDSSAFETY(1.0),,I,IRL,,A,,INJURED,,PS,,ROAD,,_T,,_T,,1996,,13319,,A,,0,,1,
DATAFLOW,OECD.ITF:DSD_TRENDS@DF_TRENDSSAFETY(1.0),,I,IRL,,A,,INJURED,,PS,,ROAD,,_T,,_T,,1997,,13115,,A,,0,,1,
DATAFLOW,OECD.ITF:DSD_TRENDS@DF_TRENDSSAFETY(1.0),,I,IRL,,A,,INJURED,,PS,,ROAD,,_T,,_T,,1998,,12773,,A,,0,,1,
DATAFLOW,OECD.ITF:DSD_TRENDS@DF_TRENDSSAFETY(1.0),,I,IRL,,A,,INJURED,,PS,,ROAD,,_T,,_T,,1999,,12340,,A,,0,,1,
DATAFLOW,OECD.ITF:DSD_TRENDS@DF_TRENDSSAFETY(1.0),,I,IRL,,A,,INJURED,,PS,,ROAD,,_T,,_T,,2000,,12043,,A,,0,,1,
DATAFLOW,OECD.ITF:DSD_TRENDS@DF_TRENDSSAFETY(1.0),,I,IRL,,A,,INJURED,,PS,,ROAD,,_T,,_T,,2001,,10222,,A,,0,,1,
DATAFLOW,OECD.ITF:DSD_TRENDS@DF_TRENDSSAFETY(1.0),,I,IRL,,A,,INJURED,,PS,,ROAD,,_T,,_T,,2002,,9206,,A,,0,,1,
DATAFLOW,OECD.ITF:DSD_TRENDS@DF_TRENDSSAFETY(1.0),,I,IRL,,A,,INJURED,,PS,,ROAD,,_T,,_T,,2003,,8262,,A,,0,,1,
DATAFLOW,OECD.ITF:DSD_TRENDS@DF_TRENDSSAFETY(1.0),,I,IRL,,A,,INJURED,,PS,,ROAD,,_T,,_T,,2004,,7867,,A,,0,,1,
DATAFLOW,OECD.ITF:DSD_TRENDS@DF_TRENDSSAFETY(1.0),,I,IRL,,A,,INJURED,,PS,,ROAD,,_T,,_T,,2005,,9318,,A,,0,,1,
DATAFLOW,OECD.ITF:DSD_TRENDS@DF_TRENDSSAFETY(1.0),,I,IRL,,A,,INJURED,,PS,,ROAD,,_T,,_T,,2006,,8575,,A,,0,,1,
DATAFLOW,OECD.ITF:DSD_TRENDS@DF_TRENDSSAFETY(1.0),,I,IRL,,A,,INJURED,,PS,,ROAD,,_T,,_T,,2007,,7806,,A,,0,,1,
DATAFLOW,OECD.ITF:DSD_TRENDS@DF_TRENDSSAFETY(1.0),,I,IRL,,A,,INJURED,,PS,,ROAD,,_T,,_T,,2008,,7921,,A,,0,,1,
DATAFLOW,OECD.ITF:DSD_TRENDS@DF_TRENDSSAFETY(1.0),,I,IRL,,A,,INJURED,,PS,,ROAD,,_T,,_T,,2009,,9742,,A,,0,,1,
DATAFLOW,OECD.ITF:DSD_TRENDS@DF_TRENDSSAFETY(1.0),,I,IRL,,A,,INJURED,,PS,,ROAD,,_T,,_T,,2010,,8270,,A,,0,,1,
DATAFLOW,OECD.ITF:DSD_TRENDS@DF_TRENDSSAFETY(1.0),,I,IRL,,A,,INJURED,,PS,,ROAD,,_T,,_T,,2011,,7235,,A,,0,,1,
DATAFLOW,OECD.ITF:DSD_TRENDS@DF_TRENDSSAFETY(1.0),,I,IRL,,A,,INJURED,,PS,,ROAD,,_T,,_T,,2012,,7942,,A,,0,,1,
DATAFLOW,OECD.ITF:DSD_TRENDS@DF_TRENDSSAFETY(1.0),,I,IRL,,A,,INJURED,,PS,,ROAD,,_T,,_T,,2013,,6880,,A,,0,,1,
DATAFLOW,OECD.ITF:DSD_TRENDS@DF_TRENDSSAFETY(1.0),,I,IRL,,A,,INJURED,,PS,,ROAD,,_T,,_T,,2014,,8079,,A,,0,,1,
DATAFLOW,OECD.ITF:DSD_TRENDS@DF_TRENDSSAFETY(1.0),,I,IRL,,A,,INJURED,,PS,,ROAD,,_T,,_T,,2015,,7840,,A,,0,,1,
DATAFLOW,OECD.ITF:DSD_TRENDS@DF_TRENDSSAFETY(1.0),,I,IRL,,A,,INJURED,,PS,,ROAD,,_T,,_T,,2016,,7773,,A,,0,,1,
DATAFLOW,OECD.ITF:DSD_TRENDS@DF_TRENDSSAFETY(1.0),,I,IRL,,A,,INJURED,,PS,,ROAD,,_T,,_T,,2017,,7779,,A,,0,,1,
DATAFLOW,OECD.ITF:DSD_TRENDS@DF_TRENDSSAFETY(1.0),,I,IRL,,A,,INJURED,,PS,,ROAD,,_T,,_T,,2018,,7999,,A,,0,,1,
DATAFLOW,OECD.ITF:DSD_TRENDS@DF_TRENDSSAFETY(1.0),,I,IRL,,A,,INJURED,,PS,,ROAD,,_T,,_T,,2019,,8149,,A,,0,,1,
DATAFLOW,OECD.ITF:DSD_TRENDS@DF_TRENDSSAFETY(1.0),,I,IRL,,A,,INJURED,,PS,,ROAD,,_T,,_T,,2020,,5827,,A,,0,,1,
DATAFLOW,OECD.ITF:DSD_TRENDS@DF_TRENDSSAFETY(1.0),,I,ISR,,A,,INJURED,,PS,,ROAD,,_T,,_T,,1970,,18997,,A,,0,,1,
DATAFLOW,OECD.ITF:DSD_TRENDS@DF_TRENDSSAFETY(1.0),,I,ISR,,A,,INJURED,,PS,,ROAD,,_T,,_T,,1971,,20382,,A,,0,,1,
DATAFLOW,OECD.ITF:DSD_TRENDS@DF_TRENDSSAFETY(1.0),,I,ISR,,A,,INJURED,,PS,,ROAD,,_T,,_T,,1972,,21360,,A,,0,,1,
DATAFLOW,OECD.ITF:DSD_TRENDS@DF_TRENDSSAFETY(1.0),,I,ISR,,A,,INJURED,,PS,,ROAD,,_T,,_T,,1973,,21047,,A,,0,,1,
DATAFLOW,OECD.ITF:DSD_TRENDS@DF_TRENDSSAFETY(1.0),,I,ISR,,A,,INJURED,,PS,,ROAD,,_T,,_T,,1974,,20839,,A,,0,,1,
DATAFLOW,OECD.ITF:DSD_TRENDS@DF_TRENDSSAFETY(1.0),,I,ISR,,A,,INJURED,,PS,,ROAD,,_T,,_T,,1976,,21388,,A,,0,,1,
DATAFLOW,OECD.ITF:DSD_TRENDS@DF_TRENDSSAFETY(1.0),,I,ISR,,A,,INJURED,,PS,,ROAD,,_T,,_T,,1977,,23136,,A,,0,,1,
DATAFLOW,OECD.ITF:DSD_TRENDS@DF_TRENDSSAFETY(1.0),,I,ISR,,A,,INJURED,,PS,,ROAD,,_T,,_T,,1978,,24532,,A,,0,,1,
DATAFLOW,OECD.ITF:DSD_TRENDS@DF_TRENDSSAFETY(1.0),,I,ISR,,A,,INJURED,,PS,,ROAD,,_T,,_T,,1979,,21166,,A,,0,,1,
DATAFLOW,OECD.ITF:DSD_TRENDS@DF_TRENDSSAFETY(1.0),,I,ISR,,A,,INJURED,,PS,,ROAD,,_T,,_T,,1980,,18607,,A,,0,,1,
DATAFLOW,OECD.ITF:DSD_TRENDS@DF_TRENDSSAFETY(1.0),,I,ISR,,A,,INJURED,,PS,,ROAD,,_T,,_T,,1981,,19431,,A,,0,,1,
DATAFLOW,OECD.ITF:DSD_TRENDS@DF_TRENDSSAFETY(1.0),,I,ISR,,A,,INJURED,,PS,,ROAD,,_T,,_T,,1982,,19239,,A,,0,,1,
DATAFLOW,OECD.ITF:DSD_TRENDS@DF_TRENDSSAFETY(1.0),,I,ISR,,A,,INJURED,,PS,,ROAD,,_T,,_T,,1983,,20465,,A,,0,,1,
DATAFLOW,OECD.ITF:DSD_TRENDS@DF_TRENDSSAFETY(1.0),,I,ISR,,A,,INJURED,,PS,,ROAD,,_T,,_T,,1984,,19691,,A,,0,,1,
DATAFLOW,OECD.ITF:DSD_TRENDS@DF_TRENDSSAFETY(1.0),,I,ISR,,A,,INJURED,,PS,,ROAD,,_T,,_T,,1985,,19463,,A,,0,,1,
DATAFLOW,OECD.ITF:DSD_TRENDS@DF_TRENDSSAFETY(1.0),,I,ISR,,A,,INJURED,,PS,,ROAD,,_T,,_T,,1986,,22095,,A,,0,,1,
DATAFLOW,OECD.ITF:DSD_TRENDS@DF_TRENDSSAFETY(1.0),,I,ISR,,A,,INJURED,,PS,,ROAD,,_T,,_T,,1987,,23193,,A,,0,,1,
DATAFLOW,OECD.ITF:DSD_TRENDS@DF_TRENDSSAFETY(1.0),,I,ISR,,A,,INJURED,,PS,,ROAD,,_T,,_T,,1988,,23467,,A,,0,,1,
DATAFLOW,OECD.ITF:DSD_TRENDS@DF_TRENDSSAFETY(1.0),,I,ISR,,A,,INJURED,,PS,,ROAD,,_T,,_T,,1989,,24625,,A,,0,,1,
DATAFLOW,OECD.ITF:DSD_TRENDS@DF_TRENDSSAFETY(1.0),,I,ISR,,A,,INJURED,,PS,,ROAD,,_T,,_T,,1990,,28506,,A,,0,,1,
DATAFLOW,OECD.ITF:DSD_TRENDS@DF_TRENDSSAFETY(1.0),,I,ISR,,A,,INJURED,,PS,,ROAD,,_T,,_T,,1991,,33060,,A,,0,,1,
DATAFLOW,OECD.ITF:DSD_TRENDS@DF_TRENDSSAFETY(1.0),,I,ISR,,A,,INJURED,,PS,,ROAD,,_T,,_T,,1992,,39679,,A,,0,,1,
DATAFLOW,OECD.ITF:DSD_TRENDS@DF_TRENDSSAFETY(1.0),,I,ISR,,A,,INJURED,,PS,,ROAD,,_T,,_T,,1993,,40140,,A,,0,,1,
DATAFLOW,OECD.ITF:DSD_TRENDS@DF_TRENDSSAFETY(1.0),,I,ISR,,A,,INJURED,,PS,,ROAD,,_T,,_T,,1994,,38583,,A,,0,,1,
DATAFLOW,OECD.ITF:DSD_TRENDS@DF_TRENDSSAFETY(1.0),,I,ISR,,A,,INJURED,,PS,,ROAD,,_T,,_T,,1995,,40783,,A,,0,,1,
DATAFLOW,OECD.ITF:DSD_TRENDS@DF_TRENDSSAFETY(1.0),,I,ISR,,A,,INJURED,,PS,,ROAD,,_T,,_T,,1996,,48449,,A,,0,,1,
DATAFLOW,OECD.ITF:DSD_TRENDS@DF_TRENDSSAFETY(1.0),,I,ISR,,A,,INJURED,,PS,,ROAD,,_T,,_T,,1997,,49962,,A,,0,,1,
DATAFLOW,OECD.ITF:DSD_TRENDS@DF_TRENDSSAFETY(1.0),,I,ISR,,A,,INJURED,,PS,,ROAD,,_T,,_T,,1998,,51320,,A,,0,,1,
DATAFLOW,OECD.ITF:DSD_TRENDS@DF_TRENDSSAFETY(1.0),,I,ISR,,A,,INJURED,,PS,,ROAD,,_T,,_T,,1999,,47453,,A,,0,,1,
DATAFLOW,OECD.ITF:DSD_TRENDS@DF_TRENDSSAFETY(1.0),,I,ISR,,A,,INJURED,,PS,,ROAD,,_T,,_T,,2000,,41648,,A,,0,,1,
DATAFLOW,OECD.ITF:DSD_TRENDS@DF_TRENDSSAFETY(1.0),,I,ISR,,A,,INJURED,,PS,,ROAD,,_T,,_T,,2001,,38176,,A,,0,,1,
DATAFLOW,OECD.ITF:DSD_TRENDS@DF_TRENDSSAFETY(1.0),,I,ISR,,A,,INJURED,,PS,,ROAD,,_T,,_T,,2002,,39064,,A,,0,,1,
DATAFLOW,OECD.ITF:DSD_TRENDS@DF_TRENDSSAFETY(1.0),,I,ISR,,A,,INJURED,,PS,,ROAD,,_T,,_T,,2003,,37933,,A,,0,,1,
DATAFLOW,OECD.ITF:DSD_TRENDS@DF_TRENDSSAFETY(1.0),,I,ISR,,A,,INJURED,,PS,,ROAD,,_T,,_T,,2004,,37663,,A,,0,,1,
DATAFLOW,OECD.ITF:DSD_TRENDS@DF_TRENDSSAFETY(1.0),,I,ISR,,A,,INJURED,,PS,,ROAD,,_T,,_T,,2005,,36456,,A,,0,,1,
DATAFLOW,OECD.ITF:DSD_TRENDS@DF_TRENDSSAFETY(1.0),,I,ISR,,A,,INJURED,,PS,,ROAD,,_T,,_T,,2006,,36874,,A,,0,,1,
DATAFLOW,OECD.ITF:DSD_TRENDS@DF_TRENDSSAFETY(1.0),,I,ISR,,A,,INJURED,,PS,,ROAD,,_T,,_T,,2007,,33850,,A,,0,,1,
DATAFLOW,OECD.ITF:DSD_TRENDS@DF_TRENDSSAFETY(1.0),,I,ISR,,A,,INJURED,,PS,,ROAD,,_T,,_T,,2008,,32916,,A,,0,,1,
DATAFLOW,OECD.ITF:DSD_TRENDS@DF_TRENDSSAFETY(1.0),,I,ISR,,A,,INJURED,,PS,,ROAD,,_T,,_T,,2009,,32889,,A,,0,,1,
DATAFLOW,OECD.ITF:DSD_TRENDS@DF_TRENDSSAFETY(1.0),,I,ISR,,A,,INJURED,,PS,,ROAD,,_T,,_T,,2010,,29151,,A,,0,,1,
DATAFLOW,OECD.ITF:DSD_TRENDS@DF_TRENDSSAFETY(1.0),,I,ISR,,A,,INJURED,,PS,,ROAD,,_T,,_T,,2011,,28261,,A,,0,,1,
DATAFLOW,OECD.ITF:DSD_TRENDS@DF_TRENDSSAFETY(1.0),,I,ISR,,A,,INJURED,,PS,,ROAD,,_T,,_T,,2012,,25104,,A,,0,,1,
DATAFLOW,OECD.ITF:DSD_TRENDS@DF_TRENDSSAFETY(1.0),,I,ISR,,A,,INJURED,,PS,,ROAD,,_T,,_T,,2014,,23521,,A,,0,,1,
DATAFLOW,OECD.ITF:DSD_TRENDS@DF_TRENDSSAFETY(1.0),,I,ISR,,A,,INJURED,,PS,,ROAD,,_T,,_T,,2015,,23892,,A,,0,,1,
DATAFLOW,OECD.ITF:DSD_TRENDS@DF_TRENDSSAFETY(1.0),,I,ISR,,A,,INJURED,,PS,,ROAD,,_T,,_T,,2016,,23814,,A,,0,,1,
DATAFLOW,OECD.ITF:DSD_TRENDS@DF_TRENDSSAFETY(1.0),,I,ISR,,A,,INJURED,,PS,,ROAD,,_T,,_T,,2017,,24623,,A,,0,,1,
DATAFLOW,OECD.ITF:DSD_TRENDS@DF_TRENDSSAFETY(1.0),,I,ISR,,A,,INJURED,,PS,,ROAD,,_T,,_T,,2018,,22703,,A,,0,,1,
DATAFLOW,OECD.ITF:DSD_TRENDS@DF_TRENDSSAFETY(1.0),,I,ISR,,A,,INJURED,,PS,,ROAD,,_T,,_T,,2019,,22631,,A,,0,,1,
DATAFLOW,OECD.ITF:DSD_TRENDS@DF_TRENDSSAFETY(1.0),,I,ISR,,A,,INJURED,,PS,,ROAD,,_T,,_T,,2020,,17921,,A,,0,,1,
DATAFLOW,OECD.ITF:DSD_TRENDS@DF_TRENDSSAFETY(1.0),,I,ISR,,A,,INJURED,,PS,,ROAD,,_T,,_T,,2021,,19866,,A,,0,,1,
DATAFLOW,OECD.ITF:DSD_TRENDS@DF_TRENDSSAFETY(1.0),,I,ITA,,A,,INJURED,,PS,,ROAD,,_T,,_T,,1970,,239261,,A,,0,,1,
DATAFLOW,OECD.ITF:DSD_TRENDS@DF_TRENDSSAFETY(1.0),,I,ITA,,A,,INJURED,,PS,,ROAD,,_T,,_T,,1971,,255405,,A,,0,,1,
DATAFLOW,OECD.ITF:DSD_TRENDS@DF_TRENDSSAFETY(1.0),,I,ITA,,A,,INJURED,,PS,,ROAD,,_T,,_T,,1972,,279738,,A,,0,,1,
DATAFLOW,OECD.ITF:DSD_TRENDS@DF_TRENDSSAFETY(1.0),,I,ITA,,A,,INJURED,,PS,,ROAD,,_T,,_T,,1973,,277120,,A,,0,,1,
DATAFLOW,OECD.ITF:DSD_TRENDS@DF_TRENDSSAFETY(1.0),,I,ITA,,A,,INJURED,,PS,,ROAD,,_T,,_T,,1974,,244618,,A,,0,,1,
DATAFLOW,OECD.ITF:DSD_TRENDS@DF_TRENDSSAFETY(1.0),,I,ITA,,A,,INJURED,,PS,,ROAD,,_T,,_T,,1975,,240170,,A,,0,,1,
DATAFLOW,OECD.ITF:DSD_TRENDS@DF_TRENDSSAFETY(1.0),,I,ITA,,A,,INJURED,,PS,,ROAD,,_T,,_T,,1976,,227617,,A,,0,,1,
DATAFLOW,OECD.ITF:DSD_TRENDS@DF_TRENDSSAFETY(1.0),,I,ITA,,A,,INJURED,,PS,,ROAD,,_T,,_T,,1977,,218233,,A,,0,,1,
DATAFLOW,OECD.ITF:DSD_TRENDS@DF_TRENDSSAFETY(1.0),,I,ITA,,A,,INJURED,,PS,,ROAD,,_T,,_T,,1978,,216158,,A,,0,,1,
DATAFLOW,OECD.ITF:DSD_TRENDS@DF_TRENDSSAFETY(1.0),,I,ITA,,A,,INJURED,,PS,,ROAD,,_T,,_T,,1979,,230557,,A,,0,,1,
DATAFLOW,OECD.ITF:DSD_TRENDS@DF_TRENDSSAFETY(1.0),,I,ITA,,A,,INJURED,,PS,,ROAD,,_T,,_T,,1980,,232093,,A,,0,,1,
DATAFLOW,OECD.ITF:DSD_TRENDS@DF_TRENDSSAFETY(1.0),,I,ITA,,A,,INJURED,,PS,,ROAD,,_T,,_T,,1981,,233960,,A,,0,,1,
DATAFLOW,OECD.ITF:DSD_TRENDS@DF_TRENDSSAFETY(1.0),,I,ITA,,A,,INJURED,,PS,,ROAD,,_T,,_T,,1982,,225748,,A,,0,,1,
DATAFLOW,OECD.ITF:DSD_TRENDS@DF_TRENDSSAFETY(1.0),,I,ITA,,A,,INJURED,,PS,,ROAD,,_T,,_T,,1983,,228044,,A,,0,,1,
DATAFLOW,OECD.ITF:DSD_TRENDS@DF_TRENDSSAFETY(1.0),,I,ITA,,A,,INJURED,,PS,,ROAD,,_T,,_T,,1984,,225312,,A,,0,,1,
DATAFLOW,OECD.ITF:DSD_TRENDS@DF_TRENDSSAFETY(1.0),,I,ITA,,A,,INJURED,,PS,,ROAD,,_T,,_T,,1985,,223802,,A,,0,,1,
DATAFLOW,OECD.ITF:DSD_TRENDS@DF_TRENDSSAFETY(1.0),,I,ITA,,A,,INJURED,,PS,,ROAD,,_T,,_T,,1986,,220801,,A,,0,,1,
DATAFLOW,OECD.ITF:DSD_TRENDS@DF_TRENDSSAFETY(1.0),,I,ITA,,A,,INJURED,,PS,,ROAD,,_T,,_T,,1987,,224838,,A,,0,,1,
DATAFLOW,OECD.ITF:DSD_TRENDS@DF_TRENDSSAFETY(1.0),,I,ITA,,A,,INJURED,,PS,,ROAD,,_T,,_T,,1988,,235680,,A,,0,,1,
DATAFLOW,OECD.ITF:DSD_TRENDS@DF_TRENDSSAFETY(1.0),,I,ITA,,A,,INJURED,,PS,,ROAD,,_T,,_T,,1989,,223252,,A,,0,,1,
DATAFLOW,OECD.ITF:DSD_TRENDS@DF_TRENDSSAFETY(1.0),,I,ITA,,A,,INJURED,,PS,,ROAD,,_T,,_T,,1990,,228175,,A,,0,,1,
DATAFLOW,OECD.ITF:DSD_TRENDS@DF_TRENDSSAFETY(1.0),,I,ITA,,A,,INJURED,,PS,,ROAD,,_T,,_T,,1991,,248786,,A,,0,,1,
DATAFLOW,OECD.ITF:DSD_TRENDS@DF_TRENDSSAFETY(1.0),,I,ITA,,A,,INJURED,,PS,,ROAD,,_T,,_T,,1992,,249123,,A,,0,,1,
DATAFLOW,OECD.ITF:DSD_TRENDS@DF_TRENDSSAFETY(1.0),,I,ITA,,A,,INJURED,,PS,,ROAD,,_T,,_T,,1993,,223277,,A,,0,,1,
DATAFLOW,OECD.ITF:DSD_TRENDS@DF_TRENDSSAFETY(1.0),,I,ITA,,A,,INJURED,,PS,,ROAD,,_T,,_T,,1994,,246288,,A,,0,,1,
DATAFLOW,OECD.ITF:DSD_TRENDS@DF_TRENDSSAFETY(1.0),,I,ITA,,A,,INJURED,,PS,,ROAD,,_T,,_T,,1995,,266604,,A,,0,,1,
DATAFLOW,OECD.ITF:DSD_TRENDS@DF_TRENDSSAFETY(1.0),,I,ITA,,A,,INJURED,,PS,,ROAD,,_T,,_T,,1996,,278803,,A,,0,,1,
DATAFLOW,OECD.ITF:DSD_TRENDS@DF_TRENDSSAFETY(1.0),,I,ITA,,A,,INJURED,,PS,,ROAD,,_T,,_T,,1997,,277686,,A,,0,,1,
DATAFLOW,OECD.ITF:DSD_TRENDS@DF_TRENDSSAFETY(1.0),,I,ITA,,A,,INJURED,,PS,,ROAD,,_T,,_T,,1998,,300206,,A,,0,,1,
DATAFLOW,OECD.ITF:DSD_TRENDS@DF_TRENDSSAFETY(1.0),,I,ITA,,A,,INJURED,,PS,,ROAD,,_T,,_T,,1999,,329687,,A,,0,,1,
DATAFLOW,OECD.ITF:DSD_TRENDS@DF_TRENDSSAFETY(1.0),,I,ITA,,A,,INJURED,,PS,,ROAD,,_T,,_T,,2000,,367074,,A,,0,,1,
DATAFLOW,OECD.ITF:DSD_TRENDS@DF_TRENDSSAFETY(1.0),,I,ITA,,A,,INJURED,,PS,,ROAD,,_T,,_T,,2001,,373286,,A,,0,,1,
DATAFLOW,OECD.ITF:DSD_TRENDS@DF_TRENDSSAFETY(1.0),,I,ITA,,A,,INJURED,,PS,,ROAD,,_T,,_T,,2002,,378491,,A,,0,,1,
DATAFLOW,OECD.ITF:DSD_TRENDS@DF_TRENDSSAFETY(1.0),,I,ITA,,A,,INJURED,,PS,,ROAD,,_T,,_T,,2003,,356475,,A,,0,,1,
DATAFLOW,OECD.ITF:DSD_TRENDS@DF_TRENDSSAFETY(1.0),,I,ITA,,A,,INJURED,,PS,,ROAD,,_T,,_T,,2004,,343179,,A,,0,,1,
DATAFLOW,OECD.ITF:DSD_TRENDS@DF_TRENDSSAFETY(1.0),,I,ITA,,A,,INJURED,,PS,,ROAD,,_T,,_T,,2005,,334858,,A,,0,,1,
DATAFLOW,OECD.ITF:DSD_TRENDS@DF_TRENDSSAFETY(1.0),,I,ITA,,A,,INJURED,,PS,,ROAD,,_T,,_T,,2006,,332955,,A,,0,,1,
DATAFLOW,OECD.ITF:DSD_TRENDS@DF_TRENDSSAFETY(1.0),,I,ITA,,A,,INJURED,,PS,,ROAD,,_T,,_T,,2007,,325850,,A,,0,,1,
DATAFLOW,OECD.ITF:DSD_TRENDS@DF_TRENDSSAFETY(1.0),,I,ITA,,A,,INJURED,,PS,,ROAD,,_T,,_T,,2008,,310745,,A,,0,,1,
DATAFLOW,OECD.ITF:DSD_TRENDS@DF_TRENDSSAFETY(1.0),,I,ITA,,A,,INJURED,,PS,,ROAD,,_T,,_T,,2009,,307258,,A,,0,,1,
DATAFLOW,OECD.ITF:DSD_TRENDS@DF_TRENDSSAFETY(1.0),,I,ITA,,A,,INJURED,,PS,,ROAD,,_T,,_T,,2010,,304720,,A,,0,,1,
DATAFLOW,OECD.ITF:DSD_TRENDS@DF_TRENDSSAFETY(1.0),,I,ITA,,A,,INJURED,,PS,,ROAD,,_T,,_T,,2011,,292019,,A,,0,,1,
DATAFLOW,OECD.ITF:DSD_TRENDS@DF_TRENDSSAFETY(1.0),,I,ITA,,A,,INJURED,,PS,,ROAD,,_T,,_T,,2012,,266864,,A,,0,,1,
DATAFLOW,OECD.ITF:DSD_TRENDS@DF_TRENDSSAFETY(1.0),,I,ITA,,A,,INJURED,,PS,,ROAD,,_T,,_T,,2013,,258093,,A,,0,,1,
DATAFLOW,OECD.ITF:DSD_TRENDS@DF_TRENDSSAFETY(1.0),,I,ITA,,A,,INJURED,,PS,,ROAD,,_T,,_T,,2014,,251147,,A,,0,,1,
DATAFLOW,OECD.ITF:DSD_TRENDS@DF_TRENDSSAFETY(1.0),,I,ITA,,A,,INJURED,,PS,,ROAD,,_T,,_T,,2015,,246920,,A,,0,,1,
DATAFLOW,OECD.ITF:DSD_TRENDS@DF_TRENDSSAFETY(1.0),,I,ITA,,A,,INJURED,,PS,,ROAD,,_T,,_T,,2016,,249175,,A,,0,,1,
DATAFLOW,OECD.ITF:DSD_TRENDS@DF_TRENDSSAFETY(1.0),,I,ITA,,A,,INJURED,,PS,,ROAD,,_T,,_T,,2017,,246750,,A,,0,,1,
DATAFLOW,OECD.ITF:DSD_TRENDS@DF_TRENDSSAFETY(1.0),,I,ITA,,A,,INJURED,,PS,,ROAD,,_T,,_T,,2018,,242621,,A,,0,,1,
DATAFLOW,OECD.ITF:DSD_TRENDS@DF_TRENDSSAFETY(1.0),,I,ITA,,A,,INJURED,,PS,,ROAD,,_T,,_T,,2019,,241384,,A,,0,,1,
DATAFLOW,OECD.ITF:DSD_TRENDS@DF_TRENDSSAFETY(1.0),,I,ITA,,A,,INJURED,,PS,,ROAD,,_T,,_T,,2020,,159249,,A,,0,,1,
DATAFLOW,OECD.ITF:DSD_TRENDS@DF_TRENDSSAFETY(1.0),,I,ITA,,A,,INJURED,,PS,,ROAD,,_T,,_T,,2021,,204728,,A,,0,,1,
DATAFLOW,OECD.ITF:DSD_TRENDS@DF_TRENDSSAFETY(1.0),,I,ITA,,A,,INJURED,,PS,,ROAD,,_T,,_T,,2022,,223475,,A,,0,,1,
DATAFLOW,OECD.ITF:DSD_TRENDS@DF_TRENDSSAFETY(1.0),,I,ITA,,A,,INJURED,,PS,,ROAD,,_T,,_T,,2023,,224634,,A,,0,,1,
DATAFLOW,OECD.ITF:DSD_TRENDS@DF_TRENDSSAFETY(1.0),,I,ITA,,A,,INJURED,,PS,,ROAD,,_T,,_T,,2024,,233853,,A,,0,,1,
DATAFLOW,OECD.ITF:DSD_TRENDS@DF_TRENDSSAFETY(1.0),,I,JPN,,A,,INJURED,,PS,,ROAD,,_T,,_T,,1970,,976066,,A,,0,,1,
DATAFLOW,OECD.ITF:DSD_TRENDS@DF_TRENDSSAFETY(1.0),,I,JPN,,A,,INJURED,,PS,,ROAD,,_T,,_T,,1971,,944806,,A,,0,,1,
DATAFLOW,OECD.ITF:DSD_TRENDS@DF_TRENDSSAFETY(1.0),,I,JPN,,A,,INJURED,,PS,,ROAD,,_T,,_T,,1972,,884423,,A,,0,,1,
DATAFLOW,OECD.ITF:DSD_TRENDS@DF_TRENDSSAFETY(1.0),,I,JPN,,A,,INJURED,,PS,,ROAD,,_T,,_T,,1973,,785576,,A,,0,,1,
DATAFLOW,OECD.ITF:DSD_TRENDS@DF_TRENDSSAFETY(1.0),,I,JPN,,A,,INJURED,,PS,,ROAD,,_T,,_T,,1974,,647990,,A,,0,,1,
DATAFLOW,OECD.ITF:DSD_TRENDS@DF_TRENDSSAFETY(1.0),,I,JPN,,A,,INJURED,,PS,,ROAD,,_T,,_T,,1975,,619229,,A,,0,,1,
DATAFLOW,OECD.ITF:DSD_TRENDS@DF_TRENDSSAFETY(1.0),,I,JPN,,A,,INJURED,,PS,,ROAD,,_T,,_T,,1976,,611037,,A,,0,,1,
DATAFLOW,OECD.ITF:DSD_TRENDS@DF_TRENDSSAFETY(1.0),,I,JPN,,A,,INJURED,,PS,,ROAD,,_T,,_T,,1977,,590527,,A,,0,,1,
DATAFLOW,OECD.ITF:DSD_TRENDS@DF_TRENDSSAFETY(1.0),,I,JPN,,A,,INJURED,,PS,,ROAD,,_T,,_T,,1978,,591481,,A,,0,,1,
DATAFLOW,OECD.ITF:DSD_TRENDS@DF_TRENDSSAFETY(1.0),,I,JPN,,A,,INJURED,,PS,,ROAD,,_T,,_T,,1979,,593742,,A,,0,,1,
DATAFLOW,OECD.ITF:DSD_TRENDS@DF_TRENDSSAFETY(1.0),,I,JPN,,A,,INJURED,,PS,,ROAD,,_T,,_T,,1980,,596091,,A,,0,,1,
DATAFLOW,OECD.ITF:DSD_TRENDS@DF_TRENDSSAFETY(1.0),,I,JPN,,A,,INJURED,,PS,,ROAD,,_T,,_T,,1981,,604730,,A,,0,,1,
DATAFLOW,OECD.ITF:DSD_TRENDS@DF_TRENDSSAFETY(1.0),,I,JPN,,A,,INJURED,,PS,,ROAD,,_T,,_T,,1982,,623470,,A,,0,,1,
DATAFLOW,OECD.ITF:DSD_TRENDS@DF_TRENDSSAFETY(1.0),,I,JPN,,A,,INJURED,,PS,,ROAD,,_T,,_T,,1983,,651966,,A,,0,,1,
DATAFLOW,OECD.ITF:DSD_TRENDS@DF_TRENDSSAFETY(1.0),,I,JPN,,A,,INJURED,,PS,,ROAD,,_T,,_T,,1984,,641542,,A,,0,,1,
DATAFLOW,OECD.ITF:DSD_TRENDS@DF_TRENDSSAFETY(1.0),,I,JPN,,A,,INJURED,,PS,,ROAD,,_T,,_T,,1985,,678568,,A,,0,,1,
DATAFLOW,OECD.ITF:DSD_TRENDS@DF_TRENDSSAFETY(1.0),,I,JPN,,A,,INJURED,,PS,,ROAD,,_T,,_T,,1986,,709535,,A,,0,,1,
DATAFLOW,OECD.ITF:DSD_TRENDS@DF_TRENDSSAFETY(1.0),,I,JPN,,A,,INJURED,,PS,,ROAD,,_T,,_T,,1987,,719375,,A,,0,,1,
DATAFLOW,OECD.ITF:DSD_TRENDS@DF_TRENDSSAFETY(1.0),,I,JPN,,A,,INJURED,,PS,,ROAD,,_T,,_T,,1988,,749742,,A,,0,,1,
DATAFLOW,OECD.ITF:DSD_TRENDS@DF_TRENDSSAFETY(1.0),,I,JPN,,A,,INJURED,,PS,,ROAD,,_T,,_T,,1989,,811506,,A,,0,,1,
DATAFLOW,OECD.ITF:DSD_TRENDS@DF_TRENDSSAFETY(1.0),,I,JPN,,A,,INJURED,,PS,,ROAD,,_T,,_T,,1990,,786927,,A,,0,,1,
DATAFLOW,OECD.ITF:DSD_TRENDS@DF_TRENDSSAFETY(1.0),,I,JPN,,A,,INJURED,,PS,,ROAD,,_T,,_T,,1991,,821354,,A,,0,,1,
DATAFLOW,OECD.ITF:DSD_TRENDS@DF_TRENDSSAFETY(1.0),,I,JPN,,A,,INJURED,,PS,,ROAD,,_T,,_T,,1992,,855455,,A,,0,,1,
DATAFLOW,OECD.ITF:DSD_TRENDS@DF_TRENDSSAFETY(1.0),,I,JPN,,A,,INJURED,,PS,,ROAD,,_T,,_T,,1993,,876306,,A,,0,,1,
DATAFLOW,OECD.ITF:DSD_TRENDS@DF_TRENDSSAFETY(1.0),,I,JPN,,A,,INJURED,,PS,,ROAD,,_T,,_T,,1994,,879604,,A,,0,,1,
DATAFLOW,OECD.ITF:DSD_TRENDS@DF_TRENDSSAFETY(1.0),,I,JPN,,A,,INJURED,,PS,,ROAD,,_T,,_T,,1995,,920686,,A,,0,,1,
DATAFLOW,OECD.ITF:DSD_TRENDS@DF_TRENDSSAFETY(1.0),,I,JPN,,A,,INJURED,,PS,,ROAD,,_T,,_T,,1996,,940472,,A,,0,,1,
DATAFLOW,OECD.ITF:DSD_TRENDS@DF_TRENDSSAFETY(1.0),,I,JPN,,A,,INJURED,,PS,,ROAD,,_T,,_T,,1997,,957311,,A,,0,,1,
DATAFLOW,OECD.ITF:DSD_TRENDS@DF_TRENDSSAFETY(1.0),,I,JPN,,A,,INJURED,,PS,,ROAD,,_T,,_T,,1998,,989082,,A,,0,,1,
DATAFLOW,OECD.ITF:DSD_TRENDS@DF_TRENDSSAFETY(1.0),,I,JPN,,A,,INJURED,,PS,,ROAD,,_T,,_T,,1999,,1049033,,A,,0,,1,
DATAFLOW,OECD.ITF:DSD_TRENDS@DF_TRENDSSAFETY(1.0),,I,JPN,,A,,INJURED,,PS,,ROAD,,_T,,_T,,2000,,1154370,,A,,0,,1,
DATAFLOW,OECD.ITF:DSD_TRENDS@DF_TRENDSSAFETY(1.0),,I,JPN,,A,,INJURED,,PS,,ROAD,,_T,,_T,,2001,,1179725,,A,,0,,1,
DATAFLOW,OECD.ITF:DSD_TRENDS@DF_TRENDSSAFETY(1.0),,I,JPN,,A,,INJURED,,PS,,ROAD,,_T,,_T,,2002,,1166780,,A,,0,,1,
DATAFLOW,OECD.ITF:DSD_TRENDS@DF_TRENDSSAFETY(1.0),,I,JPN,,A,,INJURED,,PS,,ROAD,,_T,,_T,,2003,,1180505,,A,,0,,1,
DATAFLOW,OECD.ITF:DSD_TRENDS@DF_TRENDSSAFETY(1.0),,I,JPN,,A,,INJURED,,PS,,ROAD,,_T,,_T,,2004,,1182481,,A,,0,,1,
DATAFLOW,OECD.ITF:DSD_TRENDS@DF_TRENDSSAFETY(1.0),,I,JPN,,A,,INJURED,,PS,,ROAD,,_T,,_T,,2005,,1156053,,A,,0,,1,
DATAFLOW,OECD.ITF:DSD_TRENDS@DF_TRENDSSAFETY(1.0),,I,JPN,,A,,INJURED,,PS,,ROAD,,_T,,_T,,2006,,1097643,,A,,0,,1,
DATAFLOW,OECD.ITF:DSD_TRENDS@DF_TRENDSSAFETY(1.0),,I,JPN,,A,,INJURED,,PS,,ROAD,,_T,,_T,,2007,,1033753,,A,,0,,1,
DATAFLOW,OECD.ITF:DSD_TRENDS@DF_TRENDSSAFETY(1.0),,I,JPN,,A,,INJURED,,PS,,ROAD,,_T,,_T,,2008,,944833,,A,,0,,1,
DATAFLOW,OECD.ITF:DSD_TRENDS@DF_TRENDSSAFETY(1.0),,I,JPN,,A,,INJURED,,PS,,ROAD,,_T,,_T,,2009,,910354,,A,,0,,1,
DATAFLOW,OECD.ITF:DSD_TRENDS@DF_TRENDSSAFETY(1.0),,I,JPN,,A,,INJURED,,PS,,ROAD,,_T,,_T,,2010,,895417,,A,,0,,1,
DATAFLOW,OECD.ITF:DSD_TRENDS@DF_TRENDSSAFETY(1.0),,I,JPN,,A,,INJURED,,PS,,ROAD,,_T,,_T,,2011,,853770,,A,,0,,1,
DATAFLOW,OECD.ITF:DSD_TRENDS@DF_TRENDSSAFETY(1.0),,I,JPN,,A,,INJURED,,PS,,ROAD,,_T,,_T,,2012,,824569,,A,,0,,1,
DATAFLOW,OECD.ITF:DSD_TRENDS@DF_TRENDSSAFETY(1.0),,I,JPN,,A,,INJURED,,PS,,ROAD,,_T,,_T,,2013,,780715,,A,,0,,1,
DATAFLOW,OECD.ITF:DSD_TRENDS@DF_TRENDSSAFETY(1.0),,I,JPN,,A,,INJURED,,PS,,ROAD,,_T,,_T,,2014,,710650,,A,,0,,1,
DATAFLOW,OECD.ITF:DSD_TRENDS@DF_TRENDSSAFETY(1.0),,I,JPN,,A,,INJURED,,PS,,ROAD,,_T,,_T,,2015,,665255,,A,,0,,1,
DATAFLOW,OECD.ITF:DSD_TRENDS@DF_TRENDSSAFETY(1.0),,I,JPN,,A,,INJURED,,PS,,ROAD,,_T,,_T,,2016,,618059,,A,,0,,1,
DATAFLOW,OECD.ITF:DSD_TRENDS@DF_TRENDSSAFETY(1.0),,I,JPN,,A,,INJURED,,PS,,ROAD,,_T,,_T,,2017,,580114,,A,,0,,1,
DATAFLOW,OECD.ITF:DSD_TRENDS@DF_TRENDSSAFETY(1.0),,I,JPN,,A,,INJURED,,PS,,ROAD,,_T,,_T,,2018,,525212,,A,,0,,1,
DATAFLOW,OECD.ITF:DSD_TRENDS@DF_TRENDSSAFETY(1.0),,I,JPN,,A,,INJURED,,PS,,ROAD,,_T,,_T,,2019,,461070,,A,,0,,1,
DATAFLOW,OECD.ITF:DSD_TRENDS@DF_TRENDSSAFETY(1.0),,I,JPN,,A,,INJURED,,PS,,ROAD,,_T,,_T,,2020,,368899,,A,,0,,1,
DATAFLOW,OECD.ITF:DSD_TRENDS@DF_TRENDSSAFETY(1.0),,I,JPN,,A,,INJURED,,PS,,ROAD,,_T,,_T,,2021,,361562,,A,,0,,1,
DATAFLOW,OECD.ITF:DSD_TRENDS@DF_TRENDSSAFETY(1.0),,I,JPN,,A,,INJURED,,PS,,ROAD,,_T,,_T,,2022,,355995,,A,,0,,1,
DATAFLOW,OECD.ITF:DSD_TRENDS@DF_TRENDSSAFETY(1.0),,I,JPN,,A,,INJURED,,PS,,ROAD,,_T,,_T,,2023,,365010,,A,,0,,1,
DATAFLOW,OECD.ITF:DSD_TRENDS@DF_TRENDSSAFETY(1.0),,I,JPN,,A,,INJURED,,PS,,ROAD,,_T,,_T,,2024,,343837,,A,,0,,1,
DATAFLOW,OECD.ITF:DSD_TRENDS@DF_TRENDSSAFETY(1.0),,I,KOR,,A,,INJURED,,PS,,ROAD,,_T,,_T,,1970,,42830,,A,,0,,1,
DATAFLOW,OECD.ITF:DSD_TRENDS@DF_TRENDSSAFETY(1.0),,I,KOR,,A,,INJURED,,PS,,ROAD,,_T,,_T,,1971,,52976,,A,,0,,1,
DATAFLOW,OECD.ITF:DSD_TRENDS@DF_TRENDSSAFETY(1.0),,I,KOR,,A,,INJURED,,PS,,ROAD,,_T,,_T,,1972,,47539,,A,,0,,1,
DATAFLOW,OECD.ITF:DSD_TRENDS@DF_TRENDSSAFETY(1.0),,I,KOR,,A,,INJURED,,PS,,ROAD,,_T,,_T,,1973,,48370,,A,,0,,1,
DATAFLOW,OECD.ITF:DSD_TRENDS@DF_TRENDSSAFETY(1.0),,I,KOR,,A,,INJURED,,PS,,ROAD,,_T,,_T,,1974,,48074,,A,,0,,1,
DATAFLOW,OECD.ITF:DSD_TRENDS@DF_TRENDSSAFETY(1.0),,I,KOR,,A,,INJURED,,PS,,ROAD,,_T,,_T,,1975,,61092,,A,,0,,1,
DATAFLOW,OECD.ITF:DSD_TRENDS@DF_TRENDSSAFETY(1.0),,I,KOR,,A,,INJURED,,PS,,ROAD,,_T,,_T,,1976,,65647,,A,,0,,1,
DATAFLOW,OECD.ITF:DSD_TRENDS@DF_TRENDSSAFETY(1.0),,I,KOR,,A,,INJURED,,PS,,ROAD,,_T,,_T,,1977,,77126,,A,,0,,1,
DATAFLOW,OECD.ITF:DSD_TRENDS@DF_TRENDSSAFETY(1.0),,I,KOR,,A,,INJURED,,PS,,ROAD,,_T,,_T,,1978,,91464,,A,,0,,1,
DATAFLOW,OECD.ITF:DSD_TRENDS@DF_TRENDSSAFETY(1.0),,I,KOR,,A,,INJURED,,PS,,ROAD,,_T,,_T,,1979,,105945,,A,,0,,1,
DATAFLOW,OECD.ITF:DSD_TRENDS@DF_TRENDSSAFETY(1.0),,I,KOR,,A,,INJURED,,PS,,ROAD,,_T,,_T,,1980,,111641,,A,,0,,1,
DATAFLOW,OECD.ITF:DSD_TRENDS@DF_TRENDSSAFETY(1.0),,I,KOR,,A,,INJURED,,PS,,ROAD,,_T,,_T,,1981,,115289,,A,,0,,1,
DATAFLOW,OECD.ITF:DSD_TRENDS@DF_TRENDSSAFETY(1.0),,I,KOR,,A,,INJURED,,PS,,ROAD,,_T,,_T,,1982,,130605,,A,,0,,1,
DATAFLOW,OECD.ITF:DSD_TRENDS@DF_TRENDSSAFETY(1.0),,I,KOR,,A,,INJURED,,PS,,ROAD,,_T,,_T,,1983,,152572,,A,,0,,1,
DATAFLOW,OECD.ITF:DSD_TRENDS@DF_TRENDSSAFETY(1.0),,I,KOR,,A,,INJURED,,PS,,ROAD,,_T,,_T,,1984,,170377,,A,,0,,1,
DATAFLOW,OECD.ITF:DSD_TRENDS@DF_TRENDSSAFETY(1.0),,I,KOR,,A,,INJURED,,PS,,ROAD,,_T,,_T,,1985,,184420,,A,,0,,1,
DATAFLOW,OECD.ITF:DSD_TRENDS@DF_TRENDSSAFETY(1.0),,I,KOR,,A,,INJURED,,PS,,ROAD,,_T,,_T,,1986,,193734,,A,,0,,1,
DATAFLOW,OECD.ITF:DSD_TRENDS@DF_TRENDSSAFETY(1.0),,I,KOR,,A,,INJURED,,PS,,ROAD,,_T,,_T,,1987,,222701,,A,,0,,1,
DATAFLOW,OECD.ITF:DSD_TRENDS@DF_TRENDSSAFETY(1.0),,I,KOR,,A,,INJURED,,PS,,ROAD,,_T,,_T,,1988,,287739,,A,,0,,1,
DATAFLOW,OECD.ITF:DSD_TRENDS@DF_TRENDSSAFETY(1.0),,I,KOR,,A,,INJURED,,PS,,ROAD,,_T,,_T,,1989,,325896,,A,,0,,1,
DATAFLOW,OECD.ITF:DSD_TRENDS@DF_TRENDSSAFETY(1.0),,I,KOR,,A,,INJURED,,PS,,ROAD,,_T,,_T,,1990,,324229,,A,,0,,1,
DATAFLOW,OECD.ITF:DSD_TRENDS@DF_TRENDSSAFETY(1.0),,I,KOR,,A,,INJURED,,PS,,ROAD,,_T,,_T,,1991,,331610,,A,,0,,1,
DATAFLOW,OECD.ITF:DSD_TRENDS@DF_TRENDSSAFETY(1.0),,I,KOR,,A,,INJURED,,PS,,ROAD,,_T,,_T,,1992,,325943,,A,,0,,1,
DATAFLOW,OECD.ITF:DSD_TRENDS@DF_TRENDSSAFETY(1.0),,I,KOR,,A,,INJURED,,PS,,ROAD,,_T,,_T,,1993,,337679,,A,,0,,1,
DATAFLOW,OECD.ITF:DSD_TRENDS@DF_TRENDSSAFETY(1.0),,I,KOR,,A,,INJURED,,PS,,ROAD,,_T,,_T,,1994,,350892,,A,,0,,1,
DATAFLOW,OECD.ITF:DSD_TRENDS@DF_TRENDSSAFETY(1.0),,I,KOR,,A,,INJURED,,PS,,ROAD,,_T,,_T,,1995,,331747,,A,,0,,1,
DATAFLOW,OECD.ITF:DSD_TRENDS@DF_TRENDSSAFETY(1.0),,I,KOR,,A,,INJURED,,PS,,ROAD,,_T,,_T,,1996,,355962,,A,,0,,1,
DATAFLOW,OECD.ITF:DSD_TRENDS@DF_TRENDSSAFETY(1.0),,I,KOR,,A,,INJURED,,PS,,ROAD,,_T,,_T,,1997,,343159,,A,,0,,1,
DATAFLOW,OECD.ITF:DSD_TRENDS@DF_TRENDSSAFETY(1.0),,I,KOR,,A,,INJURED,,PS,,ROAD,,_T,,_T,,1998,,340564,,A,,0,,1,
DATAFLOW,OECD.ITF:DSD_TRENDS@DF_TRENDSSAFETY(1.0),,I,KOR,,A,,INJURED,,PS,,ROAD,,_T,,_T,,1999,,402967,,A,,0,,1,
DATAFLOW,OECD.ITF:DSD_TRENDS@DF_TRENDSSAFETY(1.0),,I,KOR,,A,,INJURED,,PS,,ROAD,,_T,,_T,,2000,,426984,,A,,0,,1,
DATAFLOW,OECD.ITF:DSD_TRENDS@DF_TRENDSSAFETY(1.0),,I,KOR,,A,,INJURED,,PS,,ROAD,,_T,,_T,,2001,,386539,,A,,0,,1,
DATAFLOW,OECD.ITF:DSD_TRENDS@DF_TRENDSSAFETY(1.0),,I,KOR,,A,,INJURED,,PS,,ROAD,,_T,,_T,,2002,,348149,,A,,0,,1,
DATAFLOW,OECD.ITF:DSD_TRENDS@DF_TRENDSSAFETY(1.0),,I,KOR,,A,,INJURED,,PS,,ROAD,,_T,,_T,,2003,,376503,,A,,0,,1,
DATAFLOW,OECD.ITF:DSD_TRENDS@DF_TRENDSSAFETY(1.0),,I,KOR,,A,,INJURED,,PS,,ROAD,,_T,,_T,,2004,,346987,,A,,0,,1,
DATAFLOW,OECD.ITF:DSD_TRENDS@DF_TRENDSSAFETY(1.0),,I,KOR,,A,,INJURED,,PS,,ROAD,,_T,,_T,,2005,,342233,,A,,0,,1,
DATAFLOW,OECD.ITF:DSD_TRENDS@DF_TRENDSSAFETY(1.0),,I,KOR,,A,,INJURED,,PS,,ROAD,,_T,,_T,,2006,,340229,,A,,0,,1,
DATAFLOW,OECD.ITF:DSD_TRENDS@DF_TRENDSSAFETY(1.0),,I,KOR,,A,,INJURED,,PS,,ROAD,,_T,,_T,,2007,,335906,,A,,0,,1,
DATAFLOW,OECD.ITF:DSD_TRENDS@DF_TRENDSSAFETY(1.0),,I,KOR,,A,,INJURED,,PS,,ROAD,,_T,,_T,,2008,,338962,,A,,0,,1,
DATAFLOW,OECD.ITF:DSD_TRENDS@DF_TRENDSSAFETY(1.0),,I,KOR,,A,,INJURED,,PS,,ROAD,,_T,,_T,,2009,,361875,,A,,0,,1,
DATAFLOW,OECD.ITF:DSD_TRENDS@DF_TRENDSSAFETY(1.0),,I,KOR,,A,,INJURED,,PS,,ROAD,,_T,,_T,,2010,,352458,,A,,0,,1,
DATAFLOW,OECD.ITF:DSD_TRENDS@DF_TRENDSSAFETY(1.0),,I,KOR,,A,,INJURED,,PS,,ROAD,,_T,,_T,,2011,,341391,,A,,0,,1,
DATAFLOW,OECD.ITF:DSD_TRENDS@DF_TRENDSSAFETY(1.0),,I,KOR,,A,,INJURED,,PS,,ROAD,,_T,,_T,,2012,,344565,,A,,0,,1,
DATAFLOW,OECD.ITF:DSD_TRENDS@DF_TRENDSSAFETY(1.0),,I,KOR,,A,,INJURED,,PS,,ROAD,,_T,,_T,,2013,,328711,,A,,0,,1,
DATAFLOW,OECD.ITF:DSD_TRENDS@DF_TRENDSSAFETY(1.0),,I,KOR,,A,,INJURED,,PS,,ROAD,,_T,,_T,,2014,,337497,,A,,0,,1,
DATAFLOW,OECD.ITF:DSD_TRENDS@DF_TRENDSSAFETY(1.0),,I,KOR,,A,,INJURED,,PS,,ROAD,,_T,,_T,,2015,,350400,,A,,0,,1,
DATAFLOW,OECD.ITF:DSD_TRENDS@DF_TRENDSSAFETY(1.0),,I,KOR,,A,,INJURED,,PS,,ROAD,,_T,,_T,,2016,,331720,,A,,0,,1,
DATAFLOW,OECD.ITF:DSD_TRENDS@DF_TRENDSSAFETY(1.0),,I,KOR,,A,,INJURED,,PS,,ROAD,,_T,,_T,,2017,,322829,,A,,0,,1,
DATAFLOW,OECD.ITF:DSD_TRENDS@DF_TRENDSSAFETY(1.0),,I,KOR,,A,,INJURED,,PS,,ROAD,,_T,,_T,,2018,,323037,,A,,0,,1,
DATAFLOW,OECD.ITF:DSD_TRENDS@DF_TRENDSSAFETY(1.0),,I,KOR,,A,,INJURED,,PS,,ROAD,,_T,,_T,,2019,,341712,,A,,0,,1,
DATAFLOW,OECD.ITF:DSD_TRENDS@DF_TRENDSSAFETY(1.0),,I,KOR,,A,,INJURED,,PS,,ROAD,,_T,,_T,,2020,,306194,,A,,0,,1,
DATAFLOW,OECD.ITF:DSD_TRENDS@DF_TRENDSSAFETY(1.0),,I,KOR,,A,,INJURED,,PS,,ROAD,,_T,,_T,,2021,,291608,,A,,0,,1,
DATAFLOW,OECD.ITF:DSD_TRENDS@DF_TRENDSSAFETY(1.0),,I,KOR,,A,,INJURED,,PS,,ROAD,,_T,,_T,,2022,,281803,,A,,0,,1,
DATAFLOW,OECD.ITF:DSD_TRENDS@DF_TRENDSSAFETY(1.0),,I,KOR,,A,,INJURED,,PS,,ROAD,,_T,,_T,,2023,,283799,,A,,0,,1,
DATAFLOW,OECD.ITF:DSD_TRENDS@DF_TRENDSSAFETY(1.0),,I,KOR,,A,,INJURED,,PS,,ROAD,,_T,,_T,,2024,,278482,,A,,0,,1,
DATAFLOW,OECD.ITF:DSD_TRENDS@DF_TRENDSSAFETY(1.0),,I,LVA,,A,,INJURED,,PS,,ROAD,,_T,,_T,,1970,,4323,,A,,0,,1,
DATAFLOW,OECD.ITF:DSD_TRENDS@DF_TRENDSSAFETY(1.0),,I,LVA,,A,,INJURED,,PS,,ROAD,,_T,,_T,,1971,,4170,,A,,0,,1,
DATAFLOW,OECD.ITF:DSD_TRENDS@DF_TRENDSSAFETY(1.0),,I,LVA,,A,,INJURED,,PS,,ROAD,,_T,,_T,,1972,,3865,,A,,0,,1,
DATAFLOW,OECD.ITF:DSD_TRENDS@DF_TRENDSSAFETY(1.0),,I,LVA,,A,,INJURED,,PS,,ROAD,,_T,,_T,,1973,,3817,,A,,0,,1,
DATAFLOW,OECD.ITF:DSD_TRENDS@DF_TRENDSSAFETY(1.0),,I,LVA,,A,,INJURED,,PS,,ROAD,,_T,,_T,,1974,,3979,,A,,0,,1,
DATAFLOW,OECD.ITF:DSD_TRENDS@DF_TRENDSSAFETY(1.0),,I,LVA,,A,,INJURED,,PS,,ROAD,,_T,,_T,,1975,,4358,,A,,0,,1,
DATAFLOW,OECD.ITF:DSD_TRENDS@DF_TRENDSSAFETY(1.0),,I,LVA,,A,,INJURED,,PS,,ROAD,,_T,,_T,,1976,,4100,,A,,0,,1,
DATAFLOW,OECD.ITF:DSD_TRENDS@DF_TRENDSSAFETY(1.0),,I,LVA,,A,,INJURED,,PS,,ROAD,,_T,,_T,,1977,,4212,,A,,0,,1,
DATAFLOW,OECD.ITF:DSD_TRENDS@DF_TRENDSSAFETY(1.0),,I,LVA,,A,,INJURED,,PS,,ROAD,,_T,,_T,,1978,,4042,,A,,0,,1,
DATAFLOW,OECD.ITF:DSD_TRENDS@DF_TRENDSSAFETY(1.0),,I,LVA,,A,,INJURED,,PS,,ROAD,,_T,,_T,,1979,,4030,,A,,0,,1,
DATAFLOW,OECD.ITF:DSD_TRENDS@DF_TRENDSSAFETY(1.0),,I,LVA,,A,,INJURED,,PS,,ROAD,,_T,,_T,,1980,,3894,,A,,0,,1,
DATAFLOW,OECD.ITF:DSD_TRENDS@DF_TRENDSSAFETY(1.0),,I,LVA,,A,,INJURED,,PS,,ROAD,,_T,,_T,,1981,,3808,,A,,0,,1,
DATAFLOW,OECD.ITF:DSD_TRENDS@DF_TRENDSSAFETY(1.0),,I,LVA,,A,,INJURED,,PS,,ROAD,,_T,,_T,,1982,,3755,,A,,0,,1,
DATAFLOW,OECD.ITF:DSD_TRENDS@DF_TRENDSSAFETY(1.0),,I,LVA,,A,,INJURED,,PS,,ROAD,,_T,,_T,,1983,,3926,,A,,0,,1,
DATAFLOW,OECD.ITF:DSD_TRENDS@DF_TRENDSSAFETY(1.0),,I,LVA,,A,,INJURED,,PS,,ROAD,,_T,,_T,,1984,,4026,,A,,0,,1,
DATAFLOW,OECD.ITF:DSD_TRENDS@DF_TRENDSSAFETY(1.0),,I,LVA,,A,,INJURED,,PS,,ROAD,,_T,,_T,,1985,,4164,,A,,0,,1,
DATAFLOW,OECD.ITF:DSD_TRENDS@DF_TRENDSSAFETY(1.0),,I,LVA,,A,,INJURED,,PS,,ROAD,,_T,,_T,,1986,,4088,,A,,0,,1,
DATAFLOW,OECD.ITF:DSD_TRENDS@DF_TRENDSSAFETY(1.0),,I,LVA,,A,,INJURED,,PS,,ROAD,,_T,,_T,,1987,,4008,,A,,0,,1,
DATAFLOW,OECD.ITF:DSD_TRENDS@DF_TRENDSSAFETY(1.0),,I,LVA,,A,,INJURED,,PS,,ROAD,,_T,,_T,,1988,,4578,,A,,0,,1,
DATAFLOW,OECD.ITF:DSD_TRENDS@DF_TRENDSSAFETY(1.0),,I,LVA,,A,,INJURED,,PS,,ROAD,,_T,,_T,,1989,,4987,,A,,0,,1,
DATAFLOW,OECD.ITF:DSD_TRENDS@DF_TRENDSSAFETY(1.0),,I,LVA,,A,,INJURED,,PS,,ROAD,,_T,,_T,,1990,,4716,,A,,0,,1,
DATAFLOW,OECD.ITF:DSD_TRENDS@DF_TRENDSSAFETY(1.0),,I,LVA,,A,,INJURED,,PS,,ROAD,,_T,,_T,,1991,,4543,,A,,0,,1,
DATAFLOW,OECD.ITF:DSD_TRENDS@DF_TRENDSSAFETY(1.0),,I,LVA,,A,,INJURED,,PS,,ROAD,,_T,,_T,,1992,,3766,,A,,0,,1,
DATAFLOW,OECD.ITF:DSD_TRENDS@DF_TRENDSSAFETY(1.0),,I,LVA,,A,,INJURED,,PS,,ROAD,,_T,,_T,,1993,,3721,,A,,0,,1,
DATAFLOW,OECD.ITF:DSD_TRENDS@DF_TRENDSSAFETY(1.0),,I,LVA,,A,,INJURED,,PS,,ROAD,,_T,,_T,,1994,,4380,,A,,0,,1,
DATAFLOW,OECD.ITF:DSD_TRENDS@DF_TRENDSSAFETY(1.0),,I,LVA,,A,,INJURED,,PS,,ROAD,,_T,,_T,,1995,,4903,,A,,0,,1,
DATAFLOW,OECD.ITF:DSD_TRENDS@DF_TRENDSSAFETY(1.0),,I,LVA,,A,,INJURED,,PS,,ROAD,,_T,,_T,,1996,,4324,,A,,0,,1,
DATAFLOW,OECD.ITF:DSD_TRENDS@DF_TRENDSSAFETY(1.0),,I,LVA,,A,,INJURED,,PS,,ROAD,,_T,,_T,,1997,,4674,,A,,0,,1,
DATAFLOW,OECD.ITF:DSD_TRENDS@DF_TRENDSSAFETY(1.0),,I,LVA,,A,,INJURED,,PS,,ROAD,,_T,,_T,,1998,,5414,,A,,0,,1,
DATAFLOW,OECD.ITF:DSD_TRENDS@DF_TRENDSSAFETY(1.0),,I,LVA,,A,,INJURED,,PS,,ROAD,,_T,,_T,,1999,,5244,,A,,0,,1,
DATAFLOW,OECD.ITF:DSD_TRENDS@DF_TRENDSSAFETY(1.0),,I,LVA,,A,,INJURED,,PS,,ROAD,,_T,,_T,,2000,,5449,,A,,0,,1,
DATAFLOW,OECD.ITF:DSD_TRENDS@DF_TRENDSSAFETY(1.0),,I,LVA,,A,,INJURED,,PS,,ROAD,,_T,,_T,,2001,,5852,,A,,0,,1,
DATAFLOW,OECD.ITF:DSD_TRENDS@DF_TRENDSSAFETY(1.0),,I,LVA,,A,,INJURED,,PS,,ROAD,,_T,,_T,,2002,,6300,,A,,0,,1,
DATAFLOW,OECD.ITF:DSD_TRENDS@DF_TRENDSSAFETY(1.0),,I,LVA,,A,,INJURED,,PS,,ROAD,,_T,,_T,,2003,,6639,,A,,0,,1,
DATAFLOW,OECD.ITF:DSD_TRENDS@DF_TRENDSSAFETY(1.0),,I,LVA,,A,,INJURED,,PS,,ROAD,,_T,,_T,,2004,,6416,,A,,0,,1,
DATAFLOW,OECD.ITF:DSD_TRENDS@DF_TRENDSSAFETY(1.0),,I,LVA,,A,,INJURED,,PS,,ROAD,,_T,,_T,,2005,,5600,,A,,0,,1,
DATAFLOW,OECD.ITF:DSD_TRENDS@DF_TRENDSSAFETY(1.0),,I,LVA,,A,,INJURED,,PS,,ROAD,,_T,,_T,,2006,,5404,,A,,0,,1,
DATAFLOW,OECD.ITF:DSD_TRENDS@DF_TRENDSSAFETY(1.0),,I,LVA,,A,,INJURED,,PS,,ROAD,,_T,,_T,,2007,,6088,,A,,0,,1,
DATAFLOW,OECD.ITF:DSD_TRENDS@DF_TRENDSSAFETY(1.0),,I,LVA,,A,,INJURED,,PS,,ROAD,,_T,,_T,,2008,,5408,,A,,0,,1,
DATAFLOW,OECD.ITF:DSD_TRENDS@DF_TRENDSSAFETY(1.0),,I,LVA,,A,,INJURED,,PS,,ROAD,,_T,,_T,,2009,,3930,,A,,0,,1,
DATAFLOW,OECD.ITF:DSD_TRENDS@DF_TRENDSSAFETY(1.0),,I,LVA,,A,,INJURED,,PS,,ROAD,,_T,,_T,,2010,,4023,,A,,0,,1,
DATAFLOW,OECD.ITF:DSD_TRENDS@DF_TRENDSSAFETY(1.0),,I,LVA,,A,,INJURED,,PS,,ROAD,,_T,,_T,,2011,,4224,,A,,0,,1,
DATAFLOW,OECD.ITF:DSD_TRENDS@DF_TRENDSSAFETY(1.0),,I,LVA,,A,,INJURED,,PS,,ROAD,,_T,,_T,,2012,,4179,,A,,0,,1,
DATAFLOW,OECD.ITF:DSD_TRENDS@DF_TRENDSSAFETY(1.0),,I,LVA,,A,,INJURED,,PS,,ROAD,,_T,,_T,,2013,,4338,,A,,0,,1,
DATAFLOW,OECD.ITF:DSD_TRENDS@DF_TRENDSSAFETY(1.0),,I,LVA,,A,,INJURED,,PS,,ROAD,,_T,,_T,,2014,,4603,,A,,0,,1,
DATAFLOW,OECD.ITF:DSD_TRENDS@DF_TRENDSSAFETY(1.0),,I,LVA,,A,,INJURED,,PS,,ROAD,,_T,,_T,,2015,,4566,,A,,0,,1,
DATAFLOW,OECD.ITF:DSD_TRENDS@DF_TRENDSSAFETY(1.0),,I,LVA,,A,,INJURED,,PS,,ROAD,,_T,,_T,,2016,,4648,,A,,0,,1,
DATAFLOW,OECD.ITF:DSD_TRENDS@DF_TRENDSSAFETY(1.0),,I,LVA,,A,,INJURED,,PS,,ROAD,,_T,,_T,,2017,,4818,,A,,0,,1,
DATAFLOW,OECD.ITF:DSD_TRENDS@DF_TRENDSSAFETY(1.0),,I,LVA,,A,,INJURED,,PS,,ROAD,,_T,,_T,,2018,,4795,,A,,0,,1,
DATAFLOW,OECD.ITF:DSD_TRENDS@DF_TRENDSSAFETY(1.0),,I,LVA,,A,,INJURED,,PS,,ROAD,,_T,,_T,,2019,,4553,,A,,0,,1,
DATAFLOW,OECD.ITF:DSD_TRENDS@DF_TRENDSSAFETY(1.0),,I,LVA,,A,,INJURED,,PS,,ROAD,,_T,,_T,,2020,,4064,,A,,0,,1,
DATAFLOW,OECD.ITF:DSD_TRENDS@DF_TRENDSSAFETY(1.0),,I,LVA,,A,,INJURED,,PS,,ROAD,,_T,,_T,,2021,,3998,,A,,0,,1,
DATAFLOW,OECD.ITF:DSD_TRENDS@DF_TRENDSSAFETY(1.0),,I,LVA,,A,,INJURED,,PS,,ROAD,,_T,,_T,,2022,,4028,,A,,0,,1,
DATAFLOW,OECD.ITF:DSD_TRENDS@DF_TRENDSSAFETY(1.0),,I,LVA,,A,,INJURED,,PS,,ROAD,,_T,,_T,,2023,,4196,,A,,0,,1,
DATAFLOW,OECD.ITF:DSD_TRENDS@DF_TRENDSSAFETY(1.0),,I,LVA,,A,,INJURED,,PS,,ROAD,,_T,,_T,,2024,,3977,,A,,0,,1,
DATAFLOW,OECD.ITF:DSD_TRENDS@DF_TRENDSSAFETY(1.0),,I,LTU,,A,,INJURED,,PS,,ROAD,,_T,,_T,,1970,,4264,,A,,0,,1,
DATAFLOW,OECD.ITF:DSD_TRENDS@DF_TRENDSSAFETY(1.0),,I,LTU,,A,,INJURED,,PS,,ROAD,,_T,,_T,,1971,,4428,,A,,0,,1,
DATAFLOW,OECD.ITF:DSD_TRENDS@DF_TRENDSSAFETY(1.0),,I,LTU,,A,,INJURED,,PS,,ROAD,,_T,,_T,,1972,,4342,,A,,0,,1,
DATAFLOW,OECD.ITF:DSD_TRENDS@DF_TRENDSSAFETY(1.0),,I,LTU,,A,,INJURED,,PS,,ROAD,,_T,,_T,,1973,,4383,,A,,0,,1,
DATAFLOW,OECD.ITF:DSD_TRENDS@DF_TRENDSSAFETY(1.0),,I,LTU,,A,,INJURED,,PS,,ROAD,,_T,,_T,,1974,,4540,,A,,0,,1,
DATAFLOW,OECD.ITF:DSD_TRENDS@DF_TRENDSSAFETY(1.0),,I,LTU,,A,,INJURED,,PS,,ROAD,,_T,,_T,,1975,,5220,,A,,0,,1,
DATAFLOW,OECD.ITF:DSD_TRENDS@DF_TRENDSSAFETY(1.0),,I,LTU,,A,,INJURED,,PS,,ROAD,,_T,,_T,,1976,,4939,,A,,0,,1,
DATAFLOW,OECD.ITF:DSD_TRENDS@DF_TRENDSSAFETY(1.0),,I,LTU,,A,,INJURED,,PS,,ROAD,,_T,,_T,,1977,,5046,,A,,0,,1,
DATAFLOW,OECD.ITF:DSD_TRENDS@DF_TRENDSSAFETY(1.0),,I,LTU,,A,,INJURED,,PS,,ROAD,,_T,,_T,,1978,,4777,,A,,0,,1,
DATAFLOW,OECD.ITF:DSD_TRENDS@DF_TRENDSSAFETY(1.0),,I,LTU,,A,,INJURED,,PS,,ROAD,,_T,,_T,,1979,,4099,,A,,0,,1,
DATAFLOW,OECD.ITF:DSD_TRENDS@DF_TRENDSSAFETY(1.0),,I,LTU,,A,,INJURED,,PS,,ROAD,,_T,,_T,,1980,,4730,,A,,0,,1,
DATAFLOW,OECD.ITF:DSD_TRENDS@DF_TRENDSSAFETY(1.0),,I,LTU,,A,,INJURED,,PS,,ROAD,,_T,,_T,,1981,,4762,,A,,0,,1,
DATAFLOW,OECD.ITF:DSD_TRENDS@DF_TRENDSSAFETY(1.0),,I,LTU,,A,,INJURED,,PS,,ROAD,,_T,,_T,,1982,,4533,,A,,0,,1,
DATAFLOW,OECD.ITF:DSD_TRENDS@DF_TRENDSSAFETY(1.0),,I,LTU,,A,,INJURED,,PS,,ROAD,,_T,,_T,,1983,,4666,,A,,0,,1,
DATAFLOW,OECD.ITF:DSD_TRENDS@DF_TRENDSSAFETY(1.0),,I,LTU,,A,,INJURED,,PS,,ROAD,,_T,,_T,,1984,,4570,,A,,0,,1,
DATAFLOW,OECD.ITF:DSD_TRENDS@DF_TRENDSSAFETY(1.0),,I,LTU,,A,,INJURED,,PS,,ROAD,,_T,,_T,,1985,,4500,,A,,0,,1,
DATAFLOW,OECD.ITF:DSD_TRENDS@DF_TRENDSSAFETY(1.0),,I,LTU,,A,,INJURED,,PS,,ROAD,,_T,,_T,,1986,,4626,,A,,0,,1,
DATAFLOW,OECD.ITF:DSD_TRENDS@DF_TRENDSSAFETY(1.0),,I,LTU,,A,,INJURED,,PS,,ROAD,,_T,,_T,,1987,,4690,,A,,0,,1,
DATAFLOW,OECD.ITF:DSD_TRENDS@DF_TRENDSSAFETY(1.0),,I,LTU,,A,,INJURED,,PS,,ROAD,,_T,,_T,,1988,,5285,,A,,0,,1,
DATAFLOW,OECD.ITF:DSD_TRENDS@DF_TRENDSSAFETY(1.0),,I,LTU,,A,,INJURED,,PS,,ROAD,,_T,,_T,,1989,,5961,,A,,0,,1,
DATAFLOW,OECD.ITF:DSD_TRENDS@DF_TRENDSSAFETY(1.0),,I,LTU,,A,,INJURED,,PS,,ROAD,,_T,,_T,,1990,,5491,,A,,0,,1,
DATAFLOW,OECD.ITF:DSD_TRENDS@DF_TRENDSSAFETY(1.0),,I,LTU,,A,,INJURED,,PS,,ROAD,,_T,,_T,,1991,,6638,,A,,0,,1,
DATAFLOW,OECD.ITF:DSD_TRENDS@DF_TRENDSSAFETY(1.0),,I,LTU,,A,,INJURED,,PS,,ROAD,,_T,,_T,,1992,,4251,,A,,0,,1,
DATAFLOW,OECD.ITF:DSD_TRENDS@DF_TRENDSSAFETY(1.0),,I,LTU,,A,,INJURED,,PS,,ROAD,,_T,,_T,,1993,,4556,,A,,0,,1,
DATAFLOW,OECD.ITF:DSD_TRENDS@DF_TRENDSSAFETY(1.0),,I,LTU,,A,,INJURED,,PS,,ROAD,,_T,,_T,,1994,,4146,,A,,0,,1,
DATAFLOW,OECD.ITF:DSD_TRENDS@DF_TRENDSSAFETY(1.0),,I,LTU,,A,,INJURED,,PS,,ROAD,,_T,,_T,,1995,,4509,,A,,0,,1,
DATAFLOW,OECD.ITF:DSD_TRENDS@DF_TRENDSSAFETY(1.0),,I,LTU,,A,,INJURED,,PS,,ROAD,,_T,,_T,,1996,,5223,,A,,0,,1,
DATAFLOW,OECD.ITF:DSD_TRENDS@DF_TRENDSSAFETY(1.0),,I,LTU,,A,,INJURED,,PS,,ROAD,,_T,,_T,,1997,,6197,,A,,0,,1,
DATAFLOW,OECD.ITF:DSD_TRENDS@DF_TRENDSSAFETY(1.0),,I,LTU,,A,,INJURED,,PS,,ROAD,,_T,,_T,,1998,,7667,,A,,0,,1,
DATAFLOW,OECD.ITF:DSD_TRENDS@DF_TRENDSSAFETY(1.0),,I,LTU,,A,,INJURED,,PS,,ROAD,,_T,,_T,,1999,,7696,,A,,0,,1,
DATAFLOW,OECD.ITF:DSD_TRENDS@DF_TRENDSSAFETY(1.0),,I,LTU,,A,,INJURED,,PS,,ROAD,,_T,,_T,,2000,,6960,,A,,0,,1,
DATAFLOW,OECD.ITF:DSD_TRENDS@DF_TRENDSSAFETY(1.0),,I,LTU,,A,,INJURED,,PS,,ROAD,,_T,,_T,,2001,,7103,,A,,0,,1,
DATAFLOW,OECD.ITF:DSD_TRENDS@DF_TRENDSSAFETY(1.0),,I,LTU,,A,,INJURED,,PS,,ROAD,,_T,,_T,,2002,,7428,,A,,0,,1,
DATAFLOW,OECD.ITF:DSD_TRENDS@DF_TRENDSSAFETY(1.0),,I,LTU,,A,,INJURED,,PS,,ROAD,,_T,,_T,,2003,,7266,,A,,0,,1,
DATAFLOW,OECD.ITF:DSD_TRENDS@DF_TRENDSSAFETY(1.0),,I,LTU,,A,,INJURED,,PS,,ROAD,,_T,,_T,,2004,,7862,,A,,0,,1,
DATAFLOW,OECD.ITF:DSD_TRENDS@DF_TRENDSSAFETY(1.0),,I,LTU,,A,,INJURED,,PS,,ROAD,,_T,,_T,,2005,,8466,,A,,0,,1,
DATAFLOW,OECD.ITF:DSD_TRENDS@DF_TRENDSSAFETY(1.0),,I,LTU,,A,,INJURED,,PS,,ROAD,,_T,,_T,,2006,,8252,,A,,0,,1,
DATAFLOW,OECD.ITF:DSD_TRENDS@DF_TRENDSSAFETY(1.0),,I,LTU,,A,,INJURED,,PS,,ROAD,,_T,,_T,,2007,,8043,,A,,0,,1,
DATAFLOW,OECD.ITF:DSD_TRENDS@DF_TRENDSSAFETY(1.0),,I,LTU,,A,,INJURED,,PS,,ROAD,,_T,,_T,,2008,,5818,,A,,0,,1,
DATAFLOW,OECD.ITF:DSD_TRENDS@DF_TRENDSSAFETY(1.0),,I,LTU,,A,,INJURED,,PS,,ROAD,,_T,,_T,,2009,,4426,,A,,0,,1,
DATAFLOW,OECD.ITF:DSD_TRENDS@DF_TRENDSSAFETY(1.0),,I,LTU,,A,,INJURED,,PS,,ROAD,,_T,,_T,,2010,,4230,,A,,0,,1,
DATAFLOW,OECD.ITF:DSD_TRENDS@DF_TRENDSSAFETY(1.0),,I,LTU,,A,,INJURED,,PS,,ROAD,,_T,,_T,,2011,,3919,,A,,0,,1,
DATAFLOW,OECD.ITF:DSD_TRENDS@DF_TRENDSSAFETY(1.0),,I,LTU,,A,,INJURED,,PS,,ROAD,,_T,,_T,,2012,,3951,,A,,0,,1,
DATAFLOW,OECD.ITF:DSD_TRENDS@DF_TRENDSSAFETY(1.0),,I,LTU,,A,,INJURED,,PS,,ROAD,,_T,,_T,,2013,,4007,,A,,0,,1,
DATAFLOW,OECD.ITF:DSD_TRENDS@DF_TRENDSSAFETY(1.0),,I,LTU,,A,,INJURED,,PS,,ROAD,,_T,,_T,,2014,,3747,,A,,0,,1,
DATAFLOW,OECD.ITF:DSD_TRENDS@DF_TRENDSSAFETY(1.0),,I,LTU,,A,,INJURED,,PS,,ROAD,,_T,,_T,,2015,,3594,,A,,0,,1,
DATAFLOW,OECD.ITF:DSD_TRENDS@DF_TRENDSSAFETY(1.0),,I,LTU,,A,,INJURED,,PS,,ROAD,,_T,,_T,,2016,,3749,,A,,0,,1,
DATAFLOW,OECD.ITF:DSD_TRENDS@DF_TRENDSSAFETY(1.0),,I,LTU,,A,,INJURED,,PS,,ROAD,,_T,,_T,,2017,,3561,,A,,0,,1,
DATAFLOW,OECD.ITF:DSD_TRENDS@DF_TRENDSSAFETY(1.0),,I,LTU,,A,,INJURED,,PS,,ROAD,,_T,,_T,,2018,,3390,,A,,0,,1,
DATAFLOW,OECD.ITF:DSD_TRENDS@DF_TRENDSSAFETY(1.0),,I,LTU,,A,,INJURED,,PS,,ROAD,,_T,,_T,,2019,,3769,,A,,0,,1,
DATAFLOW,OECD.ITF:DSD_TRENDS@DF_TRENDSSAFETY(1.0),,I,LTU,,A,,INJURED,,PS,,ROAD,,_T,,_T,,2020,,3161,,A,,0,,1,
DATAFLOW,OECD.ITF:DSD_TRENDS@DF_TRENDSSAFETY(1.0),,I,LTU,,A,,INJURED,,PS,,ROAD,,_T,,_T,,2021,,3182,,A,,0,,1,
DATAFLOW,OECD.ITF:DSD_TRENDS@DF_TRENDSSAFETY(1.0),,I,LTU,,A,,INJURED,,PS,,ROAD,,_T,,_T,,2022,,3340,,A,,0,,1,
DATAFLOW,OECD.ITF:DSD_TRENDS@DF_TRENDSSAFETY(1.0),,I,LTU,,A,,INJURED,,PS,,ROAD,,_T,,_T,,2023,,3256,,A,,0,,1,
DATAFLOW,OECD.ITF:DSD_TRENDS@DF_TRENDSSAFETY(1.0),,I,LTU,,A,,INJURED,,PS,,ROAD,,_T,,_T,,2024,,3237,,A,,0,,1,
DATAFLOW,OECD.ITF:DSD_TRENDS@DF_TRENDSSAFETY(1.0),,I,LUX,,A,,INJURED,,PS,,ROAD,,_T,,_T,,1970,,2367,,A,,0,,1,
DATAFLOW,OECD.ITF:DSD_TRENDS@DF_TRENDSSAFETY(1.0),,I,LUX,,A,,INJURED,,PS,,ROAD,,_T,,_T,,1971,,2383,,A,,0,,1,
DATAFLOW,OECD.ITF:DSD_TRENDS@DF_TRENDSSAFETY(1.0),,I,LUX,,A,,INJURED,,PS,,ROAD,,_T,,_T,,1972,,2629,,A,,0,,1,
DATAFLOW,OECD.ITF:DSD_TRENDS@DF_TRENDSSAFETY(1.0),,I,LUX,,A,,INJURED,,PS,,ROAD,,_T,,_T,,1973,,2844,,A,,0,,1,
DATAFLOW,OECD.ITF:DSD_TRENDS@DF_TRENDSSAFETY(1.0),,I,LUX,,A,,INJURED,,PS,,ROAD,,_T,,_T,,1974,,2765,,A,,0,,1,
DATAFLOW,OECD.ITF:DSD_TRENDS@DF_TRENDSSAFETY(1.0),,I,LUX,,A,,INJURED,,PS,,ROAD,,_T,,_T,,1975,,2759,,A,,0,,1,
DATAFLOW,OECD.ITF:DSD_TRENDS@DF_TRENDSSAFETY(1.0),,I,LUX,,A,,INJURED,,PS,,ROAD,,_T,,_T,,1976,,2443,,A,,0,,1,
DATAFLOW,OECD.ITF:DSD_TRENDS@DF_TRENDSSAFETY(1.0),,I,LUX,,A,,INJURED,,PS,,ROAD,,_T,,_T,,1977,,2488,,A,,0,,1,
DATAFLOW,OECD.ITF:DSD_TRENDS@DF_TRENDSSAFETY(1.0),,I,LUX,,A,,INJURED,,PS,,ROAD,,_T,,_T,,1978,,2173,,A,,0,,1,
DATAFLOW,OECD.ITF:DSD_TRENDS@DF_TRENDSSAFETY(1.0),,I,LUX,,A,,INJURED,,PS,,ROAD,,_T,,_T,,1979,,2286,,A,,0,,1,
DATAFLOW,OECD.ITF:DSD_TRENDS@DF_TRENDSSAFETY(1.0),,I,LUX,,A,,INJURED,,PS,,ROAD,,_T,,_T,,1980,,2283,,A,,0,,1,
DATAFLOW,OECD.ITF:DSD_TRENDS@DF_TRENDSSAFETY(1.0),,I,LUX,,A,,INJURED,,PS,,ROAD,,_T,,_T,,1981,,2141,,A,,0,,1,
DATAFLOW,OECD.ITF:DSD_TRENDS@DF_TRENDSSAFETY(1.0),,I,LUX,,A,,INJURED,,PS,,ROAD,,_T,,_T,,1982,,1964,,A,,0,,1,
DATAFLOW,OECD.ITF:DSD_TRENDS@DF_TRENDSSAFETY(1.0),,I,LUX,,A,,INJURED,,PS,,ROAD,,_T,,_T,,1983,,2118,,A,,0,,1,
DATAFLOW,OECD.ITF:DSD_TRENDS@DF_TRENDSSAFETY(1.0),,I,LUX,,A,,INJURED,,PS,,ROAD,,_T,,_T,,1984,,2117,,A,,0,,1,
DATAFLOW,OECD.ITF:DSD_TRENDS@DF_TRENDSSAFETY(1.0),,I,LUX,,A,,INJURED,,PS,,ROAD,,_T,,_T,,1985,,1997,,A,,0,,1,
DATAFLOW,OECD.ITF:DSD_TRENDS@DF_TRENDSSAFETY(1.0),,I,LUX,,A,,INJURED,,PS,,ROAD,,_T,,_T,,1986,,1983,,A,,0,,1,
DATAFLOW,OECD.ITF:DSD_TRENDS@DF_TRENDSSAFETY(1.0),,I,LUX,,A,,INJURED,,PS,,ROAD,,_T,,_T,,1987,,1682,,A,,0,,1,
DATAFLOW,OECD.ITF:DSD_TRENDS@DF_TRENDSSAFETY(1.0),,I,LUX,,A,,INJURED,,PS,,ROAD,,_T,,_T,,1988,,1863,,A,,0,,1,
DATAFLOW,OECD.ITF:DSD_TRENDS@DF_TRENDSSAFETY(1.0),,I,LUX,,A,,INJURED,,PS,,ROAD,,_T,,_T,,1989,,1848,,A,,0,,1,
DATAFLOW,OECD.ITF:DSD_TRENDS@DF_TRENDSSAFETY(1.0),,I,LUX,,A,,INJURED,,PS,,ROAD,,_T,,_T,,1990,,1778,,A,,0,,1,
DATAFLOW,OECD.ITF:DSD_TRENDS@DF_TRENDSSAFETY(1.0),,I,LUX,,A,,INJURED,,PS,,ROAD,,_T,,_T,,1991,,1642,,A,,0,,1,
DATAFLOW,OECD.ITF:DSD_TRENDS@DF_TRENDSSAFETY(1.0),,I,LUX,,A,,INJURED,,PS,,ROAD,,_T,,_T,,1992,,1656,,A,,0,,1,
DATAFLOW,OECD.ITF:DSD_TRENDS@DF_TRENDSSAFETY(1.0),,I,LUX,,A,,INJURED,,PS,,ROAD,,_T,,_T,,1993,,1642,,A,,0,,1,
DATAFLOW,OECD.ITF:DSD_TRENDS@DF_TRENDSSAFETY(1.0),,I,LUX,,A,,INJURED,,PS,,ROAD,,_T,,_T,,1994,,1550,,A,,0,,1,
DATAFLOW,OECD.ITF:DSD_TRENDS@DF_TRENDSSAFETY(1.0),,I,LUX,,A,,INJURED,,PS,,ROAD,,_T,,_T,,1995,,1660,,A,,0,,1,
DATAFLOW,OECD.ITF:DSD_TRENDS@DF_TRENDSSAFETY(1.0),,I,LUX,,A,,INJURED,,PS,,ROAD,,_T,,_T,,1996,,1538,,A,,0,,1,
DATAFLOW,OECD.ITF:DSD_TRENDS@DF_TRENDSSAFETY(1.0),,I,LUX,,A,,INJURED,,PS,,ROAD,,_T,,_T,,1997,,1498,,A,,0,,1,
DATAFLOW,OECD.ITF:DSD_TRENDS@DF_TRENDSSAFETY(1.0),,I,LUX,,A,,INJURED,,PS,,ROAD,,_T,,_T,,1998,,1518,,A,,0,,1,
DATAFLOW,OECD.ITF:DSD_TRENDS@DF_TRENDSSAFETY(1.0),,I,LUX,,A,,INJURED,,PS,,ROAD,,_T,,_T,,1999,,1529,,A,,0,,1,
DATAFLOW,OECD.ITF:DSD_TRENDS@DF_TRENDSSAFETY(1.0),,I,LUX,,A,,INJURED,,PS,,ROAD,,_T,,_T,,2000,,1257,,A,,0,,1,
DATAFLOW,OECD.ITF:DSD_TRENDS@DF_TRENDSSAFETY(1.0),,I,LUX,,A,,INJURED,,PS,,ROAD,,_T,,_T,,2001,,1178,,A,,0,,1,
DATAFLOW,OECD.ITF:DSD_TRENDS@DF_TRENDSSAFETY(1.0),,I,LUX,,A,,INJURED,,PS,,ROAD,,_T,,_T,,2002,,1103,,A,,0,,1,
DATAFLOW,OECD.ITF:DSD_TRENDS@DF_TRENDSSAFETY(1.0),,I,LUX,,A,,INJURED,,PS,,ROAD,,_T,,_T,,2003,,1052,,A,,0,,1,
DATAFLOW,OECD.ITF:DSD_TRENDS@DF_TRENDSSAFETY(1.0),,I,LUX,,A,,INJURED,,PS,,ROAD,,_T,,_T,,2004,,990,,A,,0,,1,
DATAFLOW,OECD.ITF:DSD_TRENDS@DF_TRENDSSAFETY(1.0),,I,LUX,,A,,INJURED,,PS,,ROAD,,_T,,_T,,2005,,1053,,A,,0,,1,
DATAFLOW,OECD.ITF:DSD_TRENDS@DF_TRENDSSAFETY(1.0),,I,LUX,,A,,INJURED,,PS,,ROAD,,_T,,_T,,2006,,1089,,A,,0,,1,
DATAFLOW,OECD.ITF:DSD_TRENDS@DF_TRENDSSAFETY(1.0),,I,LUX,,A,,INJURED,,PS,,ROAD,,_T,,_T,,2007,,1326,,A,,0,,1,
DATAFLOW,OECD.ITF:DSD_TRENDS@DF_TRENDSSAFETY(1.0),,I,LUX,,A,,INJURED,,PS,,ROAD,,_T,,_T,,2008,,1239,,A,,0,,1,
DATAFLOW,OECD.ITF:DSD_TRENDS@DF_TRENDSSAFETY(1.0),,I,LUX,,A,,INJURED,,PS,,ROAD,,_T,,_T,,2009,,1156,,A,,0,,1,
DATAFLOW,OECD.ITF:DSD_TRENDS@DF_TRENDSSAFETY(1.0),,I,LUX,,A,,INJURED,,PS,,ROAD,,_T,,_T,,2010,,1185,,A,,0,,1,
DATAFLOW,OECD.ITF:DSD_TRENDS@DF_TRENDSSAFETY(1.0),,I,LUX,,A,,INJURED,,PS,,ROAD,,_T,,_T,,2011,,1308,,A,,0,,1,
DATAFLOW,OECD.ITF:DSD_TRENDS@DF_TRENDSSAFETY(1.0),,I,LUX,,A,,INJURED,,PS,,ROAD,,_T,,_T,,2012,,1378,,A,,0,,1,
DATAFLOW,OECD.ITF:DSD_TRENDS@DF_TRENDSSAFETY(1.0),,I,LUX,,A,,INJURED,,PS,,ROAD,,_T,,_T,,2013,,1252,,A,,0,,1,
DATAFLOW,OECD.ITF:DSD_TRENDS@DF_TRENDSSAFETY(1.0),,I,LUX,,A,,INJURED,,PS,,ROAD,,_T,,_T,,2014,,1226,,A,,0,,1,
DATAFLOW,OECD.ITF:DSD_TRENDS@DF_TRENDSSAFETY(1.0),,I,LUX,,A,,INJURED,,PS,,ROAD,,_T,,_T,,2015,,1348,,A,,0,,1,
DATAFLOW,OECD.ITF:DSD_TRENDS@DF_TRENDSSAFETY(1.0),,I,LUX,,A,,INJURED,,PS,,ROAD,,_T,,_T,,2016,,1203,,A,,0,,1,
DATAFLOW,OECD.ITF:DSD_TRENDS@DF_TRENDSSAFETY(1.0),,I,LUX,,A,,INJURED,,PS,,ROAD,,_T,,_T,,2017,,1272,,A,,0,,1,
DATAFLOW,OECD.ITF:DSD_TRENDS@DF_TRENDSSAFETY(1.0),,I,LUX,,A,,INJURED,,PS,,ROAD,,_T,,_T,,2018,,1218,,A,,0,,1,
DATAFLOW,OECD.ITF:DSD_TRENDS@DF_TRENDSSAFETY(1.0),,I,MEX,,A,,INJURED,,PS,,ROAD,,_T,,_T,,1970,,14653,,A,,0,,1,
DATAFLOW,OECD.ITF:DSD_TRENDS@DF_TRENDSSAFETY(1.0),,I,MEX,,A,,INJURED,,PS,,ROAD,,_T,,_T,,1971,,16407,,A,,0,,1,
DATAFLOW,OECD.ITF:DSD_TRENDS@DF_TRENDSSAFETY(1.0),,I,MEX,,A,,INJURED,,PS,,ROAD,,_T,,_T,,1972,,18117,,A,,0,,1,
DATAFLOW,OECD.ITF:DSD_TRENDS@DF_TRENDSSAFETY(1.0),,I,MEX,,A,,INJURED,,PS,,ROAD,,_T,,_T,,1973,,18474,,A,,0,,1,
DATAFLOW,OECD.ITF:DSD_TRENDS@DF_TRENDSSAFETY(1.0),,I,MEX,,A,,INJURED,,PS,,ROAD,,_T,,_T,,1974,,18296,,A,,0,,1,
DATAFLOW,OECD.ITF:DSD_TRENDS@DF_TRENDSSAFETY(1.0),,I,MEX,,A,,INJURED,,PS,,ROAD,,_T,,_T,,1975,,18500,,A,,0,,1,
DATAFLOW,OECD.ITF:DSD_TRENDS@DF_TRENDSSAFETY(1.0),,I,MEX,,A,,INJURED,,PS,,ROAD,,_T,,_T,,1976,,18678,,A,,0,,1,
DATAFLOW,OECD.ITF:DSD_TRENDS@DF_TRENDSSAFETY(1.0),,I,MEX,,A,,INJURED,,PS,,ROAD,,_T,,_T,,1977,,19046,,A,,0,,1,
DATAFLOW,OECD.ITF:DSD_TRENDS@DF_TRENDSSAFETY(1.0),,I,MEX,,A,,INJURED,,PS,,ROAD,,_T,,_T,,1978,,22754,,A,,0,,1,
DATAFLOW,OECD.ITF:DSD_TRENDS@DF_TRENDSSAFETY(1.0),,I,MEX,,A,,INJURED,,PS,,ROAD,,_T,,_T,,1979,,26213,,A,,0,,1,
DATAFLOW,OECD.ITF:DSD_TRENDS@DF_TRENDSSAFETY(1.0),,I,MEX,,A,,INJURED,,PS,,ROAD,,_T,,_T,,1980,,31363,,A,,0,,1,
DATAFLOW,OECD.ITF:DSD_TRENDS@DF_TRENDSSAFETY(1.0),,I,MEX,,A,,INJURED,,PS,,ROAD,,_T,,_T,,1981,,31432,,A,,0,,1,
DATAFLOW,OECD.ITF:DSD_TRENDS@DF_TRENDSSAFETY(1.0),,I,MEX,,A,,INJURED,,PS,,ROAD,,_T,,_T,,1982,,27076,,A,,0,,1,
DATAFLOW,OECD.ITF:DSD_TRENDS@DF_TRENDSSAFETY(1.0),,I,MEX,,A,,INJURED,,PS,,ROAD,,_T,,_T,,1983,,23225,,A,,0,,1,
DATAFLOW,OECD.ITF:DSD_TRENDS@DF_TRENDSSAFETY(1.0),,I,MEX,,A,,INJURED,,PS,,ROAD,,_T,,_T,,1984,,25289,,A,,0,,1,
DATAFLOW,OECD.ITF:DSD_TRENDS@DF_TRENDSSAFETY(1.0),,I,MEX,,A,,INJURED,,PS,,ROAD,,_T,,_T,,1985,,27881,,A,,0,,1,
DATAFLOW,OECD.ITF:DSD_TRENDS@DF_TRENDSSAFETY(1.0),,I,MEX,,A,,INJURED,,PS,,ROAD,,_T,,_T,,1986,,20846,,A,,0,,1,
DATAFLOW,OECD.ITF:DSD_TRENDS@DF_TRENDSSAFETY(1.0),,I,MEX,,A,,INJURED,,PS,,ROAD,,_T,,_T,,1987,,28133,,A,,0,,1,
DATAFLOW,OECD.ITF:DSD_TRENDS@DF_TRENDSSAFETY(1.0),,I,MEX,,A,,INJURED,,PS,,ROAD,,_T,,_T,,1988,,30459,,A,,0,,1,
DATAFLOW,OECD.ITF:DSD_TRENDS@DF_TRENDSSAFETY(1.0),,I,MEX,,A,,INJURED,,PS,,ROAD,,_T,,_T,,1989,,34698,,A,,0,,1,
DATAFLOW,OECD.ITF:DSD_TRENDS@DF_TRENDSSAFETY(1.0),,I,MEX,,A,,INJURED,,PS,,ROAD,,_T,,_T,,1990,,36160,,A,,0,,1,
DATAFLOW,OECD.ITF:DSD_TRENDS@DF_TRENDSSAFETY(1.0),,I,MEX,,A,,INJURED,,PS,,ROAD,,_T,,_T,,1991,,36642,,A,,0,,1,
DATAFLOW,OECD.ITF:DSD_TRENDS@DF_TRENDSSAFETY(1.0),,I,MEX,,A,,INJURED,,PS,,ROAD,,_T,,_T,,1992,,37416,,A,,0,,1,
DATAFLOW,OECD.ITF:DSD_TRENDS@DF_TRENDSSAFETY(1.0),,I,MEX,,A,,INJURED,,PS,,ROAD,,_T,,_T,,1993,,35461,,A,,0,,1,
DATAFLOW,OECD.ITF:DSD_TRENDS@DF_TRENDSSAFETY(1.0),,I,MEX,,A,,INJURED,,PS,,ROAD,,_T,,_T,,1994,,36268,,A,,0,,1,
DATAFLOW,OECD.ITF:DSD_TRENDS@DF_TRENDSSAFETY(1.0),,I,MEX,,A,,INJURED,,PS,,ROAD,,_T,,_T,,1995,,33860,,A,,0,,1,
DATAFLOW,OECD.ITF:DSD_TRENDS@DF_TRENDSSAFETY(1.0),,I,MEX,,A,,INJURED,,PS,,ROAD,,_T,,_T,,1996,,33325,,A,,0,,1,
DATAFLOW,OECD.ITF:DSD_TRENDS@DF_TRENDSSAFETY(1.0),,I,MEX,,A,,INJURED,,PS,,ROAD,,_T,,_T,,1997,,34952,,A,,0,,1,
DATAFLOW,OECD.ITF:DSD_TRENDS@DF_TRENDSSAFETY(1.0),,I,MEX,,A,,INJURED,,PS,,ROAD,,_T,,_T,,1998,,35086,,A,,0,,1,
DATAFLOW,OECD.ITF:DSD_TRENDS@DF_TRENDSSAFETY(1.0),,I,MEX,,A,,INJURED,,PS,,ROAD,,_T,,_T,,1999,,36528,,A,,0,,1,
DATAFLOW,OECD.ITF:DSD_TRENDS@DF_TRENDSSAFETY(1.0),,I,MEX,,A,,INJURED,,PS,,ROAD,,_T,,_T,,2000,,38434,,A,,0,,1,
DATAFLOW,OECD.ITF:DSD_TRENDS@DF_TRENDSSAFETY(1.0),,I,MEX,,A,,INJURED,,PS,,ROAD,,_T,,_T,,2001,,38676,,A,,0,,1,
DATAFLOW,OECD.ITF:DSD_TRENDS@DF_TRENDSSAFETY(1.0),,I,MEX,,A,,INJURED,,PS,,ROAD,,_T,,_T,,2002,,35454,,A,,0,,1,
DATAFLOW,OECD.ITF:DSD_TRENDS@DF_TRENDSSAFETY(1.0),,I,MEX,,A,,INJURED,,PS,,ROAD,,_T,,_T,,2003,,31464,,A,,0,,1,
DATAFLOW,OECD.ITF:DSD_TRENDS@DF_TRENDSSAFETY(1.0),,I,MEX,,A,,INJURED,,PS,,ROAD,,_T,,_T,,2004,,31274,,A,,0,,1,
DATAFLOW,OECD.ITF:DSD_TRENDS@DF_TRENDSSAFETY(1.0),,I,MEX,,A,,INJURED,,PS,,ROAD,,_T,,_T,,2005,,32268,,A,,0,,1,
DATAFLOW,OECD.ITF:DSD_TRENDS@DF_TRENDSSAFETY(1.0),,I,MEX,,A,,INJURED,,PS,,ROAD,,_T,,_T,,2006,,33130,,A,,0,,1,
DATAFLOW,OECD.ITF:DSD_TRENDS@DF_TRENDSSAFETY(1.0),,I,MEX,,A,,INJURED,,PS,,ROAD,,_T,,_T,,2007,,33580,,A,,0,,1,
DATAFLOW,OECD.ITF:DSD_TRENDS@DF_TRENDSSAFETY(1.0),,I,MEX,,A,,INJURED,,PS,,ROAD,,_T,,_T,,2008,,32769,,A,,0,,1,
DATAFLOW,OECD.ITF:DSD_TRENDS@DF_TRENDSSAFETY(1.0),,I,MEX,,A,,INJURED,,PS,,ROAD,,_T,,_T,,2009,,31656,,A,,0,,1,
DATAFLOW,OECD.ITF:DSD_TRENDS@DF_TRENDSSAFETY(1.0),,I,MEX,,A,,INJURED,,PS,,ROAD,,_T,,_T,,2011,,26056,,A,,0,,1,
DATAFLOW,OECD.ITF:DSD_TRENDS@DF_TRENDSSAFETY(1.0),,I,MEX,,A,,INJURED,,PS,,ROAD,,_T,,_T,,2012,,24736,,A,,0,,1,
DATAFLOW,OECD.ITF:DSD_TRENDS@DF_TRENDSSAFETY(1.0),,I,MEX,,A,,INJURED,,PS,,ROAD,,_T,,_T,,2013,,20979,,A,,0,,1,
DATAFLOW,OECD.ITF:DSD_TRENDS@DF_TRENDSSAFETY(1.0),,I,MEX,,A,,INJURED,,PS,,ROAD,,_T,,_T,,2014,,17504,,A,,0,,1,
DATAFLOW,OECD.ITF:DSD_TRENDS@DF_TRENDSSAFETY(1.0),,I,MEX,,A,,INJURED,,PS,,ROAD,,_T,,_T,,2015,,15738,,A,,0,,1,
DATAFLOW,OECD.ITF:DSD_TRENDS@DF_TRENDSSAFETY(1.0),,I,MEX,,A,,INJURED,,PS,,ROAD,,_T,,_T,,2016,,11175,,A,,0,,1,
DATAFLOW,OECD.ITF:DSD_TRENDS@DF_TRENDSSAFETY(1.0),,I,MEX,,A,,INJURED,,PS,,ROAD,,_T,,_T,,2017,,8910,,A,,0,,1,
DATAFLOW,OECD.ITF:DSD_TRENDS@DF_TRENDSSAFETY(1.0),,I,MEX,,A,,INJURED,,PS,,ROAD,,_T,,_T,,2018,,8761,,A,,0,,1,
DATAFLOW,OECD.ITF:DSD_TRENDS@DF_TRENDSSAFETY(1.0),,I,MEX,,A,,INJURED,,PS,,ROAD,,_T,,_T,,2019,,8501,,A,,0,,1,
DATAFLOW,OECD.ITF:DSD_TRENDS@DF_TRENDSSAFETY(1.0),,I,MEX,,A,,INJURED,,PS,,ROAD,,_T,,_T,,2020,,6706,,A,,0,,1,
DATAFLOW,OECD.ITF:DSD_TRENDS@DF_TRENDSSAFETY(1.0),,I,MEX,,A,,INJURED,,PS,,ROAD,,_T,,_T,,2021,,8217,,A,,0,,1,
DATAFLOW,OECD.ITF:DSD_TRENDS@DF_TRENDSSAFETY(1.0),,I,MEX,,A,,INJURED,,PS,,ROAD,,_T,,_T,,2022,,7247,,A,,0,,1,
DATAFLOW,OECD.ITF:DSD_TRENDS@DF_TRENDSSAFETY(1.0),,I,MEX,,A,,INJURED,,PS,,ROAD,,_T,,_T,,2023,,6403,,A,,0,,1,
DATAFLOW,OECD.ITF:DSD_TRENDS@DF_TRENDSSAFETY(1.0),,I,NLD,,A,,INJURED,,PS,,ROAD,,_T,,_T,,1970,,68230,,A,,0,,1,
DATAFLOW,OECD.ITF:DSD_TRENDS@DF_TRENDSSAFETY(1.0),,I,NLD,,A,,INJURED,,PS,,ROAD,,_T,,_T,,1971,,72160,,A,,0,,1,
DATAFLOW,OECD.ITF:DSD_TRENDS@DF_TRENDSSAFETY(1.0),,I,NLD,,A,,INJURED,,PS,,ROAD,,_T,,_T,,1972,,70090,,A,,0,,1,
DATAFLOW,OECD.ITF:DSD_TRENDS@DF_TRENDSSAFETY(1.0),,I,NLD,,A,,INJURED,,PS,,ROAD,,_T,,_T,,1973,,70360,,A,,0,,1,
DATAFLOW,OECD.ITF:DSD_TRENDS@DF_TRENDSSAFETY(1.0),,I,NLD,,A,,INJURED,,PS,,ROAD,,_T,,_T,,1974,,66210,,A,,0,,1,
DATAFLOW,OECD.ITF:DSD_TRENDS@DF_TRENDSSAFETY(1.0),,I,NLD,,A,,INJURED,,PS,,ROAD,,_T,,_T,,1975,,59979,,A,,0,,1,
DATAFLOW,OECD.ITF:DSD_TRENDS@DF_TRENDSSAFETY(1.0),,I,NLD,,A,,INJURED,,PS,,ROAD,,_T,,_T,,1976,,62320,,A,,0,,1,
DATAFLOW,OECD.ITF:DSD_TRENDS@DF_TRENDSSAFETY(1.0),,I,NLD,,A,,INJURED,,PS,,ROAD,,_T,,_T,,1977,,64480,,A,,0,,1,
DATAFLOW,OECD.ITF:DSD_TRENDS@DF_TRENDSSAFETY(1.0),,I,NLD,,A,,INJURED,,PS,,ROAD,,_T,,_T,,1978,,62130,,A,,0,,1,
DATAFLOW,OECD.ITF:DSD_TRENDS@DF_TRENDSSAFETY(1.0),,I,NLD,,A,,INJURED,,PS,,ROAD,,_T,,_T,,1979,,56620,,A,,0,,1,
DATAFLOW,OECD.ITF:DSD_TRENDS@DF_TRENDSSAFETY(1.0),,I,NLD,,A,,INJURED,,PS,,ROAD,,_T,,_T,,1980,,56623,,A,,0,,1,
DATAFLOW,OECD.ITF:DSD_TRENDS@DF_TRENDSSAFETY(1.0),,I,NLD,,A,,INJURED,,PS,,ROAD,,_T,,_T,,1981,,53505,,A,,0,,1,
DATAFLOW,OECD.ITF:DSD_TRENDS@DF_TRENDSSAFETY(1.0),,I,NLD,,A,,INJURED,,PS,,ROAD,,_T,,_T,,1982,,52212,,A,,0,,1,
DATAFLOW,OECD.ITF:DSD_TRENDS@DF_TRENDSSAFETY(1.0),,I,NLD,,A,,INJURED,,PS,,ROAD,,_T,,_T,,1983,,52471,,A,,0,,1,
DATAFLOW,OECD.ITF:DSD_TRENDS@DF_TRENDSSAFETY(1.0),,I,NLD,,A,,INJURED,,PS,,ROAD,,_T,,_T,,1984,,50676,,A,,0,,1,
DATAFLOW,OECD.ITF:DSD_TRENDS@DF_TRENDSSAFETY(1.0),,I,NLD,,A,,INJURED,,PS,,ROAD,,_T,,_T,,1985,,48450,,A,,0,,1,
DATAFLOW,OECD.ITF:DSD_TRENDS@DF_TRENDSSAFETY(1.0),,I,NLD,,A,,INJURED,,PS,,ROAD,,_T,,_T,,1987,,13959,,A,,0,,1,
DATAFLOW,OECD.ITF:DSD_TRENDS@DF_TRENDSSAFETY(1.0),,I,NLD,,A,,INJURED,,PS,,ROAD,,_T,,_T,,1988,,13644,,A,,0,,1,
DATAFLOW,OECD.ITF:DSD_TRENDS@DF_TRENDSSAFETY(1.0),,I,NLD,,A,,INJURED,,PS,,ROAD,,_T,,_T,,1989,,13660,,A,,0,,1,
DATAFLOW,OECD.ITF:DSD_TRENDS@DF_TRENDSSAFETY(1.0),,I,NLD,,A,,INJURED,,PS,,ROAD,,_T,,_T,,1990,,13652,,A,,0,,1,
DATAFLOW,OECD.ITF:DSD_TRENDS@DF_TRENDSSAFETY(1.0),,I,NLD,,A,,INJURED,,PS,,ROAD,,_T,,_T,,1991,,12006,,A,,0,,1,
DATAFLOW,OECD.ITF:DSD_TRENDS@DF_TRENDSSAFETY(1.0),,I,NLD,,A,,INJURED,,PS,,ROAD,,_T,,_T,,1992,,11654,,A,,0,,1,
DATAFLOW,OECD.ITF:DSD_TRENDS@DF_TRENDSSAFETY(1.0),,I,NLD,,A,,INJURED,,PS,,ROAD,,_T,,_T,,1993,,5810,,A,,0,,1,
DATAFLOW,OECD.ITF:DSD_TRENDS@DF_TRENDSSAFETY(1.0),,I,NLD,,A,,INJURED,,PS,,ROAD,,_T,,_T,,1994,,5950,,A,,0,,1,
DATAFLOW,OECD.ITF:DSD_TRENDS@DF_TRENDSSAFETY(1.0),,I,NLD,,A,,INJURED,,PS,,ROAD,,_T,,_T,,1995,,6040,,A,,0,,1,
DATAFLOW,OECD.ITF:DSD_TRENDS@DF_TRENDSSAFETY(1.0),,I,NLD,,A,,INJURED,,PS,,ROAD,,_T,,_T,,1997,,5580,,A,,0,,1,
DATAFLOW,OECD.ITF:DSD_TRENDS@DF_TRENDSSAFETY(1.0),,I,NLD,,A,,INJURED,,PS,,ROAD,,_T,,_T,,1998,,5080,,A,,0,,1,
DATAFLOW,OECD.ITF:DSD_TRENDS@DF_TRENDSSAFETY(1.0),,I,NLD,,A,,INJURED,,PS,,ROAD,,_T,,_T,,1999,,5460,,A,,0,,1,
DATAFLOW,OECD.ITF:DSD_TRENDS@DF_TRENDSSAFETY(1.0),,I,NLD,,A,,INJURED,,PS,,ROAD,,_T,,_T,,2000,,5110,,A,,0,,1,
DATAFLOW,OECD.ITF:DSD_TRENDS@DF_TRENDSSAFETY(1.0),,I,NLD,,A,,INJURED,,PS,,ROAD,,_T,,_T,,2001,,5290,,A,,0,,1,
DATAFLOW,OECD.ITF:DSD_TRENDS@DF_TRENDSSAFETY(1.0),,I,NLD,,A,,INJURED,,PS,,ROAD,,_T,,_T,,2002,,4960,,A,,0,,1,
DATAFLOW,OECD.ITF:DSD_TRENDS@DF_TRENDSSAFETY(1.0),,I,NLD,,A,,INJURED,,PS,,ROAD,,_T,,_T,,2003,,5080,,A,,0,,1,
DATAFLOW,OECD.ITF:DSD_TRENDS@DF_TRENDSSAFETY(1.0),,I,NLD,,A,,INJURED,,PS,,ROAD,,_T,,_T,,2004,,4740,,A,,0,,1,
DATAFLOW,OECD.ITF:DSD_TRENDS@DF_TRENDSSAFETY(1.0),,I,NLD,,A,,INJURED,,PS,,ROAD,,_T,,_T,,2005,,4640,,A,,0,,1,
DATAFLOW,OECD.ITF:DSD_TRENDS@DF_TRENDSSAFETY(1.0),,I,NLD,,A,,INJURED,,PS,,ROAD,,_T,,_T,,2006,,4550,,A,,0,,1,
DATAFLOW,OECD.ITF:DSD_TRENDS@DF_TRENDSSAFETY(1.0),,I,NLD,,A,,INJURED,,PS,,ROAD,,_T,,_T,,2007,,4790,,A,,0,,1,
DATAFLOW,OECD.ITF:DSD_TRENDS@DF_TRENDSSAFETY(1.0),,I,NLD,,A,,INJURED,,PS,,ROAD,,_T,,_T,,2008,,5130,,A,,0,,1,
DATAFLOW,OECD.ITF:DSD_TRENDS@DF_TRENDSSAFETY(1.0),,I,NLD,,A,,INJURED,,PS,,ROAD,,_T,,_T,,2009,,5250,,A,,0,,1,
DATAFLOW,OECD.ITF:DSD_TRENDS@DF_TRENDSSAFETY(1.0),,I,NLD,,A,,INJURED,,PS,,ROAD,,_T,,_T,,2010,,5330,,A,,0,,1,
DATAFLOW,OECD.ITF:DSD_TRENDS@DF_TRENDSSAFETY(1.0),,I,NLD,,A,,INJURED,,PS,,ROAD,,_T,,_T,,2011,,5720,,A,,0,,1,
DATAFLOW,OECD.ITF:DSD_TRENDS@DF_TRENDSSAFETY(1.0),,I,NLD,,A,,INJURED,,PS,,ROAD,,_T,,_T,,2012,,5580,,A,,0,,1,
DATAFLOW,OECD.ITF:DSD_TRENDS@DF_TRENDSSAFETY(1.0),,I,NLD,,A,,INJURED,,PS,,ROAD,,_T,,_T,,2013,,5330,,A,,0,,1,
DATAFLOW,OECD.ITF:DSD_TRENDS@DF_TRENDSSAFETY(1.0),,I,NLD,,A,,INJURED,,PS,,ROAD,,_T,,_T,,2014,,5830,,A,,0,,1,
DATAFLOW,OECD.ITF:DSD_TRENDS@DF_TRENDSSAFETY(1.0),,I,NLD,,A,,INJURED,,PS,,ROAD,,_T,,_T,,2015,,5980,,A,,0,,1,
DATAFLOW,OECD.ITF:DSD_TRENDS@DF_TRENDSSAFETY(1.0),,I,NLD,,A,,INJURED,,PS,,ROAD,,_T,,_T,,2016,,6380,,A,,0,,1,
DATAFLOW,OECD.ITF:DSD_TRENDS@DF_TRENDSSAFETY(1.0),,I,NLD,,A,,INJURED,,PS,,ROAD,,_T,,_T,,2017,,6510,,A,,0,,1,
DATAFLOW,OECD.ITF:DSD_TRENDS@DF_TRENDSSAFETY(1.0),,I,NLD,,A,,INJURED,,PS,,ROAD,,_T,,_T,,2018,,6790,,A,,0,,1,
DATAFLOW,OECD.ITF:DSD_TRENDS@DF_TRENDSSAFETY(1.0),,I,NLD,,A,,INJURED,,PS,,ROAD,,_T,,_T,,2019,,6940,,A,,0,,1,
DATAFLOW,OECD.ITF:DSD_TRENDS@DF_TRENDSSAFETY(1.0),,I,NLD,,A,,INJURED,,PS,,ROAD,,_T,,_T,,2020,,6510,,A,,0,,1,
DATAFLOW,OECD.ITF:DSD_TRENDS@DF_TRENDSSAFETY(1.0),,I,NLD,,A,,INJURED,,PS,,ROAD,,_T,,_T,,2021,,6760,,A,,0,,1,
DATAFLOW,OECD.ITF:DSD_TRENDS@DF_TRENDSSAFETY(1.0),,I,NLD,,A,,INJURED,,PS,,ROAD,,_T,,_T,,2022,,8260,,A,,0,,1,
DATAFLOW,OECD.ITF:DSD_TRENDS@DF_TRENDSSAFETY(1.0),,I,NLD,,A,,INJURED,,PS,,ROAD,,_T,,_T,,2023,,7390,,A,,0,,1,
DATAFLOW,OECD.ITF:DSD_TRENDS@DF_TRENDSSAFETY(1.0),,I,NLD,,A,,INJURED,,PS,,ROAD,,_T,,_T,,2024,,7800,,A,,0,,1,
DATAFLOW,OECD.ITF:DSD_TRENDS@DF_TRENDSSAFETY(1.0),,I,NZL,,A,,INJURED,,PS,,ROAD,,_T,,_T,,1970,,20791,,A,,0,,1,
DATAFLOW,OECD.ITF:DSD_TRENDS@DF_TRENDSSAFETY(1.0),,I,NZL,,A,,INJURED,,PS,,ROAD,,_T,,_T,,1971,,21607,,A,,0,,1,
DATAFLOW,OECD.ITF:DSD_TRENDS@DF_TRENDSSAFETY(1.0),,I,NZL,,A,,INJURED,,PS,,ROAD,,_T,,_T,,1972,,22315,,A,,0,,1,
DATAFLOW,OECD.ITF:DSD_TRENDS@DF_TRENDSSAFETY(1.0),,I,NZL,,A,,INJURED,,PS,,ROAD,,_T,,_T,,1973,,23385,,A,,0,,1,
DATAFLOW,OECD.ITF:DSD_TRENDS@DF_TRENDSSAFETY(1.0),,I,NZL,,A,,INJURED,,PS,,ROAD,,_T,,_T,,1974,,20829,,A,,0,,1,
DATAFLOW,OECD.ITF:DSD_TRENDS@DF_TRENDSSAFETY(1.0),,I,NZL,,A,,INJURED,,PS,,ROAD,,_T,,_T,,1975,,19839,,A,,0,,1,
DATAFLOW,OECD.ITF:DSD_TRENDS@DF_TRENDSSAFETY(1.0),,I,NZL,,A,,INJURED,,PS,,ROAD,,_T,,_T,,1976,,17895,,A,,0,,1,
DATAFLOW,OECD.ITF:DSD_TRENDS@DF_TRENDSSAFETY(1.0),,I,NZL,,A,,INJURED,,PS,,ROAD,,_T,,_T,,1977,,17525,,A,,0,,1,
DATAFLOW,OECD.ITF:DSD_TRENDS@DF_TRENDSSAFETY(1.0),,I,NZL,,A,,INJURED,,PS,,ROAD,,_T,,_T,,1978,,15178,,A,,0,,1,
DATAFLOW,OECD.ITF:DSD_TRENDS@DF_TRENDSSAFETY(1.0),,I,NZL,,A,,INJURED,,PS,,ROAD,,_T,,_T,,1979,,13903,,A,,0,,1,
DATAFLOW,OECD.ITF:DSD_TRENDS@DF_TRENDSSAFETY(1.0),,I,NZL,,A,,INJURED,,PS,,ROAD,,_T,,_T,,1980,,15872,,A,,0,,1,
DATAFLOW,OECD.ITF:DSD_TRENDS@DF_TRENDSSAFETY(1.0),,I,NZL,,A,,INJURED,,PS,,ROAD,,_T,,_T,,1981,,15479,,A,,0,,1,
DATAFLOW,OECD.ITF:DSD_TRENDS@DF_TRENDSSAFETY(1.0),,I,NZL,,A,,INJURED,,PS,,ROAD,,_T,,_T,,1982,,16194,,A,,0,,1,
DATAFLOW,OECD.ITF:DSD_TRENDS@DF_TRENDSSAFETY(1.0),,I,NZL,,A,,INJURED,,PS,,ROAD,,_T,,_T,,1983,,16491,,A,,0,,1,
DATAFLOW,OECD.ITF:DSD_TRENDS@DF_TRENDSSAFETY(1.0),,I,NZL,,A,,INJURED,,PS,,ROAD,,_T,,_T,,1984,,17524,,A,,0,,1,
DATAFLOW,OECD.ITF:DSD_TRENDS@DF_TRENDSSAFETY(1.0),,I,NZL,,A,,INJURED,,PS,,ROAD,,_T,,_T,,1985,,18912,,A,,0,,1,
DATAFLOW,OECD.ITF:DSD_TRENDS@DF_TRENDSSAFETY(1.0),,I,NZL,,A,,INJURED,,PS,,ROAD,,_T,,_T,,1986,,18874,,A,,0,,1,
DATAFLOW,OECD.ITF:DSD_TRENDS@DF_TRENDSSAFETY(1.0),,I,NZL,,A,,INJURED,,PS,,ROAD,,_T,,_T,,1987,,18728,,A,,0,,1,
DATAFLOW,OECD.ITF:DSD_TRENDS@DF_TRENDSSAFETY(1.0),,I,NZL,,A,,INJURED,,PS,,ROAD,,_T,,_T,,1988,,17346,,A,,0,,1,
DATAFLOW,OECD.ITF:DSD_TRENDS@DF_TRENDSSAFETY(1.0),,I,NZL,,A,,INJURED,,PS,,ROAD,,_T,,_T,,1989,,16594,,A,,0,,1,
DATAFLOW,OECD.ITF:DSD_TRENDS@DF_TRENDSSAFETY(1.0),,I,NZL,,A,,INJURED,,PS,,ROAD,,_T,,_T,,1990,,17732,,A,,0,,1,
DATAFLOW,OECD.ITF:DSD_TRENDS@DF_TRENDSSAFETY(1.0),,I,NZL,,A,,INJURED,,PS,,ROAD,,_T,,_T,,1991,,16887,,A,,0,,1,
DATAFLOW,OECD.ITF:DSD_TRENDS@DF_TRENDSSAFETY(1.0),,I,NZL,,A,,INJURED,,PS,,ROAD,,_T,,_T,,1992,,16152,,A,,0,,1,
DATAFLOW,OECD.ITF:DSD_TRENDS@DF_TRENDSSAFETY(1.0),,I,NZL,,A,,INJURED,,PS,,ROAD,,_T,,_T,,1993,,15174,,A,,0,,1,
DATAFLOW,OECD.ITF:DSD_TRENDS@DF_TRENDSSAFETY(1.0),,I,NZL,,A,,INJURED,,PS,,ROAD,,_T,,_T,,1994,,16735,,A,,0,,1,
DATAFLOW,OECD.ITF:DSD_TRENDS@DF_TRENDSSAFETY(1.0),,I,NZL,,A,,INJURED,,PS,,ROAD,,_T,,_T,,1995,,16956,,A,,0,,1,
DATAFLOW,OECD.ITF:DSD_TRENDS@DF_TRENDSSAFETY(1.0),,I,NZL,,A,,INJURED,,PS,,ROAD,,_T,,_T,,1996,,14838,,A,,0,,1,
DATAFLOW,OECD.ITF:DSD_TRENDS@DF_TRENDSSAFETY(1.0),,I,NZL,,A,,INJURED,,PS,,ROAD,,_T,,_T,,1997,,13468,,A,,0,,1,
DATAFLOW,OECD.ITF:DSD_TRENDS@DF_TRENDSSAFETY(1.0),,I,NZL,,A,,INJURED,,PS,,ROAD,,_T,,_T,,1998,,12541,,A,,0,,1,
DATAFLOW,OECD.ITF:DSD_TRENDS@DF_TRENDSSAFETY(1.0),,I,NZL,,A,,INJURED,,PS,,ROAD,,_T,,_T,,1999,,12162,,A,,0,,1,
DATAFLOW,OECD.ITF:DSD_TRENDS@DF_TRENDSSAFETY(1.0),,I,NZL,,A,,INJURED,,PS,,ROAD,,_T,,_T,,2000,,11062,,A,,0,,1,
DATAFLOW,OECD.ITF:DSD_TRENDS@DF_TRENDSSAFETY(1.0),,I,NZL,,A,,INJURED,,PS,,ROAD,,_T,,_T,,2001,,12477,,A,,0,,1,
DATAFLOW,OECD.ITF:DSD_TRENDS@DF_TRENDSSAFETY(1.0),,I,NZL,,A,,INJURED,,PS,,ROAD,,_T,,_T,,2002,,14063,,A,,0,,1,
DATAFLOW,OECD.ITF:DSD_TRENDS@DF_TRENDSSAFETY(1.0),,I,NZL,,A,,INJURED,,PS,,ROAD,,_T,,_T,,2003,,14528,,A,,0,,1,
DATAFLOW,OECD.ITF:DSD_TRENDS@DF_TRENDSSAFETY(1.0),,I,NZL,,A,,INJURED,,PS,,ROAD,,_T,,_T,,2004,,14100,,A,,0,,1,
DATAFLOW,OECD.ITF:DSD_TRENDS@DF_TRENDSSAFETY(1.0),,I,NZL,,A,,INJURED,,PS,,ROAD,,_T,,_T,,2005,,14654,,A,,0,,1,
DATAFLOW,OECD.ITF:DSD_TRENDS@DF_TRENDSSAFETY(1.0),,I,NZL,,A,,INJURED,,PS,,ROAD,,_T,,_T,,2006,,15396,,A,,0,,1,
DATAFLOW,OECD.ITF:DSD_TRENDS@DF_TRENDSSAFETY(1.0),,I,NZL,,A,,INJURED,,PS,,ROAD,,_T,,_T,,2007,,16207,,A,,0,,1,
DATAFLOW,OECD.ITF:DSD_TRENDS@DF_TRENDSSAFETY(1.0),,I,NZL,,A,,INJURED,,PS,,ROAD,,_T,,_T,,2008,,15358,,A,,0,,1,
DATAFLOW,OECD.ITF:DSD_TRENDS@DF_TRENDSSAFETY(1.0),,I,NZL,,A,,INJURED,,PS,,ROAD,,_T,,_T,,2009,,14703,,A,,0,,1,
DATAFLOW,OECD.ITF:DSD_TRENDS@DF_TRENDSSAFETY(1.0),,I,NZL,,A,,INJURED,,PS,,ROAD,,_T,,_T,,2010,,14129,,A,,0,,1,
DATAFLOW,OECD.ITF:DSD_TRENDS@DF_TRENDSSAFETY(1.0),,I,NZL,,A,,INJURED,,PS,,ROAD,,_T,,_T,,2011,,12676,,A,,0,,1,
DATAFLOW,OECD.ITF:DSD_TRENDS@DF_TRENDSSAFETY(1.0),,I,NZL,,A,,INJURED,,PS,,ROAD,,_T,,_T,,2012,,12220,,A,,0,,1,
DATAFLOW,OECD.ITF:DSD_TRENDS@DF_TRENDSSAFETY(1.0),,I,NZL,,A,,INJURED,,PS,,ROAD,,_T,,_T,,2013,,11934,,A,,0,,1,
DATAFLOW,OECD.ITF:DSD_TRENDS@DF_TRENDSSAFETY(1.0),,I,NZL,,A,,INJURED,,PS,,ROAD,,_T,,_T,,2014,,11303,,A,,0,,1,
DATAFLOW,OECD.ITF:DSD_TRENDS@DF_TRENDSSAFETY(1.0),,I,NZL,,A,,INJURED,,PS,,ROAD,,_T,,_T,,2015,,12348,,A,,0,,1,
DATAFLOW,OECD.ITF:DSD_TRENDS@DF_TRENDSSAFETY(1.0),,I,NZL,,A,,INJURED,,PS,,ROAD,,_T,,_T,,2016,,12780,,A,,0,,1,
DATAFLOW,OECD.ITF:DSD_TRENDS@DF_TRENDSSAFETY(1.0),,I,NZL,,A,,INJURED,,PS,,ROAD,,_T,,_T,,2017,,14037,,A,,0,,1,
DATAFLOW,OECD.ITF:DSD_TRENDS@DF_TRENDSSAFETY(1.0),,I,NZL,,A,,INJURED,,PS,,ROAD,,_T,,_T,,2018,,14697,,A,,0,,1,
DATAFLOW,OECD.ITF:DSD_TRENDS@DF_TRENDSSAFETY(1.0),,I,NZL,,A,,INJURED,,PS,,ROAD,,_T,,_T,,2019,,14750,,A,,0,,1,
DATAFLOW,OECD.ITF:DSD_TRENDS@DF_TRENDSSAFETY(1.0),,I,NZL,,A,,INJURED,,PS,,ROAD,,_T,,_T,,2020,,12875,,A,,0,,1,
DATAFLOW,OECD.ITF:DSD_TRENDS@DF_TRENDSSAFETY(1.0),,I,NZL,,A,,INJURED,,PS,,ROAD,,_T,,_T,,2021,,13260,,A,,0,,1,
DATAFLOW,OECD.ITF:DSD_TRENDS@DF_TRENDSSAFETY(1.0),,I,NZL,,A,,INJURED,,PS,,ROAD,,_T,,_T,,2022,,13727,,A,,0,,1,
DATAFLOW,OECD.ITF:DSD_TRENDS@DF_TRENDSSAFETY(1.0),,I,NOR,,A,,INJURED,,PS,,ROAD,,_T,,_T,,1970,,11760,,A,,0,,1,
DATAFLOW,OECD.ITF:DSD_TRENDS@DF_TRENDSSAFETY(1.0),,I,NOR,,A,,INJURED,,PS,,ROAD,,_T,,_T,,1971,,11080,,A,,0,,1,
DATAFLOW,OECD.ITF:DSD_TRENDS@DF_TRENDSSAFETY(1.0),,I,NOR,,A,,INJURED,,PS,,ROAD,,_T,,_T,,1972,,11320,,A,,0,,1,
DATAFLOW,OECD.ITF:DSD_TRENDS@DF_TRENDSSAFETY(1.0),,I,NOR,,A,,INJURED,,PS,,ROAD,,_T,,_T,,1973,,10970,,A,,0,,1,
DATAFLOW,OECD.ITF:DSD_TRENDS@DF_TRENDSSAFETY(1.0),,I,NOR,,A,,INJURED,,PS,,ROAD,,_T,,_T,,1974,,10240,,A,,0,,1,
DATAFLOW,OECD.ITF:DSD_TRENDS@DF_TRENDSSAFETY(1.0),,I,NOR,,A,,INJURED,,PS,,ROAD,,_T,,_T,,1975,,10974,,A,,0,,1,
DATAFLOW,OECD.ITF:DSD_TRENDS@DF_TRENDSSAFETY(1.0),,I,NOR,,A,,INJURED,,PS,,ROAD,,_T,,_T,,1976,,10400,,A,,0,,1,
DATAFLOW,OECD.ITF:DSD_TRENDS@DF_TRENDSSAFETY(1.0),,I,NOR,,A,,INJURED,,PS,,ROAD,,_T,,_T,,1977,,12830,,A,,0,,1,
DATAFLOW,OECD.ITF:DSD_TRENDS@DF_TRENDSSAFETY(1.0),,I,NOR,,A,,INJURED,,PS,,ROAD,,_T,,_T,,1978,,12370,,A,,0,,1,
DATAFLOW,OECD.ITF:DSD_TRENDS@DF_TRENDSSAFETY(1.0),,I,NOR,,A,,INJURED,,PS,,ROAD,,_T,,_T,,1979,,10940,,A,,0,,1,
DATAFLOW,OECD.ITF:DSD_TRENDS@DF_TRENDSSAFETY(1.0),,I,NOR,,A,,INJURED,,PS,,ROAD,,_T,,_T,,1980,,10248,,A,,0,,1,
DATAFLOW,OECD.ITF:DSD_TRENDS@DF_TRENDSSAFETY(1.0),,I,NOR,,A,,INJURED,,PS,,ROAD,,_T,,_T,,1981,,10480,,A,,0,,1,
DATAFLOW,OECD.ITF:DSD_TRENDS@DF_TRENDSSAFETY(1.0),,I,NOR,,A,,INJURED,,PS,,ROAD,,_T,,_T,,1982,,10430,,A,,0,,1,
DATAFLOW,OECD.ITF:DSD_TRENDS@DF_TRENDSSAFETY(1.0),,I,NOR,,A,,INJURED,,PS,,ROAD,,_T,,_T,,1983,,10608,,A,,0,,1,
DATAFLOW,OECD.ITF:DSD_TRENDS@DF_TRENDSSAFETY(1.0),,I,NOR,,A,,INJURED,,PS,,ROAD,,_T,,_T,,1984,,11094,,A,,0,,1,
DATAFLOW,OECD.ITF:DSD_TRENDS@DF_TRENDSSAFETY(1.0),,I,NOR,,A,,INJURED,,PS,,ROAD,,_T,,_T,,1985,,11902,,A,,0,,1,
DATAFLOW,OECD.ITF:DSD_TRENDS@DF_TRENDSSAFETY(1.0),,I,NOR,,A,,INJURED,,PS,,ROAD,,_T,,_T,,1986,,12006,,A,,0,,1,
DATAFLOW,OECD.ITF:DSD_TRENDS@DF_TRENDSSAFETY(1.0),,I,NOR,,A,,INJURED,,PS,,ROAD,,_T,,_T,,1987,,11090,,A,,0,,1,
DATAFLOW,OECD.ITF:DSD_TRENDS@DF_TRENDSSAFETY(1.0),,I,NOR,,A,,INJURED,,PS,,ROAD,,_T,,_T,,1988,,10962,,A,,0,,1,
DATAFLOW,OECD.ITF:DSD_TRENDS@DF_TRENDSSAFETY(1.0),,I,NOR,,A,,INJURED,,PS,,ROAD,,_T,,_T,,1989,,11490,,A,,0,,1,
DATAFLOW,OECD.ITF:DSD_TRENDS@DF_TRENDSSAFETY(1.0),,I,NOR,,A,,INJURED,,PS,,ROAD,,_T,,_T,,1990,,11886,,A,,0,,1,
DATAFLOW,OECD.ITF:DSD_TRENDS@DF_TRENDSSAFETY(1.0),,I,NOR,,A,,INJURED,,PS,,ROAD,,_T,,_T,,1991,,11712,,A,,0,,1,
DATAFLOW,OECD.ITF:DSD_TRENDS@DF_TRENDSSAFETY(1.0),,I,NOR,,A,,INJURED,,PS,,ROAD,,_T,,_T,,1992,,11404,,A,,0,,1,
DATAFLOW,OECD.ITF:DSD_TRENDS@DF_TRENDSSAFETY(1.0),,I,NOR,,A,,INJURED,,PS,,ROAD,,_T,,_T,,1993,,11536,,A,,0,,1,
DATAFLOW,OECD.ITF:DSD_TRENDS@DF_TRENDSSAFETY(1.0),,I,NOR,,A,,INJURED,,PS,,ROAD,,_T,,_T,,1994,,11247,,A,,0,,1,
DATAFLOW,OECD.ITF:DSD_TRENDS@DF_TRENDSSAFETY(1.0),,I,NOR,,A,,INJURED,,PS,,ROAD,,_T,,_T,,1995,,11756,,A,,0,,1,
DATAFLOW,OECD.ITF:DSD_TRENDS@DF_TRENDSSAFETY(1.0),,I,NOR,,A,,INJURED,,PS,,ROAD,,_T,,_T,,1996,,12025,,A,,0,,1,
DATAFLOW,OECD.ITF:DSD_TRENDS@DF_TRENDSSAFETY(1.0),,I,NOR,,A,,INJURED,,PS,,ROAD,,_T,,_T,,1997,,11823,,A,,0,,1,
DATAFLOW,OECD.ITF:DSD_TRENDS@DF_TRENDSSAFETY(1.0),,I,NOR,,A,,INJURED,,PS,,ROAD,,_T,,_T,,1998,,12120,,A,,0,,1,
DATAFLOW,OECD.ITF:DSD_TRENDS@DF_TRENDSSAFETY(1.0),,I,NOR,,A,,INJURED,,PS,,ROAD,,_T,,_T,,1999,,11460,,A,,0,,1,
DATAFLOW,OECD.ITF:DSD_TRENDS@DF_TRENDSSAFETY(1.0),,I,NOR,,A,,INJURED,,PS,,ROAD,,_T,,_T,,2000,,11662,,A,,0,,1,
DATAFLOW,OECD.ITF:DSD_TRENDS@DF_TRENDSSAFETY(1.0),,I,NOR,,A,,INJURED,,PS,,ROAD,,_T,,_T,,2001,,11522,,A,,0,,1,
DATAFLOW,OECD.ITF:DSD_TRENDS@DF_TRENDSSAFETY(1.0),,I,NOR,,A,,INJURED,,PS,,ROAD,,_T,,_T,,2002,,12395,,A,,0,,1,
DATAFLOW,OECD.ITF:DSD_TRENDS@DF_TRENDSSAFETY(1.0),,I,NOR,,A,,INJURED,,PS,,ROAD,,_T,,_T,,2003,,11851,,A,,0,,1,
DATAFLOW,OECD.ITF:DSD_TRENDS@DF_TRENDSSAFETY(1.0),,I,NOR,,A,,INJURED,,PS,,ROAD,,_T,,_T,,2004,,12121,,A,,0,,1,
DATAFLOW,OECD.ITF:DSD_TRENDS@DF_TRENDSSAFETY(1.0),,I,NOR,,A,,INJURED,,PS,,ROAD,,_T,,_T,,2005,,11214,,A,,0,,1,
DATAFLOW,OECD.ITF:DSD_TRENDS@DF_TRENDSSAFETY(1.0),,I,NOR,,A,,INJURED,,PS,,ROAD,,_T,,_T,,2006,,11126,,A,,0,,1,
DATAFLOW,OECD.ITF:DSD_TRENDS@DF_TRENDSSAFETY(1.0),,I,NOR,,A,,INJURED,,PS,,ROAD,,_T,,_T,,2007,,12082,,A,,0,,1,
DATAFLOW,OECD.ITF:DSD_TRENDS@DF_TRENDSSAFETY(1.0),,I,NOR,,A,,INJURED,,PS,,ROAD,,_T,,_T,,2008,,10868,,A,,0,,1,
DATAFLOW,OECD.ITF:DSD_TRENDS@DF_TRENDSSAFETY(1.0),,I,NOR,,A,,INJURED,,PS,,ROAD,,_T,,_T,,2009,,9844,,A,,0,,1,
DATAFLOW,OECD.ITF:DSD_TRENDS@DF_TRENDSSAFETY(1.0),,I,NOR,,A,,INJURED,,PS,,ROAD,,_T,,_T,,2010,,9130,,A,,0,,1,
DATAFLOW,OECD.ITF:DSD_TRENDS@DF_TRENDSSAFETY(1.0),,I,NOR,,A,,INJURED,,PS,,ROAD,,_T,,_T,,2011,,8363,,A,,0,,1,
DATAFLOW,OECD.ITF:DSD_TRENDS@DF_TRENDSSAFETY(1.0),,I,NOR,,A,,INJURED,,PS,,ROAD,,_T,,_T,,2012,,8195,,A,,0,,1,
DATAFLOW,OECD.ITF:DSD_TRENDS@DF_TRENDSSAFETY(1.0),,I,NOR,,A,,INJURED,,PS,,ROAD,,_T,,_T,,2013,,6842,,A,,0,,1,
DATAFLOW,OECD.ITF:DSD_TRENDS@DF_TRENDSSAFETY(1.0),,I,NOR,,A,,INJURED,,PS,,ROAD,,_T,,_T,,2014,,6291,,A,,0,,1,
DATAFLOW,OECD.ITF:DSD_TRENDS@DF_TRENDSSAFETY(1.0),,I,NOR,,A,,INJURED,,PS,,ROAD,,_T,,_T,,2015,,5687,,A,,0,,1,
DATAFLOW,OECD.ITF:DSD_TRENDS@DF_TRENDSSAFETY(1.0),,I,NOR,,A,,INJURED,,PS,,ROAD,,_T,,_T,,2016,,5539,,A,,0,,1,
DATAFLOW,OECD.ITF:DSD_TRENDS@DF_TRENDSSAFETY(1.0),,I,NOR,,A,,INJURED,,PS,,ROAD,,_T,,_T,,2017,,5262,,A,,0,,1,
DATAFLOW,OECD.ITF:DSD_TRENDS@DF_TRENDSSAFETY(1.0),,I,NOR,,A,,INJURED,,PS,,ROAD,,_T,,_T,,2018,,4941,,A,,0,,1,
DATAFLOW,OECD.ITF:DSD_TRENDS@DF_TRENDSSAFETY(1.0),,I,NOR,,A,,INJURED,,PS,,ROAD,,_T,,_T,,2019,,4358,,A,,0,,1,
DATAFLOW,OECD.ITF:DSD_TRENDS@DF_TRENDSSAFETY(1.0),,I,NOR,,A,,INJURED,,PS,,ROAD,,_T,,_T,,2020,,4436,,A,,0,,1,
DATAFLOW,OECD.ITF:DSD_TRENDS@DF_TRENDSSAFETY(1.0),,I,NOR,,A,,INJURED,,PS,,ROAD,,_T,,_T,,2021,,4565,,A,,0,,1,
DATAFLOW,OECD.ITF:DSD_TRENDS@DF_TRENDSSAFETY(1.0),,I,NOR,,A,,INJURED,,PS,,ROAD,,_T,,_T,,2022,,4485,,A,,0,,1,
DATAFLOW,OECD.ITF:DSD_TRENDS@DF_TRENDSSAFETY(1.0),,I,NOR,,A,,INJURED,,PS,,ROAD,,_T,,_T,,2023,,4256,,A,,0,,1,
DATAFLOW,OECD.ITF:DSD_TRENDS@DF_TRENDSSAFETY(1.0),,I,NOR,,A,,INJURED,,PS,,ROAD,,_T,,_T,,2024,,4061,,A,,0,,1,
DATAFLOW,OECD.ITF:DSD_TRENDS@DF_TRENDSSAFETY(1.0),,I,POL,,A,,INJURED,,PS,,ROAD,,_T,,_T,,1970,,37844,,A,,0,,1,
DATAFLOW,OECD.ITF:DSD_TRENDS@DF_TRENDSSAFETY(1.0),,I,POL,,A,,INJURED,,PS,,ROAD,,_T,,_T,,1975,,52018,,A,,0,,1,
DATAFLOW,OECD.ITF:DSD_TRENDS@DF_TRENDSSAFETY(1.0),,I,POL,,A,,INJURED,,PS,,ROAD,,_T,,_T,,1978,,51691,,A,,0,,1,
DATAFLOW,OECD.ITF:DSD_TRENDS@DF_TRENDSSAFETY(1.0),,I,POL,,A,,INJURED,,PS,,ROAD,,_T,,_T,,1979,,50768,,A,,0,,1,
DATAFLOW,OECD.ITF:DSD_TRENDS@DF_TRENDSSAFETY(1.0),,I,POL,,A,,INJURED,,PS,,ROAD,,_T,,_T,,1980,,52247,,A,,0,,1,
DATAFLOW,OECD.ITF:DSD_TRENDS@DF_TRENDSSAFETY(1.0),,I,POL,,A,,INJURED,,PS,,ROAD,,_T,,_T,,1981,,57472,,A,,0,,1,
DATAFLOW,OECD.ITF:DSD_TRENDS@DF_TRENDSSAFETY(1.0),,I,POL,,A,,INJURED,,PS,,ROAD,,_T,,_T,,1982,,51231,,A,,0,,1,
DATAFLOW,OECD.ITF:DSD_TRENDS@DF_TRENDSSAFETY(1.0),,I,POL,,A,,INJURED,,PS,,ROAD,,_T,,_T,,1983,,53024,,A,,0,,1,
DATAFLOW,OECD.ITF:DSD_TRENDS@DF_TRENDSSAFETY(1.0),,I,POL,,A,,INJURED,,PS,,ROAD,,_T,,_T,,1984,,46305,,A,,0,,1,
DATAFLOW,OECD.ITF:DSD_TRENDS@DF_TRENDSSAFETY(1.0),,I,POL,,A,,INJURED,,PS,,ROAD,,_T,,_T,,1985,,46978,,A,,0,,1,
DATAFLOW,OECD.ITF:DSD_TRENDS@DF_TRENDSSAFETY(1.0),,I,POL,,A,,INJURED,,PS,,ROAD,,_T,,_T,,1986,,47817,,A,,0,,1,
DATAFLOW,OECD.ITF:DSD_TRENDS@DF_TRENDSSAFETY(1.0),,I,POL,,A,,INJURED,,PS,,ROAD,,_T,,_T,,1987,,46897,,A,,0,,1,
DATAFLOW,OECD.ITF:DSD_TRENDS@DF_TRENDSSAFETY(1.0),,I,POL,,A,,INJURED,,PS,,ROAD,,_T,,_T,,1988,,48477,,A,,0,,1,
DATAFLOW,OECD.ITF:DSD_TRENDS@DF_TRENDSSAFETY(1.0),,I,POL,,A,,INJURED,,PS,,ROAD,,_T,,_T,,1989,,60363,,A,,0,,1,
DATAFLOW,OECD.ITF:DSD_TRENDS@DF_TRENDSSAFETY(1.0),,I,POL,,A,,INJURED,,PS,,ROAD,,_T,,_T,,1990,,66944,,A,,0,,1,
DATAFLOW,OECD.ITF:DSD_TRENDS@DF_TRENDSSAFETY(1.0),,I,POL,,A,,INJURED,,PS,,ROAD,,_T,,_T,,1991,,73143,,A,,0,,1,
DATAFLOW,OECD.ITF:DSD_TRENDS@DF_TRENDSSAFETY(1.0),,I,POL,,A,,INJURED,,PS,,ROAD,,_T,,_T,,1992,,67993,,A,,0,,1,
DATAFLOW,OECD.ITF:DSD_TRENDS@DF_TRENDSSAFETY(1.0),,I,POL,,A,,INJURED,,PS,,ROAD,,_T,,_T,,1993,,65153,,A,,0,,1,
DATAFLOW,OECD.ITF:DSD_TRENDS@DF_TRENDSSAFETY(1.0),,I,POL,,A,,INJURED,,PS,,ROAD,,_T,,_T,,1994,,71317,,A,,0,,1,
DATAFLOW,OECD.ITF:DSD_TRENDS@DF_TRENDSSAFETY(1.0),,I,POL,,A,,INJURED,,PS,,ROAD,,_T,,_T,,1995,,77126,,A,,0,,1,
DATAFLOW,OECD.ITF:DSD_TRENDS@DF_TRENDSSAFETY(1.0),,I,POL,,A,,INJURED,,PS,,ROAD,,_T,,_T,,1996,,77778,,A,,0,,1,
DATAFLOW,OECD.ITF:DSD_TRENDS@DF_TRENDSSAFETY(1.0),,I,POL,,A,,INJURED,,PS,,ROAD,,_T,,_T,,1997,,90476,,A,,0,,1,
DATAFLOW,OECD.ITF:DSD_TRENDS@DF_TRENDSSAFETY(1.0),,I,POL,,A,,INJURED,,PS,,ROAD,,_T,,_T,,1998,,84640,,A,,0,,1,
DATAFLOW,OECD.ITF:DSD_TRENDS@DF_TRENDSSAFETY(1.0),,I,POL,,A,,INJURED,,PS,,ROAD,,_T,,_T,,1999,,68449,,A,,0,,1,
DATAFLOW,OECD.ITF:DSD_TRENDS@DF_TRENDSSAFETY(1.0),,I,POL,,A,,INJURED,,PS,,ROAD,,_T,,_T,,2000,,71638,,A,,0,,1,
DATAFLOW,OECD.ITF:DSD_TRENDS@DF_TRENDSSAFETY(1.0),,I,POL,,A,,INJURED,,PS,,ROAD,,_T,,_T,,2001,,68194,,A,,0,,1,
DATAFLOW,OECD.ITF:DSD_TRENDS@DF_TRENDSSAFETY(1.0),,I,POL,,A,,INJURED,,PS,,ROAD,,_T,,_T,,2002,,67498,,A,,0,,1,
DATAFLOW,OECD.ITF:DSD_TRENDS@DF_TRENDSSAFETY(1.0),,I,POL,,A,,INJURED,,PS,,ROAD,,_T,,_T,,2003,,63900,,A,,0,,1,
DATAFLOW,OECD.ITF:DSD_TRENDS@DF_TRENDSSAFETY(1.0),,I,POL,,A,,INJURED,,PS,,ROAD,,_T,,_T,,2004,,64661,,A,,0,,1,
DATAFLOW,OECD.ITF:DSD_TRENDS@DF_TRENDSSAFETY(1.0),,I,POL,,A,,INJURED,,PS,,ROAD,,_T,,_T,,2005,,61191,,A,,0,,1,
DATAFLOW,OECD.ITF:DSD_TRENDS@DF_TRENDSSAFETY(1.0),,I,POL,,A,,INJURED,,PS,,ROAD,,_T,,_T,,2006,,59123,,A,,0,,1,
DATAFLOW,OECD.ITF:DSD_TRENDS@DF_TRENDSSAFETY(1.0),,I,POL,,A,,INJURED,,PS,,ROAD,,_T,,_T,,2007,,63224,,A,,0,,1,
DATAFLOW,OECD.ITF:DSD_TRENDS@DF_TRENDSSAFETY(1.0),,I,POL,,A,,INJURED,,PS,,ROAD,,_T,,_T,,2008,,62097,,A,,0,,1,
DATAFLOW,OECD.ITF:DSD_TRENDS@DF_TRENDSSAFETY(1.0),,I,POL,,A,,INJURED,,PS,,ROAD,,_T,,_T,,2009,,56046,,A,,0,,1,
DATAFLOW,OECD.ITF:DSD_TRENDS@DF_TRENDSSAFETY(1.0),,I,POL,,A,,INJURED,,PS,,ROAD,,_T,,_T,,2010,,48952,,A,,0,,1,
DATAFLOW,OECD.ITF:DSD_TRENDS@DF_TRENDSSAFETY(1.0),,I,POL,,A,,INJURED,,PS,,ROAD,,_T,,_T,,2011,,49501,,A,,0,,1,
DATAFLOW,OECD.ITF:DSD_TRENDS@DF_TRENDSSAFETY(1.0),,I,POL,,A,,INJURED,,PS,,ROAD,,_T,,_T,,2012,,45792,,A,,0,,1,
DATAFLOW,OECD.ITF:DSD_TRENDS@DF_TRENDSSAFETY(1.0),,I,POL,,A,,INJURED,,PS,,ROAD,,_T,,_T,,2013,,44059,,A,,0,,1,
DATAFLOW,OECD.ITF:DSD_TRENDS@DF_TRENDSSAFETY(1.0),,I,POL,,A,,INJURED,,PS,,ROAD,,_T,,_T,,2014,,42545,,A,,0,,1,
DATAFLOW,OECD.ITF:DSD_TRENDS@DF_TRENDSSAFETY(1.0),,I,POL,,A,,INJURED,,PS,,ROAD,,_T,,_T,,2015,,39778,,A,,0,,1,
DATAFLOW,OECD.ITF:DSD_TRENDS@DF_TRENDSSAFETY(1.0),,I,POL,,A,,INJURED,,PS,,ROAD,,_T,,_T,,2016,,40766,,A,,0,,1,
DATAFLOW,OECD.ITF:DSD_TRENDS@DF_TRENDSSAFETY(1.0),,I,POL,,A,,INJURED,,PS,,ROAD,,_T,,_T,,2017,,39466,,A,,0,,1,
DATAFLOW,OECD.ITF:DSD_TRENDS@DF_TRENDSSAFETY(1.0),,I,POL,,A,,INJURED,,PS,,ROAD,,_T,,_T,,2018,,37359,,A,,0,,1,
DATAFLOW,OECD.ITF:DSD_TRENDS@DF_TRENDSSAFETY(1.0),,I,POL,,A,,INJURED,,PS,,ROAD,,_T,,_T,,2019,,35477,,A,,0,,1,
DATAFLOW,OECD.ITF:DSD_TRENDS@DF_TRENDSSAFETY(1.0),,I,POL,,A,,INJURED,,PS,,ROAD,,_T,,_T,,2020,,26463,,A,,0,,1,
DATAFLOW,OECD.ITF:DSD_TRENDS@DF_TRENDSSAFETY(1.0),,I,POL,,A,,INJURED,,PS,,ROAD,,_T,,_T,,2021,,26415,,A,,0,,1,
DATAFLOW,OECD.ITF:DSD_TRENDS@DF_TRENDSSAFETY(1.0),,I,POL,,A,,INJURED,,PS,,ROAD,,_T,,_T,,2022,,24743,,A,,0,,1,
DATAFLOW,OECD.ITF:DSD_TRENDS@DF_TRENDSSAFETY(1.0),,I,POL,,A,,INJURED,,PS,,ROAD,,_T,,_T,,2023,,24125,,A,,0,,1,
DATAFLOW,OECD.ITF:DSD_TRENDS@DF_TRENDSSAFETY(1.0),,I,PRT,,A,,INJURED,,PS,,ROAD,,_T,,_T,,1970,,28651,,A,,0,,1,
DATAFLOW,OECD.ITF:DSD_TRENDS@DF_TRENDSSAFETY(1.0),,I,PRT,,A,,INJURED,,PS,,ROAD,,_T,,_T,,1971,,30972,,A,,0,,1,
DATAFLOW,OECD.ITF:DSD_TRENDS@DF_TRENDSSAFETY(1.0),,I,PRT,,A,,INJURED,,PS,,ROAD,,_T,,_T,,1972,,34118,,A,,0,,1,
DATAFLOW,OECD.ITF:DSD_TRENDS@DF_TRENDSSAFETY(1.0),,I,PRT,,A,,INJURED,,PS,,ROAD,,_T,,_T,,1973,,32065,,A,,0,,1,
DATAFLOW,OECD.ITF:DSD_TRENDS@DF_TRENDSSAFETY(1.0),,I,PRT,,A,,INJURED,,PS,,ROAD,,_T,,_T,,1974,,30282,,A,,0,,1,
DATAFLOW,OECD.ITF:DSD_TRENDS@DF_TRENDSSAFETY(1.0),,I,PRT,,A,,INJURED,,PS,,ROAD,,_T,,_T,,1975,,40201,,A,,0,,1,
DATAFLOW,OECD.ITF:DSD_TRENDS@DF_TRENDSSAFETY(1.0),,I,PRT,,A,,INJURED,,PS,,ROAD,,_T,,_T,,1976,,35901,,A,,0,,1,
DATAFLOW,OECD.ITF:DSD_TRENDS@DF_TRENDSSAFETY(1.0),,I,PRT,,A,,INJURED,,PS,,ROAD,,_T,,_T,,1977,,34746,,A,,0,,1,
DATAFLOW,OECD.ITF:DSD_TRENDS@DF_TRENDSSAFETY(1.0),,I,PRT,,A,,INJURED,,PS,,ROAD,,_T,,_T,,1978,,35653,,A,,0,,1,
DATAFLOW,OECD.ITF:DSD_TRENDS@DF_TRENDSSAFETY(1.0),,I,PRT,,A,,INJURED,,PS,,ROAD,,_T,,_T,,1979,,37531,,A,,0,,1,
DATAFLOW,OECD.ITF:DSD_TRENDS@DF_TRENDSSAFETY(1.0),,I,PRT,,A,,INJURED,,PS,,ROAD,,_T,,_T,,1980,,40784,,A,,0,,1,
DATAFLOW,OECD.ITF:DSD_TRENDS@DF_TRENDSSAFETY(1.0),,I,PRT,,A,,INJURED,,PS,,ROAD,,_T,,_T,,1981,,44256,,A,,0,,1,
DATAFLOW,OECD.ITF:DSD_TRENDS@DF_TRENDSSAFETY(1.0),,I,PRT,,A,,INJURED,,PS,,ROAD,,_T,,_T,,1982,,46818,,A,,0,,1,
DATAFLOW,OECD.ITF:DSD_TRENDS@DF_TRENDSSAFETY(1.0),,I,PRT,,A,,INJURED,,PS,,ROAD,,_T,,_T,,1983,,39240,,A,,0,,1,
DATAFLOW,OECD.ITF:DSD_TRENDS@DF_TRENDSSAFETY(1.0),,I,PRT,,A,,INJURED,,PS,,ROAD,,_T,,_T,,1984,,39107,,A,,0,,1,
DATAFLOW,OECD.ITF:DSD_TRENDS@DF_TRENDSSAFETY(1.0),,I,PRT,,A,,INJURED,,PS,,ROAD,,_T,,_T,,1985,,39297,,A,,0,,1,
DATAFLOW,OECD.ITF:DSD_TRENDS@DF_TRENDSSAFETY(1.0),,I,PRT,,A,,INJURED,,PS,,ROAD,,_T,,_T,,1986,,40823,,A,,0,,1,
DATAFLOW,OECD.ITF:DSD_TRENDS@DF_TRENDSSAFETY(1.0),,I,PRT,,A,,INJURED,,PS,,ROAD,,_T,,_T,,1987,,54196,,A,,0,,1,
DATAFLOW,OECD.ITF:DSD_TRENDS@DF_TRENDSSAFETY(1.0),,I,PRT,,A,,INJURED,,PS,,ROAD,,_T,,_T,,1988,,59177,,A,,0,,1,
DATAFLOW,OECD.ITF:DSD_TRENDS@DF_TRENDSSAFETY(1.0),,I,PRT,,A,,INJURED,,PS,,ROAD,,_T,,_T,,1989,,61186,,A,,0,,1,
DATAFLOW,OECD.ITF:DSD_TRENDS@DF_TRENDSSAFETY(1.0),,I,PRT,,A,,INJURED,,PS,,ROAD,,_T,,_T,,1990,,63004,,A,,0,,1,
DATAFLOW,OECD.ITF:DSD_TRENDS@DF_TRENDSSAFETY(1.0),,I,PRT,,A,,INJURED,,PS,,ROAD,,_T,,_T,,1991,,69188,,A,,0,,1,
DATAFLOW,OECD.ITF:DSD_TRENDS@DF_TRENDSSAFETY(1.0),,I,PRT,,A,,INJURED,,PS,,ROAD,,_T,,_T,,1992,,70654,,A,,0,,1,
DATAFLOW,OECD.ITF:DSD_TRENDS@DF_TRENDSSAFETY(1.0),,I,PRT,,A,,INJURED,,PS,,ROAD,,_T,,_T,,1993,,66417,,A,,0,,1,
DATAFLOW,OECD.ITF:DSD_TRENDS@DF_TRENDSSAFETY(1.0),,I,PRT,,A,,INJURED,,PS,,ROAD,,_T,,_T,,1994,,61893,,A,,0,,1,
DATAFLOW,OECD.ITF:DSD_TRENDS@DF_TRENDSSAFETY(1.0),,I,PRT,,A,,INJURED,,PS,,ROAD,,_T,,_T,,1995,,63456,,A,,0,,1,
DATAFLOW,OECD.ITF:DSD_TRENDS@DF_TRENDSSAFETY(1.0),,I,PRT,,A,,INJURED,,PS,,ROAD,,_T,,_T,,1996,,66333,,A,,0,,1,
DATAFLOW,OECD.ITF:DSD_TRENDS@DF_TRENDSSAFETY(1.0),,I,PRT,,A,,INJURED,,PS,,ROAD,,_T,,_T,,1997,,66245,,A,,0,,1,
DATAFLOW,OECD.ITF:DSD_TRENDS@DF_TRENDSSAFETY(1.0),,I,PRT,,A,,INJURED,,PS,,ROAD,,_T,,_T,,1998,,66342,,A,,0,,1,
DATAFLOW,OECD.ITF:DSD_TRENDS@DF_TRENDSSAFETY(1.0),,I,PRT,,A,,INJURED,,PS,,ROAD,,_T,,_T,,1999,,65082,,A,,0,,1,
DATAFLOW,OECD.ITF:DSD_TRENDS@DF_TRENDSSAFETY(1.0),,I,PRT,,A,,INJURED,,PS,,ROAD,,_T,,_T,,2000,,59696,,A,,0,,1,
DATAFLOW,OECD.ITF:DSD_TRENDS@DF_TRENDSSAFETY(1.0),,I,PRT,,A,,INJURED,,PS,,ROAD,,_T,,_T,,2001,,56839,,A,,0,,1,
DATAFLOW,OECD.ITF:DSD_TRENDS@DF_TRENDSSAFETY(1.0),,I,PRT,,A,,INJURED,,PS,,ROAD,,_T,,_T,,2002,,56379,,A,,0,,1,
DATAFLOW,OECD.ITF:DSD_TRENDS@DF_TRENDSSAFETY(1.0),,I,PRT,,A,,INJURED,,PS,,ROAD,,_T,,_T,,2003,,55068,,A,,0,,1,
DATAFLOW,OECD.ITF:DSD_TRENDS@DF_TRENDSSAFETY(1.0),,I,PRT,,A,,INJURED,,PS,,ROAD,,_T,,_T,,2004,,51850,,A,,0,,1,
DATAFLOW,OECD.ITF:DSD_TRENDS@DF_TRENDSSAFETY(1.0),,I,PRT,,A,,INJURED,,PS,,ROAD,,_T,,_T,,2005,,49096,,A,,0,,1,
DATAFLOW,OECD.ITF:DSD_TRENDS@DF_TRENDSSAFETY(1.0),,I,PRT,,A,,INJURED,,PS,,ROAD,,_T,,_T,,2006,,47018,,A,,0,,1,
DATAFLOW,OECD.ITF:DSD_TRENDS@DF_TRENDSSAFETY(1.0),,I,PRT,,A,,INJURED,,PS,,ROAD,,_T,,_T,,2007,,46198,,A,,0,,1,
DATAFLOW,OECD.ITF:DSD_TRENDS@DF_TRENDSSAFETY(1.0),,I,PRT,,A,,INJURED,,PS,,ROAD,,_T,,_T,,2008,,43824,,A,,0,,1,
DATAFLOW,OECD.ITF:DSD_TRENDS@DF_TRENDSSAFETY(1.0),,I,PRT,,A,,INJURED,,PS,,ROAD,,_T,,_T,,2009,,46414,,A,,0,,1,
DATAFLOW,OECD.ITF:DSD_TRENDS@DF_TRENDSSAFETY(1.0),,I,PRT,,A,,INJURED,,PS,,ROAD,,_T,,_T,,2010,,46365,,A,,0,,1,
DATAFLOW,OECD.ITF:DSD_TRENDS@DF_TRENDSSAFETY(1.0),,I,PRT,,A,,INJURED,,PS,,ROAD,,_T,,_T,,2011,,41960,,A,,0,,1,
DATAFLOW,OECD.ITF:DSD_TRENDS@DF_TRENDSSAFETY(1.0),,I,PRT,,A,,INJURED,,PS,,ROAD,,_T,,_T,,2012,,38105,,A,,0,,1,
DATAFLOW,OECD.ITF:DSD_TRENDS@DF_TRENDSSAFETY(1.0),,I,PRT,,A,,INJURED,,PS,,ROAD,,_T,,_T,,2013,,38753,,A,,0,,1,
DATAFLOW,OECD.ITF:DSD_TRENDS@DF_TRENDSSAFETY(1.0),,I,PRT,,A,,INJURED,,PS,,ROAD,,_T,,_T,,2014,,39015,,A,,0,,1,
DATAFLOW,OECD.ITF:DSD_TRENDS@DF_TRENDSSAFETY(1.0),,I,PRT,,A,,INJURED,,PS,,ROAD,,_T,,_T,,2015,,40956,,A,,0,,1,
DATAFLOW,OECD.ITF:DSD_TRENDS@DF_TRENDSSAFETY(1.0),,I,PRT,,A,,INJURED,,PS,,ROAD,,_T,,_T,,2016,,41105,,A,,0,,1,
DATAFLOW,OECD.ITF:DSD_TRENDS@DF_TRENDSSAFETY(1.0),,I,PRT,,A,,INJURED,,PS,,ROAD,,_T,,_T,,2017,,43893,,A,,0,,1,
DATAFLOW,OECD.ITF:DSD_TRENDS@DF_TRENDSSAFETY(1.0),,I,PRT,,A,,INJURED,,PS,,ROAD,,_T,,_T,,2019,,47336,,A,,0,,1,
DATAFLOW,OECD.ITF:DSD_TRENDS@DF_TRENDSSAFETY(1.0),,I,PRT,,A,,INJURED,,PS,,ROAD,,_T,,_T,,2020,,33935,,A,,0,,1,
DATAFLOW,OECD.ITF:DSD_TRENDS@DF_TRENDSSAFETY(1.0),,I,PRT,,A,,INJURED,,PS,,ROAD,,_T,,_T,,2021,,38014,,A,,0,,1,
DATAFLOW,OECD.ITF:DSD_TRENDS@DF_TRENDSSAFETY(1.0),,I,PRT,,A,,INJURED,,PS,,ROAD,,_T,,_T,,2022,,42416,,A,,0,,1,
DATAFLOW,OECD.ITF:DSD_TRENDS@DF_TRENDSSAFETY(1.0),,I,PRT,,A,,INJURED,,PS,,ROAD,,_T,,_T,,2023,,45373,,A,,0,,1,
DATAFLOW,OECD.ITF:DSD_TRENDS@DF_TRENDSSAFETY(1.0),,I,SVK,,A,,INJURED,,PS,,ROAD,,_T,,_T,,1993,,11363,,A,,0,,1,
DATAFLOW,OECD.ITF:DSD_TRENDS@DF_TRENDSSAFETY(1.0),,I,SVK,,A,,INJURED,,PS,,ROAD,,_T,,_T,,1994,,10947,,A,,0,,1,
DATAFLOW,OECD.ITF:DSD_TRENDS@DF_TRENDSSAFETY(1.0),,I,SVK,,A,,INJURED,,PS,,ROAD,,_T,,_T,,1995,,11535,,A,,0,,1,
DATAFLOW,OECD.ITF:DSD_TRENDS@DF_TRENDSSAFETY(1.0),,I,SVK,,A,,INJURED,,PS,,ROAD,,_T,,_T,,1996,,11626,,A,,0,,1,
DATAFLOW,OECD.ITF:DSD_TRENDS@DF_TRENDSSAFETY(1.0),,I,SVK,,A,,INJURED,,PS,,ROAD,,_T,,_T,,1997,,12533,,A,,0,,1,
DATAFLOW,OECD.ITF:DSD_TRENDS@DF_TRENDSSAFETY(1.0),,I,SVK,,A,,INJURED,,PS,,ROAD,,_T,,_T,,1998,,12860,,A,,0,,1,
DATAFLOW,OECD.ITF:DSD_TRENDS@DF_TRENDSSAFETY(1.0),,I,SVK,,A,,INJURED,,PS,,ROAD,,_T,,_T,,1999,,11441,,A,,0,,1,
DATAFLOW,OECD.ITF:DSD_TRENDS@DF_TRENDSSAFETY(1.0),,I,SVK,,A,,INJURED,,PS,,ROAD,,_T,,_T,,2000,,10074,,A,,0,,1,
DATAFLOW,OECD.ITF:DSD_TRENDS@DF_TRENDSSAFETY(1.0),,I,SVK,,A,,INJURED,,PS,,ROAD,,_T,,_T,,2001,,10839,,A,,0,,1,
DATAFLOW,OECD.ITF:DSD_TRENDS@DF_TRENDSSAFETY(1.0),,I,SVK,,A,,INJURED,,PS,,ROAD,,_T,,_T,,2002,,10263,,A,,0,,1,
DATAFLOW,OECD.ITF:DSD_TRENDS@DF_TRENDSSAFETY(1.0),,I,SVK,,A,,INJURED,,PS,,ROAD,,_T,,_T,,2003,,11321,,A,,0,,1,
DATAFLOW,OECD.ITF:DSD_TRENDS@DF_TRENDSSAFETY(1.0),,I,SVK,,A,,INJURED,,PS,,ROAD,,_T,,_T,,2004,,11190,,A,,0,,1,
DATAFLOW,OECD.ITF:DSD_TRENDS@DF_TRENDSSAFETY(1.0),,I,SVK,,A,,INJURED,,PS,,ROAD,,_T,,_T,,2005,,10490,,A,,0,,1,
DATAFLOW,OECD.ITF:DSD_TRENDS@DF_TRENDSSAFETY(1.0),,I,SVK,,A,,INJURED,,PS,,ROAD,,_T,,_T,,2006,,10692,,A,,0,,1,
DATAFLOW,OECD.ITF:DSD_TRENDS@DF_TRENDSSAFETY(1.0),,I,SVK,,A,,INJURED,,PS,,ROAD,,_T,,_T,,2007,,11310,,A,,0,,1,
DATAFLOW,OECD.ITF:DSD_TRENDS@DF_TRENDSSAFETY(1.0),,I,SVK,,A,,INJURED,,PS,,ROAD,,_T,,_T,,2008,,11040,,A,,0,,1,
DATAFLOW,OECD.ITF:DSD_TRENDS@DF_TRENDSSAFETY(1.0),,I,SVK,,A,,INJURED,,PS,,ROAD,,_T,,_T,,2009,,8534,,A,,0,,1,
DATAFLOW,OECD.ITF:DSD_TRENDS@DF_TRENDSSAFETY(1.0),,I,SVK,,A,,INJURED,,PS,,ROAD,,_T,,_T,,2010,,8150,,A,,0,,1,
DATAFLOW,OECD.ITF:DSD_TRENDS@DF_TRENDSSAFETY(1.0),,I,SVK,,A,,INJURED,,PS,,ROAD,,_T,,_T,,2011,,7057,,A,,0,,1,
DATAFLOW,OECD.ITF:DSD_TRENDS@DF_TRENDSSAFETY(1.0),,I,SVK,,A,,INJURED,,PS,,ROAD,,_T,,_T,,2012,,6438,,A,,0,,1,
DATAFLOW,OECD.ITF:DSD_TRENDS@DF_TRENDSSAFETY(1.0),,I,SVK,,A,,INJURED,,PS,,ROAD,,_T,,_T,,2013,,6311,,A,,0,,1,
DATAFLOW,OECD.ITF:DSD_TRENDS@DF_TRENDSSAFETY(1.0),,I,SVK,,A,,INJURED,,PS,,ROAD,,_T,,_T,,2014,,6617,,A,,0,,1,
DATAFLOW,OECD.ITF:DSD_TRENDS@DF_TRENDSSAFETY(1.0),,I,SVK,,A,,INJURED,,PS,,ROAD,,_T,,_T,,2015,,6749,,A,,0,,1,
DATAFLOW,OECD.ITF:DSD_TRENDS@DF_TRENDSSAFETY(1.0),,I,SVK,,A,,INJURED,,PS,,ROAD,,_T,,_T,,2016,,6941,,A,,0,,1,
DATAFLOW,OECD.ITF:DSD_TRENDS@DF_TRENDSSAFETY(1.0),,I,SVK,,A,,INJURED,,PS,,ROAD,,_T,,_T,,2017,,6884,,A,,0,,1,
DATAFLOW,OECD.ITF:DSD_TRENDS@DF_TRENDSSAFETY(1.0),,I,SVK,,A,,INJURED,,PS,,ROAD,,_T,,_T,,2018,,6915,,A,,0,,1,
DATAFLOW,OECD.ITF:DSD_TRENDS@DF_TRENDSSAFETY(1.0),,I,SVK,,A,,INJURED,,PS,,ROAD,,_T,,_T,,2019,,6565,,A,,0,,1,
DATAFLOW,OECD.ITF:DSD_TRENDS@DF_TRENDSSAFETY(1.0),,I,SVK,,A,,INJURED,,PS,,ROAD,,_T,,_T,,2020,,5376,,A,,0,,1,
DATAFLOW,OECD.ITF:DSD_TRENDS@DF_TRENDSSAFETY(1.0),,I,SVK,,A,,INJURED,,PS,,ROAD,,_T,,_T,,2021,,5373,,A,,0,,1,
DATAFLOW,OECD.ITF:DSD_TRENDS@DF_TRENDSSAFETY(1.0),,I,SVK,,A,,INJURED,,PS,,ROAD,,_T,,_T,,2022,,5707,,A,,0,,1,
DATAFLOW,OECD.ITF:DSD_TRENDS@DF_TRENDSSAFETY(1.0),,I,SVK,,A,,INJURED,,PS,,ROAD,,_T,,_T,,2023,,5878,,A,,0,,1,
DATAFLOW,OECD.ITF:DSD_TRENDS@DF_TRENDSSAFETY(1.0),,I,SVK,,A,,INJURED,,PS,,ROAD,,_T,,_T,,2024,,5760,,A,,0,,1,
DATAFLOW,OECD.ITF:DSD_TRENDS@DF_TRENDSSAFETY(1.0),,I,SVN,,A,,INJURED,,PS,,ROAD,,_T,,_T,,1970,,10553,,A,,0,,1,
DATAFLOW,OECD.ITF:DSD_TRENDS@DF_TRENDSSAFETY(1.0),,I,SVN,,A,,INJURED,,PS,,ROAD,,_T,,_T,,1971,,11689,,A,,0,,1,
DATAFLOW,OECD.ITF:DSD_TRENDS@DF_TRENDSSAFETY(1.0),,I,SVN,,A,,INJURED,,PS,,ROAD,,_T,,_T,,1972,,11097,,A,,0,,1,
DATAFLOW,OECD.ITF:DSD_TRENDS@DF_TRENDSSAFETY(1.0),,I,SVN,,A,,INJURED,,PS,,ROAD,,_T,,_T,,1973,,11238,,A,,0,,1,
DATAFLOW,OECD.ITF:DSD_TRENDS@DF_TRENDSSAFETY(1.0),,I,SVN,,A,,INJURED,,PS,,ROAD,,_T,,_T,,1974,,10236,,A,,0,,1,
DATAFLOW,OECD.ITF:DSD_TRENDS@DF_TRENDSSAFETY(1.0),,I,SVN,,A,,INJURED,,PS,,ROAD,,_T,,_T,,1975,,10780,,A,,0,,1,
DATAFLOW,OECD.ITF:DSD_TRENDS@DF_TRENDSSAFETY(1.0),,I,SVN,,A,,INJURED,,PS,,ROAD,,_T,,_T,,1976,,10623,,A,,0,,1,
DATAFLOW,OECD.ITF:DSD_TRENDS@DF_TRENDSSAFETY(1.0),,I,SVN,,A,,INJURED,,PS,,ROAD,,_T,,_T,,1977,,11847,,A,,0,,1,
DATAFLOW,OECD.ITF:DSD_TRENDS@DF_TRENDSSAFETY(1.0),,I,SVN,,A,,INJURED,,PS,,ROAD,,_T,,_T,,1978,,10617,,A,,0,,1,
DATAFLOW,OECD.ITF:DSD_TRENDS@DF_TRENDSSAFETY(1.0),,I,SVN,,A,,INJURED,,PS,,ROAD,,_T,,_T,,1979,,9990,,A,,0,,1,
DATAFLOW,OECD.ITF:DSD_TRENDS@DF_TRENDSSAFETY(1.0),,I,SVN,,A,,INJURED,,PS,,ROAD,,_T,,_T,,1980,,9369,,A,,0,,1,
DATAFLOW,OECD.ITF:DSD_TRENDS@DF_TRENDSSAFETY(1.0),,I,SVN,,A,,INJURED,,PS,,ROAD,,_T,,_T,,1981,,8032,,A,,0,,1,
DATAFLOW,OECD.ITF:DSD_TRENDS@DF_TRENDSSAFETY(1.0),,I,SVN,,A,,INJURED,,PS,,ROAD,,_T,,_T,,1982,,8586,,A,,0,,1,
DATAFLOW,OECD.ITF:DSD_TRENDS@DF_TRENDSSAFETY(1.0),,I,SVN,,A,,INJURED,,PS,,ROAD,,_T,,_T,,1983,,7874,,A,,0,,1,
DATAFLOW,OECD.ITF:DSD_TRENDS@DF_TRENDSSAFETY(1.0),,I,SVN,,A,,INJURED,,PS,,ROAD,,_T,,_T,,1984,,7374,,A,,0,,1,
DATAFLOW,OECD.ITF:DSD_TRENDS@DF_TRENDSSAFETY(1.0),,I,SVN,,A,,INJURED,,PS,,ROAD,,_T,,_T,,1985,,7016,,A,,0,,1,
DATAFLOW,OECD.ITF:DSD_TRENDS@DF_TRENDSSAFETY(1.0),,I,SVN,,A,,INJURED,,PS,,ROAD,,_T,,_T,,1986,,7847,,A,,0,,1,
DATAFLOW,OECD.ITF:DSD_TRENDS@DF_TRENDSSAFETY(1.0),,I,SVN,,A,,INJURED,,PS,,ROAD,,_T,,_T,,1987,,8501,,A,,0,,1,
DATAFLOW,OECD.ITF:DSD_TRENDS@DF_TRENDSSAFETY(1.0),,I,SVN,,A,,INJURED,,PS,,ROAD,,_T,,_T,,1988,,8850,,A,,0,,1,
DATAFLOW,OECD.ITF:DSD_TRENDS@DF_TRENDSSAFETY(1.0),,I,SVN,,A,,INJURED,,PS,,ROAD,,_T,,_T,,1989,,7405,,A,,0,,1,
DATAFLOW,OECD.ITF:DSD_TRENDS@DF_TRENDSSAFETY(1.0),,I,SVN,,A,,INJURED,,PS,,ROAD,,_T,,_T,,1990,,6533,,A,,0,,1,
DATAFLOW,OECD.ITF:DSD_TRENDS@DF_TRENDSSAFETY(1.0),,I,SVN,,A,,INJURED,,PS,,ROAD,,_T,,_T,,1991,,6938,,A,,0,,1,
DATAFLOW,OECD.ITF:DSD_TRENDS@DF_TRENDSSAFETY(1.0),,I,SVN,,A,,INJURED,,PS,,ROAD,,_T,,_T,,1992,,7394,,A,,0,,1,
DATAFLOW,OECD.ITF:DSD_TRENDS@DF_TRENDSSAFETY(1.0),,I,SVN,,A,,INJURED,,PS,,ROAD,,_T,,_T,,1993,,7762,,A,,0,,1,
DATAFLOW,OECD.ITF:DSD_TRENDS@DF_TRENDSSAFETY(1.0),,I,SVN,,A,,INJURED,,PS,,ROAD,,_T,,_T,,1994,,7921,,A,,0,,1,
DATAFLOW,OECD.ITF:DSD_TRENDS@DF_TRENDSSAFETY(1.0),,I,SVN,,A,,INJURED,,PS,,ROAD,,_T,,_T,,1995,,7976,,A,,0,,1,
DATAFLOW,OECD.ITF:DSD_TRENDS@DF_TRENDSSAFETY(1.0),,I,SVN,,A,,INJURED,,PS,,ROAD,,_T,,_T,,1996,,7798,,A,,0,,1,
DATAFLOW,OECD.ITF:DSD_TRENDS@DF_TRENDSSAFETY(1.0),,I,SVN,,A,,INJURED,,PS,,ROAD,,_T,,_T,,1997,,8669,,A,,0,,1,
DATAFLOW,OECD.ITF:DSD_TRENDS@DF_TRENDSSAFETY(1.0),,I,SVN,,A,,INJURED,,PS,,ROAD,,_T,,_T,,1998,,7318,,A,,0,,1,
DATAFLOW,OECD.ITF:DSD_TRENDS@DF_TRENDSSAFETY(1.0),,I,SVN,,A,,INJURED,,PS,,ROAD,,_T,,_T,,1999,,8980,,A,,0,,1,
DATAFLOW,OECD.ITF:DSD_TRENDS@DF_TRENDSSAFETY(1.0),,I,SVN,,A,,INJURED,,PS,,ROAD,,_T,,_T,,2000,,11574,,A,,0,,1,
DATAFLOW,OECD.ITF:DSD_TRENDS@DF_TRENDSSAFETY(1.0),,I,SVN,,A,,INJURED,,PS,,ROAD,,_T,,_T,,2001,,12673,,A,,0,,1,
DATAFLOW,OECD.ITF:DSD_TRENDS@DF_TRENDSSAFETY(1.0),,I,SVN,,A,,INJURED,,PS,,ROAD,,_T,,_T,,2002,,13930,,A,,0,,1,
DATAFLOW,OECD.ITF:DSD_TRENDS@DF_TRENDSSAFETY(1.0),,I,SVN,,A,,INJURED,,PS,,ROAD,,_T,,_T,,2003,,16703,,A,,0,,1,
DATAFLOW,OECD.ITF:DSD_TRENDS@DF_TRENDSSAFETY(1.0),,I,SVN,,A,,INJURED,,PS,,ROAD,,_T,,_T,,2004,,18723,,A,,0,,1,
DATAFLOW,OECD.ITF:DSD_TRENDS@DF_TRENDSSAFETY(1.0),,I,SVN,,A,,INJURED,,PS,,ROAD,,_T,,_T,,2005,,14314,,A,,0,,1,
DATAFLOW,OECD.ITF:DSD_TRENDS@DF_TRENDSSAFETY(1.0),,I,SVN,,A,,INJURED,,PS,,ROAD,,_T,,_T,,2006,,16075,,A,,0,,1,
DATAFLOW,OECD.ITF:DSD_TRENDS@DF_TRENDSSAFETY(1.0),,I,SVN,,A,,INJURED,,PS,,ROAD,,_T,,_T,,2007,,16037,,A,,0,,1,
DATAFLOW,OECD.ITF:DSD_TRENDS@DF_TRENDSSAFETY(1.0),,I,SVN,,A,,INJURED,,PS,,ROAD,,_T,,_T,,2008,,12409,,A,,0,,1,
DATAFLOW,OECD.ITF:DSD_TRENDS@DF_TRENDSSAFETY(1.0),,I,SVN,,A,,INJURED,,PS,,ROAD,,_T,,_T,,2009,,12114,,A,,0,,1,
DATAFLOW,OECD.ITF:DSD_TRENDS@DF_TRENDSSAFETY(1.0),,I,SVN,,A,,INJURED,,PS,,ROAD,,_T,,_T,,2010,,10316,,A,,0,,1,
DATAFLOW,OECD.ITF:DSD_TRENDS@DF_TRENDSSAFETY(1.0),,I,SVN,,A,,INJURED,,PS,,ROAD,,_T,,_T,,2011,,9673,,A,,0,,1,
DATAFLOW,OECD.ITF:DSD_TRENDS@DF_TRENDSSAFETY(1.0),,I,SVN,,A,,INJURED,,PS,,ROAD,,_T,,_T,,2012,,9148,,A,,0,,1,
DATAFLOW,OECD.ITF:DSD_TRENDS@DF_TRENDSSAFETY(1.0),,I,SVN,,A,,INJURED,,PS,,ROAD,,_T,,_T,,2013,,8742,,A,,0,,1,
DATAFLOW,OECD.ITF:DSD_TRENDS@DF_TRENDSSAFETY(1.0),,I,SVN,,A,,INJURED,,PS,,ROAD,,_T,,_T,,2014,,8220,,A,,0,,1,
DATAFLOW,OECD.ITF:DSD_TRENDS@DF_TRENDSSAFETY(1.0),,I,SVN,,A,,INJURED,,PS,,ROAD,,_T,,_T,,2015,,8710,,A,,0,,1,
DATAFLOW,OECD.ITF:DSD_TRENDS@DF_TRENDSSAFETY(1.0),,I,SVN,,A,,INJURED,,PS,,ROAD,,_T,,_T,,2016,,8456,,A,,0,,1,
DATAFLOW,OECD.ITF:DSD_TRENDS@DF_TRENDSSAFETY(1.0),,I,SVN,,A,,INJURED,,PS,,ROAD,,_T,,_T,,2017,,7901,,A,,0,,1,
DATAFLOW,OECD.ITF:DSD_TRENDS@DF_TRENDSSAFETY(1.0),,I,SVN,,A,,INJURED,,PS,,ROAD,,_T,,_T,,2018,,7688,,A,,0,,1,
DATAFLOW,OECD.ITF:DSD_TRENDS@DF_TRENDSSAFETY(1.0),,I,SVN,,A,,INJURED,,PS,,ROAD,,_T,,_T,,2019,,7652,,A,,0,,1,
DATAFLOW,OECD.ITF:DSD_TRENDS@DF_TRENDSSAFETY(1.0),,I,SVN,,A,,INJURED,,PS,,ROAD,,_T,,_T,,2020,,5735,,A,,0,,1,
DATAFLOW,OECD.ITF:DSD_TRENDS@DF_TRENDSSAFETY(1.0),,I,SVN,,A,,INJURED,,PS,,ROAD,,_T,,_T,,2021,,6498,,A,,0,,1,
DATAFLOW,OECD.ITF:DSD_TRENDS@DF_TRENDSSAFETY(1.0),,I,SVN,,A,,INJURED,,PS,,ROAD,,_T,,_T,,2022,,7366,,A,,0,,1,
DATAFLOW,OECD.ITF:DSD_TRENDS@DF_TRENDSSAFETY(1.0),,I,SVN,,A,,INJURED,,PS,,ROAD,,_T,,_T,,2023,,7336,,A,,0,,1,
DATAFLOW,OECD.ITF:DSD_TRENDS@DF_TRENDSSAFETY(1.0),,I,SVN,,A,,INJURED,,PS,,ROAD,,_T,,_T,,2024,,7394,,A,,0,,1,
DATAFLOW,OECD.ITF:DSD_TRENDS@DF_TRENDSSAFETY(1.0),,I,ESP,,A,,INJURED,,PS,,ROAD,,_T,,_T,,1970,,82800,,A,,0,,1,
DATAFLOW,OECD.ITF:DSD_TRENDS@DF_TRENDSSAFETY(1.0),,I,ESP,,A,,INJURED,,PS,,ROAD,,_T,,_T,,1971,,82800,,A,,0,,1,
DATAFLOW,OECD.ITF:DSD_TRENDS@DF_TRENDSSAFETY(1.0),,I,ESP,,A,,INJURED,,PS,,ROAD,,_T,,_T,,1972,,90500,,A,,0,,1,
DATAFLOW,OECD.ITF:DSD_TRENDS@DF_TRENDSSAFETY(1.0),,I,ESP,,A,,INJURED,,PS,,ROAD,,_T,,_T,,1973,,96200,,A,,0,,1,
DATAFLOW,OECD.ITF:DSD_TRENDS@DF_TRENDSSAFETY(1.0),,I,ESP,,A,,INJURED,,PS,,ROAD,,_T,,_T,,1974,,91700,,A,,0,,1,
DATAFLOW,OECD.ITF:DSD_TRENDS@DF_TRENDSSAFETY(1.0),,I,ESP,,A,,INJURED,,PS,,ROAD,,_T,,_T,,1975,,88513,,A,,0,,1,
DATAFLOW,OECD.ITF:DSD_TRENDS@DF_TRENDSSAFETY(1.0),,I,ESP,,A,,INJURED,,PS,,ROAD,,_T,,_T,,1976,,94200,,A,,0,,1,
DATAFLOW,OECD.ITF:DSD_TRENDS@DF_TRENDSSAFETY(1.0),,I,ESP,,A,,INJURED,,PS,,ROAD,,_T,,_T,,1977,,98200,,A,,0,,1,
DATAFLOW,OECD.ITF:DSD_TRENDS@DF_TRENDSSAFETY(1.0),,I,ESP,,A,,INJURED,,PS,,ROAD,,_T,,_T,,1978,,105700,,A,,0,,1,
DATAFLOW,OECD.ITF:DSD_TRENDS@DF_TRENDSSAFETY(1.0),,I,ESP,,A,,INJURED,,PS,,ROAD,,_T,,_T,,1979,,109900,,A,,0,,1,
DATAFLOW,OECD.ITF:DSD_TRENDS@DF_TRENDSSAFETY(1.0),,I,ESP,,A,,INJURED,,PS,,ROAD,,_T,,_T,,1980,,107675,,A,,0,,1,
DATAFLOW,OECD.ITF:DSD_TRENDS@DF_TRENDSSAFETY(1.0),,I,ESP,,A,,INJURED,,PS,,ROAD,,_T,,_T,,1981,,106183,,A,,0,,1,
DATAFLOW,OECD.ITF:DSD_TRENDS@DF_TRENDSSAFETY(1.0),,I,ESP,,A,,INJURED,,PS,,ROAD,,_T,,_T,,1982,,100151,,A,,0,,1,
DATAFLOW,OECD.ITF:DSD_TRENDS@DF_TRENDSSAFETY(1.0),,I,ESP,,A,,INJURED,,PS,,ROAD,,_T,,_T,,1983,,112272,,A,,0,,1,
DATAFLOW,OECD.ITF:DSD_TRENDS@DF_TRENDSSAFETY(1.0),,I,ESP,,A,,INJURED,,PS,,ROAD,,_T,,_T,,1984,,115528,,A,,0,,1,
DATAFLOW,OECD.ITF:DSD_TRENDS@DF_TRENDSSAFETY(1.0),,I,ESP,,A,,INJURED,,PS,,ROAD,,_T,,_T,,1985,,126800,,A,,0,,1,
DATAFLOW,OECD.ITF:DSD_TRENDS@DF_TRENDSSAFETY(1.0),,I,ESP,,A,,INJURED,,PS,,ROAD,,_T,,_T,,1986,,137145,,A,,0,,1,
DATAFLOW,OECD.ITF:DSD_TRENDS@DF_TRENDSSAFETY(1.0),,I,ESP,,A,,INJURED,,PS,,ROAD,,_T,,_T,,1987,,153384,,A,,0,,1,
DATAFLOW,OECD.ITF:DSD_TRENDS@DF_TRENDSSAFETY(1.0),,I,ESP,,A,,INJURED,,PS,,ROAD,,_T,,_T,,1988,,164949,,A,,0,,1,
DATAFLOW,OECD.ITF:DSD_TRENDS@DF_TRENDSSAFETY(1.0),,I,ESP,,A,,INJURED,,PS,,ROAD,,_T,,_T,,1989,,169411,,A,,0,,1,
DATAFLOW,OECD.ITF:DSD_TRENDS@DF_TRENDSSAFETY(1.0),,I,ESP,,A,,INJURED,,PS,,ROAD,,_T,,_T,,1990,,155476,,A,,0,,1,
DATAFLOW,OECD.ITF:DSD_TRENDS@DF_TRENDSSAFETY(1.0),,I,ESP,,A,,INJURED,,PS,,ROAD,,_T,,_T,,1991,,148450,,A,,0,,1,
DATAFLOW,OECD.ITF:DSD_TRENDS@DF_TRENDSSAFETY(1.0),,I,ESP,,A,,INJURED,,PS,,ROAD,,_T,,_T,,1992,,129949,,A,,0,,1,
DATAFLOW,OECD.ITF:DSD_TRENDS@DF_TRENDSSAFETY(1.0),,I,ESP,,A,,INJURED,,PS,,ROAD,,_T,,_T,,1993,,117193,,A,,0,,1,
DATAFLOW,OECD.ITF:DSD_TRENDS@DF_TRENDSSAFETY(1.0),,I,ESP,,A,,INJURED,,PS,,ROAD,,_T,,_T,,1994,,113716,,A,,0,,1,
DATAFLOW,OECD.ITF:DSD_TRENDS@DF_TRENDSSAFETY(1.0),,I,ESP,,A,,INJURED,,PS,,ROAD,,_T,,_T,,1995,,121432,,A,,0,,1,
DATAFLOW,OECD.ITF:DSD_TRENDS@DF_TRENDSSAFETY(1.0),,I,ESP,,A,,INJURED,,PS,,ROAD,,_T,,_T,,1996,,124157,,A,,0,,1,
DATAFLOW,OECD.ITF:DSD_TRENDS@DF_TRENDSSAFETY(1.0),,I,ESP,,A,,INJURED,,PS,,ROAD,,_T,,_T,,1997,,125247,,A,,0,,1,
DATAFLOW,OECD.ITF:DSD_TRENDS@DF_TRENDSSAFETY(1.0),,I,ESP,,A,,INJURED,,PS,,ROAD,,_T,,_T,,1998,,141377,,A,,0,,1,
DATAFLOW,OECD.ITF:DSD_TRENDS@DF_TRENDSSAFETY(1.0),,I,ESP,,A,,INJURED,,PS,,ROAD,,_T,,_T,,1999,,142894,,A,,0,,1,
DATAFLOW,OECD.ITF:DSD_TRENDS@DF_TRENDSSAFETY(1.0),,I,ESP,,A,,INJURED,,PS,,ROAD,,_T,,_T,,2000,,149781,,A,,0,,1,
DATAFLOW,OECD.ITF:DSD_TRENDS@DF_TRENDSSAFETY(1.0),,I,ESP,,A,,INJURED,,PS,,ROAD,,_T,,_T,,2001,,149599,,A,,0,,1,
DATAFLOW,OECD.ITF:DSD_TRENDS@DF_TRENDSSAFETY(1.0),,I,ESP,,A,,INJURED,,PS,,ROAD,,_T,,_T,,2002,,146917,,A,,0,,1,
DATAFLOW,OECD.ITF:DSD_TRENDS@DF_TRENDSSAFETY(1.0),,I,ESP,,A,,INJURED,,PS,,ROAD,,_T,,_T,,2003,,150635,,A,,0,,1,
DATAFLOW,OECD.ITF:DSD_TRENDS@DF_TRENDSSAFETY(1.0),,I,ESP,,A,,INJURED,,PS,,ROAD,,_T,,_T,,2004,,138383,,A,,0,,1,
DATAFLOW,OECD.ITF:DSD_TRENDS@DF_TRENDSSAFETY(1.0),,I,ESP,,A,,INJURED,,PS,,ROAD,,_T,,_T,,2005,,132809,,A,,0,,1,
DATAFLOW,OECD.ITF:DSD_TRENDS@DF_TRENDSSAFETY(1.0),,I,ESP,,A,,INJURED,,PS,,ROAD,,_T,,_T,,2006,,143450,,A,,0,,1,
DATAFLOW,OECD.ITF:DSD_TRENDS@DF_TRENDSSAFETY(1.0),,I,ESP,,A,,INJURED,,PS,,ROAD,,_T,,_T,,2007,,142521,,A,,0,,1,
DATAFLOW,OECD.ITF:DSD_TRENDS@DF_TRENDSSAFETY(1.0),,I,ESP,,A,,INJURED,,PS,,ROAD,,_T,,_T,,2008,,130947,,A,,0,,1,
DATAFLOW,OECD.ITF:DSD_TRENDS@DF_TRENDSSAFETY(1.0),,I,ESP,,A,,INJURED,,PS,,ROAD,,_T,,_T,,2009,,124966,,A,,0,,1,
DATAFLOW,OECD.ITF:DSD_TRENDS@DF_TRENDSSAFETY(1.0),,I,ESP,,A,,INJURED,,PS,,ROAD,,_T,,_T,,2010,,120345,,A,,0,,1,
DATAFLOW,OECD.ITF:DSD_TRENDS@DF_TRENDSSAFETY(1.0),,I,ESP,,A,,INJURED,,PS,,ROAD,,_T,,_T,,2011,,115627,,A,,0,,1,
DATAFLOW,OECD.ITF:DSD_TRENDS@DF_TRENDSSAFETY(1.0),,I,ESP,,A,,INJURED,,PS,,ROAD,,_T,,_T,,2012,,115890,,A,,0,,1,
DATAFLOW,OECD.ITF:DSD_TRENDS@DF_TRENDSSAFETY(1.0),,I,ESP,,A,,INJURED,,PS,,ROAD,,_T,,_T,,2013,,124720,,A,,0,,1,
DATAFLOW,OECD.ITF:DSD_TRENDS@DF_TRENDSSAFETY(1.0),,I,ESP,,A,,INJURED,,PS,,ROAD,,_T,,_T,,2014,,126632,,A,,0,,1,
DATAFLOW,OECD.ITF:DSD_TRENDS@DF_TRENDSSAFETY(1.0),,I,ESP,,A,,INJURED,,PS,,ROAD,,_T,,_T,,2015,,134455,,A,,0,,1,
DATAFLOW,OECD.ITF:DSD_TRENDS@DF_TRENDSSAFETY(1.0),,I,ESP,,A,,INJURED,,PS,,ROAD,,_T,,_T,,2016,,140390,,A,,0,,1,
DATAFLOW,OECD.ITF:DSD_TRENDS@DF_TRENDSSAFETY(1.0),,I,ESP,,A,,INJURED,,PS,,ROAD,,_T,,_T,,2017,,139162,,A,,0,,1,
DATAFLOW,OECD.ITF:DSD_TRENDS@DF_TRENDSSAFETY(1.0),,I,ESP,,A,,INJURED,,PS,,ROAD,,_T,,_T,,2018,,138609,,A,,0,,1,
DATAFLOW,OECD.ITF:DSD_TRENDS@DF_TRENDSSAFETY(1.0),,I,ESP,,A,,INJURED,,PS,,ROAD,,_T,,_T,,2019,,139358,,A,,0,,1,
DATAFLOW,OECD.ITF:DSD_TRENDS@DF_TRENDSSAFETY(1.0),,I,ESP,,A,,INJURED,,PS,,ROAD,,_T,,_T,,2020,,94562,,A,,0,,1,
DATAFLOW,OECD.ITF:DSD_TRENDS@DF_TRENDSSAFETY(1.0),,I,ESP,,A,,INJURED,,PS,,ROAD,,_T,,_T,,2021,,118162,,A,,0,,1,
DATAFLOW,OECD.ITF:DSD_TRENDS@DF_TRENDSSAFETY(1.0),,I,ESP,,A,,INJURED,,PS,,ROAD,,_T,,_T,,2022,,127830,,A,,0,,1,
DATAFLOW,OECD.ITF:DSD_TRENDS@DF_TRENDSSAFETY(1.0),,I,ESP,,A,,INJURED,,PS,,ROAD,,_T,,_T,,2023,,133532,,A,,0,,1,
DATAFLOW,OECD.ITF:DSD_TRENDS@DF_TRENDSSAFETY(1.0),,I,SWE,,A,,INJURED,,PS,,ROAD,,_T,,_T,,1970,,22230,,A,,0,,1,
DATAFLOW,OECD.ITF:DSD_TRENDS@DF_TRENDSSAFETY(1.0),,I,SWE,,A,,INJURED,,PS,,ROAD,,_T,,_T,,1971,,21872,,A,,0,,1,
DATAFLOW,OECD.ITF:DSD_TRENDS@DF_TRENDSSAFETY(1.0),,I,SWE,,A,,INJURED,,PS,,ROAD,,_T,,_T,,1972,,21256,,A,,0,,1,
DATAFLOW,OECD.ITF:DSD_TRENDS@DF_TRENDSSAFETY(1.0),,I,SWE,,A,,INJURED,,PS,,ROAD,,_T,,_T,,1973,,22551,,A,,0,,1,
DATAFLOW,OECD.ITF:DSD_TRENDS@DF_TRENDSSAFETY(1.0),,I,SWE,,A,,INJURED,,PS,,ROAD,,_T,,_T,,1974,,20902,,A,,0,,1,
DATAFLOW,OECD.ITF:DSD_TRENDS@DF_TRENDSSAFETY(1.0),,I,SWE,,A,,INJURED,,PS,,ROAD,,_T,,_T,,1975,,20809,,A,,0,,1,
DATAFLOW,OECD.ITF:DSD_TRENDS@DF_TRENDSSAFETY(1.0),,I,SWE,,A,,INJURED,,PS,,ROAD,,_T,,_T,,1976,,21843,,A,,0,,1,
DATAFLOW,OECD.ITF:DSD_TRENDS@DF_TRENDSSAFETY(1.0),,I,SWE,,A,,INJURED,,PS,,ROAD,,_T,,_T,,1977,,20916,,A,,0,,1,
DATAFLOW,OECD.ITF:DSD_TRENDS@DF_TRENDSSAFETY(1.0),,I,SWE,,A,,INJURED,,PS,,ROAD,,_T,,_T,,1978,,20573,,A,,0,,1,
DATAFLOW,OECD.ITF:DSD_TRENDS@DF_TRENDSSAFETY(1.0),,I,SWE,,A,,INJURED,,PS,,ROAD,,_T,,_T,,1979,,19552,,A,,0,,1,
DATAFLOW,OECD.ITF:DSD_TRENDS@DF_TRENDSSAFETY(1.0),,I,SWE,,A,,INJURED,,PS,,ROAD,,_T,,_T,,1980,,19246,,A,,0,,1,
DATAFLOW,OECD.ITF:DSD_TRENDS@DF_TRENDSSAFETY(1.0),,I,SWE,,A,,INJURED,,PS,,ROAD,,_T,,_T,,1981,,18554,,A,,0,,1,
DATAFLOW,OECD.ITF:DSD_TRENDS@DF_TRENDSSAFETY(1.0),,I,SWE,,A,,INJURED,,PS,,ROAD,,_T,,_T,,1982,,19277,,A,,0,,1,
DATAFLOW,OECD.ITF:DSD_TRENDS@DF_TRENDSSAFETY(1.0),,I,SWE,,A,,INJURED,,PS,,ROAD,,_T,,_T,,1983,,19803,,A,,0,,1,
DATAFLOW,OECD.ITF:DSD_TRENDS@DF_TRENDSSAFETY(1.0),,I,SWE,,A,,INJURED,,PS,,ROAD,,_T,,_T,,1984,,20635,,A,,0,,1,
DATAFLOW,OECD.ITF:DSD_TRENDS@DF_TRENDSSAFETY(1.0),,I,SWE,,A,,INJURED,,PS,,ROAD,,_T,,_T,,1985,,20671,,A,,0,,1,
DATAFLOW,OECD.ITF:DSD_TRENDS@DF_TRENDSSAFETY(1.0),,I,SWE,,A,,INJURED,,PS,,ROAD,,_T,,_T,,1986,,21614,,A,,0,,1,
DATAFLOW,OECD.ITF:DSD_TRENDS@DF_TRENDSSAFETY(1.0),,I,SWE,,A,,INJURED,,PS,,ROAD,,_T,,_T,,1987,,20467,,A,,0,,1,
DATAFLOW,OECD.ITF:DSD_TRENDS@DF_TRENDSSAFETY(1.0),,I,SWE,,A,,INJURED,,PS,,ROAD,,_T,,_T,,1988,,22838,,A,,0,,1,
DATAFLOW,OECD.ITF:DSD_TRENDS@DF_TRENDSSAFETY(1.0),,I,SWE,,A,,INJURED,,PS,,ROAD,,_T,,_T,,1989,,23531,,A,,0,,1,
DATAFLOW,OECD.ITF:DSD_TRENDS@DF_TRENDSSAFETY(1.0),,I,SWE,,A,,INJURED,,PS,,ROAD,,_T,,_T,,1990,,22497,,A,,0,,1,
DATAFLOW,OECD.ITF:DSD_TRENDS@DF_TRENDSSAFETY(1.0),,I,SWE,,A,,INJURED,,PS,,ROAD,,_T,,_T,,1991,,21057,,A,,0,,1,
DATAFLOW,OECD.ITF:DSD_TRENDS@DF_TRENDSSAFETY(1.0),,I,SWE,,A,,INJURED,,PS,,ROAD,,_T,,_T,,1992,,20727,,A,,0,,1,
DATAFLOW,OECD.ITF:DSD_TRENDS@DF_TRENDSSAFETY(1.0),,I,SWE,,A,,INJURED,,PS,,ROAD,,_T,,_T,,1993,,19741,,A,,0,,1,
DATAFLOW,OECD.ITF:DSD_TRENDS@DF_TRENDSSAFETY(1.0),,I,SWE,,A,,INJURED,,PS,,ROAD,,_T,,_T,,1994,,21083,,A,,0,,1,
DATAFLOW,OECD.ITF:DSD_TRENDS@DF_TRENDSSAFETY(1.0),,I,SWE,,A,,INJURED,,PS,,ROAD,,_T,,_T,,1995,,21173,,A,,0,,1,
DATAFLOW,OECD.ITF:DSD_TRENDS@DF_TRENDSSAFETY(1.0),,I,SWE,,A,,INJURED,,PS,,ROAD,,_T,,_T,,1996,,20810,,A,,0,,1,
DATAFLOW,OECD.ITF:DSD_TRENDS@DF_TRENDSSAFETY(1.0),,I,SWE,,A,,INJURED,,PS,,ROAD,,_T,,_T,,1997,,21280,,A,,0,,1,
DATAFLOW,OECD.ITF:DSD_TRENDS@DF_TRENDSSAFETY(1.0),,I,SWE,,A,,INJURED,,PS,,ROAD,,_T,,_T,,1998,,21356,,A,,0,,1,
DATAFLOW,OECD.ITF:DSD_TRENDS@DF_TRENDSSAFETY(1.0),,I,SWE,,A,,INJURED,,PS,,ROAD,,_T,,_T,,1999,,21964,,A,,0,,1,
DATAFLOW,OECD.ITF:DSD_TRENDS@DF_TRENDSSAFETY(1.0),,I,SWE,,A,,INJURED,,PS,,ROAD,,_T,,_T,,2000,,22032,,A,,0,,1,
DATAFLOW,OECD.ITF:DSD_TRENDS@DF_TRENDSSAFETY(1.0),,I,SWE,,A,,INJURED,,PS,,ROAD,,_T,,_T,,2001,,22330,,A,,0,,1,
DATAFLOW,OECD.ITF:DSD_TRENDS@DF_TRENDSSAFETY(1.0),,I,SWE,,A,,INJURED,,PS,,ROAD,,_T,,_T,,2002,,24747,,A,,0,,1,
DATAFLOW,OECD.ITF:DSD_TRENDS@DF_TRENDSSAFETY(1.0),,I,SWE,,A,,INJURED,,PS,,ROAD,,_T,,_T,,2003,,27103,,A,,0,,1,
DATAFLOW,OECD.ITF:DSD_TRENDS@DF_TRENDSSAFETY(1.0),,I,SWE,,A,,INJURED,,PS,,ROAD,,_T,,_T,,2004,,26582,,A,,0,,1,
DATAFLOW,OECD.ITF:DSD_TRENDS@DF_TRENDSSAFETY(1.0),,I,SWE,,A,,INJURED,,PS,,ROAD,,_T,,_T,,2005,,26459,,A,,0,,1,
DATAFLOW,OECD.ITF:DSD_TRENDS@DF_TRENDSSAFETY(1.0),,I,SWE,,A,,INJURED,,PS,,ROAD,,_T,,_T,,2006,,26636,,A,,0,,1,
DATAFLOW,OECD.ITF:DSD_TRENDS@DF_TRENDSSAFETY(1.0),,I,SWE,,A,,INJURED,,PS,,ROAD,,_T,,_T,,2007,,26749,,A,,0,,1,
DATAFLOW,OECD.ITF:DSD_TRENDS@DF_TRENDSSAFETY(1.0),,I,SWE,,A,,INJURED,,PS,,ROAD,,_T,,_T,,2008,,26248,,A,,0,,1,
DATAFLOW,OECD.ITF:DSD_TRENDS@DF_TRENDSSAFETY(1.0),,I,SWE,,A,,INJURED,,PS,,ROAD,,_T,,_T,,2009,,25281,,A,,0,,1,
DATAFLOW,OECD.ITF:DSD_TRENDS@DF_TRENDSSAFETY(1.0),,I,SWE,,A,,INJURED,,PS,,ROAD,,_T,,_T,,2011,,22360,,A,,0,,1,
DATAFLOW,OECD.ITF:DSD_TRENDS@DF_TRENDSSAFETY(1.0),,I,SWE,,A,,INJURED,,PS,,ROAD,,_T,,_T,,2012,,22825,,A,,0,,1,
DATAFLOW,OECD.ITF:DSD_TRENDS@DF_TRENDSSAFETY(1.0),,I,SWE,,A,,INJURED,,PS,,ROAD,,_T,,_T,,2013,,20262,,A,,0,,1,
DATAFLOW,OECD.ITF:DSD_TRENDS@DF_TRENDSSAFETY(1.0),,I,SWE,,A,,INJURED,,PS,,ROAD,,_T,,_T,,2014,,17525,,A,,0,,1,
DATAFLOW,OECD.ITF:DSD_TRENDS@DF_TRENDSSAFETY(1.0),,I,SWE,,A,,INJURED,,PS,,ROAD,,_T,,_T,,2015,,19643,,A,,0,,1,
DATAFLOW,OECD.ITF:DSD_TRENDS@DF_TRENDSSAFETY(1.0),,I,SWE,,A,,INJURED,,PS,,ROAD,,_T,,_T,,2016,,18663,,A,,0,,1,
DATAFLOW,OECD.ITF:DSD_TRENDS@DF_TRENDSSAFETY(1.0),,I,SWE,,A,,INJURED,,PS,,ROAD,,_T,,_T,,2017,,19662,,A,,0,,1,
DATAFLOW,OECD.ITF:DSD_TRENDS@DF_TRENDSSAFETY(1.0),,I,SWE,,A,,INJURED,,PS,,ROAD,,_T,,_T,,2018,,18501,,A,,0,,1,
DATAFLOW,OECD.ITF:DSD_TRENDS@DF_TRENDSSAFETY(1.0),,I,SWE,,A,,INJURED,,PS,,ROAD,,_T,,_T,,2019,,17719,,A,,0,,1,
DATAFLOW,OECD.ITF:DSD_TRENDS@DF_TRENDSSAFETY(1.0),,I,SWE,,A,,INJURED,,PS,,ROAD,,_T,,_T,,2020,,15354,,A,,0,,1,
DATAFLOW,OECD.ITF:DSD_TRENDS@DF_TRENDSSAFETY(1.0),,I,SWE,,A,,INJURED,,PS,,ROAD,,_T,,_T,,2021,,15937,,A,,0,,1,
DATAFLOW,OECD.ITF:DSD_TRENDS@DF_TRENDSSAFETY(1.0),,I,SWE,,A,,INJURED,,PS,,ROAD,,_T,,_T,,2022,,15261,,A,,0,,1,
DATAFLOW,OECD.ITF:DSD_TRENDS@DF_TRENDSSAFETY(1.0),,I,SWE,,A,,INJURED,,PS,,ROAD,,_T,,_T,,2023,,14712,,A,,0,,1,
DATAFLOW,OECD.ITF:DSD_TRENDS@DF_TRENDSSAFETY(1.0),,I,SWE,,A,,INJURED,,PS,,ROAD,,_T,,_T,,2024,,13865,,A,,0,,1,
DATAFLOW,OECD.ITF:DSD_TRENDS@DF_TRENDSSAFETY(1.0),,I,CHE,,A,,INJURED,,PS,,ROAD,,_T,,_T,,1970,,35981,,A,,0,,1,
DATAFLOW,OECD.ITF:DSD_TRENDS@DF_TRENDSSAFETY(1.0),,I,CHE,,A,,INJURED,,PS,,ROAD,,_T,,_T,,1971,,37177,,A,,0,,1,
DATAFLOW,OECD.ITF:DSD_TRENDS@DF_TRENDSSAFETY(1.0),,I,CHE,,A,,INJURED,,PS,,ROAD,,_T,,_T,,1972,,37108,,A,,0,,1,
DATAFLOW,OECD.ITF:DSD_TRENDS@DF_TRENDSSAFETY(1.0),,I,CHE,,A,,INJURED,,PS,,ROAD,,_T,,_T,,1973,,32800,,A,,0,,1,
DATAFLOW,OECD.ITF:DSD_TRENDS@DF_TRENDSSAFETY(1.0),,I,CHE,,A,,INJURED,,PS,,ROAD,,_T,,_T,,1974,,31749,,A,,0,,1,
DATAFLOW,OECD.ITF:DSD_TRENDS@DF_TRENDSSAFETY(1.0),,I,CHE,,A,,INJURED,,PS,,ROAD,,_T,,_T,,1975,,29904,,A,,0,,1,
DATAFLOW,OECD.ITF:DSD_TRENDS@DF_TRENDSSAFETY(1.0),,I,CHE,,A,,INJURED,,PS,,ROAD,,_T,,_T,,1976,,28779,,A,,0,,1,
DATAFLOW,OECD.ITF:DSD_TRENDS@DF_TRENDSSAFETY(1.0),,I,CHE,,A,,INJURED,,PS,,ROAD,,_T,,_T,,1977,,31208,,A,,0,,1,
DATAFLOW,OECD.ITF:DSD_TRENDS@DF_TRENDSSAFETY(1.0),,I,CHE,,A,,INJURED,,PS,,ROAD,,_T,,_T,,1978,,32305,,A,,0,,1,
DATAFLOW,OECD.ITF:DSD_TRENDS@DF_TRENDSSAFETY(1.0),,I,CHE,,A,,INJURED,,PS,,ROAD,,_T,,_T,,1979,,32442,,A,,0,,1,
DATAFLOW,OECD.ITF:DSD_TRENDS@DF_TRENDSSAFETY(1.0),,I,CHE,,A,,INJURED,,PS,,ROAD,,_T,,_T,,1980,,32327,,A,,0,,1,
DATAFLOW,OECD.ITF:DSD_TRENDS@DF_TRENDSSAFETY(1.0),,I,CHE,,A,,INJURED,,PS,,ROAD,,_T,,_T,,1981,,31702,,A,,0,,1,
DATAFLOW,OECD.ITF:DSD_TRENDS@DF_TRENDSSAFETY(1.0),,I,CHE,,A,,INJURED,,PS,,ROAD,,_T,,_T,,1982,,31358,,A,,0,,1,
DATAFLOW,OECD.ITF:DSD_TRENDS@DF_TRENDSSAFETY(1.0),,I,CHE,,A,,INJURED,,PS,,ROAD,,_T,,_T,,1983,,32471,,A,,0,,1,
DATAFLOW,OECD.ITF:DSD_TRENDS@DF_TRENDSSAFETY(1.0),,I,CHE,,A,,INJURED,,PS,,ROAD,,_T,,_T,,1984,,30729,,A,,0,,1,
DATAFLOW,OECD.ITF:DSD_TRENDS@DF_TRENDSSAFETY(1.0),,I,CHE,,A,,INJURED,,PS,,ROAD,,_T,,_T,,1985,,29827,,A,,0,,1,
DATAFLOW,OECD.ITF:DSD_TRENDS@DF_TRENDSSAFETY(1.0),,I,CHE,,A,,INJURED,,PS,,ROAD,,_T,,_T,,1986,,30346,,A,,0,,1,
DATAFLOW,OECD.ITF:DSD_TRENDS@DF_TRENDSSAFETY(1.0),,I,CHE,,A,,INJURED,,PS,,ROAD,,_T,,_T,,1987,,29150,,A,,0,,1,
DATAFLOW,OECD.ITF:DSD_TRENDS@DF_TRENDSSAFETY(1.0),,I,CHE,,A,,INJURED,,PS,,ROAD,,_T,,_T,,1988,,30083,,A,,0,,1,
DATAFLOW,OECD.ITF:DSD_TRENDS@DF_TRENDSSAFETY(1.0),,I,CHE,,A,,INJURED,,PS,,ROAD,,_T,,_T,,1989,,30159,,A,,0,,1,
DATAFLOW,OECD.ITF:DSD_TRENDS@DF_TRENDSSAFETY(1.0),,I,CHE,,A,,INJURED,,PS,,ROAD,,_T,,_T,,1990,,29243,,A,,0,,1,
DATAFLOW,OECD.ITF:DSD_TRENDS@DF_TRENDSSAFETY(1.0),,I,CHE,,A,,INJURED,,PS,,ROAD,,_T,,_T,,1991,,28240,,A,,0,,1,
DATAFLOW,OECD.ITF:DSD_TRENDS@DF_TRENDSSAFETY(1.0),,I,CHE,,A,,INJURED,,PS,,ROAD,,_T,,_T,,1992,,28683,,A,,0,,1,
DATAFLOW,OECD.ITF:DSD_TRENDS@DF_TRENDSSAFETY(1.0),,I,CHE,,A,,INJURED,,PS,,ROAD,,_T,,_T,,1993,,28210,,A,,0,,1,
DATAFLOW,OECD.ITF:DSD_TRENDS@DF_TRENDSSAFETY(1.0),,I,CHE,,A,,INJURED,,PS,,ROAD,,_T,,_T,,1994,,29276,,A,,0,,1,
DATAFLOW,OECD.ITF:DSD_TRENDS@DF_TRENDSSAFETY(1.0),,I,CHE,,A,,INJURED,,PS,,ROAD,,_T,,_T,,1995,,28759,,A,,0,,1,
DATAFLOW,OECD.ITF:DSD_TRENDS@DF_TRENDSSAFETY(1.0),,I,CHE,,A,,INJURED,,PS,,ROAD,,_T,,_T,,1996,,26539,,A,,0,,1,
DATAFLOW,OECD.ITF:DSD_TRENDS@DF_TRENDSSAFETY(1.0),,I,CHE,,A,,INJURED,,PS,,ROAD,,_T,,_T,,1997,,27285,,A,,0,,1,
DATAFLOW,OECD.ITF:DSD_TRENDS@DF_TRENDSSAFETY(1.0),,I,CHE,,A,,INJURED,,PS,,ROAD,,_T,,_T,,1998,,27790,,A,,0,,1,
DATAFLOW,OECD.ITF:DSD_TRENDS@DF_TRENDSSAFETY(1.0),,I,CHE,,A,,INJURED,,PS,,ROAD,,_T,,_T,,1999,,29527,,A,,0,,1,
DATAFLOW,OECD.ITF:DSD_TRENDS@DF_TRENDSSAFETY(1.0),,I,CHE,,A,,INJURED,,PS,,ROAD,,_T,,_T,,2000,,30058,,A,,0,,1,
DATAFLOW,OECD.ITF:DSD_TRENDS@DF_TRENDSSAFETY(1.0),,I,CHE,,A,,INJURED,,PS,,ROAD,,_T,,_T,,2001,,30160,,A,,0,,1,
DATAFLOW,OECD.ITF:DSD_TRENDS@DF_TRENDSSAFETY(1.0),,I,CHE,,A,,INJURED,,PS,,ROAD,,_T,,_T,,2002,,29774,,A,,0,,1,
DATAFLOW,OECD.ITF:DSD_TRENDS@DF_TRENDSSAFETY(1.0),,I,CHE,,A,,INJURED,,PS,,ROAD,,_T,,_T,,2003,,30098,,A,,0,,1,
DATAFLOW,OECD.ITF:DSD_TRENDS@DF_TRENDSSAFETY(1.0),,I,CHE,,A,,INJURED,,PS,,ROAD,,_T,,_T,,2004,,28746,,A,,0,,1,
DATAFLOW,OECD.ITF:DSD_TRENDS@DF_TRENDSSAFETY(1.0),,I,CHE,,A,,INJURED,,PS,,ROAD,,_T,,_T,,2005,,26754,,A,,0,,1,
DATAFLOW,OECD.ITF:DSD_TRENDS@DF_TRENDSSAFETY(1.0),,I,CHE,,A,,INJURED,,PS,,ROAD,,_T,,_T,,2006,,26718,,A,,0,,1,
DATAFLOW,OECD.ITF:DSD_TRENDS@DF_TRENDSSAFETY(1.0),,I,CHE,,A,,INJURED,,PS,,ROAD,,_T,,_T,,2007,,27132,,A,,0,,1,
DATAFLOW,OECD.ITF:DSD_TRENDS@DF_TRENDSSAFETY(1.0),,I,CHE,,A,,INJURED,,PS,,ROAD,,_T,,_T,,2008,,25556,,A,,0,,1,
DATAFLOW,OECD.ITF:DSD_TRENDS@DF_TRENDSSAFETY(1.0),,I,CHE,,A,,INJURED,,PS,,ROAD,,_T,,_T,,2009,,25130,,A,,0,,1,
DATAFLOW,OECD.ITF:DSD_TRENDS@DF_TRENDSSAFETY(1.0),,I,CHE,,A,,INJURED,,PS,,ROAD,,_T,,_T,,2010,,24237,,A,,0,,1,
DATAFLOW,OECD.ITF:DSD_TRENDS@DF_TRENDSSAFETY(1.0),,I,CHE,,A,,INJURED,,PS,,ROAD,,_T,,_T,,2011,,23242,,A,,0,,1,
DATAFLOW,OECD.ITF:DSD_TRENDS@DF_TRENDSSAFETY(1.0),,I,CHE,,A,,INJURED,,PS,,ROAD,,_T,,_T,,2012,,22218,,A,,0,,1,
DATAFLOW,OECD.ITF:DSD_TRENDS@DF_TRENDSSAFETY(1.0),,I,CHE,,A,,INJURED,,PS,,ROAD,,_T,,_T,,2013,,21379,,A,,0,,1,
DATAFLOW,OECD.ITF:DSD_TRENDS@DF_TRENDSSAFETY(1.0),,I,CHE,,A,,INJURED,,PS,,ROAD,,_T,,_T,,2014,,21521,,A,,0,,1,
DATAFLOW,OECD.ITF:DSD_TRENDS@DF_TRENDSSAFETY(1.0),,I,CHE,,A,,INJURED,,PS,,ROAD,,_T,,_T,,2015,,21538,,A,,0,,1,
DATAFLOW,OECD.ITF:DSD_TRENDS@DF_TRENDSSAFETY(1.0),,I,CHE,,A,,INJURED,,PS,,ROAD,,_T,,_T,,2016,,21392,,A,,0,,1,
DATAFLOW,OECD.ITF:DSD_TRENDS@DF_TRENDSSAFETY(1.0),,I,CHE,,A,,INJURED,,PS,,ROAD,,_T,,_T,,2017,,21413,,A,,0,,1,
DATAFLOW,OECD.ITF:DSD_TRENDS@DF_TRENDSSAFETY(1.0),,I,CHE,,A,,INJURED,,PS,,ROAD,,_T,,_T,,2018,,21831,,A,,0,,1,
DATAFLOW,OECD.ITF:DSD_TRENDS@DF_TRENDSSAFETY(1.0),,I,CHE,,A,,INJURED,,PS,,ROAD,,_T,,_T,,2019,,21280,,A,,0,,1,
DATAFLOW,OECD.ITF:DSD_TRENDS@DF_TRENDSSAFETY(1.0),,I,CHE,,A,,INJURED,,PS,,ROAD,,_T,,_T,,2020,,19795,,A,,0,,1,
DATAFLOW,OECD.ITF:DSD_TRENDS@DF_TRENDSSAFETY(1.0),,I,CHE,,A,,INJURED,,PS,,ROAD,,_T,,_T,,2021,,20534,,A,,0,,1,
DATAFLOW,OECD.ITF:DSD_TRENDS@DF_TRENDSSAFETY(1.0),,I,CHE,,A,,INJURED,,PS,,ROAD,,_T,,_T,,2022,,21898,,A,,0,,1,
DATAFLOW,OECD.ITF:DSD_TRENDS@DF_TRENDSSAFETY(1.0),,I,CHE,,A,,INJURED,,PS,,ROAD,,_T,,_T,,2023,,21500,,A,,0,,1,
DATAFLOW,OECD.ITF:DSD_TRENDS@DF_TRENDSSAFETY(1.0),,I,CHE,,A,,INJURED,,PS,,ROAD,,_T,,_T,,2024,,20513,,A,,0,,1,
DATAFLOW,OECD.ITF:DSD_TRENDS@DF_TRENDSSAFETY(1.0),,I,TUR,,A,,INJURED,,PS,,ROAD,,_T,,_T,,1970,,16838,,A,,0,,1,
DATAFLOW,OECD.ITF:DSD_TRENDS@DF_TRENDSSAFETY(1.0),,I,TUR,,A,,INJURED,,PS,,ROAD,,_T,,_T,,1971,,19601,,A,,0,,1,
DATAFLOW,OECD.ITF:DSD_TRENDS@DF_TRENDSSAFETY(1.0),,I,TUR,,A,,INJURED,,PS,,ROAD,,_T,,_T,,1972,,19086,,A,,0,,1,
DATAFLOW,OECD.ITF:DSD_TRENDS@DF_TRENDSSAFETY(1.0),,I,TUR,,A,,INJURED,,PS,,ROAD,,_T,,_T,,1973,,21801,,A,,0,,1,
DATAFLOW,OECD.ITF:DSD_TRENDS@DF_TRENDSSAFETY(1.0),,I,TUR,,A,,INJURED,,PS,,ROAD,,_T,,_T,,1974,,23734,,A,,0,,1,
DATAFLOW,OECD.ITF:DSD_TRENDS@DF_TRENDSSAFETY(1.0),,I,TUR,,A,,INJURED,,PS,,ROAD,,_T,,_T,,1975,,27847,,A,,0,,1,
DATAFLOW,OECD.ITF:DSD_TRENDS@DF_TRENDSSAFETY(1.0),,I,TUR,,A,,INJURED,,PS,,ROAD,,_T,,_T,,1976,,30428,,A,,0,,1,
DATAFLOW,OECD.ITF:DSD_TRENDS@DF_TRENDSSAFETY(1.0),,I,TUR,,A,,INJURED,,PS,,ROAD,,_T,,_T,,1977,,33677,,A,,0,,1,
DATAFLOW,OECD.ITF:DSD_TRENDS@DF_TRENDSSAFETY(1.0),,I,TUR,,A,,INJURED,,PS,,ROAD,,_T,,_T,,1978,,31372,,A,,0,,1,
DATAFLOW,OECD.ITF:DSD_TRENDS@DF_TRENDSSAFETY(1.0),,I,TUR,,A,,INJURED,,PS,,ROAD,,_T,,_T,,1979,,26427,,A,,0,,1,
DATAFLOW,OECD.ITF:DSD_TRENDS@DF_TRENDSSAFETY(1.0),,I,TUR,,A,,INJURED,,PS,,ROAD,,_T,,_T,,1980,,24608,,A,,0,,1,
DATAFLOW,OECD.ITF:DSD_TRENDS@DF_TRENDSSAFETY(1.0),,I,TUR,,A,,INJURED,,PS,,ROAD,,_T,,_T,,1981,,29744,,A,,0,,1,
DATAFLOW,OECD.ITF:DSD_TRENDS@DF_TRENDSSAFETY(1.0),,I,TUR,,A,,INJURED,,PS,,ROAD,,_T,,_T,,1982,,35976,,A,,0,,1,
DATAFLOW,OECD.ITF:DSD_TRENDS@DF_TRENDSSAFETY(1.0),,I,TUR,,A,,INJURED,,PS,,ROAD,,_T,,_T,,1983,,44769,,A,,0,,1,
DATAFLOW,OECD.ITF:DSD_TRENDS@DF_TRENDSSAFETY(1.0),,I,TUR,,A,,INJURED,,PS,,ROAD,,_T,,_T,,1984,,50521,,A,,0,,1,
DATAFLOW,OECD.ITF:DSD_TRENDS@DF_TRENDSSAFETY(1.0),,I,TUR,,A,,INJURED,,PS,,ROAD,,_T,,_T,,1985,,51586,,A,,0,,1,
DATAFLOW,OECD.ITF:DSD_TRENDS@DF_TRENDSSAFETY(1.0),,I,TUR,,A,,INJURED,,PS,,ROAD,,_T,,_T,,1986,,71264,,A,,0,,1,
DATAFLOW,OECD.ITF:DSD_TRENDS@DF_TRENDSSAFETY(1.0),,I,TUR,,A,,INJURED,,PS,,ROAD,,_T,,_T,,1987,,80321,,A,,0,,1,
DATAFLOW,OECD.ITF:DSD_TRENDS@DF_TRENDSSAFETY(1.0),,I,TUR,,A,,INJURED,,PS,,ROAD,,_T,,_T,,1988,,79174,,A,,0,,1,
DATAFLOW,OECD.ITF:DSD_TRENDS@DF_TRENDSSAFETY(1.0),,I,TUR,,A,,INJURED,,PS,,ROAD,,_T,,_T,,1989,,80013,,A,,0,,1,
DATAFLOW,OECD.ITF:DSD_TRENDS@DF_TRENDSSAFETY(1.0),,I,TUR,,A,,INJURED,,PS,,ROAD,,_T,,_T,,1990,,87668,,A,,0,,1,
DATAFLOW,OECD.ITF:DSD_TRENDS@DF_TRENDSSAFETY(1.0),,I,TUR,,A,,INJURED,,PS,,ROAD,,_T,,_T,,1991,,90520,,A,,0,,1,
DATAFLOW,OECD.ITF:DSD_TRENDS@DF_TRENDSSAFETY(1.0),,I,TUR,,A,,INJURED,,PS,,ROAD,,_T,,_T,,1992,,94820,,A,,0,,1,
DATAFLOW,OECD.ITF:DSD_TRENDS@DF_TRENDSSAFETY(1.0),,I,TUR,,A,,INJURED,,PS,,ROAD,,_T,,_T,,1993,,104330,,A,,0,,1,
DATAFLOW,OECD.ITF:DSD_TRENDS@DF_TRENDSSAFETY(1.0),,I,TUR,,A,,INJURED,,PS,,ROAD,,_T,,_T,,1994,,104717,,A,,0,,1,
DATAFLOW,OECD.ITF:DSD_TRENDS@DF_TRENDSSAFETY(1.0),,I,TUR,,A,,INJURED,,PS,,ROAD,,_T,,_T,,1995,,114319,,A,,0,,1,
DATAFLOW,OECD.ITF:DSD_TRENDS@DF_TRENDSSAFETY(1.0),,I,TUR,,A,,INJURED,,PS,,ROAD,,_T,,_T,,1996,,104599,,A,,0,,1,
DATAFLOW,OECD.ITF:DSD_TRENDS@DF_TRENDSSAFETY(1.0),,I,TUR,,A,,INJURED,,PS,,ROAD,,_T,,_T,,1997,,106246,,A,,0,,1,
DATAFLOW,OECD.ITF:DSD_TRENDS@DF_TRENDSSAFETY(1.0),,I,TUR,,A,,INJURED,,PS,,ROAD,,_T,,_T,,1998,,125783,,A,,0,,1,
DATAFLOW,OECD.ITF:DSD_TRENDS@DF_TRENDSSAFETY(1.0),,I,TUR,,A,,INJURED,,PS,,ROAD,,_T,,_T,,1999,,125158,,A,,0,,1,
DATAFLOW,OECD.ITF:DSD_TRENDS@DF_TRENDSSAFETY(1.0),,I,TUR,,A,,INJURED,,PS,,ROAD,,_T,,_T,,2000,,136751,,A,,0,,1,
DATAFLOW,OECD.ITF:DSD_TRENDS@DF_TRENDSSAFETY(1.0),,I,TUR,,A,,INJURED,,PS,,ROAD,,_T,,_T,,2001,,116203,,A,,0,,1,
DATAFLOW,OECD.ITF:DSD_TRENDS@DF_TRENDSSAFETY(1.0),,I,TUR,,A,,INJURED,,PS,,ROAD,,_T,,_T,,2002,,116412,,A,,0,,1,
DATAFLOW,OECD.ITF:DSD_TRENDS@DF_TRENDSSAFETY(1.0),,I,TUR,,A,,INJURED,,PS,,ROAD,,_T,,_T,,2003,,118214,,A,,0,,1,
DATAFLOW,OECD.ITF:DSD_TRENDS@DF_TRENDSSAFETY(1.0),,I,TUR,,A,,INJURED,,PS,,ROAD,,_T,,_T,,2004,,136437,,A,,0,,1,
DATAFLOW,OECD.ITF:DSD_TRENDS@DF_TRENDSSAFETY(1.0),,I,TUR,,A,,INJURED,,PS,,ROAD,,_T,,_T,,2005,,154086,,A,,0,,1,
DATAFLOW,OECD.ITF:DSD_TRENDS@DF_TRENDSSAFETY(1.0),,I,TUR,,A,,INJURED,,PS,,ROAD,,_T,,_T,,2006,,169080,,A,,0,,1,
DATAFLOW,OECD.ITF:DSD_TRENDS@DF_TRENDSSAFETY(1.0),,I,TUR,,A,,INJURED,,PS,,ROAD,,_T,,_T,,2007,,189057,,A,,0,,1,
DATAFLOW,OECD.ITF:DSD_TRENDS@DF_TRENDSSAFETY(1.0),,I,TUR,,A,,INJURED,,PS,,ROAD,,_T,,_T,,2008,,184468,,A,,0,,1,
DATAFLOW,OECD.ITF:DSD_TRENDS@DF_TRENDSSAFETY(1.0),,I,TUR,,A,,INJURED,,PS,,ROAD,,_T,,_T,,2009,,201380,,A,,0,,1,
DATAFLOW,OECD.ITF:DSD_TRENDS@DF_TRENDSSAFETY(1.0),,I,TUR,,A,,INJURED,,PS,,ROAD,,_T,,_T,,2010,,211496,,A,,0,,1,
DATAFLOW,OECD.ITF:DSD_TRENDS@DF_TRENDSSAFETY(1.0),,I,TUR,,A,,INJURED,,PS,,ROAD,,_T,,_T,,2011,,238074,,A,,0,,1,
DATAFLOW,OECD.ITF:DSD_TRENDS@DF_TRENDSSAFETY(1.0),,I,TUR,,A,,INJURED,,PS,,ROAD,,_T,,_T,,2012,,268079,,A,,0,,1,
DATAFLOW,OECD.ITF:DSD_TRENDS@DF_TRENDSSAFETY(1.0),,I,TUR,,A,,INJURED,,PS,,ROAD,,_T,,_T,,2013,,274829,,A,,0,,1,
DATAFLOW,OECD.ITF:DSD_TRENDS@DF_TRENDSSAFETY(1.0),,I,TUR,,A,,INJURED,,PS,,ROAD,,_T,,_T,,2014,,285059,,A,,0,,1,
DATAFLOW,OECD.ITF:DSD_TRENDS@DF_TRENDSSAFETY(1.0),,I,TUR,,A,,INJURED,,PS,,ROAD,,_T,,_T,,2015,,304421,,A,,0,,1,
DATAFLOW,OECD.ITF:DSD_TRENDS@DF_TRENDSSAFETY(1.0),,I,TUR,,A,,INJURED,,PS,,ROAD,,_T,,_T,,2016,,303812,,A,,0,,1,
DATAFLOW,OECD.ITF:DSD_TRENDS@DF_TRENDSSAFETY(1.0),,I,TUR,,A,,INJURED,,PS,,ROAD,,_T,,_T,,2017,,300383,,A,,0,,1,
DATAFLOW,OECD.ITF:DSD_TRENDS@DF_TRENDSSAFETY(1.0),,I,TUR,,A,,INJURED,,PS,,ROAD,,_T,,_T,,2018,,307071,,A,,0,,1,
DATAFLOW,OECD.ITF:DSD_TRENDS@DF_TRENDSSAFETY(1.0),,I,TUR,,A,,INJURED,,PS,,ROAD,,_T,,_T,,2019,,283234,,A,,0,,1,
DATAFLOW,OECD.ITF:DSD_TRENDS@DF_TRENDSSAFETY(1.0),,I,TUR,,A,,INJURED,,PS,,ROAD,,_T,,_T,,2020,,226266,,A,,0,,1,
DATAFLOW,OECD.ITF:DSD_TRENDS@DF_TRENDSSAFETY(1.0),,I,TUR,,A,,INJURED,,PS,,ROAD,,_T,,_T,,2021,,274615,,A,,0,,1,
DATAFLOW,OECD.ITF:DSD_TRENDS@DF_TRENDSSAFETY(1.0),,I,TUR,,A,,INJURED,,PS,,ROAD,,_T,,_T,,2022,,288696,,A,,0,,1,
DATAFLOW,OECD.ITF:DSD_TRENDS@DF_TRENDSSAFETY(1.0),,I,TUR,,A,,INJURED,,PS,,ROAD,,_T,,_T,,2023,,350855,,A,,0,,1,
DATAFLOW,OECD.ITF:DSD_TRENDS@DF_TRENDSSAFETY(1.0),,I,TUR,,A,,INJURED,,PS,,ROAD,,_T,,_T,,2024,,385117,,A,,0,,1,
DATAFLOW,OECD.ITF:DSD_TRENDS@DF_TRENDSSAFETY(1.0),,I,GBR,,A,,INJURED,,PS,,ROAD,,_T,,_T,,1970,,363771,,A,,0,,1,
DATAFLOW,OECD.ITF:DSD_TRENDS@DF_TRENDSSAFETY(1.0),,I,GBR,,A,,INJURED,,PS,,ROAD,,_T,,_T,,1971,,351986,,A,,0,,1,
DATAFLOW,OECD.ITF:DSD_TRENDS@DF_TRENDSSAFETY(1.0),,I,GBR,,A,,INJURED,,PS,,ROAD,,_T,,_T,,1972,,359989,,A,,0,,1,
DATAFLOW,OECD.ITF:DSD_TRENDS@DF_TRENDSSAFETY(1.0),,I,GBR,,A,,INJURED,,PS,,ROAD,,_T,,_T,,1973,,354036,,A,,0,,1,
DATAFLOW,OECD.ITF:DSD_TRENDS@DF_TRENDSSAFETY(1.0),,I,GBR,,A,,INJURED,,PS,,ROAD,,_T,,_T,,1974,,325223,,A,,0,,1,
DATAFLOW,OECD.ITF:DSD_TRENDS@DF_TRENDSSAFETY(1.0),,I,GBR,,A,,INJURED,,PS,,ROAD,,_T,,_T,,1975,,325924,,A,,0,,1,
DATAFLOW,OECD.ITF:DSD_TRENDS@DF_TRENDSSAFETY(1.0),,I,GBR,,A,,INJURED,,PS,,ROAD,,_T,,_T,,1976,,340422,,A,,0,,1,
DATAFLOW,OECD.ITF:DSD_TRENDS@DF_TRENDSSAFETY(1.0),,I,GBR,,A,,INJURED,,PS,,ROAD,,_T,,_T,,1977,,349296,,A,,0,,1,
DATAFLOW,OECD.ITF:DSD_TRENDS@DF_TRENDSSAFETY(1.0),,I,GBR,,A,,INJURED,,PS,,ROAD,,_T,,_T,,1978,,351044,,A,,0,,1,
DATAFLOW,OECD.ITF:DSD_TRENDS@DF_TRENDSSAFETY(1.0),,I,GBR,,A,,INJURED,,PS,,ROAD,,_T,,_T,,1979,,335789,,A,,0,,1,
DATAFLOW,OECD.ITF:DSD_TRENDS@DF_TRENDSSAFETY(1.0),,I,GBR,,A,,INJURED,,PS,,ROAD,,_T,,_T,,1980,,329625,,A,,0,,1,
DATAFLOW,OECD.ITF:DSD_TRENDS@DF_TRENDSSAFETY(1.0),,I,GBR,,A,,INJURED,,PS,,ROAD,,_T,,_T,,1981,,326551,,A,,0,,1,
DATAFLOW,OECD.ITF:DSD_TRENDS@DF_TRENDSSAFETY(1.0),,I,GBR,,A,,INJURED,,PS,,ROAD,,_T,,_T,,1982,,336285,,A,,0,,1,
DATAFLOW,OECD.ITF:DSD_TRENDS@DF_TRENDSSAFETY(1.0),,I,GBR,,A,,INJURED,,PS,,ROAD,,_T,,_T,,1983,,310679,,A,,0,,1,
DATAFLOW,OECD.ITF:DSD_TRENDS@DF_TRENDSSAFETY(1.0),,I,GBR,,A,,INJURED,,PS,,ROAD,,_T,,_T,,1984,,327276,,A,,0,,1,
DATAFLOW,OECD.ITF:DSD_TRENDS@DF_TRENDSSAFETY(1.0),,I,GBR,,A,,INJURED,,PS,,ROAD,,_T,,_T,,1985,,320819,,A,,0,,1,
DATAFLOW,OECD.ITF:DSD_TRENDS@DF_TRENDSSAFETY(1.0),,I,GBR,,A,,INJURED,,PS,,ROAD,,_T,,_T,,1986,,325275,,A,,0,,1,
DATAFLOW,OECD.ITF:DSD_TRENDS@DF_TRENDSSAFETY(1.0),,I,GBR,,A,,INJURED,,PS,,ROAD,,_T,,_T,,1987,,316070,,A,,0,,1,
DATAFLOW,OECD.ITF:DSD_TRENDS@DF_TRENDSSAFETY(1.0),,I,GBR,,A,,INJURED,,PS,,ROAD,,_T,,_T,,1988,,328042,,A,,0,,1,
DATAFLOW,OECD.ITF:DSD_TRENDS@DF_TRENDSSAFETY(1.0),,I,GBR,,A,,INJURED,,PS,,ROAD,,_T,,_T,,1989,,347649,,A,,0,,1,
DATAFLOW,OECD.ITF:DSD_TRENDS@DF_TRENDSSAFETY(1.0),,I,GBR,,A,,INJURED,,PS,,ROAD,,_T,,_T,,1990,,347500,,A,,0,,1,
DATAFLOW,OECD.ITF:DSD_TRENDS@DF_TRENDSSAFETY(1.0),,I,GBR,,A,,INJURED,,PS,,ROAD,,_T,,_T,,1991,,316929,,A,,0,,1,
DATAFLOW,OECD.ITF:DSD_TRENDS@DF_TRENDSSAFETY(1.0),,I,GBR,,A,,INJURED,,PS,,ROAD,,_T,,_T,,1992,,317638,,A,,0,,1,
DATAFLOW,OECD.ITF:DSD_TRENDS@DF_TRENDSSAFETY(1.0),,I,GBR,,A,,INJURED,,PS,,ROAD,,_T,,_T,,1993,,313278,,A,,0,,1,
DATAFLOW,OECD.ITF:DSD_TRENDS@DF_TRENDSSAFETY(1.0),,I,GBR,,A,,INJURED,,PS,,ROAD,,_T,,_T,,1994,,323646,,A,,0,,1,
DATAFLOW,OECD.ITF:DSD_TRENDS@DF_TRENDSSAFETY(1.0),,I,GBR,,A,,INJURED,,PS,,ROAD,,_T,,_T,,1995,,318647,,A,,0,,1,
DATAFLOW,OECD.ITF:DSD_TRENDS@DF_TRENDSSAFETY(1.0),,I,GBR,,A,,INJURED,,PS,,ROAD,,_T,,_T,,1996,,329413,,A,,0,,1,
DATAFLOW,OECD.ITF:DSD_TRENDS@DF_TRENDSSAFETY(1.0),,I,GBR,,A,,INJURED,,PS,,ROAD,,_T,,_T,,1997,,336758,,A,,0,,1,
DATAFLOW,OECD.ITF:DSD_TRENDS@DF_TRENDSSAFETY(1.0),,I,GBR,,A,,INJURED,,PS,,ROAD,,_T,,_T,,1998,,335033,,A,,0,,1,
DATAFLOW,OECD.ITF:DSD_TRENDS@DF_TRENDSSAFETY(1.0),,I,GBR,,A,,INJURED,,PS,,ROAD,,_T,,_T,,1999,,330195,,A,,0,,1,
DATAFLOW,OECD.ITF:DSD_TRENDS@DF_TRENDSSAFETY(1.0),,I,GBR,,A,,INJURED,,PS,,ROAD,,_T,,_T,,2000,,331423,,A,,0,,1,
DATAFLOW,OECD.ITF:DSD_TRENDS@DF_TRENDSSAFETY(1.0),,I,GBR,,A,,INJURED,,PS,,ROAD,,_T,,_T,,2001,,322853,,A,,0,,1,
DATAFLOW,OECD.ITF:DSD_TRENDS@DF_TRENDSSAFETY(1.0),,I,GBR,,A,,INJURED,,PS,,ROAD,,_T,,_T,,2002,,310938,,A,,0,,1,
DATAFLOW,OECD.ITF:DSD_TRENDS@DF_TRENDSSAFETY(1.0),,I,GBR,,A,,INJURED,,PS,,ROAD,,_T,,_T,,2003,,297274,,A,,0,,1,
DATAFLOW,OECD.ITF:DSD_TRENDS@DF_TRENDSSAFETY(1.0),,I,GBR,,A,,INJURED,,PS,,ROAD,,_T,,_T,,2004,,286979,,A,,0,,1,
DATAFLOW,OECD.ITF:DSD_TRENDS@DF_TRENDSSAFETY(1.0),,I,GBR,,A,,INJURED,,PS,,ROAD,,_T,,_T,,2005,,275840,,A,,0,,1,
DATAFLOW,OECD.ITF:DSD_TRENDS@DF_TRENDSSAFETY(1.0),,I,GBR,,A,,INJURED,,PS,,ROAD,,_T,,_T,,2006,,264288,,A,,0,,1,
DATAFLOW,OECD.ITF:DSD_TRENDS@DF_TRENDSSAFETY(1.0),,I,GBR,,A,,INJURED,,PS,,ROAD,,_T,,_T,,2007,,254157,,A,,0,,1,
DATAFLOW,OECD.ITF:DSD_TRENDS@DF_TRENDSSAFETY(1.0),,I,GBR,,A,,INJURED,,PS,,ROAD,,_T,,_T,,2008,,237811,,A,,0,,1,
DATAFLOW,OECD.ITF:DSD_TRENDS@DF_TRENDSSAFETY(1.0),,I,GBR,,A,,INJURED,,PS,,ROAD,,_T,,_T,,2009,,229576,,A,,0,,1,
DATAFLOW,OECD.ITF:DSD_TRENDS@DF_TRENDSSAFETY(1.0),,I,GBR,,A,,INJURED,,PS,,ROAD,,_T,,_T,,2010,,215700,,A,,0,,1,
DATAFLOW,OECD.ITF:DSD_TRENDS@DF_TRENDSSAFETY(1.0),,I,GBR,,A,,INJURED,,PS,,ROAD,,_T,,_T,,2011,,210750,,A,,0,,1,
DATAFLOW,OECD.ITF:DSD_TRENDS@DF_TRENDSSAFETY(1.0),,I,GBR,,A,,INJURED,,PS,,ROAD,,_T,,_T,,2012,,202931,,A,,0,,1,
DATAFLOW,OECD.ITF:DSD_TRENDS@DF_TRENDSSAFETY(1.0),,I,GBR,,A,,INJURED,,PS,,ROAD,,_T,,_T,,2013,,190923,,A,,0,,1,
DATAFLOW,OECD.ITF:DSD_TRENDS@DF_TRENDSSAFETY(1.0),,I,GBR,,A,,INJURED,,PS,,ROAD,,_T,,_T,,2014,,202011,,A,,0,,1,
DATAFLOW,OECD.ITF:DSD_TRENDS@DF_TRENDSSAFETY(1.0),,I,GBR,,A,,INJURED,,PS,,ROAD,,_T,,_T,,2015,,194122,,A,,0,,1,
DATAFLOW,OECD.ITF:DSD_TRENDS@DF_TRENDSSAFETY(1.0),,I,GBR,,A,,INJURED,,PS,,ROAD,,_T,,_T,,2016,,189115,,A,,0,,1,
DATAFLOW,OECD.ITF:DSD_TRENDS@DF_TRENDSSAFETY(1.0),,I,GBR,,A,,INJURED,,PS,,ROAD,,_T,,_T,,2017,,178321,,A,,0,,1,
DATAFLOW,OECD.ITF:DSD_TRENDS@DF_TRENDSSAFETY(1.0),,I,GBR,,A,,INJURED,,PS,,ROAD,,_T,,_T,,2018,,167478,,A,,0,,1,
DATAFLOW,OECD.ITF:DSD_TRENDS@DF_TRENDSSAFETY(1.0),,I,GBR,,A,,INJURED,,PS,,ROAD,,_T,,_T,,2019,,160222,,A,,0,,1,
DATAFLOW,OECD.ITF:DSD_TRENDS@DF_TRENDSSAFETY(1.0),,I,GBR,,A,,INJURED,,PS,,ROAD,,_T,,_T,,2020,,120555,,A,,0,,1,
DATAFLOW,OECD.ITF:DSD_TRENDS@DF_TRENDSSAFETY(1.0),,I,GBR,,A,,INJURED,,PS,,ROAD,,_T,,_T,,2021,,133793,,A,,0,,1,
DATAFLOW,OECD.ITF:DSD_TRENDS@DF_TRENDSSAFETY(1.0),,I,GBR,,A,,INJURED,,PS,,ROAD,,_T,,_T,,2022,,141560,,A,,0,,1,
DATAFLOW,OECD.ITF:DSD_TRENDS@DF_TRENDSSAFETY(1.0),,I,GBR,,A,,INJURED,,PS,,ROAD,,_T,,_T,,2023,,139267,,A,,0,,1,
DATAFLOW,OECD.ITF:DSD_TRENDS@DF_TRENDSSAFETY(1.0),,I,GBR,,A,,INJURED,,PS,,ROAD,,_T,,_T,,2024,,134095,,A,,0,,1,
DATAFLOW,OECD.ITF:DSD_TRENDS@DF_TRENDSSAFETY(1.0),,I,USA,,A,,INJURED,,PS,,ROAD,,_T,,_T,,1990,,3246271,,A,,0,,1,
DATAFLOW,OECD.ITF:DSD_TRENDS@DF_TRENDSSAFETY(1.0),,I,USA,,A,,INJURED,,PS,,ROAD,,_T,,_T,,1991,,3106984,,A,,0,,1,
DATAFLOW,OECD.ITF:DSD_TRENDS@DF_TRENDSSAFETY(1.0),,I,USA,,A,,INJURED,,PS,,ROAD,,_T,,_T,,1992,,3079446,,A,,0,,1,
DATAFLOW,OECD.ITF:DSD_TRENDS@DF_TRENDSSAFETY(1.0),,I,USA,,A,,INJURED,,PS,,ROAD,,_T,,_T,,1993,,3163411,,A,,0,,1,
DATAFLOW,OECD.ITF:DSD_TRENDS@DF_TRENDSSAFETY(1.0),,I,USA,,A,,INJURED,,PS,,ROAD,,_T,,_T,,1994,,3274962,,A,,0,,1,
DATAFLOW,OECD.ITF:DSD_TRENDS@DF_TRENDSSAFETY(1.0),,I,USA,,A,,INJURED,,PS,,ROAD,,_T,,_T,,1995,,3476261,,A,,0,,1,
DATAFLOW,OECD.ITF:DSD_TRENDS@DF_TRENDSSAFETY(1.0),,I,USA,,A,,INJURED,,PS,,ROAD,,_T,,_T,,1996,,3479974,,A,,0,,1,
DATAFLOW,OECD.ITF:DSD_TRENDS@DF_TRENDSSAFETY(1.0),,I,USA,,A,,INJURED,,PS,,ROAD,,_T,,_T,,1997,,3360383,,A,,0,,1,
DATAFLOW,OECD.ITF:DSD_TRENDS@DF_TRENDSSAFETY(1.0),,I,USA,,A,,INJURED,,PS,,ROAD,,_T,,_T,,1998,,3199472,,A,,0,,1,
DATAFLOW,OECD.ITF:DSD_TRENDS@DF_TRENDSSAFETY(1.0),,I,USA,,A,,INJURED,,PS,,ROAD,,_T,,_T,,1999,,3249784,,A,,0,,1,
DATAFLOW,OECD.ITF:DSD_TRENDS@DF_TRENDSSAFETY(1.0),,I,USA,,A,,INJURED,,PS,,ROAD,,_T,,_T,,2000,,3193759,,A,,0,,1,
DATAFLOW,OECD.ITF:DSD_TRENDS@DF_TRENDSSAFETY(1.0),,I,USA,,A,,INJURED,,PS,,ROAD,,_T,,_T,,2001,,3042284,,A,,0,,1,
DATAFLOW,OECD.ITF:DSD_TRENDS@DF_TRENDSSAFETY(1.0),,I,USA,,A,,INJURED,,PS,,ROAD,,_T,,_T,,2002,,2939143,,A,,0,,1,
DATAFLOW,OECD.ITF:DSD_TRENDS@DF_TRENDSSAFETY(1.0),,I,USA,,A,,INJURED,,PS,,ROAD,,_T,,_T,,2003,,2901753,,A,,0,,1,
DATAFLOW,OECD.ITF:DSD_TRENDS@DF_TRENDSSAFETY(1.0),,I,USA,,A,,INJURED,,PS,,ROAD,,_T,,_T,,2004,,2801646,,A,,0,,1,
DATAFLOW,OECD.ITF:DSD_TRENDS@DF_TRENDSSAFETY(1.0),,I,USA,,A,,INJURED,,PS,,ROAD,,_T,,_T,,2005,,2709099,,A,,0,,1,
DATAFLOW,OECD.ITF:DSD_TRENDS@DF_TRENDSSAFETY(1.0),,I,USA,,A,,INJURED,,PS,,ROAD,,_T,,_T,,2006,,2583068,,A,,0,,1,
DATAFLOW,OECD.ITF:DSD_TRENDS@DF_TRENDSSAFETY(1.0),,I,USA,,A,,INJURED,,PS,,ROAD,,_T,,_T,,2007,,2498785,,A,,0,,1,
DATAFLOW,OECD.ITF:DSD_TRENDS@DF_TRENDSSAFETY(1.0),,I,USA,,A,,INJURED,,PS,,ROAD,,_T,,_T,,2008,,2355972,,A,,0,,1,
DATAFLOW,OECD.ITF:DSD_TRENDS@DF_TRENDSSAFETY(1.0),,I,USA,,A,,INJURED,,PS,,ROAD,,_T,,_T,,2009,,2223537,,A,,0,,1,
DATAFLOW,OECD.ITF:DSD_TRENDS@DF_TRENDSSAFETY(1.0),,I,USA,,A,,INJURED,,PS,,ROAD,,_T,,_T,,2010,,2247988,,A,,0,,1,
DATAFLOW,OECD.ITF:DSD_TRENDS@DF_TRENDSSAFETY(1.0),,I,USA,,A,,INJURED,,PS,,ROAD,,_T,,_T,,2011,,2227209,,A,,0,,1,
DATAFLOW,OECD.ITF:DSD_TRENDS@DF_TRENDSSAFETY(1.0),,I,USA,,A,,INJURED,,PS,,ROAD,,_T,,_T,,2012,,2369083,,A,,0,,1,
DATAFLOW,OECD.ITF:DSD_TRENDS@DF_TRENDSSAFETY(1.0),,I,USA,,A,,INJURED,,PS,,ROAD,,_T,,_T,,2013,,2318992,,A,,0,,1,
DATAFLOW,OECD.ITF:DSD_TRENDS@DF_TRENDSSAFETY(1.0),,I,USA,,A,,INJURED,,PS,,ROAD,,_T,,_T,,2014,,2342621,,A,,0,,1,
DATAFLOW,OECD.ITF:DSD_TRENDS@DF_TRENDSSAFETY(1.0),,I,USA,,A,,INJURED,,PS,,ROAD,,_T,,_T,,2015,,2454778,,A,,0,,1,
DATAFLOW,OECD.ITF:DSD_TRENDS@DF_TRENDSSAFETY(1.0),,I,USA,,A,,INJURED,,PS,,ROAD,,_T,,_T,,2016,,3061885,,A,,0,,1,
DATAFLOW,OECD.ITF:DSD_TRENDS@DF_TRENDSSAFETY(1.0),,I,USA,,A,,INJURED,,PS,,ROAD,,_T,,_T,,2017,,2745268,,A,,0,,1,
DATAFLOW,OECD.ITF:DSD_TRENDS@DF_TRENDSSAFETY(1.0),,I,USA,,A,,INJURED,,PS,,ROAD,,_T,,_T,,2018,,2710059,,A,,0,,1,
DATAFLOW,OECD.ITF:DSD_TRENDS@DF_TRENDSSAFETY(1.0),,I,USA,,A,,INJURED,,PS,,ROAD,,_T,,_T,,2019,,2740141,,A,,0,,1,
DATAFLOW,OECD.ITF:DSD_TRENDS@DF_TRENDSSAFETY(1.0),,I,USA,,A,,INJURED,,PS,,ROAD,,_T,,_T,,2020,,2282209,,A,,0,,1,
DATAFLOW,OECD.ITF:DSD_TRENDS@DF_TRENDSSAFETY(1.0),,I,USA,,A,,INJURED,,PS,,ROAD,,_T,,_T,,2021,,2497657,,A,,0,,1,
DATAFLOW,OECD.ITF:DSD_TRENDS@DF_TRENDSSAFETY(1.0),,I,ALB,,A,,INJURED,,PS,,ROAD,,_T,,_T,,1994,,535,,A,,0,,1,
DATAFLOW,OECD.ITF:DSD_TRENDS@DF_TRENDSSAFETY(1.0),,I,ALB,,A,,INJURED,,PS,,ROAD,,_T,,_T,,1995,,333,,A,,0,,1,
DATAFLOW,OECD.ITF:DSD_TRENDS@DF_TRENDSSAFETY(1.0),,I,ALB,,A,,INJURED,,PS,,ROAD,,_T,,_T,,1996,,259,,A,,0,,1,
DATAFLOW,OECD.ITF:DSD_TRENDS@DF_TRENDSSAFETY(1.0),,I,ALB,,A,,INJURED,,PS,,ROAD,,_T,,_T,,1997,,319,,A,,0,,1,
DATAFLOW,OECD.ITF:DSD_TRENDS@DF_TRENDSSAFETY(1.0),,I,ALB,,A,,INJURED,,PS,,ROAD,,_T,,_T,,1998,,339,,A,,0,,1,
DATAFLOW,OECD.ITF:DSD_TRENDS@DF_TRENDSSAFETY(1.0),,I,ALB,,A,,INJURED,,PS,,ROAD,,_T,,_T,,1999,,383,,A,,0,,1,
DATAFLOW,OECD.ITF:DSD_TRENDS@DF_TRENDSSAFETY(1.0),,I,ALB,,A,,INJURED,,PS,,ROAD,,_T,,_T,,2000,,340,,A,,0,,1,
DATAFLOW,OECD.ITF:DSD_TRENDS@DF_TRENDSSAFETY(1.0),,I,ALB,,A,,INJURED,,PS,,ROAD,,_T,,_T,,2001,,250,,A,,0,,1,
DATAFLOW,OECD.ITF:DSD_TRENDS@DF_TRENDSSAFETY(1.0),,I,ALB,,A,,INJURED,,PS,,ROAD,,_T,,_T,,2002,,228,,A,,0,,1,
DATAFLOW,OECD.ITF:DSD_TRENDS@DF_TRENDSSAFETY(1.0),,I,ALB,,A,,INJURED,,PS,,ROAD,,_T,,_T,,2003,,250,,A,,0,,1,
DATAFLOW,OECD.ITF:DSD_TRENDS@DF_TRENDSSAFETY(1.0),,I,ALB,,A,,INJURED,,PS,,ROAD,,_T,,_T,,2004,,795,,A,,0,,1,
DATAFLOW,OECD.ITF:DSD_TRENDS@DF_TRENDSSAFETY(1.0),,I,ALB,,A,,INJURED,,PS,,ROAD,,_T,,_T,,2005,,872,,A,,0,,1,
DATAFLOW,OECD.ITF:DSD_TRENDS@DF_TRENDSSAFETY(1.0),,I,ALB,,A,,INJURED,,PS,,ROAD,,_T,,_T,,2006,,1065,,A,,0,,1,
DATAFLOW,OECD.ITF:DSD_TRENDS@DF_TRENDSSAFETY(1.0),,I,ALB,,A,,INJURED,,PS,,ROAD,,_T,,_T,,2007,,1344,,A,,0,,1,
DATAFLOW,OECD.ITF:DSD_TRENDS@DF_TRENDSSAFETY(1.0),,I,ALB,,A,,INJURED,,PS,,ROAD,,_T,,_T,,2008,,1251,,A,,0,,1,
DATAFLOW,OECD.ITF:DSD_TRENDS@DF_TRENDSSAFETY(1.0),,I,ALB,,A,,INJURED,,PS,,ROAD,,_T,,_T,,2009,,1455,,A,,0,,1,
DATAFLOW,OECD.ITF:DSD_TRENDS@DF_TRENDSSAFETY(1.0),,I,ALB,,A,,INJURED,,PS,,ROAD,,_T,,_T,,2010,,1716,,A,,0,,1,
DATAFLOW,OECD.ITF:DSD_TRENDS@DF_TRENDSSAFETY(1.0),,I,ALB,,A,,INJURED,,PS,,ROAD,,_T,,_T,,2011,,2150,,A,,0,,1,
DATAFLOW,OECD.ITF:DSD_TRENDS@DF_TRENDSSAFETY(1.0),,I,ALB,,A,,INJURED,,PS,,ROAD,,_T,,_T,,2012,,2235,,A,,0,,1,
DATAFLOW,OECD.ITF:DSD_TRENDS@DF_TRENDSSAFETY(1.0),,I,ALB,,A,,INJURED,,PS,,ROAD,,_T,,_T,,2013,,2503,,A,,0,,1,
DATAFLOW,OECD.ITF:DSD_TRENDS@DF_TRENDSSAFETY(1.0),,I,ALB,,A,,INJURED,,PS,,ROAD,,_T,,_T,,2014,,2353,,A,,0,,1,
DATAFLOW,OECD.ITF:DSD_TRENDS@DF_TRENDSSAFETY(1.0),,I,ALB,,A,,INJURED,,PS,,ROAD,,_T,,_T,,2015,,2422,,A,,0,,1,
DATAFLOW,OECD.ITF:DSD_TRENDS@DF_TRENDSSAFETY(1.0),,I,ALB,,A,,INJURED,,PS,,ROAD,,_T,,_T,,2016,,2510,,A,,0,,1,
DATAFLOW,OECD.ITF:DSD_TRENDS@DF_TRENDSSAFETY(1.0),,I,ALB,,A,,INJURED,,PS,,ROAD,,_T,,_T,,2017,,2389,,A,,0,,1,
DATAFLOW,OECD.ITF:DSD_TRENDS@DF_TRENDSSAFETY(1.0),,I,ALB,,A,,INJURED,,PS,,ROAD,,_T,,_T,,2018,,2078,,A,,0,,1,
DATAFLOW,OECD.ITF:DSD_TRENDS@DF_TRENDSSAFETY(1.0),,I,ALB,,A,,INJURED,,PS,,ROAD,,_T,,_T,,2019,,1817,,A,,0,,1,
DATAFLOW,OECD.ITF:DSD_TRENDS@DF_TRENDSSAFETY(1.0),,I,ALB,,A,,INJURED,,PS,,ROAD,,_T,,_T,,2020,,1417,,A,,0,,1,
DATAFLOW,OECD.ITF:DSD_TRENDS@DF_TRENDSSAFETY(1.0),,I,ALB,,A,,INJURED,,PS,,ROAD,,_T,,_T,,2021,,1663,,A,,0,,1,
DATAFLOW,OECD.ITF:DSD_TRENDS@DF_TRENDSSAFETY(1.0),,I,ALB,,A,,INJURED,,PS,,ROAD,,_T,,_T,,2022,,1435,,A,,0,,1,
DATAFLOW,OECD.ITF:DSD_TRENDS@DF_TRENDSSAFETY(1.0),,I,ALB,,A,,INJURED,,PS,,ROAD,,_T,,_T,,2023,,1539,,A,,0,,1,
DATAFLOW,OECD.ITF:DSD_TRENDS@DF_TRENDSSAFETY(1.0),,I,ALB,,A,,INJURED,,PS,,ROAD,,_T,,_T,,2024,,2080,,A,,0,,1,
DATAFLOW,OECD.ITF:DSD_TRENDS@DF_TRENDSSAFETY(1.0),,I,ARG,,A,,INJURED,,PS,,ROAD,,_T,,_T,,2009,,90446,,A,,0,,1,
DATAFLOW,OECD.ITF:DSD_TRENDS@DF_TRENDSSAFETY(1.0),,I,ARG,,A,,INJURED,,PS,,ROAD,,_T,,_T,,2010,,91416,,A,,0,,1,
DATAFLOW,OECD.ITF:DSD_TRENDS@DF_TRENDSSAFETY(1.0),,I,ARG,,A,,INJURED,,PS,,ROAD,,_T,,_T,,2011,,93036,,A,,0,,1,
DATAFLOW,OECD.ITF:DSD_TRENDS@DF_TRENDSSAFETY(1.0),,I,ARG,,A,,INJURED,,PS,,ROAD,,_T,,_T,,2012,,116988,,A,,0,,1,
DATAFLOW,OECD.ITF:DSD_TRENDS@DF_TRENDSSAFETY(1.0),,I,ARG,,A,,INJURED,,PS,,ROAD,,_T,,_T,,2013,,113716,,A,,0,,1,
DATAFLOW,OECD.ITF:DSD_TRENDS@DF_TRENDSSAFETY(1.0),,I,ARG,,A,,INJURED,,PS,,ROAD,,_T,,_T,,2014,,80705,,A,,0,,1,
DATAFLOW,OECD.ITF:DSD_TRENDS@DF_TRENDSSAFETY(1.0),,I,ARM,,A,,INJURED,,PS,,ROAD,,_T,,_T,,1997,,1448,,A,,0,,1,
DATAFLOW,OECD.ITF:DSD_TRENDS@DF_TRENDSSAFETY(1.0),,I,ARM,,A,,INJURED,,PS,,ROAD,,_T,,_T,,1998,,1293,,A,,0,,1,
DATAFLOW,OECD.ITF:DSD_TRENDS@DF_TRENDSSAFETY(1.0),,I,ARM,,A,,INJURED,,PS,,ROAD,,_T,,_T,,1999,,1272,,A,,0,,1,
DATAFLOW,OECD.ITF:DSD_TRENDS@DF_TRENDSSAFETY(1.0),,I,ARM,,A,,INJURED,,PS,,ROAD,,_T,,_T,,2000,,1163,,A,,0,,1,
DATAFLOW,OECD.ITF:DSD_TRENDS@DF_TRENDSSAFETY(1.0),,I,ARM,,A,,INJURED,,PS,,ROAD,,_T,,_T,,2001,,1258,,A,,0,,1,
DATAFLOW,OECD.ITF:DSD_TRENDS@DF_TRENDSSAFETY(1.0),,I,ARM,,A,,INJURED,,PS,,ROAD,,_T,,_T,,2002,,1213,,A,,0,,1,
DATAFLOW,OECD.ITF:DSD_TRENDS@DF_TRENDSSAFETY(1.0),,I,ARM,,A,,INJURED,,PS,,ROAD,,_T,,_T,,2003,,1294,,A,,0,,1,
DATAFLOW,OECD.ITF:DSD_TRENDS@DF_TRENDSSAFETY(1.0),,I,ARM,,A,,INJURED,,PS,,ROAD,,_T,,_T,,2004,,1492,,A,,0,,1,
DATAFLOW,OECD.ITF:DSD_TRENDS@DF_TRENDSSAFETY(1.0),,I,ARM,,A,,INJURED,,PS,,ROAD,,_T,,_T,,2005,,1774,,A,,0,,1,
DATAFLOW,OECD.ITF:DSD_TRENDS@DF_TRENDSSAFETY(1.0),,I,ARM,,A,,INJURED,,PS,,ROAD,,_T,,_T,,2006,,2089,,A,,0,,1,
DATAFLOW,OECD.ITF:DSD_TRENDS@DF_TRENDSSAFETY(1.0),,I,ARM,,A,,INJURED,,PS,,ROAD,,_T,,_T,,2007,,2720,,A,,0,,1,
DATAFLOW,OECD.ITF:DSD_TRENDS@DF_TRENDSSAFETY(1.0),,I,ARM,,A,,INJURED,,PS,,ROAD,,_T,,_T,,2008,,3125,,A,,0,,1,
DATAFLOW,OECD.ITF:DSD_TRENDS@DF_TRENDSSAFETY(1.0),,I,ARM,,A,,INJURED,,PS,,ROAD,,_T,,_T,,2009,,2753,,A,,0,,1,
DATAFLOW,OECD.ITF:DSD_TRENDS@DF_TRENDSSAFETY(1.0),,I,ARM,,A,,INJURED,,PS,,ROAD,,_T,,_T,,2010,,2670,,A,,0,,1,
DATAFLOW,OECD.ITF:DSD_TRENDS@DF_TRENDSSAFETY(1.0),,I,ARM,,A,,INJURED,,PS,,ROAD,,_T,,_T,,2011,,3354,,A,,0,,1,
DATAFLOW,OECD.ITF:DSD_TRENDS@DF_TRENDSSAFETY(1.0),,I,ARM,,A,,INJURED,,PS,,ROAD,,_T,,_T,,2012,,3739,,A,,0,,1,
DATAFLOW,OECD.ITF:DSD_TRENDS@DF_TRENDSSAFETY(1.0),,I,ARM,,A,,INJURED,,PS,,ROAD,,_T,,_T,,2013,,3994,,A,,0,,1,
DATAFLOW,OECD.ITF:DSD_TRENDS@DF_TRENDSSAFETY(1.0),,I,ARM,,A,,INJURED,,PS,,ROAD,,_T,,_T,,2014,,4479,,A,,0,,1,
DATAFLOW,OECD.ITF:DSD_TRENDS@DF_TRENDSSAFETY(1.0),,I,ARM,,A,,INJURED,,PS,,ROAD,,_T,,_T,,2015,,4738,,A,,0,,1,
DATAFLOW,OECD.ITF:DSD_TRENDS@DF_TRENDSSAFETY(1.0),,I,ARM,,A,,INJURED,,PS,,ROAD,,_T,,_T,,2016,,4451,,A,,0,,1,
DATAFLOW,OECD.ITF:DSD_TRENDS@DF_TRENDSSAFETY(1.0),,I,ARM,,A,,INJURED,,PS,,ROAD,,_T,,_T,,2017,,5179,,A,,0,,1,
DATAFLOW,OECD.ITF:DSD_TRENDS@DF_TRENDSSAFETY(1.0),,I,ARM,,A,,INJURED,,PS,,ROAD,,_T,,_T,,2018,,5950,,A,,0,,1,
DATAFLOW,OECD.ITF:DSD_TRENDS@DF_TRENDSSAFETY(1.0),,I,ARM,,A,,INJURED,,PS,,ROAD,,_T,,_T,,2019,,6801,,A,,0,,1,
DATAFLOW,OECD.ITF:DSD_TRENDS@DF_TRENDSSAFETY(1.0),,I,ARM,,A,,INJURED,,PS,,ROAD,,_T,,_T,,2020,,5846,,A,,0,,1,
DATAFLOW,OECD.ITF:DSD_TRENDS@DF_TRENDSSAFETY(1.0),,I,ARM,,A,,INJURED,,PS,,ROAD,,_T,,_T,,2021,,6699,,A,,0,,1,
DATAFLOW,OECD.ITF:DSD_TRENDS@DF_TRENDSSAFETY(1.0),,I,ARM,,A,,INJURED,,PS,,ROAD,,_T,,_T,,2022,,6153,,A,,0,,1,
DATAFLOW,OECD.ITF:DSD_TRENDS@DF_TRENDSSAFETY(1.0),,I,ARM,,A,,INJURED,,PS,,ROAD,,_T,,_T,,2023,,6536,,A,,0,,1,
DATAFLOW,OECD.ITF:DSD_TRENDS@DF_TRENDSSAFETY(1.0),,I,AZE,,A,,INJURED,,PS,,ROAD,,_T,,_T,,1991,,3702,,A,,0,,1,
DATAFLOW,OECD.ITF:DSD_TRENDS@DF_TRENDSSAFETY(1.0),,I,AZE,,A,,INJURED,,PS,,ROAD,,_T,,_T,,1992,,3432,,A,,0,,1,
DATAFLOW,OECD.ITF:DSD_TRENDS@DF_TRENDSSAFETY(1.0),,I,AZE,,A,,INJURED,,PS,,ROAD,,_T,,_T,,1993,,3224,,A,,0,,1,
DATAFLOW,OECD.ITF:DSD_TRENDS@DF_TRENDSSAFETY(1.0),,I,AZE,,A,,INJURED,,PS,,ROAD,,_T,,_T,,1994,,3292,,A,,0,,1,
DATAFLOW,OECD.ITF:DSD_TRENDS@DF_TRENDSSAFETY(1.0),,I,AZE,,A,,INJURED,,PS,,ROAD,,_T,,_T,,1995,,2786,,A,,0,,1,
DATAFLOW,OECD.ITF:DSD_TRENDS@DF_TRENDSSAFETY(1.0),,I,AZE,,A,,INJURED,,PS,,ROAD,,_T,,_T,,1996,,2420,,A,,0,,1,
DATAFLOW,OECD.ITF:DSD_TRENDS@DF_TRENDSSAFETY(1.0),,I,AZE,,A,,INJURED,,PS,,ROAD,,_T,,_T,,1997,,2283,,A,,0,,1,
DATAFLOW,OECD.ITF:DSD_TRENDS@DF_TRENDSSAFETY(1.0),,I,AZE,,A,,INJURED,,PS,,ROAD,,_T,,_T,,1998,,2290,,A,,0,,1,
DATAFLOW,OECD.ITF:DSD_TRENDS@DF_TRENDSSAFETY(1.0),,I,AZE,,A,,INJURED,,PS,,ROAD,,_T,,_T,,1999,,2316,,A,,0,,1,
DATAFLOW,OECD.ITF:DSD_TRENDS@DF_TRENDSSAFETY(1.0),,I,AZE,,A,,INJURED,,PS,,ROAD,,_T,,_T,,2000,,1603,,A,,0,,1,
DATAFLOW,OECD.ITF:DSD_TRENDS@DF_TRENDSSAFETY(1.0),,I,AZE,,A,,INJURED,,PS,,ROAD,,_T,,_T,,2001,,2228,,A,,0,,1,
DATAFLOW,OECD.ITF:DSD_TRENDS@DF_TRENDSSAFETY(1.0),,I,AZE,,A,,INJURED,,PS,,ROAD,,_T,,_T,,2002,,2486,,A,,0,,1,
DATAFLOW,OECD.ITF:DSD_TRENDS@DF_TRENDSSAFETY(1.0),,I,AZE,,A,,INJURED,,PS,,ROAD,,_T,,_T,,2003,,2691,,A,,0,,1,
DATAFLOW,OECD.ITF:DSD_TRENDS@DF_TRENDSSAFETY(1.0),,I,AZE,,A,,INJURED,,PS,,ROAD,,_T,,_T,,2004,,2766,,A,,0,,1,
DATAFLOW,OECD.ITF:DSD_TRENDS@DF_TRENDSSAFETY(1.0),,I,AZE,,A,,INJURED,,PS,,ROAD,,_T,,_T,,2005,,3668,,A,,0,,1,
DATAFLOW,OECD.ITF:DSD_TRENDS@DF_TRENDSSAFETY(1.0),,I,AZE,,A,,INJURED,,PS,,ROAD,,_T,,_T,,2006,,3606,,A,,0,,1,
DATAFLOW,OECD.ITF:DSD_TRENDS@DF_TRENDSSAFETY(1.0),,I,AZE,,A,,INJURED,,PS,,ROAD,,_T,,_T,,2007,,3432,,A,,0,,1,
DATAFLOW,OECD.ITF:DSD_TRENDS@DF_TRENDSSAFETY(1.0),,I,AZE,,A,,INJURED,,PS,,ROAD,,_T,,_T,,2008,,3232,,A,,0,,1,
DATAFLOW,OECD.ITF:DSD_TRENDS@DF_TRENDSSAFETY(1.0),,I,AZE,,A,,INJURED,,PS,,ROAD,,_T,,_T,,2009,,3044,,A,,0,,1,
DATAFLOW,OECD.ITF:DSD_TRENDS@DF_TRENDSSAFETY(1.0),,I,AZE,,A,,INJURED,,PS,,ROAD,,_T,,_T,,2010,,2871,,A,,0,,1,
DATAFLOW,OECD.ITF:DSD_TRENDS@DF_TRENDSSAFETY(1.0),,I,AZE,,A,,INJURED,,PS,,ROAD,,_T,,_T,,2011,,3031,,A,,0,,1,
DATAFLOW,OECD.ITF:DSD_TRENDS@DF_TRENDSSAFETY(1.0),,I,AZE,,A,,INJURED,,PS,,ROAD,,_T,,_T,,2012,,2997,,A,,0,,1,
DATAFLOW,OECD.ITF:DSD_TRENDS@DF_TRENDSSAFETY(1.0),,I,AZE,,A,,INJURED,,PS,,ROAD,,_T,,_T,,2013,,2948,,A,,0,,1,
DATAFLOW,OECD.ITF:DSD_TRENDS@DF_TRENDSSAFETY(1.0),,I,AZE,,A,,INJURED,,PS,,ROAD,,_T,,_T,,2014,,2676,,A,,0,,1,
DATAFLOW,OECD.ITF:DSD_TRENDS@DF_TRENDSSAFETY(1.0),,I,AZE,,A,,INJURED,,PS,,ROAD,,_T,,_T,,2015,,2265,,A,,0,,1,
DATAFLOW,OECD.ITF:DSD_TRENDS@DF_TRENDSSAFETY(1.0),,I,AZE,,A,,INJURED,,PS,,ROAD,,_T,,_T,,2016,,2003,,A,,0,,1,
DATAFLOW,OECD.ITF:DSD_TRENDS@DF_TRENDSSAFETY(1.0),,I,AZE,,A,,INJURED,,PS,,ROAD,,_T,,_T,,2017,,1719,,A,,0,,1,
DATAFLOW,OECD.ITF:DSD_TRENDS@DF_TRENDSSAFETY(1.0),,I,AZE,,A,,INJURED,,PS,,ROAD,,_T,,_T,,2018,,1711,,A,,0,,1,
DATAFLOW,OECD.ITF:DSD_TRENDS@DF_TRENDSSAFETY(1.0),,I,AZE,,A,,INJURED,,PS,,ROAD,,_T,,_T,,2019,,1702,,A,,0,,1,
DATAFLOW,OECD.ITF:DSD_TRENDS@DF_TRENDSSAFETY(1.0),,I,AZE,,A,,INJURED,,PS,,ROAD,,_T,,_T,,2020,,1410,,A,,0,,1,
DATAFLOW,OECD.ITF:DSD_TRENDS@DF_TRENDSSAFETY(1.0),,I,AZE,,A,,INJURED,,PS,,ROAD,,_T,,_T,,2021,,1452,,A,,0,,1,
DATAFLOW,OECD.ITF:DSD_TRENDS@DF_TRENDSSAFETY(1.0),,I,AZE,,A,,INJURED,,PS,,ROAD,,_T,,_T,,2022,,1456,,A,,0,,1,
DATAFLOW,OECD.ITF:DSD_TRENDS@DF_TRENDSSAFETY(1.0),,I,AZE,,A,,INJURED,,PS,,ROAD,,_T,,_T,,2023,,1367,,A,,0,,1,
DATAFLOW,OECD.ITF:DSD_TRENDS@DF_TRENDSSAFETY(1.0),,I,AZE,,A,,INJURED,,PS,,ROAD,,_T,,_T,,2024,,1188,,A,,0,,1,
DATAFLOW,OECD.ITF:DSD_TRENDS@DF_TRENDSSAFETY(1.0),,I,BIH,,A,,INJURED,,PS,,ROAD,,_T,,_T,,1989,,4460,,A,,0,,1,
DATAFLOW,OECD.ITF:DSD_TRENDS@DF_TRENDSSAFETY(1.0),,I,BIH,,A,,INJURED,,PS,,ROAD,,_T,,_T,,1994,,1095,,A,,0,,1,
DATAFLOW,OECD.ITF:DSD_TRENDS@DF_TRENDSSAFETY(1.0),,I,BIH,,A,,INJURED,,PS,,ROAD,,_T,,_T,,1995,,2468,,A,,0,,1,
DATAFLOW,OECD.ITF:DSD_TRENDS@DF_TRENDSSAFETY(1.0),,I,BIH,,A,,INJURED,,PS,,ROAD,,_T,,_T,,1996,,2288,,A,,0,,1,
DATAFLOW,OECD.ITF:DSD_TRENDS@DF_TRENDSSAFETY(1.0),,I,BIH,,A,,INJURED,,PS,,ROAD,,_T,,_T,,1997,,4314,,A,,0,,1,
DATAFLOW,OECD.ITF:DSD_TRENDS@DF_TRENDSSAFETY(1.0),,I,BIH,,A,,INJURED,,PS,,ROAD,,_T,,_T,,2006,,9994,,A,,0,,1,
DATAFLOW,OECD.ITF:DSD_TRENDS@DF_TRENDSSAFETY(1.0),,I,BIH,,A,,INJURED,,PS,,ROAD,,_T,,_T,,2007,,11890,,A,,0,,1,
DATAFLOW,OECD.ITF:DSD_TRENDS@DF_TRENDSSAFETY(1.0),,I,BIH,,A,,INJURED,,PS,,ROAD,,_T,,_T,,2008,,11884,,A,,0,,1,
DATAFLOW,OECD.ITF:DSD_TRENDS@DF_TRENDSSAFETY(1.0),,I,BIH,,A,,INJURED,,PS,,ROAD,,_T,,_T,,2009,,11052,,A,,0,,1,
DATAFLOW,OECD.ITF:DSD_TRENDS@DF_TRENDSSAFETY(1.0),,I,BIH,,A,,INJURED,,PS,,ROAD,,_T,,_T,,2010,,9926,,A,,0,,1,
DATAFLOW,OECD.ITF:DSD_TRENDS@DF_TRENDSSAFETY(1.0),,I,BIH,,A,,INJURED,,PS,,ROAD,,_T,,_T,,2011,,9913,,A,,0,,1,
DATAFLOW,OECD.ITF:DSD_TRENDS@DF_TRENDSSAFETY(1.0),,I,BIH,,A,,INJURED,,PS,,ROAD,,_T,,_T,,2012,,8995,,A,,0,,1,
DATAFLOW,OECD.ITF:DSD_TRENDS@DF_TRENDSSAFETY(1.0),,I,BIH,,A,,INJURED,,PS,,ROAD,,_T,,_T,,2013,,9573,,A,,0,,1,
DATAFLOW,OECD.ITF:DSD_TRENDS@DF_TRENDSSAFETY(1.0),,I,BIH,,A,,INJURED,,PS,,ROAD,,_T,,_T,,2014,,9924,,A,,0,,1,
DATAFLOW,OECD.ITF:DSD_TRENDS@DF_TRENDSSAFETY(1.0),,I,BIH,,A,,INJURED,,PS,,ROAD,,_T,,_T,,2015,,10661,,A,,0,,1,
DATAFLOW,OECD.ITF:DSD_TRENDS@DF_TRENDSSAFETY(1.0),,I,BIH,,A,,INJURED,,PS,,ROAD,,_T,,_T,,2016,,11058,,A,,0,,1,
DATAFLOW,OECD.ITF:DSD_TRENDS@DF_TRENDSSAFETY(1.0),,I,BIH,,A,,INJURED,,PS,,ROAD,,_T,,_T,,2017,,10012,,A,,0,,1,
DATAFLOW,OECD.ITF:DSD_TRENDS@DF_TRENDSSAFETY(1.0),,I,BIH,,A,,INJURED,,PS,,ROAD,,_T,,_T,,2018,,10387,,A,,0,,1,
DATAFLOW,OECD.ITF:DSD_TRENDS@DF_TRENDSSAFETY(1.0),,I,BIH,,A,,INJURED,,PS,,ROAD,,_T,,_T,,2019,,9957,,A,,0,,1,
DATAFLOW,OECD.ITF:DSD_TRENDS@DF_TRENDSSAFETY(1.0),,I,BIH,,A,,INJURED,,PS,,ROAD,,_T,,_T,,2020,,8577,,A,,0,,1,
DATAFLOW,OECD.ITF:DSD_TRENDS@DF_TRENDSSAFETY(1.0),,I,BIH,,A,,INJURED,,PS,,ROAD,,_T,,_T,,2021,,9947,,A,,0,,1,
DATAFLOW,OECD.ITF:DSD_TRENDS@DF_TRENDSSAFETY(1.0),,I,BIH,,A,,INJURED,,PS,,ROAD,,_T,,_T,,2022,,10308,,A,,0,,1,
DATAFLOW,OECD.ITF:DSD_TRENDS@DF_TRENDSSAFETY(1.0),,I,BIH,,A,,INJURED,,PS,,ROAD,,_T,,_T,,2023,,10919,,A,,0,,1,
DATAFLOW,OECD.ITF:DSD_TRENDS@DF_TRENDSSAFETY(1.0),,I,BIH,,A,,INJURED,,PS,,ROAD,,_T,,_T,,2024,,11099,,A,,0,,1,
DATAFLOW,OECD.ITF:DSD_TRENDS@DF_TRENDSSAFETY(1.0),,I,BGR,,A,,INJURED,,PS,,ROAD,,_T,,_T,,1976,,5787,,A,,0,,1,
DATAFLOW,OECD.ITF:DSD_TRENDS@DF_TRENDSSAFETY(1.0),,I,BGR,,A,,INJURED,,PS,,ROAD,,_T,,_T,,1977,,5514,,A,,0,,1,
DATAFLOW,OECD.ITF:DSD_TRENDS@DF_TRENDSSAFETY(1.0),,I,BGR,,A,,INJURED,,PS,,ROAD,,_T,,_T,,1978,,5765,,A,,0,,1,
DATAFLOW,OECD.ITF:DSD_TRENDS@DF_TRENDSSAFETY(1.0),,I,BGR,,A,,INJURED,,PS,,ROAD,,_T,,_T,,1979,,5331,,A,,0,,1,
DATAFLOW,OECD.ITF:DSD_TRENDS@DF_TRENDSSAFETY(1.0),,I,BGR,,A,,INJURED,,PS,,ROAD,,_T,,_T,,1980,,6055,,A,,0,,1,
DATAFLOW,OECD.ITF:DSD_TRENDS@DF_TRENDSSAFETY(1.0),,I,BGR,,A,,INJURED,,PS,,ROAD,,_T,,_T,,1981,,5600,,A,,0,,1,
DATAFLOW,OECD.ITF:DSD_TRENDS@DF_TRENDSSAFETY(1.0),,I,BGR,,A,,INJURED,,PS,,ROAD,,_T,,_T,,1982,,5466,,A,,0,,1,
DATAFLOW,OECD.ITF:DSD_TRENDS@DF_TRENDSSAFETY(1.0),,I,BGR,,A,,INJURED,,PS,,ROAD,,_T,,_T,,1983,,4784,,A,,0,,1,
DATAFLOW,OECD.ITF:DSD_TRENDS@DF_TRENDSSAFETY(1.0),,I,BGR,,A,,INJURED,,PS,,ROAD,,_T,,_T,,1984,,5432,,A,,0,,1,
DATAFLOW,OECD.ITF:DSD_TRENDS@DF_TRENDSSAFETY(1.0),,I,BGR,,A,,INJURED,,PS,,ROAD,,_T,,_T,,1985,,5255,,A,,0,,1,
DATAFLOW,OECD.ITF:DSD_TRENDS@DF_TRENDSSAFETY(1.0),,I,BGR,,A,,INJURED,,PS,,ROAD,,_T,,_T,,1986,,4991,,A,,0,,1,
DATAFLOW,OECD.ITF:DSD_TRENDS@DF_TRENDSSAFETY(1.0),,I,BGR,,A,,INJURED,,PS,,ROAD,,_T,,_T,,1987,,6259,,A,,0,,1,
DATAFLOW,OECD.ITF:DSD_TRENDS@DF_TRENDSSAFETY(1.0),,I,BGR,,A,,INJURED,,PS,,ROAD,,_T,,_T,,1988,,6292,,A,,0,,1,
DATAFLOW,OECD.ITF:DSD_TRENDS@DF_TRENDSSAFETY(1.0),,I,BGR,,A,,INJURED,,PS,,ROAD,,_T,,_T,,1989,,6779,,A,,0,,1,
DATAFLOW,OECD.ITF:DSD_TRENDS@DF_TRENDSSAFETY(1.0),,I,BGR,,A,,INJURED,,PS,,ROAD,,_T,,_T,,1990,,6822,,A,,0,,1,
DATAFLOW,OECD.ITF:DSD_TRENDS@DF_TRENDSSAFETY(1.0),,I,BGR,,A,,INJURED,,PS,,ROAD,,_T,,_T,,1991,,5168,,A,,0,,1,
DATAFLOW,OECD.ITF:DSD_TRENDS@DF_TRENDSSAFETY(1.0),,I,BGR,,A,,INJURED,,PS,,ROAD,,_T,,_T,,1992,,8254,,A,,0,,1,
DATAFLOW,OECD.ITF:DSD_TRENDS@DF_TRENDSSAFETY(1.0),,I,BGR,,A,,INJURED,,PS,,ROAD,,_T,,_T,,1993,,8548,,A,,0,,1,
DATAFLOW,OECD.ITF:DSD_TRENDS@DF_TRENDSSAFETY(1.0),,I,BGR,,A,,INJURED,,PS,,ROAD,,_T,,_T,,1994,,8441,,A,,0,,1,
DATAFLOW,OECD.ITF:DSD_TRENDS@DF_TRENDSSAFETY(1.0),,I,BGR,,A,,INJURED,,PS,,ROAD,,_T,,_T,,1995,,8717,,A,,0,,1,
DATAFLOW,OECD.ITF:DSD_TRENDS@DF_TRENDSSAFETY(1.0),,I,BGR,,A,,INJURED,,PS,,ROAD,,_T,,_T,,1996,,7325,,A,,0,,1,
DATAFLOW,OECD.ITF:DSD_TRENDS@DF_TRENDSSAFETY(1.0),,I,BGR,,A,,INJURED,,PS,,ROAD,,_T,,_T,,1997,,7007,,A,,0,,1,
DATAFLOW,OECD.ITF:DSD_TRENDS@DF_TRENDSSAFETY(1.0),,I,BGR,,A,,INJURED,,PS,,ROAD,,_T,,_T,,1998,,7980,,A,,0,,1,
DATAFLOW,OECD.ITF:DSD_TRENDS@DF_TRENDSSAFETY(1.0),,I,BGR,,A,,INJURED,,PS,,ROAD,,_T,,_T,,1999,,9098,,A,,0,,1,
DATAFLOW,OECD.ITF:DSD_TRENDS@DF_TRENDSSAFETY(1.0),,I,BGR,,A,,INJURED,,PS,,ROAD,,_T,,_T,,2000,,8030,,A,,0,,1,
DATAFLOW,OECD.ITF:DSD_TRENDS@DF_TRENDSSAFETY(1.0),,I,BGR,,A,,INJURED,,PS,,ROAD,,_T,,_T,,2001,,7984,,A,,0,,1,
DATAFLOW,OECD.ITF:DSD_TRENDS@DF_TRENDSSAFETY(1.0),,I,BGR,,A,,INJURED,,PS,,ROAD,,_T,,_T,,2002,,8100,,A,,0,,1,
DATAFLOW,OECD.ITF:DSD_TRENDS@DF_TRENDSSAFETY(1.0),,I,BGR,,A,,INJURED,,PS,,ROAD,,_T,,_T,,2003,,8488,,A,,0,,1,
DATAFLOW,OECD.ITF:DSD_TRENDS@DF_TRENDSSAFETY(1.0),,I,BGR,,A,,INJURED,,PS,,ROAD,,_T,,_T,,2004,,9308,,A,,0,,1,
DATAFLOW,OECD.ITF:DSD_TRENDS@DF_TRENDSSAFETY(1.0),,I,BGR,,A,,INJURED,,PS,,ROAD,,_T,,_T,,2005,,10112,,A,,0,,1,
DATAFLOW,OECD.ITF:DSD_TRENDS@DF_TRENDSSAFETY(1.0),,I,BGR,,A,,INJURED,,PS,,ROAD,,_T,,_T,,2006,,10215,,A,,0,,1,
DATAFLOW,OECD.ITF:DSD_TRENDS@DF_TRENDSSAFETY(1.0),,I,BGR,,A,,INJURED,,PS,,ROAD,,_T,,_T,,2007,,9827,,A,,0,,1,
DATAFLOW,OECD.ITF:DSD_TRENDS@DF_TRENDSSAFETY(1.0),,I,BGR,,A,,INJURED,,PS,,ROAD,,_T,,_T,,2008,,9952,,A,,0,,1,
DATAFLOW,OECD.ITF:DSD_TRENDS@DF_TRENDSSAFETY(1.0),,I,BGR,,A,,INJURED,,PS,,ROAD,,_T,,_T,,2009,,8674,,A,,0,,1,
DATAFLOW,OECD.ITF:DSD_TRENDS@DF_TRENDSSAFETY(1.0),,I,BGR,,A,,INJURED,,PS,,ROAD,,_T,,_T,,2010,,8078,,A,,0,,1,
DATAFLOW,OECD.ITF:DSD_TRENDS@DF_TRENDSSAFETY(1.0),,I,BGR,,A,,INJURED,,PS,,ROAD,,_T,,_T,,2011,,8301,,A,,0,,1,
DATAFLOW,OECD.ITF:DSD_TRENDS@DF_TRENDSSAFETY(1.0),,I,BGR,,A,,INJURED,,PS,,ROAD,,_T,,_T,,2012,,8193,,A,,0,,1,
DATAFLOW,OECD.ITF:DSD_TRENDS@DF_TRENDSSAFETY(1.0),,I,BGR,,A,,INJURED,,PS,,ROAD,,_T,,_T,,2013,,8775,,A,,0,,1,
DATAFLOW,OECD.ITF:DSD_TRENDS@DF_TRENDSSAFETY(1.0),,I,BGR,,A,,INJURED,,PS,,ROAD,,_T,,_T,,2014,,8639,,A,,0,,1,
DATAFLOW,OECD.ITF:DSD_TRENDS@DF_TRENDSSAFETY(1.0),,I,BGR,,A,,INJURED,,PS,,ROAD,,_T,,_T,,2015,,8971,,A,,0,,1,
DATAFLOW,OECD.ITF:DSD_TRENDS@DF_TRENDSSAFETY(1.0),,I,BGR,,A,,INJURED,,PS,,ROAD,,_T,,_T,,2016,,9374,,A,,0,,1,
DATAFLOW,OECD.ITF:DSD_TRENDS@DF_TRENDSSAFETY(1.0),,I,BGR,,A,,INJURED,,PS,,ROAD,,_T,,_T,,2017,,8680,,A,,0,,1,
DATAFLOW,OECD.ITF:DSD_TRENDS@DF_TRENDSSAFETY(1.0),,I,BGR,,A,,INJURED,,PS,,ROAD,,_T,,_T,,2018,,8466,,A,,0,,1,
DATAFLOW,OECD.ITF:DSD_TRENDS@DF_TRENDSSAFETY(1.0),,I,BGR,,A,,INJURED,,PS,,ROAD,,_T,,_T,,2019,,8499,,A,,0,,1,
DATAFLOW,OECD.ITF:DSD_TRENDS@DF_TRENDSSAFETY(1.0),,I,BGR,,A,,INJURED,,PS,,ROAD,,_T,,_T,,2020,,7121,,A,,0,,1,
DATAFLOW,OECD.ITF:DSD_TRENDS@DF_TRENDSSAFETY(1.0),,I,BGR,,A,,INJURED,,PS,,ROAD,,_T,,_T,,2021,,7609,,A,,0,,1,
DATAFLOW,OECD.ITF:DSD_TRENDS@DF_TRENDSSAFETY(1.0),,I,BGR,,A,,INJURED,,PS,,ROAD,,_T,,_T,,2022,,8422,,A,,0,,1,
DATAFLOW,OECD.ITF:DSD_TRENDS@DF_TRENDSSAFETY(1.0),,I,BGR,,A,,INJURED,,PS,,ROAD,,_T,,_T,,2023,,9101,,A,,0,,1,
DATAFLOW,OECD.ITF:DSD_TRENDS@DF_TRENDSSAFETY(1.0),,I,BGR,,A,,INJURED,,PS,,ROAD,,_T,,_T,,2024,,9054,,A,,0,,1,
DATAFLOW,OECD.ITF:DSD_TRENDS@DF_TRENDSSAFETY(1.0),,I,HRV,,A,,INJURED,,PS,,ROAD,,_T,,_T,,1971,,16078,,A,,0,,1,
DATAFLOW,OECD.ITF:DSD_TRENDS@DF_TRENDSSAFETY(1.0),,I,HRV,,A,,INJURED,,PS,,ROAD,,_T,,_T,,1972,,15530,,A,,0,,1,
DATAFLOW,OECD.ITF:DSD_TRENDS@DF_TRENDSSAFETY(1.0),,I,HRV,,A,,INJURED,,PS,,ROAD,,_T,,_T,,1973,,15002,,A,,0,,1,
DATAFLOW,OECD.ITF:DSD_TRENDS@DF_TRENDSSAFETY(1.0),,I,HRV,,A,,INJURED,,PS,,ROAD,,_T,,_T,,1974,,14243,,A,,0,,1,
DATAFLOW,OECD.ITF:DSD_TRENDS@DF_TRENDSSAFETY(1.0),,I,HRV,,A,,INJURED,,PS,,ROAD,,_T,,_T,,1975,,15164,,A,,0,,1,
DATAFLOW,OECD.ITF:DSD_TRENDS@DF_TRENDSSAFETY(1.0),,I,HRV,,A,,INJURED,,PS,,ROAD,,_T,,_T,,1976,,14946,,A,,0,,1,
DATAFLOW,OECD.ITF:DSD_TRENDS@DF_TRENDSSAFETY(1.0),,I,HRV,,A,,INJURED,,PS,,ROAD,,_T,,_T,,1977,,17947,,A,,0,,1,
DATAFLOW,OECD.ITF:DSD_TRENDS@DF_TRENDSSAFETY(1.0),,I,HRV,,A,,INJURED,,PS,,ROAD,,_T,,_T,,1978,,18206,,A,,0,,1,
DATAFLOW,OECD.ITF:DSD_TRENDS@DF_TRENDSSAFETY(1.0),,I,HRV,,A,,INJURED,,PS,,ROAD,,_T,,_T,,1979,,19304,,A,,0,,1,
DATAFLOW,OECD.ITF:DSD_TRENDS@DF_TRENDSSAFETY(1.0),,I,HRV,,A,,INJURED,,PS,,ROAD,,_T,,_T,,1980,,20616,,A,,0,,1,
DATAFLOW,OECD.ITF:DSD_TRENDS@DF_TRENDSSAFETY(1.0),,I,HRV,,A,,INJURED,,PS,,ROAD,,_T,,_T,,1981,,18640,,A,,0,,1,
DATAFLOW,OECD.ITF:DSD_TRENDS@DF_TRENDSSAFETY(1.0),,I,HRV,,A,,INJURED,,PS,,ROAD,,_T,,_T,,1982,,18609,,A,,0,,1,
DATAFLOW,OECD.ITF:DSD_TRENDS@DF_TRENDSSAFETY(1.0),,I,HRV,,A,,INJURED,,PS,,ROAD,,_T,,_T,,1983,,16237,,A,,0,,1,
DATAFLOW,OECD.ITF:DSD_TRENDS@DF_TRENDSSAFETY(1.0),,I,HRV,,A,,INJURED,,PS,,ROAD,,_T,,_T,,1984,,16121,,A,,0,,1,
DATAFLOW,OECD.ITF:DSD_TRENDS@DF_TRENDSSAFETY(1.0),,I,HRV,,A,,INJURED,,PS,,ROAD,,_T,,_T,,1985,,16327,,A,,0,,1,
DATAFLOW,OECD.ITF:DSD_TRENDS@DF_TRENDSSAFETY(1.0),,I,HRV,,A,,INJURED,,PS,,ROAD,,_T,,_T,,1986,,17990,,A,,0,,1,
DATAFLOW,OECD.ITF:DSD_TRENDS@DF_TRENDSSAFETY(1.0),,I,HRV,,A,,INJURED,,PS,,ROAD,,_T,,_T,,1987,,18850,,A,,0,,1,
DATAFLOW,OECD.ITF:DSD_TRENDS@DF_TRENDSSAFETY(1.0),,I,HRV,,A,,INJURED,,PS,,ROAD,,_T,,_T,,1988,,18955,,A,,0,,1,
DATAFLOW,OECD.ITF:DSD_TRENDS@DF_TRENDSSAFETY(1.0),,I,HRV,,A,,INJURED,,PS,,ROAD,,_T,,_T,,1989,,19964,,A,,0,,1,
DATAFLOW,OECD.ITF:DSD_TRENDS@DF_TRENDSSAFETY(1.0),,I,HRV,,A,,INJURED,,PS,,ROAD,,_T,,_T,,1990,,19791,,A,,0,,1,
DATAFLOW,OECD.ITF:DSD_TRENDS@DF_TRENDSSAFETY(1.0),,I,HRV,,A,,INJURED,,PS,,ROAD,,_T,,_T,,1991,,15845,,A,,0,,1,
DATAFLOW,OECD.ITF:DSD_TRENDS@DF_TRENDSSAFETY(1.0),,I,HRV,,A,,INJURED,,PS,,ROAD,,_T,,_T,,1992,,17517,,A,,0,,1,
DATAFLOW,OECD.ITF:DSD_TRENDS@DF_TRENDSSAFETY(1.0),,I,HRV,,A,,INJURED,,PS,,ROAD,,_T,,_T,,1993,,15596,,A,,0,,1,
DATAFLOW,OECD.ITF:DSD_TRENDS@DF_TRENDSSAFETY(1.0),,I,HRV,,A,,INJURED,,PS,,ROAD,,_T,,_T,,1994,,17679,,A,,0,,1,
DATAFLOW,OECD.ITF:DSD_TRENDS@DF_TRENDSSAFETY(1.0),,I,HRV,,A,,INJURED,,PS,,ROAD,,_T,,_T,,1995,,17665,,A,,0,,1,
DATAFLOW,OECD.ITF:DSD_TRENDS@DF_TRENDSSAFETY(1.0),,I,HRV,,A,,INJURED,,PS,,ROAD,,_T,,_T,,1996,,16182,,A,,0,,1,
DATAFLOW,OECD.ITF:DSD_TRENDS@DF_TRENDSSAFETY(1.0),,I,HRV,,A,,INJURED,,PS,,ROAD,,_T,,_T,,1997,,16234,,A,,0,,1,
DATAFLOW,OECD.ITF:DSD_TRENDS@DF_TRENDSSAFETY(1.0),,I,HRV,,A,,INJURED,,PS,,ROAD,,_T,,_T,,1998,,18118,,A,,0,,1,
DATAFLOW,OECD.ITF:DSD_TRENDS@DF_TRENDSSAFETY(1.0),,I,HRV,,A,,INJURED,,PS,,ROAD,,_T,,_T,,1999,,18103,,A,,0,,1,
DATAFLOW,OECD.ITF:DSD_TRENDS@DF_TRENDSSAFETY(1.0),,I,HRV,,A,,INJURED,,PS,,ROAD,,_T,,_T,,2000,,20501,,A,,0,,1,
DATAFLOW,OECD.ITF:DSD_TRENDS@DF_TRENDSSAFETY(1.0),,I,HRV,,A,,INJURED,,PS,,ROAD,,_T,,_T,,2001,,22093,,A,,0,,1,
DATAFLOW,OECD.ITF:DSD_TRENDS@DF_TRENDSSAFETY(1.0),,I,HRV,,A,,INJURED,,PS,,ROAD,,_T,,_T,,2002,,23923,,A,,0,,1,
DATAFLOW,OECD.ITF:DSD_TRENDS@DF_TRENDSSAFETY(1.0),,I,HRV,,A,,INJURED,,PS,,ROAD,,_T,,_T,,2003,,26153,,A,,0,,1,
DATAFLOW,OECD.ITF:DSD_TRENDS@DF_TRENDSSAFETY(1.0),,I,HRV,,A,,INJURED,,PS,,ROAD,,_T,,_T,,2004,,24271,,A,,0,,1,
DATAFLOW,OECD.ITF:DSD_TRENDS@DF_TRENDSSAFETY(1.0),,I,HRV,,A,,INJURED,,PS,,ROAD,,_T,,_T,,2005,,21773,,A,,0,,1,
DATAFLOW,OECD.ITF:DSD_TRENDS@DF_TRENDSSAFETY(1.0),,I,HRV,,A,,INJURED,,PS,,ROAD,,_T,,_T,,2006,,23136,,A,,0,,1,
DATAFLOW,OECD.ITF:DSD_TRENDS@DF_TRENDSSAFETY(1.0),,I,HRV,,A,,INJURED,,PS,,ROAD,,_T,,_T,,2007,,25092,,A,,0,,1,
DATAFLOW,OECD.ITF:DSD_TRENDS@DF_TRENDSSAFETY(1.0),,I,HRV,,A,,INJURED,,PS,,ROAD,,_T,,_T,,2008,,22395,,A,,0,,1,
DATAFLOW,OECD.ITF:DSD_TRENDS@DF_TRENDSSAFETY(1.0),,I,HRV,,A,,INJURED,,PS,,ROAD,,_T,,_T,,2009,,21923,,A,,0,,1,
DATAFLOW,OECD.ITF:DSD_TRENDS@DF_TRENDSSAFETY(1.0),,I,HRV,,A,,INJURED,,PS,,ROAD,,_T,,_T,,2010,,18333,,A,,0,,1,
DATAFLOW,OECD.ITF:DSD_TRENDS@DF_TRENDSSAFETY(1.0),,I,HRV,,A,,INJURED,,PS,,ROAD,,_T,,_T,,2011,,18065,,A,,0,,1,
DATAFLOW,OECD.ITF:DSD_TRENDS@DF_TRENDSSAFETY(1.0),,I,HRV,,A,,INJURED,,PS,,ROAD,,_T,,_T,,2012,,16010,,A,,0,,1,
DATAFLOW,OECD.ITF:DSD_TRENDS@DF_TRENDSSAFETY(1.0),,I,HRV,,A,,INJURED,,PS,,ROAD,,_T,,_T,,2013,,15274,,A,,0,,1,
DATAFLOW,OECD.ITF:DSD_TRENDS@DF_TRENDSSAFETY(1.0),,I,HRV,,A,,INJURED,,PS,,ROAD,,_T,,_T,,2014,,14222,,A,,0,,1,
DATAFLOW,OECD.ITF:DSD_TRENDS@DF_TRENDSSAFETY(1.0),,I,HRV,,A,,INJURED,,PS,,ROAD,,_T,,_T,,2015,,15024,,A,,0,,1,
DATAFLOW,OECD.ITF:DSD_TRENDS@DF_TRENDSSAFETY(1.0),,I,HRV,,A,,INJURED,,PS,,ROAD,,_T,,_T,,2016,,14596,,A,,0,,1,
DATAFLOW,OECD.ITF:DSD_TRENDS@DF_TRENDSSAFETY(1.0),,I,HRV,,A,,INJURED,,PS,,ROAD,,_T,,_T,,2017,,14608,,A,,0,,1,
DATAFLOW,OECD.ITF:DSD_TRENDS@DF_TRENDSSAFETY(1.0),,I,HRV,,A,,INJURED,,PS,,ROAD,,_T,,_T,,2018,,13989,,A,,0,,1,
DATAFLOW,OECD.ITF:DSD_TRENDS@DF_TRENDSSAFETY(1.0),,I,HRV,,A,,INJURED,,PS,,ROAD,,_T,,_T,,2019,,12885,,A,,0,,1,
DATAFLOW,OECD.ITF:DSD_TRENDS@DF_TRENDSSAFETY(1.0),,I,HRV,,A,,INJURED,,PS,,ROAD,,_T,,_T,,2020,,10035,,A,,0,,1,
DATAFLOW,OECD.ITF:DSD_TRENDS@DF_TRENDSSAFETY(1.0),,I,HRV,,A,,INJURED,,PS,,ROAD,,_T,,_T,,2021,,11918,,A,,0,,1,
DATAFLOW,OECD.ITF:DSD_TRENDS@DF_TRENDSSAFETY(1.0),,I,HRV,,A,,INJURED,,PS,,ROAD,,_T,,_T,,2022,,13329,,A,,0,,1,
DATAFLOW,OECD.ITF:DSD_TRENDS@DF_TRENDSSAFETY(1.0),,I,HRV,,A,,INJURED,,PS,,ROAD,,_T,,_T,,2023,,14204,,A,,0,,1,
DATAFLOW,OECD.ITF:DSD_TRENDS@DF_TRENDSSAFETY(1.0),,I,HRV,,A,,INJURED,,PS,,ROAD,,_T,,_T,,2024,,14298,,A,,0,,1,
DATAFLOW,OECD.ITF:DSD_TRENDS@DF_TRENDSSAFETY(1.0),,I,GEO,,A,,INJURED,,PS,,ROAD,,_T,,_T,,1970,,3550,,A,,0,,1,
DATAFLOW,OECD.ITF:DSD_TRENDS@DF_TRENDSSAFETY(1.0),,I,GEO,,A,,INJURED,,PS,,ROAD,,_T,,_T,,1971,,3198,,A,,0,,1,
DATAFLOW,OECD.ITF:DSD_TRENDS@DF_TRENDSSAFETY(1.0),,I,GEO,,A,,INJURED,,PS,,ROAD,,_T,,_T,,1972,,3265,,A,,0,,1,
DATAFLOW,OECD.ITF:DSD_TRENDS@DF_TRENDSSAFETY(1.0),,I,GEO,,A,,INJURED,,PS,,ROAD,,_T,,_T,,1973,,3290,,A,,0,,1,
DATAFLOW,OECD.ITF:DSD_TRENDS@DF_TRENDSSAFETY(1.0),,I,GEO,,A,,INJURED,,PS,,ROAD,,_T,,_T,,1974,,3379,,A,,0,,1,
DATAFLOW,OECD.ITF:DSD_TRENDS@DF_TRENDSSAFETY(1.0),,I,GEO,,A,,INJURED,,PS,,ROAD,,_T,,_T,,1975,,3375,,A,,0,,1,
DATAFLOW,OECD.ITF:DSD_TRENDS@DF_TRENDSSAFETY(1.0),,I,GEO,,A,,INJURED,,PS,,ROAD,,_T,,_T,,1976,,3503,,A,,0,,1,
DATAFLOW,OECD.ITF:DSD_TRENDS@DF_TRENDSSAFETY(1.0),,I,GEO,,A,,INJURED,,PS,,ROAD,,_T,,_T,,1977,,3421,,A,,0,,1,
DATAFLOW,OECD.ITF:DSD_TRENDS@DF_TRENDSSAFETY(1.0),,I,GEO,,A,,INJURED,,PS,,ROAD,,_T,,_T,,1978,,3733,,A,,0,,1,
DATAFLOW,OECD.ITF:DSD_TRENDS@DF_TRENDSSAFETY(1.0),,I,GEO,,A,,INJURED,,PS,,ROAD,,_T,,_T,,1979,,3861,,A,,0,,1,
DATAFLOW,OECD.ITF:DSD_TRENDS@DF_TRENDSSAFETY(1.0),,I,GEO,,A,,INJURED,,PS,,ROAD,,_T,,_T,,1980,,3847,,A,,0,,1,
DATAFLOW,OECD.ITF:DSD_TRENDS@DF_TRENDSSAFETY(1.0),,I,GEO,,A,,INJURED,,PS,,ROAD,,_T,,_T,,1981,,3826,,A,,0,,1,
DATAFLOW,OECD.ITF:DSD_TRENDS@DF_TRENDSSAFETY(1.0),,I,GEO,,A,,INJURED,,PS,,ROAD,,_T,,_T,,1982,,3809,,A,,0,,1,
DATAFLOW,OECD.ITF:DSD_TRENDS@DF_TRENDSSAFETY(1.0),,I,GEO,,A,,INJURED,,PS,,ROAD,,_T,,_T,,1983,,3650,,A,,0,,1,
DATAFLOW,OECD.ITF:DSD_TRENDS@DF_TRENDSSAFETY(1.0),,I,GEO,,A,,INJURED,,PS,,ROAD,,_T,,_T,,1984,,3354,,A,,0,,1,
DATAFLOW,OECD.ITF:DSD_TRENDS@DF_TRENDSSAFETY(1.0),,I,GEO,,A,,INJURED,,PS,,ROAD,,_T,,_T,,1985,,3118,,A,,0,,1,
DATAFLOW,OECD.ITF:DSD_TRENDS@DF_TRENDSSAFETY(1.0),,I,GEO,,A,,INJURED,,PS,,ROAD,,_T,,_T,,1986,,3009,,A,,0,,1,
DATAFLOW,OECD.ITF:DSD_TRENDS@DF_TRENDSSAFETY(1.0),,I,GEO,,A,,INJURED,,PS,,ROAD,,_T,,_T,,1987,,2825,,A,,0,,1,
DATAFLOW,OECD.ITF:DSD_TRENDS@DF_TRENDSSAFETY(1.0),,I,GEO,,A,,INJURED,,PS,,ROAD,,_T,,_T,,1988,,2801,,A,,0,,1,
DATAFLOW,OECD.ITF:DSD_TRENDS@DF_TRENDSSAFETY(1.0),,I,GEO,,A,,INJURED,,PS,,ROAD,,_T,,_T,,1989,,3090,,A,,0,,1,
DATAFLOW,OECD.ITF:DSD_TRENDS@DF_TRENDSSAFETY(1.0),,I,GEO,,A,,INJURED,,PS,,ROAD,,_T,,_T,,1990,,3494,,A,,0,,1,
DATAFLOW,OECD.ITF:DSD_TRENDS@DF_TRENDSSAFETY(1.0),,I,GEO,,A,,INJURED,,PS,,ROAD,,_T,,_T,,1991,,4391,,A,,0,,1,
DATAFLOW,OECD.ITF:DSD_TRENDS@DF_TRENDSSAFETY(1.0),,I,GEO,,A,,INJURED,,PS,,ROAD,,_T,,_T,,1992,,3253,,A,,0,,1,
DATAFLOW,OECD.ITF:DSD_TRENDS@DF_TRENDSSAFETY(1.0),,I,GEO,,A,,INJURED,,PS,,ROAD,,_T,,_T,,1993,,1935,,A,,0,,1,
DATAFLOW,OECD.ITF:DSD_TRENDS@DF_TRENDSSAFETY(1.0),,I,GEO,,A,,INJURED,,PS,,ROAD,,_T,,_T,,1994,,1977,,A,,0,,1,
DATAFLOW,OECD.ITF:DSD_TRENDS@DF_TRENDSSAFETY(1.0),,I,GEO,,A,,INJURED,,PS,,ROAD,,_T,,_T,,1995,,1910,,A,,0,,1,
DATAFLOW,OECD.ITF:DSD_TRENDS@DF_TRENDSSAFETY(1.0),,I,GEO,,A,,INJURED,,PS,,ROAD,,_T,,_T,,1996,,2018,,A,,0,,1,
DATAFLOW,OECD.ITF:DSD_TRENDS@DF_TRENDSSAFETY(1.0),,I,GEO,,A,,INJURED,,PS,,ROAD,,_T,,_T,,1997,,2076,,A,,0,,1,
DATAFLOW,OECD.ITF:DSD_TRENDS@DF_TRENDSSAFETY(1.0),,I,GEO,,A,,INJURED,,PS,,ROAD,,_T,,_T,,1998,,2136,,A,,0,,1,
DATAFLOW,OECD.ITF:DSD_TRENDS@DF_TRENDSSAFETY(1.0),,I,GEO,,A,,INJURED,,PS,,ROAD,,_T,,_T,,1999,,2172,,A,,0,,1,
DATAFLOW,OECD.ITF:DSD_TRENDS@DF_TRENDSSAFETY(1.0),,I,GEO,,A,,INJURED,,PS,,ROAD,,_T,,_T,,2000,,2082,,A,,0,,1,
DATAFLOW,OECD.ITF:DSD_TRENDS@DF_TRENDSSAFETY(1.0),,I,GEO,,A,,INJURED,,PS,,ROAD,,_T,,_T,,2001,,2368,,A,,0,,1,
DATAFLOW,OECD.ITF:DSD_TRENDS@DF_TRENDSSAFETY(1.0),,I,GEO,,A,,INJURED,,PS,,ROAD,,_T,,_T,,2002,,2509,,A,,0,,1,
DATAFLOW,OECD.ITF:DSD_TRENDS@DF_TRENDSSAFETY(1.0),,I,GEO,,A,,INJURED,,PS,,ROAD,,_T,,_T,,2003,,2585,,A,,0,,1,
DATAFLOW,OECD.ITF:DSD_TRENDS@DF_TRENDSSAFETY(1.0),,I,GEO,,A,,INJURED,,PS,,ROAD,,_T,,_T,,2004,,4069,,A,,0,,1,
DATAFLOW,OECD.ITF:DSD_TRENDS@DF_TRENDSSAFETY(1.0),,I,GEO,,A,,INJURED,,PS,,ROAD,,_T,,_T,,2005,,5546,,A,,0,,1,
DATAFLOW,OECD.ITF:DSD_TRENDS@DF_TRENDSSAFETY(1.0),,I,GEO,,A,,INJURED,,PS,,ROAD,,_T,,_T,,2006,,7084,,A,,0,,1,
DATAFLOW,OECD.ITF:DSD_TRENDS@DF_TRENDSSAFETY(1.0),,I,GEO,,A,,INJURED,,PS,,ROAD,,_T,,_T,,2007,,7349,,A,,0,,1,
DATAFLOW,OECD.ITF:DSD_TRENDS@DF_TRENDSSAFETY(1.0),,I,GEO,,A,,INJURED,,PS,,ROAD,,_T,,_T,,2008,,9063,,A,,0,,1,
DATAFLOW,OECD.ITF:DSD_TRENDS@DF_TRENDSSAFETY(1.0),,I,GEO,,A,,INJURED,,PS,,ROAD,,_T,,_T,,2009,,8261,,A,,0,,1,
DATAFLOW,OECD.ITF:DSD_TRENDS@DF_TRENDSSAFETY(1.0),,I,GEO,,A,,INJURED,,PS,,ROAD,,_T,,_T,,2010,,7560,,A,,0,,1,
DATAFLOW,OECD.ITF:DSD_TRENDS@DF_TRENDSSAFETY(1.0),,I,GEO,,A,,INJURED,,PS,,ROAD,,_T,,_T,,2011,,6638,,A,,0,,1,
DATAFLOW,OECD.ITF:DSD_TRENDS@DF_TRENDSSAFETY(1.0),,I,GEO,,A,,INJURED,,PS,,ROAD,,_T,,_T,,2012,,7734,,A,,0,,1,
DATAFLOW,OECD.ITF:DSD_TRENDS@DF_TRENDSSAFETY(1.0),,I,GEO,,A,,INJURED,,PS,,ROAD,,_T,,_T,,2013,,8045,,A,,0,,1,
DATAFLOW,OECD.ITF:DSD_TRENDS@DF_TRENDSSAFETY(1.0),,I,GEO,,A,,INJURED,,PS,,ROAD,,_T,,_T,,2014,,8536,,A,,0,,1,
DATAFLOW,OECD.ITF:DSD_TRENDS@DF_TRENDSSAFETY(1.0),,I,GEO,,A,,INJURED,,PS,,ROAD,,_T,,_T,,2015,,9187,,A,,0,,1,
DATAFLOW,OECD.ITF:DSD_TRENDS@DF_TRENDSSAFETY(1.0),,I,GEO,,A,,INJURED,,PS,,ROAD,,_T,,_T,,2016,,9951,,A,,0,,1,
DATAFLOW,OECD.ITF:DSD_TRENDS@DF_TRENDSSAFETY(1.0),,I,GEO,,A,,INJURED,,PS,,ROAD,,_T,,_T,,2017,,8461,,A,,0,,1,
DATAFLOW,OECD.ITF:DSD_TRENDS@DF_TRENDSSAFETY(1.0),,I,GEO,,A,,INJURED,,PS,,ROAD,,_T,,_T,,2018,,9047,,A,,0,,1,
DATAFLOW,OECD.ITF:DSD_TRENDS@DF_TRENDSSAFETY(1.0),,I,GEO,,A,,INJURED,,PS,,ROAD,,_T,,_T,,2019,,7921,,A,,0,,1,
DATAFLOW,OECD.ITF:DSD_TRENDS@DF_TRENDSSAFETY(1.0),,I,GEO,,A,,INJURED,,PS,,ROAD,,_T,,_T,,2020,,6640,,A,,0,,1,
DATAFLOW,OECD.ITF:DSD_TRENDS@DF_TRENDSSAFETY(1.0),,I,GEO,,A,,INJURED,,PS,,ROAD,,_T,,_T,,2021,,7705,,A,,0,,1,
DATAFLOW,OECD.ITF:DSD_TRENDS@DF_TRENDSSAFETY(1.0),,I,GEO,,A,,INJURED,,PS,,ROAD,,_T,,_T,,2022,,7517,,A,,0,,1,
DATAFLOW,OECD.ITF:DSD_TRENDS@DF_TRENDSSAFETY(1.0),,I,GEO,,A,,INJURED,,PS,,ROAD,,_T,,_T,,2023,,7310,,A,,0,,1,
DATAFLOW,OECD.ITF:DSD_TRENDS@DF_TRENDSSAFETY(1.0),,I,GEO,,A,,INJURED,,PS,,ROAD,,_T,,_T,,2024,,7587,,A,,0,,1,
DATAFLOW,OECD.ITF:DSD_TRENDS@DF_TRENDSSAFETY(1.0),,I,IND,,A,,INJURED,,PS,,ROAD,,_T,,_T,,2005,,465282,,A,,0,,1,
DATAFLOW,OECD.ITF:DSD_TRENDS@DF_TRENDSSAFETY(1.0),,I,IND,,A,,INJURED,,PS,,ROAD,,_T,,_T,,2006,,496481,,A,,0,,1,
DATAFLOW,OECD.ITF:DSD_TRENDS@DF_TRENDSSAFETY(1.0),,I,IND,,A,,INJURED,,PS,,ROAD,,_T,,_T,,2007,,513340,,A,,0,,1,
DATAFLOW,OECD.ITF:DSD_TRENDS@DF_TRENDSSAFETY(1.0),,I,IND,,A,,INJURED,,PS,,ROAD,,_T,,_T,,2008,,523193,,A,,0,,1,
DATAFLOW,OECD.ITF:DSD_TRENDS@DF_TRENDSSAFETY(1.0),,I,IND,,A,,INJURED,,PS,,ROAD,,_T,,_T,,2009,,515458,,A,,0,,1,
DATAFLOW,OECD.ITF:DSD_TRENDS@DF_TRENDSSAFETY(1.0),,I,IND,,A,,INJURED,,PS,,ROAD,,_T,,_T,,2010,,527512,,A,,0,,1,
DATAFLOW,OECD.ITF:DSD_TRENDS@DF_TRENDSSAFETY(1.0),,I,IND,,A,,INJURED,,PS,,ROAD,,_T,,_T,,2011,,511412,,A,,0,,1,
DATAFLOW,OECD.ITF:DSD_TRENDS@DF_TRENDSSAFETY(1.0),,I,IND,,A,,INJURED,,PS,,ROAD,,_T,,_T,,2012,,509667,,A,,0,,1,
DATAFLOW,OECD.ITF:DSD_TRENDS@DF_TRENDSSAFETY(1.0),,I,IND,,A,,INJURED,,PS,,ROAD,,_T,,_T,,2013,,494893,,A,,0,,1,
DATAFLOW,OECD.ITF:DSD_TRENDS@DF_TRENDSSAFETY(1.0),,I,IND,,A,,INJURED,,PS,,ROAD,,_T,,_T,,2014,,493474,,A,,0,,1,
DATAFLOW,OECD.ITF:DSD_TRENDS@DF_TRENDSSAFETY(1.0),,I,IND,,A,,INJURED,,PS,,ROAD,,_T,,_T,,2015,,500279,,A,,0,,1,
DATAFLOW,OECD.ITF:DSD_TRENDS@DF_TRENDSSAFETY(1.0),,I,IND,,A,,INJURED,,PS,,ROAD,,_T,,_T,,2016,,494624,,A,,0,,1,
DATAFLOW,OECD.ITF:DSD_TRENDS@DF_TRENDSSAFETY(1.0),,I,IND,,A,,INJURED,,PS,,ROAD,,_T,,_T,,2017,,470975,,A,,0,,1,
DATAFLOW,OECD.ITF:DSD_TRENDS@DF_TRENDSSAFETY(1.0),,I,KAZ,,A,,INJURED,,PS,,ROAD,,_T,,_T,,2003,,16951,,A,,0,,1,
DATAFLOW,OECD.ITF:DSD_TRENDS@DF_TRENDSSAFETY(1.0),,I,KAZ,,A,,INJURED,,PS,,ROAD,,_T,,_T,,2004,,18794,,A,,0,,1,
DATAFLOW,OECD.ITF:DSD_TRENDS@DF_TRENDSSAFETY(1.0),,I,KAZ,,A,,INJURED,,PS,,ROAD,,_T,,_T,,2005,,17422,,A,,0,,1,
DATAFLOW,OECD.ITF:DSD_TRENDS@DF_TRENDSSAFETY(1.0),,I,KAZ,,A,,INJURED,,PS,,ROAD,,_T,,_T,,2006,,19389,,A,,0,,1,
DATAFLOW,OECD.ITF:DSD_TRENDS@DF_TRENDSSAFETY(1.0),,I,KAZ,,A,,INJURED,,PS,,ROAD,,_T,,_T,,2007,,18951,,A,,0,,1,
DATAFLOW,OECD.ITF:DSD_TRENDS@DF_TRENDSSAFETY(1.0),,I,KAZ,,A,,INJURED,,PS,,ROAD,,_T,,_T,,2008,,16400,,A,,0,,1,
DATAFLOW,OECD.ITF:DSD_TRENDS@DF_TRENDSSAFETY(1.0),,I,KAZ,,A,,INJURED,,PS,,ROAD,,_T,,_T,,2009,,14788,,A,,0,,1,
DATAFLOW,OECD.ITF:DSD_TRENDS@DF_TRENDSSAFETY(1.0),,I,KAZ,,A,,INJURED,,PS,,ROAD,,_T,,_T,,2010,,13878,,A,,0,,1,
DATAFLOW,OECD.ITF:DSD_TRENDS@DF_TRENDSSAFETY(1.0),,I,KAZ,,A,,INJURED,,PS,,ROAD,,_T,,_T,,2011,,22902,,A,,0,,1,
DATAFLOW,OECD.ITF:DSD_TRENDS@DF_TRENDSSAFETY(1.0),,I,KAZ,,A,,INJURED,,PS,,ROAD,,_T,,_T,,2012,,17488,,A,,0,,1,
DATAFLOW,OECD.ITF:DSD_TRENDS@DF_TRENDSSAFETY(1.0),,I,KAZ,,A,,INJURED,,PS,,ROAD,,_T,,_T,,2013,,29872,,A,,0,,1,
DATAFLOW,OECD.ITF:DSD_TRENDS@DF_TRENDSSAFETY(1.0),,I,KAZ,,A,,INJURED,,PS,,ROAD,,_T,,_T,,2014,,25942,,A,,0,,1,
DATAFLOW,OECD.ITF:DSD_TRENDS@DF_TRENDSSAFETY(1.0),,I,KAZ,,A,,INJURED,,PS,,ROAD,,_T,,_T,,2015,,24055,,A,,0,,1,
DATAFLOW,OECD.ITF:DSD_TRENDS@DF_TRENDSSAFETY(1.0),,I,KAZ,,A,,INJURED,,PS,,ROAD,,_T,,_T,,2016,,23389,,A,,0,,1,
DATAFLOW,OECD.ITF:DSD_TRENDS@DF_TRENDSSAFETY(1.0),,I,KAZ,,A,,INJURED,,PS,,ROAD,,_T,,_T,,2017,,22256,,A,,0,,1,
DATAFLOW,OECD.ITF:DSD_TRENDS@DF_TRENDSSAFETY(1.0),,I,KAZ,,A,,INJURED,,PS,,ROAD,,_T,,_T,,2018,,20445,,A,,0,,1,
DATAFLOW,OECD.ITF:DSD_TRENDS@DF_TRENDSSAFETY(1.0),,I,KAZ,,A,,INJURED,,PS,,ROAD,,_T,,_T,,2019,,15420,,A,,0,,1,
DATAFLOW,OECD.ITF:DSD_TRENDS@DF_TRENDSSAFETY(1.0),,I,KAZ,,A,,INJURED,,PS,,ROAD,,_T,,_T,,2020,,17844,,A,,0,,1,
DATAFLOW,OECD.ITF:DSD_TRENDS@DF_TRENDSSAFETY(1.0),,I,LIE,,A,,INJURED,,PS,,ROAD,,_T,,_T,,1970,,102,,A,,0,,1,
DATAFLOW,OECD.ITF:DSD_TRENDS@DF_TRENDSSAFETY(1.0),,I,LIE,,A,,INJURED,,PS,,ROAD,,_T,,_T,,1971,,109,,A,,0,,1,
DATAFLOW,OECD.ITF:DSD_TRENDS@DF_TRENDSSAFETY(1.0),,I,LIE,,A,,INJURED,,PS,,ROAD,,_T,,_T,,1972,,120,,A,,0,,1,
DATAFLOW,OECD.ITF:DSD_TRENDS@DF_TRENDSSAFETY(1.0),,I,LIE,,A,,INJURED,,PS,,ROAD,,_T,,_T,,1973,,98,,A,,0,,1,
DATAFLOW,OECD.ITF:DSD_TRENDS@DF_TRENDSSAFETY(1.0),,I,LIE,,A,,INJURED,,PS,,ROAD,,_T,,_T,,1974,,126,,A,,0,,1,
DATAFLOW,OECD.ITF:DSD_TRENDS@DF_TRENDSSAFETY(1.0),,I,LIE,,A,,INJURED,,PS,,ROAD,,_T,,_T,,1975,,105,,A,,0,,1,
DATAFLOW,OECD.ITF:DSD_TRENDS@DF_TRENDSSAFETY(1.0),,I,LIE,,A,,INJURED,,PS,,ROAD,,_T,,_T,,1976,,111,,A,,0,,1,
DATAFLOW,OECD.ITF:DSD_TRENDS@DF_TRENDSSAFETY(1.0),,I,LIE,,A,,INJURED,,PS,,ROAD,,_T,,_T,,1977,,122,,A,,0,,1,
DATAFLOW,OECD.ITF:DSD_TRENDS@DF_TRENDSSAFETY(1.0),,I,LIE,,A,,INJURED,,PS,,ROAD,,_T,,_T,,1978,,127,,A,,0,,1,
DATAFLOW,OECD.ITF:DSD_TRENDS@DF_TRENDSSAFETY(1.0),,I,LIE,,A,,INJURED,,PS,,ROAD,,_T,,_T,,1979,,111,,A,,0,,1,
DATAFLOW,OECD.ITF:DSD_TRENDS@DF_TRENDSSAFETY(1.0),,I,LIE,,A,,INJURED,,PS,,ROAD,,_T,,_T,,1980,,135,,A,,0,,1,
DATAFLOW,OECD.ITF:DSD_TRENDS@DF_TRENDSSAFETY(1.0),,I,LIE,,A,,INJURED,,PS,,ROAD,,_T,,_T,,1981,,104,,A,,0,,1,
DATAFLOW,OECD.ITF:DSD_TRENDS@DF_TRENDSSAFETY(1.0),,I,LIE,,A,,INJURED,,PS,,ROAD,,_T,,_T,,1982,,123,,A,,0,,1,
DATAFLOW,OECD.ITF:DSD_TRENDS@DF_TRENDSSAFETY(1.0),,I,LIE,,A,,INJURED,,PS,,ROAD,,_T,,_T,,1983,,139,,A,,0,,1,
DATAFLOW,OECD.ITF:DSD_TRENDS@DF_TRENDSSAFETY(1.0),,I,LIE,,A,,INJURED,,PS,,ROAD,,_T,,_T,,1984,,110,,A,,0,,1,
DATAFLOW,OECD.ITF:DSD_TRENDS@DF_TRENDSSAFETY(1.0),,I,LIE,,A,,INJURED,,PS,,ROAD,,_T,,_T,,1985,,91,,A,,0,,1,
DATAFLOW,OECD.ITF:DSD_TRENDS@DF_TRENDSSAFETY(1.0),,I,LIE,,A,,INJURED,,PS,,ROAD,,_T,,_T,,1986,,116,,A,,0,,1,
DATAFLOW,OECD.ITF:DSD_TRENDS@DF_TRENDSSAFETY(1.0),,I,LIE,,A,,INJURED,,PS,,ROAD,,_T,,_T,,1987,,100,,A,,0,,1,
DATAFLOW,OECD.ITF:DSD_TRENDS@DF_TRENDSSAFETY(1.0),,I,LIE,,A,,INJURED,,PS,,ROAD,,_T,,_T,,1988,,102,,A,,0,,1,
DATAFLOW,OECD.ITF:DSD_TRENDS@DF_TRENDSSAFETY(1.0),,I,LIE,,A,,INJURED,,PS,,ROAD,,_T,,_T,,1989,,137,,A,,0,,1,
DATAFLOW,OECD.ITF:DSD_TRENDS@DF_TRENDSSAFETY(1.0),,I,LIE,,A,,INJURED,,PS,,ROAD,,_T,,_T,,1990,,118,,A,,0,,1,
DATAFLOW,OECD.ITF:DSD_TRENDS@DF_TRENDSSAFETY(1.0),,I,LIE,,A,,INJURED,,PS,,ROAD,,_T,,_T,,1991,,106,,A,,0,,1,
DATAFLOW,OECD.ITF:DSD_TRENDS@DF_TRENDSSAFETY(1.0),,I,LIE,,A,,INJURED,,PS,,ROAD,,_T,,_T,,1992,,83,,A,,0,,1,
DATAFLOW,OECD.ITF:DSD_TRENDS@DF_TRENDSSAFETY(1.0),,I,LIE,,A,,INJURED,,PS,,ROAD,,_T,,_T,,1993,,67,,A,,0,,1,
DATAFLOW,OECD.ITF:DSD_TRENDS@DF_TRENDSSAFETY(1.0),,I,LIE,,A,,INJURED,,PS,,ROAD,,_T,,_T,,1994,,112,,A,,0,,1,
DATAFLOW,OECD.ITF:DSD_TRENDS@DF_TRENDSSAFETY(1.0),,I,LIE,,A,,INJURED,,PS,,ROAD,,_T,,_T,,1995,,80,,A,,0,,1,
DATAFLOW,OECD.ITF:DSD_TRENDS@DF_TRENDSSAFETY(1.0),,I,LIE,,A,,INJURED,,PS,,ROAD,,_T,,_T,,1996,,94,,A,,0,,1,
DATAFLOW,OECD.ITF:DSD_TRENDS@DF_TRENDSSAFETY(1.0),,I,LIE,,A,,INJURED,,PS,,ROAD,,_T,,_T,,1997,,89,,A,,0,,1,
DATAFLOW,OECD.ITF:DSD_TRENDS@DF_TRENDSSAFETY(1.0),,I,LIE,,A,,INJURED,,PS,,ROAD,,_T,,_T,,1998,,94,,A,,0,,1,
DATAFLOW,OECD.ITF:DSD_TRENDS@DF_TRENDSSAFETY(1.0),,I,LIE,,A,,INJURED,,PS,,ROAD,,_T,,_T,,1999,,123,,A,,0,,1,
DATAFLOW,OECD.ITF:DSD_TRENDS@DF_TRENDSSAFETY(1.0),,I,LIE,,A,,INJURED,,PS,,ROAD,,_T,,_T,,2000,,153,,A,,0,,1,
DATAFLOW,OECD.ITF:DSD_TRENDS@DF_TRENDSSAFETY(1.0),,I,LIE,,A,,INJURED,,PS,,ROAD,,_T,,_T,,2001,,169,,A,,0,,1,
DATAFLOW,OECD.ITF:DSD_TRENDS@DF_TRENDSSAFETY(1.0),,I,LIE,,A,,INJURED,,PS,,ROAD,,_T,,_T,,2002,,138,,A,,0,,1,
DATAFLOW,OECD.ITF:DSD_TRENDS@DF_TRENDSSAFETY(1.0),,I,LIE,,A,,INJURED,,PS,,ROAD,,_T,,_T,,2003,,147,,A,,0,,1,
DATAFLOW,OECD.ITF:DSD_TRENDS@DF_TRENDSSAFETY(1.0),,I,LIE,,A,,INJURED,,PS,,ROAD,,_T,,_T,,2004,,123,,A,,0,,1,
DATAFLOW,OECD.ITF:DSD_TRENDS@DF_TRENDSSAFETY(1.0),,I,LIE,,A,,INJURED,,PS,,ROAD,,_T,,_T,,2005,,109,,A,,0,,1,
DATAFLOW,OECD.ITF:DSD_TRENDS@DF_TRENDSSAFETY(1.0),,I,LIE,,A,,INJURED,,PS,,ROAD,,_T,,_T,,2006,,97,,A,,0,,1,
DATAFLOW,OECD.ITF:DSD_TRENDS@DF_TRENDSSAFETY(1.0),,I,LIE,,A,,INJURED,,PS,,ROAD,,_T,,_T,,2007,,116,,A,,0,,1,
DATAFLOW,OECD.ITF:DSD_TRENDS@DF_TRENDSSAFETY(1.0),,I,LIE,,A,,INJURED,,PS,,ROAD,,_T,,_T,,2008,,109,,A,,0,,1,
DATAFLOW,OECD.ITF:DSD_TRENDS@DF_TRENDSSAFETY(1.0),,I,LIE,,A,,INJURED,,PS,,ROAD,,_T,,_T,,2009,,111,,A,,0,,1,
DATAFLOW,OECD.ITF:DSD_TRENDS@DF_TRENDSSAFETY(1.0),,I,LIE,,A,,INJURED,,PS,,ROAD,,_T,,_T,,2010,,114,,A,,0,,1,
DATAFLOW,OECD.ITF:DSD_TRENDS@DF_TRENDSSAFETY(1.0),,I,LIE,,A,,INJURED,,PS,,ROAD,,_T,,_T,,2011,,105,,A,,0,,1,
DATAFLOW,OECD.ITF:DSD_TRENDS@DF_TRENDSSAFETY(1.0),,I,LIE,,A,,INJURED,,PS,,ROAD,,_T,,_T,,2012,,108,,A,,0,,1,
DATAFLOW,OECD.ITF:DSD_TRENDS@DF_TRENDSSAFETY(1.0),,I,LIE,,A,,INJURED,,PS,,ROAD,,_T,,_T,,2013,,111,,A,,0,,1,
DATAFLOW,OECD.ITF:DSD_TRENDS@DF_TRENDSSAFETY(1.0),,I,LIE,,A,,INJURED,,PS,,ROAD,,_T,,_T,,2014,,98,,A,,0,,1,
DATAFLOW,OECD.ITF:DSD_TRENDS@DF_TRENDSSAFETY(1.0),,I,LIE,,A,,INJURED,,PS,,ROAD,,_T,,_T,,2015,,111,,A,,0,,1,
DATAFLOW,OECD.ITF:DSD_TRENDS@DF_TRENDSSAFETY(1.0),,I,LIE,,A,,INJURED,,PS,,ROAD,,_T,,_T,,2016,,105,,A,,0,,1,
DATAFLOW,OECD.ITF:DSD_TRENDS@DF_TRENDSSAFETY(1.0),,I,LIE,,A,,INJURED,,PS,,ROAD,,_T,,_T,,2017,,87,,A,,0,,1,
DATAFLOW,OECD.ITF:DSD_TRENDS@DF_TRENDSSAFETY(1.0),,I,LIE,,A,,INJURED,,PS,,ROAD,,_T,,_T,,2018,,121,,A,,0,,1,
DATAFLOW,OECD.ITF:DSD_TRENDS@DF_TRENDSSAFETY(1.0),,I,LIE,,A,,INJURED,,PS,,ROAD,,_T,,_T,,2019,,103,,A,,0,,1,
DATAFLOW,OECD.ITF:DSD_TRENDS@DF_TRENDSSAFETY(1.0),,I,LIE,,A,,INJURED,,PS,,ROAD,,_T,,_T,,2020,,109,,A,,0,,1,
DATAFLOW,OECD.ITF:DSD_TRENDS@DF_TRENDSSAFETY(1.0),,I,LIE,,A,,INJURED,,PS,,ROAD,,_T,,_T,,2021,,70,,A,,0,,1,
DATAFLOW,OECD.ITF:DSD_TRENDS@DF_TRENDSSAFETY(1.0),,I,LIE,,A,,INJURED,,PS,,ROAD,,_T,,_T,,2022,,104,,A,,0,,1,
DATAFLOW,OECD.ITF:DSD_TRENDS@DF_TRENDSSAFETY(1.0),,I,LIE,,A,,INJURED,,PS,,ROAD,,_T,,_T,,2023,,91,,A,,0,,1,
DATAFLOW,OECD.ITF:DSD_TRENDS@DF_TRENDSSAFETY(1.0),,I,LIE,,A,,INJURED,,PS,,ROAD,,_T,,_T,,2024,,117,,A,,0,,1,
DATAFLOW,OECD.ITF:DSD_TRENDS@DF_TRENDSSAFETY(1.0),,I,MLT,,A,,INJURED,,PS,,ROAD,,_T,,_T,,1999,,1134,,A,,0,,1,
DATAFLOW,OECD.ITF:DSD_TRENDS@DF_TRENDSSAFETY(1.0),,I,MLT,,A,,INJURED,,PS,,ROAD,,_T,,_T,,2000,,1169,,A,,0,,1,
DATAFLOW,OECD.ITF:DSD_TRENDS@DF_TRENDSSAFETY(1.0),,I,MLT,,A,,INJURED,,PS,,ROAD,,_T,,_T,,2001,,1215,,A,,0,,1,
DATAFLOW,OECD.ITF:DSD_TRENDS@DF_TRENDSSAFETY(1.0),,I,MLT,,A,,INJURED,,PS,,ROAD,,_T,,_T,,2002,,1296,,A,,0,,1,
DATAFLOW,OECD.ITF:DSD_TRENDS@DF_TRENDSSAFETY(1.0),,I,MLT,,A,,INJURED,,PS,,ROAD,,_T,,_T,,2003,,1171,,A,,0,,1,
DATAFLOW,OECD.ITF:DSD_TRENDS@DF_TRENDSSAFETY(1.0),,I,MLT,,A,,INJURED,,PS,,ROAD,,_T,,_T,,2004,,1268,,A,,0,,1,
DATAFLOW,OECD.ITF:DSD_TRENDS@DF_TRENDSSAFETY(1.0),,I,MLT,,A,,INJURED,,PS,,ROAD,,_T,,_T,,2005,,1140,,A,,0,,1,
DATAFLOW,OECD.ITF:DSD_TRENDS@DF_TRENDSSAFETY(1.0),,I,MLT,,A,,INJURED,,PS,,ROAD,,_T,,_T,,2006,,1186,,A,,0,,1,
DATAFLOW,OECD.ITF:DSD_TRENDS@DF_TRENDSSAFETY(1.0),,I,MLT,,A,,INJURED,,PS,,ROAD,,_T,,_T,,2007,,1195,,A,,0,,1,
DATAFLOW,OECD.ITF:DSD_TRENDS@DF_TRENDSSAFETY(1.0),,I,MLT,,A,,INJURED,,PS,,ROAD,,_T,,_T,,2008,,1157,,A,,0,,1,
DATAFLOW,OECD.ITF:DSD_TRENDS@DF_TRENDSSAFETY(1.0),,I,MLT,,A,,INJURED,,PS,,ROAD,,_T,,_T,,2009,,1048,,A,,0,,1,
DATAFLOW,OECD.ITF:DSD_TRENDS@DF_TRENDSSAFETY(1.0),,I,MLT,,A,,INJURED,,PS,,ROAD,,_T,,_T,,2010,,1064,,A,,0,,1,
DATAFLOW,OECD.ITF:DSD_TRENDS@DF_TRENDSSAFETY(1.0),,I,MLT,,A,,INJURED,,PS,,ROAD,,_T,,_T,,2011,,1560,,A,,0,,1,
DATAFLOW,OECD.ITF:DSD_TRENDS@DF_TRENDSSAFETY(1.0),,I,MLT,,A,,INJURED,,PS,,ROAD,,_T,,_T,,2012,,1590,,A,,0,,1,
DATAFLOW,OECD.ITF:DSD_TRENDS@DF_TRENDSSAFETY(1.0),,I,MLT,,A,,INJURED,,PS,,ROAD,,_T,,_T,,2013,,1564,,A,,0,,1,
DATAFLOW,OECD.ITF:DSD_TRENDS@DF_TRENDSSAFETY(1.0),,I,MLT,,A,,INJURED,,PS,,ROAD,,_T,,_T,,2014,,1786,,A,,0,,1,
DATAFLOW,OECD.ITF:DSD_TRENDS@DF_TRENDSSAFETY(1.0),,I,MLT,,A,,INJURED,,PS,,ROAD,,_T,,_T,,2015,,1700,,A,,0,,1,
DATAFLOW,OECD.ITF:DSD_TRENDS@DF_TRENDSSAFETY(1.0),,I,MLT,,A,,INJURED,,PS,,ROAD,,_T,,_T,,2016,,1829,,A,,0,,1,
DATAFLOW,OECD.ITF:DSD_TRENDS@DF_TRENDSSAFETY(1.0),,I,MLT,,A,,INJURED,,PS,,ROAD,,_T,,_T,,2017,,1854,,A,,0,,1,
DATAFLOW,OECD.ITF:DSD_TRENDS@DF_TRENDSSAFETY(1.0),,I,MLT,,A,,INJURED,,PS,,ROAD,,_T,,_T,,2018,,1657,,A,,0,,1,
DATAFLOW,OECD.ITF:DSD_TRENDS@DF_TRENDSSAFETY(1.0),,I,MLT,,A,,INJURED,,PS,,ROAD,,_T,,_T,,2019,,1595,,A,,0,,1,
DATAFLOW,OECD.ITF:DSD_TRENDS@DF_TRENDSSAFETY(1.0),,I,MLT,,A,,INJURED,,PS,,ROAD,,_T,,_T,,2020,,1141,,A,,0,,1,
DATAFLOW,OECD.ITF:DSD_TRENDS@DF_TRENDSSAFETY(1.0),,I,MLT,,A,,INJURED,,PS,,ROAD,,_T,,_T,,2021,,1523,,A,,0,,1,
DATAFLOW,OECD.ITF:DSD_TRENDS@DF_TRENDSSAFETY(1.0),,I,MLT,,A,,INJURED,,PS,,ROAD,,_T,,_T,,2022,,1581,,A,,0,,1,
DATAFLOW,OECD.ITF:DSD_TRENDS@DF_TRENDSSAFETY(1.0),,I,MLT,,A,,INJURED,,PS,,ROAD,,_T,,_T,,2023,,1649,,A,,0,,1,
DATAFLOW,OECD.ITF:DSD_TRENDS@DF_TRENDSSAFETY(1.0),,I,MLT,,A,,INJURED,,PS,,ROAD,,_T,,_T,,2024,,1494,,A,,0,,1,
DATAFLOW,OECD.ITF:DSD_TRENDS@DF_TRENDSSAFETY(1.0),,I,MDA,,A,,INJURED,,PS,,ROAD,,_T,,_T,,1970,,2992,,A,,0,,1,
DATAFLOW,OECD.ITF:DSD_TRENDS@DF_TRENDSSAFETY(1.0),,I,MDA,,A,,INJURED,,PS,,ROAD,,_T,,_T,,1971,,3541,,A,,0,,1,
DATAFLOW,OECD.ITF:DSD_TRENDS@DF_TRENDSSAFETY(1.0),,I,MDA,,A,,INJURED,,PS,,ROAD,,_T,,_T,,1972,,3574,,A,,0,,1,
DATAFLOW,OECD.ITF:DSD_TRENDS@DF_TRENDSSAFETY(1.0),,I,MDA,,A,,INJURED,,PS,,ROAD,,_T,,_T,,1973,,3871,,A,,0,,1,
DATAFLOW,OECD.ITF:DSD_TRENDS@DF_TRENDSSAFETY(1.0),,I,MDA,,A,,INJURED,,PS,,ROAD,,_T,,_T,,1974,,4134,,A,,0,,1,
DATAFLOW,OECD.ITF:DSD_TRENDS@DF_TRENDSSAFETY(1.0),,I,MDA,,A,,INJURED,,PS,,ROAD,,_T,,_T,,1975,,3584,,A,,0,,1,
DATAFLOW,OECD.ITF:DSD_TRENDS@DF_TRENDSSAFETY(1.0),,I,MDA,,A,,INJURED,,PS,,ROAD,,_T,,_T,,1976,,4333,,A,,0,,1,
DATAFLOW,OECD.ITF:DSD_TRENDS@DF_TRENDSSAFETY(1.0),,I,MDA,,A,,INJURED,,PS,,ROAD,,_T,,_T,,1977,,4767,,A,,0,,1,
DATAFLOW,OECD.ITF:DSD_TRENDS@DF_TRENDSSAFETY(1.0),,I,MDA,,A,,INJURED,,PS,,ROAD,,_T,,_T,,1978,,4768,,A,,0,,1,
DATAFLOW,OECD.ITF:DSD_TRENDS@DF_TRENDSSAFETY(1.0),,I,MDA,,A,,INJURED,,PS,,ROAD,,_T,,_T,,1979,,4676,,A,,0,,1,
DATAFLOW,OECD.ITF:DSD_TRENDS@DF_TRENDSSAFETY(1.0),,I,MDA,,A,,INJURED,,PS,,ROAD,,_T,,_T,,1980,,4125,,A,,0,,1,
DATAFLOW,OECD.ITF:DSD_TRENDS@DF_TRENDSSAFETY(1.0),,I,MDA,,A,,INJURED,,PS,,ROAD,,_T,,_T,,1981,,4963,,A,,0,,1,
DATAFLOW,OECD.ITF:DSD_TRENDS@DF_TRENDSSAFETY(1.0),,I,MDA,,A,,INJURED,,PS,,ROAD,,_T,,_T,,1982,,5018,,A,,0,,1,
DATAFLOW,OECD.ITF:DSD_TRENDS@DF_TRENDSSAFETY(1.0),,I,MDA,,A,,INJURED,,PS,,ROAD,,_T,,_T,,1983,,5574,,A,,0,,1,
DATAFLOW,OECD.ITF:DSD_TRENDS@DF_TRENDSSAFETY(1.0),,I,MDA,,A,,INJURED,,PS,,ROAD,,_T,,_T,,1984,,5790,,A,,0,,1,
DATAFLOW,OECD.ITF:DSD_TRENDS@DF_TRENDSSAFETY(1.0),,I,MDA,,A,,INJURED,,PS,,ROAD,,_T,,_T,,1985,,4658,,A,,0,,1,
DATAFLOW,OECD.ITF:DSD_TRENDS@DF_TRENDSSAFETY(1.0),,I,MDA,,A,,INJURED,,PS,,ROAD,,_T,,_T,,1986,,4867,,A,,0,,1,
DATAFLOW,OECD.ITF:DSD_TRENDS@DF_TRENDSSAFETY(1.0),,I,MDA,,A,,INJURED,,PS,,ROAD,,_T,,_T,,1987,,5170,,A,,0,,1,
DATAFLOW,OECD.ITF:DSD_TRENDS@DF_TRENDSSAFETY(1.0),,I,MDA,,A,,INJURED,,PS,,ROAD,,_T,,_T,,1988,,5642,,A,,0,,1,
DATAFLOW,OECD.ITF:DSD_TRENDS@DF_TRENDSSAFETY(1.0),,I,MDA,,A,,INJURED,,PS,,ROAD,,_T,,_T,,1989,,7220,,A,,0,,1,
DATAFLOW,OECD.ITF:DSD_TRENDS@DF_TRENDSSAFETY(1.0),,I,MDA,,A,,INJURED,,PS,,ROAD,,_T,,_T,,1990,,6687,,A,,0,,1,
DATAFLOW,OECD.ITF:DSD_TRENDS@DF_TRENDSSAFETY(1.0),,I,MDA,,A,,INJURED,,PS,,ROAD,,_T,,_T,,1991,,5554,,A,,0,,1,
DATAFLOW,OECD.ITF:DSD_TRENDS@DF_TRENDSSAFETY(1.0),,I,MDA,,A,,INJURED,,PS,,ROAD,,_T,,_T,,1993,,2704,,A,,0,,1,
DATAFLOW,OECD.ITF:DSD_TRENDS@DF_TRENDSSAFETY(1.0),,I,MDA,,A,,INJURED,,PS,,ROAD,,_T,,_T,,1994,,2976,,A,,0,,1,
DATAFLOW,OECD.ITF:DSD_TRENDS@DF_TRENDSSAFETY(1.0),,I,MDA,,A,,INJURED,,PS,,ROAD,,_T,,_T,,1995,,3069,,A,,0,,1,
DATAFLOW,OECD.ITF:DSD_TRENDS@DF_TRENDSSAFETY(1.0),,I,MDA,,A,,INJURED,,PS,,ROAD,,_T,,_T,,1996,,3717,,A,,0,,1,
DATAFLOW,OECD.ITF:DSD_TRENDS@DF_TRENDSSAFETY(1.0),,I,MDA,,A,,INJURED,,PS,,ROAD,,_T,,_T,,1997,,3986,,A,,0,,1,
DATAFLOW,OECD.ITF:DSD_TRENDS@DF_TRENDSSAFETY(1.0),,I,MDA,,A,,INJURED,,PS,,ROAD,,_T,,_T,,1998,,3616,,A,,0,,1,
DATAFLOW,OECD.ITF:DSD_TRENDS@DF_TRENDSSAFETY(1.0),,I,MDA,,A,,INJURED,,PS,,ROAD,,_T,,_T,,1999,,3095,,A,,0,,1,
DATAFLOW,OECD.ITF:DSD_TRENDS@DF_TRENDSSAFETY(1.0),,I,MDA,,A,,INJURED,,PS,,ROAD,,_T,,_T,,2000,,3147,,A,,0,,1,
DATAFLOW,OECD.ITF:DSD_TRENDS@DF_TRENDSSAFETY(1.0),,I,MDA,,A,,INJURED,,PS,,ROAD,,_T,,_T,,2001,,3390,,A,,0,,1,
DATAFLOW,OECD.ITF:DSD_TRENDS@DF_TRENDSSAFETY(1.0),,I,MDA,,A,,INJURED,,PS,,ROAD,,_T,,_T,,2002,,3505,,A,,0,,1,
DATAFLOW,OECD.ITF:DSD_TRENDS@DF_TRENDSSAFETY(1.0),,I,MDA,,A,,INJURED,,PS,,ROAD,,_T,,_T,,2003,,3216,,A,,0,,1,
DATAFLOW,OECD.ITF:DSD_TRENDS@DF_TRENDSSAFETY(1.0),,I,MDA,,A,,INJURED,,PS,,ROAD,,_T,,_T,,2004,,2888,,A,,0,,1,
DATAFLOW,OECD.ITF:DSD_TRENDS@DF_TRENDSSAFETY(1.0),,I,MDA,,A,,INJURED,,PS,,ROAD,,_T,,_T,,2005,,2770,,A,,0,,1,
DATAFLOW,OECD.ITF:DSD_TRENDS@DF_TRENDSSAFETY(1.0),,I,MDA,,A,,INJURED,,PS,,ROAD,,_T,,_T,,2006,,2807,,A,,0,,1,
DATAFLOW,OECD.ITF:DSD_TRENDS@DF_TRENDSSAFETY(1.0),,I,MDA,,A,,INJURED,,PS,,ROAD,,_T,,_T,,2007,,2984,,A,,0,,1,
DATAFLOW,OECD.ITF:DSD_TRENDS@DF_TRENDSSAFETY(1.0),,I,MDA,,A,,INJURED,,PS,,ROAD,,_T,,_T,,2008,,3506,,A,,0,,1,
DATAFLOW,OECD.ITF:DSD_TRENDS@DF_TRENDSSAFETY(1.0),,I,MDA,,A,,INJURED,,PS,,ROAD,,_T,,_T,,2009,,3297,,A,,0,,1,
DATAFLOW,OECD.ITF:DSD_TRENDS@DF_TRENDSSAFETY(1.0),,I,MDA,,A,,INJURED,,PS,,ROAD,,_T,,_T,,2010,,3745,,A,,0,,1,
DATAFLOW,OECD.ITF:DSD_TRENDS@DF_TRENDSSAFETY(1.0),,I,MDA,,A,,INJURED,,PS,,ROAD,,_T,,_T,,2011,,3535,,A,,0,,1,
DATAFLOW,OECD.ITF:DSD_TRENDS@DF_TRENDSSAFETY(1.0),,I,MDA,,A,,INJURED,,PS,,ROAD,,_T,,_T,,2012,,3510,,A,,0,,1,
DATAFLOW,OECD.ITF:DSD_TRENDS@DF_TRENDSSAFETY(1.0),,I,MDA,,A,,INJURED,,PS,,ROAD,,_T,,_T,,2013,,3220,,A,,0,,1,
DATAFLOW,OECD.ITF:DSD_TRENDS@DF_TRENDSSAFETY(1.0),,I,MDA,,A,,INJURED,,PS,,ROAD,,_T,,_T,,2014,,3077,,A,,0,,1,
DATAFLOW,OECD.ITF:DSD_TRENDS@DF_TRENDSSAFETY(1.0),,I,MDA,,A,,INJURED,,PS,,ROAD,,_T,,_T,,2015,,3063,,A,,0,,1,
DATAFLOW,OECD.ITF:DSD_TRENDS@DF_TRENDSSAFETY(1.0),,I,MDA,,A,,INJURED,,PS,,ROAD,,_T,,_T,,2016,,2929,,A,,0,,1,
DATAFLOW,OECD.ITF:DSD_TRENDS@DF_TRENDSSAFETY(1.0),,I,MDA,,A,,INJURED,,PS,,ROAD,,_T,,_T,,2017,,2993,,A,,0,,1,
DATAFLOW,OECD.ITF:DSD_TRENDS@DF_TRENDSSAFETY(1.0),,I,MDA,,A,,INJURED,,PS,,ROAD,,_T,,_T,,2018,,3123,,A,,0,,1,
DATAFLOW,OECD.ITF:DSD_TRENDS@DF_TRENDSSAFETY(1.0),,I,MDA,,A,,INJURED,,PS,,ROAD,,_T,,_T,,2019,,3031,,A,,0,,1,
DATAFLOW,OECD.ITF:DSD_TRENDS@DF_TRENDSSAFETY(1.0),,I,MDA,,A,,INJURED,,PS,,ROAD,,_T,,_T,,2020,,2265,,A,,0,,1,
DATAFLOW,OECD.ITF:DSD_TRENDS@DF_TRENDSSAFETY(1.0),,I,MDA,,A,,INJURED,,PS,,ROAD,,_T,,_T,,2021,,2860,,A,,0,,1,
DATAFLOW,OECD.ITF:DSD_TRENDS@DF_TRENDSSAFETY(1.0),,I,MDA,,A,,INJURED,,PS,,ROAD,,_T,,_T,,2022,,2558,,A,,0,,1,
DATAFLOW,OECD.ITF:DSD_TRENDS@DF_TRENDSSAFETY(1.0),,I,MDA,,A,,INJURED,,PS,,ROAD,,_T,,_T,,2023,,2289,,A,,0,,1,
DATAFLOW,OECD.ITF:DSD_TRENDS@DF_TRENDSSAFETY(1.0),,I,MDA,,A,,INJURED,,PS,,ROAD,,_T,,_T,,2024,,2375,,A,,0,,1,
DATAFLOW,OECD.ITF:DSD_TRENDS@DF_TRENDSSAFETY(1.0),,I,MNE,,A,,INJURED,,PS,,ROAD,,_T,,_T,,2005,,1942,,A,,0,,1,
DATAFLOW,OECD.ITF:DSD_TRENDS@DF_TRENDSSAFETY(1.0),,I,MNE,,A,,INJURED,,PS,,ROAD,,_T,,_T,,2006,,2257,,A,,0,,1,
DATAFLOW,OECD.ITF:DSD_TRENDS@DF_TRENDSSAFETY(1.0),,I,MNE,,A,,INJURED,,PS,,ROAD,,_T,,_T,,2007,,2796,,A,,0,,1,
DATAFLOW,OECD.ITF:DSD_TRENDS@DF_TRENDSSAFETY(1.0),,I,MNE,,A,,INJURED,,PS,,ROAD,,_T,,_T,,2008,,2473,,A,,0,,1,
DATAFLOW,OECD.ITF:DSD_TRENDS@DF_TRENDSSAFETY(1.0),,I,MNE,,A,,INJURED,,PS,,ROAD,,_T,,_T,,2009,,2478,,A,,0,,1,
DATAFLOW,OECD.ITF:DSD_TRENDS@DF_TRENDSSAFETY(1.0),,I,MNE,,A,,INJURED,,PS,,ROAD,,_T,,_T,,2010,,2099,,A,,0,,1,
DATAFLOW,OECD.ITF:DSD_TRENDS@DF_TRENDSSAFETY(1.0),,I,MNE,,A,,INJURED,,PS,,ROAD,,_T,,_T,,2011,,2075,,A,,0,,1,
DATAFLOW,OECD.ITF:DSD_TRENDS@DF_TRENDSSAFETY(1.0),,I,MNE,,A,,INJURED,,PS,,ROAD,,_T,,_T,,2012,,1722,,A,,0,,1,
DATAFLOW,OECD.ITF:DSD_TRENDS@DF_TRENDSSAFETY(1.0),,I,MNE,,A,,INJURED,,PS,,ROAD,,_T,,_T,,2013,,1812,,A,,0,,1,
DATAFLOW,OECD.ITF:DSD_TRENDS@DF_TRENDSSAFETY(1.0),,I,MNE,,A,,INJURED,,PS,,ROAD,,_T,,_T,,2014,,1835,,A,,0,,1,
DATAFLOW,OECD.ITF:DSD_TRENDS@DF_TRENDSSAFETY(1.0),,I,MNE,,A,,INJURED,,PS,,ROAD,,_T,,_T,,2015,,2173,,A,,0,,1,
DATAFLOW,OECD.ITF:DSD_TRENDS@DF_TRENDSSAFETY(1.0),,I,MNE,,A,,INJURED,,PS,,ROAD,,_T,,_T,,2016,,2358,,A,,0,,1,
DATAFLOW,OECD.ITF:DSD_TRENDS@DF_TRENDSSAFETY(1.0),,I,MNE,,A,,INJURED,,PS,,ROAD,,_T,,_T,,2017,,2648,,A,,0,,1,
DATAFLOW,OECD.ITF:DSD_TRENDS@DF_TRENDSSAFETY(1.0),,I,MKD,,A,,INJURED,,PS,,ROAD,,_T,,_T,,1970,,2573,,A,,0,,1,
DATAFLOW,OECD.ITF:DSD_TRENDS@DF_TRENDSSAFETY(1.0),,I,MKD,,A,,INJURED,,PS,,ROAD,,_T,,_T,,1971,,2819,,A,,0,,1,
DATAFLOW,OECD.ITF:DSD_TRENDS@DF_TRENDSSAFETY(1.0),,I,MKD,,A,,INJURED,,PS,,ROAD,,_T,,_T,,1972,,2956,,A,,0,,1,
DATAFLOW,OECD.ITF:DSD_TRENDS@DF_TRENDSSAFETY(1.0),,I,MKD,,A,,INJURED,,PS,,ROAD,,_T,,_T,,1973,,2885,,A,,0,,1,
DATAFLOW,OECD.ITF:DSD_TRENDS@DF_TRENDSSAFETY(1.0),,I,MKD,,A,,INJURED,,PS,,ROAD,,_T,,_T,,1974,,2928,,A,,0,,1,
DATAFLOW,OECD.ITF:DSD_TRENDS@DF_TRENDSSAFETY(1.0),,I,MKD,,A,,INJURED,,PS,,ROAD,,_T,,_T,,1975,,2830,,A,,0,,1,
DATAFLOW,OECD.ITF:DSD_TRENDS@DF_TRENDSSAFETY(1.0),,I,MKD,,A,,INJURED,,PS,,ROAD,,_T,,_T,,1976,,3387,,A,,0,,1,
DATAFLOW,OECD.ITF:DSD_TRENDS@DF_TRENDSSAFETY(1.0),,I,MKD,,A,,INJURED,,PS,,ROAD,,_T,,_T,,1977,,3379,,A,,0,,1,
DATAFLOW,OECD.ITF:DSD_TRENDS@DF_TRENDSSAFETY(1.0),,I,MKD,,A,,INJURED,,PS,,ROAD,,_T,,_T,,1978,,3493,,A,,0,,1,
DATAFLOW,OECD.ITF:DSD_TRENDS@DF_TRENDSSAFETY(1.0),,I,MKD,,A,,INJURED,,PS,,ROAD,,_T,,_T,,1979,,2883,,A,,0,,1,
DATAFLOW,OECD.ITF:DSD_TRENDS@DF_TRENDSSAFETY(1.0),,I,MKD,,A,,INJURED,,PS,,ROAD,,_T,,_T,,1980,,2707,,A,,0,,1,
DATAFLOW,OECD.ITF:DSD_TRENDS@DF_TRENDSSAFETY(1.0),,I,MKD,,A,,INJURED,,PS,,ROAD,,_T,,_T,,1981,,2196,,A,,0,,1,
DATAFLOW,OECD.ITF:DSD_TRENDS@DF_TRENDSSAFETY(1.0),,I,MKD,,A,,INJURED,,PS,,ROAD,,_T,,_T,,1982,,2412,,A,,0,,1,
DATAFLOW,OECD.ITF:DSD_TRENDS@DF_TRENDSSAFETY(1.0),,I,MKD,,A,,INJURED,,PS,,ROAD,,_T,,_T,,1983,,2442,,A,,0,,1,
DATAFLOW,OECD.ITF:DSD_TRENDS@DF_TRENDSSAFETY(1.0),,I,MKD,,A,,INJURED,,PS,,ROAD,,_T,,_T,,1984,,2387,,A,,0,,1,
DATAFLOW,OECD.ITF:DSD_TRENDS@DF_TRENDSSAFETY(1.0),,I,MKD,,A,,INJURED,,PS,,ROAD,,_T,,_T,,1985,,2630,,A,,0,,1,
DATAFLOW,OECD.ITF:DSD_TRENDS@DF_TRENDSSAFETY(1.0),,I,MKD,,A,,INJURED,,PS,,ROAD,,_T,,_T,,1986,,2891,,A,,0,,1,
DATAFLOW,OECD.ITF:DSD_TRENDS@DF_TRENDSSAFETY(1.0),,I,MKD,,A,,INJURED,,PS,,ROAD,,_T,,_T,,1987,,2766,,A,,0,,1,
DATAFLOW,OECD.ITF:DSD_TRENDS@DF_TRENDSSAFETY(1.0),,I,MKD,,A,,INJURED,,PS,,ROAD,,_T,,_T,,1988,,2392,,A,,0,,1,
DATAFLOW,OECD.ITF:DSD_TRENDS@DF_TRENDSSAFETY(1.0),,I,MKD,,A,,INJURED,,PS,,ROAD,,_T,,_T,,1989,,2912,,A,,0,,1,
DATAFLOW,OECD.ITF:DSD_TRENDS@DF_TRENDSSAFETY(1.0),,I,MKD,,A,,INJURED,,PS,,ROAD,,_T,,_T,,1990,,3066,,A,,0,,1,
DATAFLOW,OECD.ITF:DSD_TRENDS@DF_TRENDSSAFETY(1.0),,I,MKD,,A,,INJURED,,PS,,ROAD,,_T,,_T,,1991,,3053,,A,,0,,1,
DATAFLOW,OECD.ITF:DSD_TRENDS@DF_TRENDSSAFETY(1.0),,I,MKD,,A,,INJURED,,PS,,ROAD,,_T,,_T,,1992,,2673,,A,,0,,1,
DATAFLOW,OECD.ITF:DSD_TRENDS@DF_TRENDSSAFETY(1.0),,I,MKD,,A,,INJURED,,PS,,ROAD,,_T,,_T,,1993,,2819,,A,,0,,1,
DATAFLOW,OECD.ITF:DSD_TRENDS@DF_TRENDSSAFETY(1.0),,I,MKD,,A,,INJURED,,PS,,ROAD,,_T,,_T,,1994,,3333,,A,,0,,1,
DATAFLOW,OECD.ITF:DSD_TRENDS@DF_TRENDSSAFETY(1.0),,I,MKD,,A,,INJURED,,PS,,ROAD,,_T,,_T,,1995,,3443,,A,,0,,1,
DATAFLOW,OECD.ITF:DSD_TRENDS@DF_TRENDSSAFETY(1.0),,I,MKD,,A,,INJURED,,PS,,ROAD,,_T,,_T,,1996,,3397,,A,,0,,1,
DATAFLOW,OECD.ITF:DSD_TRENDS@DF_TRENDSSAFETY(1.0),,I,MKD,,A,,INJURED,,PS,,ROAD,,_T,,_T,,1997,,3199,,A,,0,,1,
DATAFLOW,OECD.ITF:DSD_TRENDS@DF_TRENDSSAFETY(1.0),,I,MKD,,A,,INJURED,,PS,,ROAD,,_T,,_T,,1998,,3019,,A,,0,,1,
DATAFLOW,OECD.ITF:DSD_TRENDS@DF_TRENDSSAFETY(1.0),,I,MKD,,A,,INJURED,,PS,,ROAD,,_T,,_T,,1999,,2984,,A,,0,,1,
DATAFLOW,OECD.ITF:DSD_TRENDS@DF_TRENDSSAFETY(1.0),,I,MKD,,A,,INJURED,,PS,,ROAD,,_T,,_T,,2000,,2340,,A,,0,,1,
DATAFLOW,OECD.ITF:DSD_TRENDS@DF_TRENDSSAFETY(1.0),,I,MKD,,A,,INJURED,,PS,,ROAD,,_T,,_T,,2001,,1830,,A,,0,,1,
DATAFLOW,OECD.ITF:DSD_TRENDS@DF_TRENDSSAFETY(1.0),,I,MKD,,A,,INJURED,,PS,,ROAD,,_T,,_T,,2002,,2424,,A,,0,,1,
DATAFLOW,OECD.ITF:DSD_TRENDS@DF_TRENDSSAFETY(1.0),,I,MKD,,A,,INJURED,,PS,,ROAD,,_T,,_T,,2003,,2750,,A,,0,,1,
DATAFLOW,OECD.ITF:DSD_TRENDS@DF_TRENDSSAFETY(1.0),,I,MKD,,A,,INJURED,,PS,,ROAD,,_T,,_T,,2004,,2922,,A,,0,,1,
DATAFLOW,OECD.ITF:DSD_TRENDS@DF_TRENDSSAFETY(1.0),,I,MKD,,A,,INJURED,,PS,,ROAD,,_T,,_T,,2005,,4176,,A,,0,,1,
DATAFLOW,OECD.ITF:DSD_TRENDS@DF_TRENDSSAFETY(1.0),,I,MKD,,A,,INJURED,,PS,,ROAD,,_T,,_T,,2006,,4936,,A,,0,,1,
DATAFLOW,OECD.ITF:DSD_TRENDS@DF_TRENDSSAFETY(1.0),,I,MKD,,A,,INJURED,,PS,,ROAD,,_T,,_T,,2007,,6133,,A,,0,,1,
DATAFLOW,OECD.ITF:DSD_TRENDS@DF_TRENDSSAFETY(1.0),,I,MKD,,A,,INJURED,,PS,,ROAD,,_T,,_T,,2008,,6724,,A,,0,,1,
DATAFLOW,OECD.ITF:DSD_TRENDS@DF_TRENDSSAFETY(1.0),,I,MKD,,A,,INJURED,,PS,,ROAD,,_T,,_T,,2009,,6731,,A,,0,,1,
DATAFLOW,OECD.ITF:DSD_TRENDS@DF_TRENDSSAFETY(1.0),,I,MKD,,A,,INJURED,,PS,,ROAD,,_T,,_T,,2010,,6195,,A,,0,,1,
DATAFLOW,OECD.ITF:DSD_TRENDS@DF_TRENDSSAFETY(1.0),,I,MKD,,A,,INJURED,,PS,,ROAD,,_T,,_T,,2011,,6853,,A,,0,,1,
DATAFLOW,OECD.ITF:DSD_TRENDS@DF_TRENDSSAFETY(1.0),,I,MKD,,A,,INJURED,,PS,,ROAD,,_T,,_T,,2012,,6149,,A,,0,,1,
DATAFLOW,OECD.ITF:DSD_TRENDS@DF_TRENDSSAFETY(1.0),,I,MKD,,A,,INJURED,,PS,,ROAD,,_T,,_T,,2013,,6484,,A,,0,,1,
DATAFLOW,OECD.ITF:DSD_TRENDS@DF_TRENDSSAFETY(1.0),,I,MKD,,A,,INJURED,,PS,,ROAD,,_T,,_T,,2014,,6056,,A,,0,,1,
DATAFLOW,OECD.ITF:DSD_TRENDS@DF_TRENDSSAFETY(1.0),,I,MKD,,A,,INJURED,,PS,,ROAD,,_T,,_T,,2015,,5913,,A,,0,,1,
DATAFLOW,OECD.ITF:DSD_TRENDS@DF_TRENDSSAFETY(1.0),,I,MKD,,A,,INJURED,,PS,,ROAD,,_T,,_T,,2016,,5971,,A,,0,,1,
DATAFLOW,OECD.ITF:DSD_TRENDS@DF_TRENDSSAFETY(1.0),,I,MKD,,A,,INJURED,,PS,,ROAD,,_T,,_T,,2017,,6224,,A,,0,,1,
DATAFLOW,OECD.ITF:DSD_TRENDS@DF_TRENDSSAFETY(1.0),,I,MKD,,A,,INJURED,,PS,,ROAD,,_T,,_T,,2018,,5860,,A,,0,,1,
DATAFLOW,OECD.ITF:DSD_TRENDS@DF_TRENDSSAFETY(1.0),,I,MKD,,A,,INJURED,,PS,,ROAD,,_T,,_T,,2019,,5164,,A,,0,,1,
DATAFLOW,OECD.ITF:DSD_TRENDS@DF_TRENDSSAFETY(1.0),,I,MKD,,A,,INJURED,,PS,,ROAD,,_T,,_T,,2020,,5741,,A,,0,,1,
DATAFLOW,OECD.ITF:DSD_TRENDS@DF_TRENDSSAFETY(1.0),,I,MKD,,A,,INJURED,,PS,,ROAD,,_T,,_T,,2021,,6659,,A,,0,,1,
DATAFLOW,OECD.ITF:DSD_TRENDS@DF_TRENDSSAFETY(1.0),,I,MKD,,A,,INJURED,,PS,,ROAD,,_T,,_T,,2022,,6296,,A,,0,,1,
DATAFLOW,OECD.ITF:DSD_TRENDS@DF_TRENDSSAFETY(1.0),,I,MKD,,A,,INJURED,,PS,,ROAD,,_T,,_T,,2023,,6978,,A,,0,,1,
DATAFLOW,OECD.ITF:DSD_TRENDS@DF_TRENDSSAFETY(1.0),,I,MKD,,A,,INJURED,,PS,,ROAD,,_T,,_T,,2024,,7156,,A,,0,,1,
DATAFLOW,OECD.ITF:DSD_TRENDS@DF_TRENDSSAFETY(1.0),,I,ROU,,A,,INJURED,,PS,,ROAD,,_T,,_T,,1970,,4402,,A,,0,,1,
DATAFLOW,OECD.ITF:DSD_TRENDS@DF_TRENDSSAFETY(1.0),,I,ROU,,A,,INJURED,,PS,,ROAD,,_T,,_T,,1971,,3949,,A,,0,,1,
DATAFLOW,OECD.ITF:DSD_TRENDS@DF_TRENDSSAFETY(1.0),,I,ROU,,A,,INJURED,,PS,,ROAD,,_T,,_T,,1972,,4445,,A,,0,,1,
DATAFLOW,OECD.ITF:DSD_TRENDS@DF_TRENDSSAFETY(1.0),,I,ROU,,A,,INJURED,,PS,,ROAD,,_T,,_T,,1973,,4488,,A,,0,,1,
DATAFLOW,OECD.ITF:DSD_TRENDS@DF_TRENDSSAFETY(1.0),,I,ROU,,A,,INJURED,,PS,,ROAD,,_T,,_T,,1974,,4435,,A,,0,,1,
DATAFLOW,OECD.ITF:DSD_TRENDS@DF_TRENDSSAFETY(1.0),,I,ROU,,A,,INJURED,,PS,,ROAD,,_T,,_T,,1975,,4574,,A,,0,,1,
DATAFLOW,OECD.ITF:DSD_TRENDS@DF_TRENDSSAFETY(1.0),,I,ROU,,A,,INJURED,,PS,,ROAD,,_T,,_T,,1976,,5077,,A,,0,,1,
DATAFLOW,OECD.ITF:DSD_TRENDS@DF_TRENDSSAFETY(1.0),,I,ROU,,A,,INJURED,,PS,,ROAD,,_T,,_T,,1977,,4764,,A,,0,,1,
DATAFLOW,OECD.ITF:DSD_TRENDS@DF_TRENDSSAFETY(1.0),,I,ROU,,A,,INJURED,,PS,,ROAD,,_T,,_T,,1978,,3780,,A,,0,,1,
DATAFLOW,OECD.ITF:DSD_TRENDS@DF_TRENDSSAFETY(1.0),,I,ROU,,A,,INJURED,,PS,,ROAD,,_T,,_T,,1979,,4143,,A,,0,,1,
DATAFLOW,OECD.ITF:DSD_TRENDS@DF_TRENDSSAFETY(1.0),,I,ROU,,A,,INJURED,,PS,,ROAD,,_T,,_T,,1980,,3756,,A,,0,,1,
DATAFLOW,OECD.ITF:DSD_TRENDS@DF_TRENDSSAFETY(1.0),,I,ROU,,A,,INJURED,,PS,,ROAD,,_T,,_T,,1981,,3583,,A,,0,,1,
DATAFLOW,OECD.ITF:DSD_TRENDS@DF_TRENDSSAFETY(1.0),,I,ROU,,A,,INJURED,,PS,,ROAD,,_T,,_T,,1982,,3301,,A,,0,,1,
DATAFLOW,OECD.ITF:DSD_TRENDS@DF_TRENDSSAFETY(1.0),,I,ROU,,A,,INJURED,,PS,,ROAD,,_T,,_T,,1983,,2869,,A,,0,,1,
DATAFLOW,OECD.ITF:DSD_TRENDS@DF_TRENDSSAFETY(1.0),,I,ROU,,A,,INJURED,,PS,,ROAD,,_T,,_T,,1984,,2679,,A,,0,,1,
DATAFLOW,OECD.ITF:DSD_TRENDS@DF_TRENDSSAFETY(1.0),,I,ROU,,A,,INJURED,,PS,,ROAD,,_T,,_T,,1985,,2405,,A,,0,,1,
DATAFLOW,OECD.ITF:DSD_TRENDS@DF_TRENDSSAFETY(1.0),,I,ROU,,A,,INJURED,,PS,,ROAD,,_T,,_T,,1986,,2129,,A,,0,,1,
DATAFLOW,OECD.ITF:DSD_TRENDS@DF_TRENDSSAFETY(1.0),,I,ROU,,A,,INJURED,,PS,,ROAD,,_T,,_T,,1987,,2213,,A,,0,,1,
DATAFLOW,OECD.ITF:DSD_TRENDS@DF_TRENDSSAFETY(1.0),,I,ROU,,A,,INJURED,,PS,,ROAD,,_T,,_T,,1988,,1927,,A,,0,,1,
DATAFLOW,OECD.ITF:DSD_TRENDS@DF_TRENDSSAFETY(1.0),,I,ROU,,A,,INJURED,,PS,,ROAD,,_T,,_T,,1989,,1733,,A,,0,,1,
DATAFLOW,OECD.ITF:DSD_TRENDS@DF_TRENDSSAFETY(1.0),,I,ROU,,A,,INJURED,,PS,,ROAD,,_T,,_T,,1990,,8137,,A,,0,,1,
DATAFLOW,OECD.ITF:DSD_TRENDS@DF_TRENDSSAFETY(1.0),,I,ROU,,A,,INJURED,,PS,,ROAD,,_T,,_T,,1991,,7789,,A,,0,,1,
DATAFLOW,OECD.ITF:DSD_TRENDS@DF_TRENDSSAFETY(1.0),,I,ROU,,A,,INJURED,,PS,,ROAD,,_T,,_T,,1992,,6960,,A,,0,,1,
DATAFLOW,OECD.ITF:DSD_TRENDS@DF_TRENDSSAFETY(1.0),,I,ROU,,A,,INJURED,,PS,,ROAD,,_T,,_T,,1993,,8302,,A,,0,,1,
DATAFLOW,OECD.ITF:DSD_TRENDS@DF_TRENDSSAFETY(1.0),,I,ROU,,A,,INJURED,,PS,,ROAD,,_T,,_T,,1994,,8198,,A,,0,,1,
DATAFLOW,OECD.ITF:DSD_TRENDS@DF_TRENDSSAFETY(1.0),,I,ROU,,A,,INJURED,,PS,,ROAD,,_T,,_T,,1995,,7716,,A,,0,,1,
DATAFLOW,OECD.ITF:DSD_TRENDS@DF_TRENDSSAFETY(1.0),,I,ROU,,A,,INJURED,,PS,,ROAD,,_T,,_T,,1996,,7504,,A,,0,,1,
DATAFLOW,OECD.ITF:DSD_TRENDS@DF_TRENDSSAFETY(1.0),,I,ROU,,A,,INJURED,,PS,,ROAD,,_T,,_T,,1997,,7451,,A,,0,,1,
DATAFLOW,OECD.ITF:DSD_TRENDS@DF_TRENDSSAFETY(1.0),,I,ROU,,A,,INJURED,,PS,,ROAD,,_T,,_T,,1998,,7221,,A,,0,,1,
DATAFLOW,OECD.ITF:DSD_TRENDS@DF_TRENDSSAFETY(1.0),,I,ROU,,A,,INJURED,,PS,,ROAD,,_T,,_T,,1999,,6601,,A,,0,,1,
DATAFLOW,OECD.ITF:DSD_TRENDS@DF_TRENDSSAFETY(1.0),,I,ROU,,A,,INJURED,,PS,,ROAD,,_T,,_T,,2000,,6315,,A,,0,,1,
DATAFLOW,OECD.ITF:DSD_TRENDS@DF_TRENDSSAFETY(1.0),,I,ROU,,A,,INJURED,,PS,,ROAD,,_T,,_T,,2001,,5963,,A,,0,,1,
DATAFLOW,OECD.ITF:DSD_TRENDS@DF_TRENDSSAFETY(1.0),,I,ROU,,A,,INJURED,,PS,,ROAD,,_T,,_T,,2002,,5777,,A,,0,,1,
DATAFLOW,OECD.ITF:DSD_TRENDS@DF_TRENDSSAFETY(1.0),,I,ROU,,A,,INJURED,,PS,,ROAD,,_T,,_T,,2003,,5538,,A,,0,,1,
DATAFLOW,OECD.ITF:DSD_TRENDS@DF_TRENDSSAFETY(1.0),,I,ROU,,A,,INJURED,,PS,,ROAD,,_T,,_T,,2004,,5594,,A,,0,,1,
DATAFLOW,OECD.ITF:DSD_TRENDS@DF_TRENDSSAFETY(1.0),,I,ROU,,A,,INJURED,,PS,,ROAD,,_T,,_T,,2005,,5868,,A,,0,,1,
DATAFLOW,OECD.ITF:DSD_TRENDS@DF_TRENDSSAFETY(1.0),,I,ROU,,A,,INJURED,,PS,,ROAD,,_T,,_T,,2007,,29604,,A,,0,,1,
DATAFLOW,OECD.ITF:DSD_TRENDS@DF_TRENDSSAFETY(1.0),,I,ROU,,A,,INJURED,,PS,,ROAD,,_T,,_T,,2008,,36931,,A,,0,,1,
DATAFLOW,OECD.ITF:DSD_TRENDS@DF_TRENDSSAFETY(1.0),,I,ROU,,A,,INJURED,,PS,,ROAD,,_T,,_T,,2009,,35523,,A,,0,,1,
DATAFLOW,OECD.ITF:DSD_TRENDS@DF_TRENDSSAFETY(1.0),,I,ROU,,A,,INJURED,,PS,,ROAD,,_T,,_T,,2010,,32414,,A,,0,,1,
DATAFLOW,OECD.ITF:DSD_TRENDS@DF_TRENDSSAFETY(1.0),,I,ROU,,A,,INJURED,,PS,,ROAD,,_T,,_T,,2011,,33491,,A,,0,,1,
DATAFLOW,OECD.ITF:DSD_TRENDS@DF_TRENDSSAFETY(1.0),,I,ROU,,A,,INJURED,,PS,,ROAD,,_T,,_T,,2012,,34209,,A,,0,,1,
DATAFLOW,OECD.ITF:DSD_TRENDS@DF_TRENDSSAFETY(1.0),,I,ROU,,A,,INJURED,,PS,,ROAD,,_T,,_T,,2013,,31464,,A,,0,,1,
DATAFLOW,OECD.ITF:DSD_TRENDS@DF_TRENDSSAFETY(1.0),,I,ROU,,A,,INJURED,,PS,,ROAD,,_T,,_T,,2014,,32334,,A,,0,,1,
DATAFLOW,OECD.ITF:DSD_TRENDS@DF_TRENDSSAFETY(1.0),,I,ROU,,A,,INJURED,,PS,,ROAD,,_T,,_T,,2015,,36897,,A,,0,,1,
DATAFLOW,OECD.ITF:DSD_TRENDS@DF_TRENDSSAFETY(1.0),,I,ROU,,A,,INJURED,,PS,,ROAD,,_T,,_T,,2016,,39562,,A,,0,,1,
DATAFLOW,OECD.ITF:DSD_TRENDS@DF_TRENDSSAFETY(1.0),,I,ROU,,A,,INJURED,,PS,,ROAD,,_T,,_T,,2017,,40211,,A,,0,,1,
DATAFLOW,OECD.ITF:DSD_TRENDS@DF_TRENDSSAFETY(1.0),,I,ROU,,A,,INJURED,,PS,,ROAD,,_T,,_T,,2018,,38709,,A,,0,,1,
DATAFLOW,OECD.ITF:DSD_TRENDS@DF_TRENDSSAFETY(1.0),,I,ROU,,A,,INJURED,,PS,,ROAD,,_T,,_T,,2019,,39669,,A,,0,,1,
DATAFLOW,OECD.ITF:DSD_TRENDS@DF_TRENDSSAFETY(1.0),,I,SRB,,A,,INJURED,,PS,,ROAD,,_T,,_T,,1999,,15079,,A,,0,,1,
DATAFLOW,OECD.ITF:DSD_TRENDS@DF_TRENDSSAFETY(1.0),,I,SRB,,A,,INJURED,,PS,,ROAD,,_T,,_T,,2000,,16610,,A,,0,,1,
DATAFLOW,OECD.ITF:DSD_TRENDS@DF_TRENDSSAFETY(1.0),,I,SRB,,A,,INJURED,,PS,,ROAD,,_T,,_T,,2001,,19873,,A,,0,,1,
DATAFLOW,OECD.ITF:DSD_TRENDS@DF_TRENDSSAFETY(1.0),,I,SRB,,A,,INJURED,,PS,,ROAD,,_T,,_T,,2002,,14738,,A,,0,,1,
DATAFLOW,OECD.ITF:DSD_TRENDS@DF_TRENDSSAFETY(1.0),,I,SRB,,A,,INJURED,,PS,,ROAD,,_T,,_T,,2003,,15929,,A,,0,,1,
DATAFLOW,OECD.ITF:DSD_TRENDS@DF_TRENDSSAFETY(1.0),,I,SRB,,A,,INJURED,,PS,,ROAD,,_T,,_T,,2004,,17557,,A,,0,,1,
DATAFLOW,OECD.ITF:DSD_TRENDS@DF_TRENDSSAFETY(1.0),,I,SRB,,A,,INJURED,,PS,,ROAD,,_T,,_T,,2005,,16872,,A,,0,,1,
DATAFLOW,OECD.ITF:DSD_TRENDS@DF_TRENDSSAFETY(1.0),,I,SRB,,A,,INJURED,,PS,,ROAD,,_T,,_T,,2006,,18405,,A,,0,,1,
DATAFLOW,OECD.ITF:DSD_TRENDS@DF_TRENDSSAFETY(1.0),,I,SRB,,A,,INJURED,,PS,,ROAD,,_T,,_T,,2007,,22201,,A,,0,,1,
DATAFLOW,OECD.ITF:DSD_TRENDS@DF_TRENDSSAFETY(1.0),,I,SRB,,A,,INJURED,,PS,,ROAD,,_T,,_T,,2008,,22275,,A,,0,,1,
DATAFLOW,OECD.ITF:DSD_TRENDS@DF_TRENDSSAFETY(1.0),,I,SRB,,A,,INJURED,,PS,,ROAD,,_T,,_T,,2009,,21512,,A,,0,,1,
DATAFLOW,OECD.ITF:DSD_TRENDS@DF_TRENDSSAFETY(1.0),,I,SRB,,A,,INJURED,,PS,,ROAD,,_T,,_T,,2010,,19326,,A,,0,,1,
DATAFLOW,OECD.ITF:DSD_TRENDS@DF_TRENDSSAFETY(1.0),,I,SRB,,A,,INJURED,,PS,,ROAD,,_T,,_T,,2011,,19312,,A,,0,,1,
DATAFLOW,OECD.ITF:DSD_TRENDS@DF_TRENDSSAFETY(1.0),,I,SRB,,A,,INJURED,,PS,,ROAD,,_T,,_T,,2012,,18406,,A,,0,,1,
DATAFLOW,OECD.ITF:DSD_TRENDS@DF_TRENDSSAFETY(1.0),,I,SRB,,A,,INJURED,,PS,,ROAD,,_T,,_T,,2013,,18472,,A,,0,,1,
DATAFLOW,OECD.ITF:DSD_TRENDS@DF_TRENDSSAFETY(1.0),,I,SRB,,A,,INJURED,,PS,,ROAD,,_T,,_T,,2014,,17993,,A,,0,,1,
DATAFLOW,OECD.ITF:DSD_TRENDS@DF_TRENDSSAFETY(1.0),,I,SRB,,A,,INJURED,,PS,,ROAD,,_T,,_T,,2015,,19308,,A,,0,,1,
DATAFLOW,OECD.ITF:DSD_TRENDS@DF_TRENDSSAFETY(1.0),,I,SRB,,A,,INJURED,,PS,,ROAD,,_T,,_T,,2016,,20606,,A,,0,,1,
DATAFLOW,OECD.ITF:DSD_TRENDS@DF_TRENDSSAFETY(1.0),,I,SRB,,A,,INJURED,,PS,,ROAD,,_T,,_T,,2017,,21139,,A,,0,,1,
DATAFLOW,OECD.ITF:DSD_TRENDS@DF_TRENDSSAFETY(1.0),,I,SRB,,A,,INJURED,,PS,,ROAD,,_T,,_T,,2018,,20656,,A,,0,,1,
DATAFLOW,OECD.ITF:DSD_TRENDS@DF_TRENDSSAFETY(1.0),,I,SRB,,A,,INJURED,,PS,,ROAD,,_T,,_T,,2019,,20194,,A,,0,,1,
DATAFLOW,OECD.ITF:DSD_TRENDS@DF_TRENDSSAFETY(1.0),,I,SRB,,A,,INJURED,,PS,,ROAD,,_T,,_T,,2020,,17104,,A,,0,,1,
DATAFLOW,OECD.ITF:DSD_TRENDS@DF_TRENDSSAFETY(1.0),,I,SRB,,A,,INJURED,,PS,,ROAD,,_T,,_T,,2021,,19965,,A,,0,,1,
DATAFLOW,OECD.ITF:DSD_TRENDS@DF_TRENDSSAFETY(1.0),,I,SRB,,A,,INJURED,,PS,,ROAD,,_T,,_T,,2022,,19131,,A,,0,,1,
DATAFLOW,OECD.ITF:DSD_TRENDS@DF_TRENDSSAFETY(1.0),,I,SRB,,A,,INJURED,,PS,,ROAD,,_T,,_T,,2023,,19059,,A,,0,,1,
DATAFLOW,OECD.ITF:DSD_TRENDS@DF_TRENDSSAFETY(1.0),,I,SRB,,A,,INJURED,,PS,,ROAD,,_T,,_T,,2024,,19188,,A,,0,,1,
DATAFLOW,OECD.ITF:DSD_TRENDS@DF_TRENDSSAFETY(1.0),,I,UKR,,A,,INJURED,,PS,,ROAD,,_T,,_T,,1970,,24727,,A,,0,,1,
DATAFLOW,OECD.ITF:DSD_TRENDS@DF_TRENDSSAFETY(1.0),,I,UKR,,A,,INJURED,,PS,,ROAD,,_T,,_T,,1971,,25895,,A,,0,,1,
DATAFLOW,OECD.ITF:DSD_TRENDS@DF_TRENDSSAFETY(1.0),,I,UKR,,A,,INJURED,,PS,,ROAD,,_T,,_T,,1972,,25938,,A,,0,,1,
DATAFLOW,OECD.ITF:DSD_TRENDS@DF_TRENDSSAFETY(1.0),,I,UKR,,A,,INJURED,,PS,,ROAD,,_T,,_T,,1973,,26375,,A,,0,,1,
DATAFLOW,OECD.ITF:DSD_TRENDS@DF_TRENDSSAFETY(1.0),,I,UKR,,A,,INJURED,,PS,,ROAD,,_T,,_T,,1974,,12160,,A,,0,,1,
DATAFLOW,OECD.ITF:DSD_TRENDS@DF_TRENDSSAFETY(1.0),,I,UKR,,A,,INJURED,,PS,,ROAD,,_T,,_T,,1975,,13530,,A,,0,,1,
DATAFLOW,OECD.ITF:DSD_TRENDS@DF_TRENDSSAFETY(1.0),,I,UKR,,A,,INJURED,,PS,,ROAD,,_T,,_T,,1976,,37617,,A,,0,,1,
DATAFLOW,OECD.ITF:DSD_TRENDS@DF_TRENDSSAFETY(1.0),,I,UKR,,A,,INJURED,,PS,,ROAD,,_T,,_T,,1977,,37374,,A,,0,,1,
DATAFLOW,OECD.ITF:DSD_TRENDS@DF_TRENDSSAFETY(1.0),,I,UKR,,A,,INJURED,,PS,,ROAD,,_T,,_T,,1978,,37925,,A,,0,,1,
DATAFLOW,OECD.ITF:DSD_TRENDS@DF_TRENDSSAFETY(1.0),,I,UKR,,A,,INJURED,,PS,,ROAD,,_T,,_T,,1979,,38330,,A,,0,,1,
DATAFLOW,OECD.ITF:DSD_TRENDS@DF_TRENDSSAFETY(1.0),,I,UKR,,A,,INJURED,,PS,,ROAD,,_T,,_T,,1980,,38767,,A,,0,,1,
DATAFLOW,OECD.ITF:DSD_TRENDS@DF_TRENDSSAFETY(1.0),,I,UKR,,A,,INJURED,,PS,,ROAD,,_T,,_T,,1983,,40254,,A,,0,,1,
DATAFLOW,OECD.ITF:DSD_TRENDS@DF_TRENDSSAFETY(1.0),,I,UKR,,A,,INJURED,,PS,,ROAD,,_T,,_T,,1984,,40622,,A,,0,,1,
DATAFLOW,OECD.ITF:DSD_TRENDS@DF_TRENDSSAFETY(1.0),,I,UKR,,A,,INJURED,,PS,,ROAD,,_T,,_T,,1985,,39999,,A,,0,,1,
DATAFLOW,OECD.ITF:DSD_TRENDS@DF_TRENDSSAFETY(1.0),,I,UKR,,A,,INJURED,,PS,,ROAD,,_T,,_T,,1986,,39746,,A,,0,,1,
DATAFLOW,OECD.ITF:DSD_TRENDS@DF_TRENDSSAFETY(1.0),,I,UKR,,A,,INJURED,,PS,,ROAD,,_T,,_T,,1987,,39711,,A,,0,,1,
DATAFLOW,OECD.ITF:DSD_TRENDS@DF_TRENDSSAFETY(1.0),,I,UKR,,A,,INJURED,,PS,,ROAD,,_T,,_T,,1988,,42461,,A,,0,,1,
DATAFLOW,OECD.ITF:DSD_TRENDS@DF_TRENDSSAFETY(1.0),,I,UKR,,A,,INJURED,,PS,,ROAD,,_T,,_T,,1989,,50552,,A,,0,,1,
DATAFLOW,OECD.ITF:DSD_TRENDS@DF_TRENDSSAFETY(1.0),,I,UKR,,A,,INJURED,,PS,,ROAD,,_T,,_T,,1990,,53451,,A,,0,,1,
DATAFLOW,OECD.ITF:DSD_TRENDS@DF_TRENDSSAFETY(1.0),,I,UKR,,A,,INJURED,,PS,,ROAD,,_T,,_T,,1991,,49847,,A,,0,,1,
DATAFLOW,OECD.ITF:DSD_TRENDS@DF_TRENDSSAFETY(1.0),,I,UKR,,A,,INJURED,,PS,,ROAD,,_T,,_T,,1992,,48989,,A,,0,,1,
DATAFLOW,OECD.ITF:DSD_TRENDS@DF_TRENDSSAFETY(1.0),,I,UKR,,A,,INJURED,,PS,,ROAD,,_T,,_T,,1993,,43453,,A,,0,,1,
DATAFLOW,OECD.ITF:DSD_TRENDS@DF_TRENDSSAFETY(1.0),,I,UKR,,A,,INJURED,,PS,,ROAD,,_T,,_T,,1994,,45881,,A,,0,,1,
DATAFLOW,OECD.ITF:DSD_TRENDS@DF_TRENDSSAFETY(1.0),,I,UKR,,A,,INJURED,,PS,,ROAD,,_T,,_T,,1995,,46943,,A,,0,,1,
DATAFLOW,OECD.ITF:DSD_TRENDS@DF_TRENDSSAFETY(1.0),,I,UKR,,A,,INJURED,,PS,,ROAD,,_T,,_T,,1996,,44101,,A,,0,,1,
DATAFLOW,OECD.ITF:DSD_TRENDS@DF_TRENDSSAFETY(1.0),,I,UKR,,A,,INJURED,,PS,,ROAD,,_T,,_T,,1997,,41964,,A,,0,,1,
DATAFLOW,OECD.ITF:DSD_TRENDS@DF_TRENDSSAFETY(1.0),,I,UKR,,A,,INJURED,,PS,,ROAD,,_T,,_T,,1998,,40174,,A,,0,,1,
DATAFLOW,OECD.ITF:DSD_TRENDS@DF_TRENDSSAFETY(1.0),,I,UKR,,A,,INJURED,,PS,,ROAD,,_T,,_T,,1999,,38277,,A,,0,,1,
DATAFLOW,OECD.ITF:DSD_TRENDS@DF_TRENDSSAFETY(1.0),,I,UKR,,A,,INJURED,,PS,,ROAD,,_T,,_T,,2000,,36636,,A,,0,,1,
DATAFLOW,OECD.ITF:DSD_TRENDS@DF_TRENDSSAFETY(1.0),,I,UKR,,A,,INJURED,,PS,,ROAD,,_T,,_T,,2001,,38196,,A,,0,,1,
DATAFLOW,OECD.ITF:DSD_TRENDS@DF_TRENDSSAFETY(1.0),,I,UKR,,A,,INJURED,,PS,,ROAD,,_T,,_T,,2002,,37916,,A,,0,,1,
DATAFLOW,OECD.ITF:DSD_TRENDS@DF_TRENDSSAFETY(1.0),,I,UKR,,A,,INJURED,,PS,,ROAD,,_T,,_T,,2003,,47458,,A,,0,,1,
DATAFLOW,OECD.ITF:DSD_TRENDS@DF_TRENDSSAFETY(1.0),,I,UKR,,A,,INJURED,,PS,,ROAD,,_T,,_T,,2004,,53636,,A,,0,,1,
DATAFLOW,OECD.ITF:DSD_TRENDS@DF_TRENDSSAFETY(1.0),,I,UKR,,A,,INJURED,,PS,,ROAD,,_T,,_T,,2005,,55999,,A,,0,,1,
DATAFLOW,OECD.ITF:DSD_TRENDS@DF_TRENDSSAFETY(1.0),,I,UKR,,A,,INJURED,,PS,,ROAD,,_T,,_T,,2006,,60018,,A,,0,,1,
DATAFLOW,OECD.ITF:DSD_TRENDS@DF_TRENDSSAFETY(1.0),,I,UKR,,A,,INJURED,,PS,,ROAD,,_T,,_T,,2007,,78528,,A,,0,,1,
DATAFLOW,OECD.ITF:DSD_TRENDS@DF_TRENDSSAFETY(1.0),,I,UKR,,A,,INJURED,,PS,,ROAD,,_T,,_T,,2008,,63254,,A,,0,,1,
DATAFLOW,OECD.ITF:DSD_TRENDS@DF_TRENDSSAFETY(1.0),,I,UKR,,A,,INJURED,,PS,,ROAD,,_T,,_T,,2009,,45675,,A,,0,,1,
DATAFLOW,OECD.ITF:DSD_TRENDS@DF_TRENDSSAFETY(1.0),,I,UKR,,A,,INJURED,,PS,,ROAD,,_T,,_T,,2010,,38975,,A,,0,,1,
DATAFLOW,OECD.ITF:DSD_TRENDS@DF_TRENDSSAFETY(1.0),,I,UKR,,A,,INJURED,,PS,,ROAD,,_T,,_T,,2011,,38178,,A,,0,,1,
DATAFLOW,OECD.ITF:DSD_TRENDS@DF_TRENDSSAFETY(1.0),,I,UKR,,A,,INJURED,,PS,,ROAD,,_T,,_T,,2012,,37519,,A,,0,,1,
DATAFLOW,OECD.ITF:DSD_TRENDS@DF_TRENDSSAFETY(1.0),,I,UKR,,A,,INJURED,,PS,,ROAD,,_T,,_T,,2013,,37521,,A,,0,,1,
DATAFLOW,OECD.ITF:DSD_TRENDS@DF_TRENDSSAFETY(1.0),,I,UKR,,A,,INJURED,,PS,,ROAD,,_T,,_T,,2015,,31600,,A,,0,,1,
DATAFLOW,OECD.ITF:DSD_TRENDS@DF_TRENDSSAFETY(1.0),,I,UKR,,A,,INJURED,,PS,,ROAD,,_T,,_T,,2016,,33613,,A,,0,,1,
DATAFLOW,OECD.ITF:DSD_TRENDS@DF_TRENDSSAFETY(1.0),,I,UKR,,A,,INJURED,,PS,,ROAD,,_T,,_T,,2017,,34677,,A,,0,,1,
DATAFLOW,OECD.ITF:DSD_TRENDS@DF_TRENDSSAFETY(1.0),,I,UZB,,A,,INJURED,,PS,,ROAD,,_T,,_T,,1995,,11416,,A,,0,,1,
DATAFLOW,OECD.ITF:DSD_TRENDS@DF_TRENDSSAFETY(1.0),,I,UZB,,A,,INJURED,,PS,,ROAD,,_T,,_T,,1996,,11311,,A,,0,,1,
DATAFLOW,OECD.ITF:DSD_TRENDS@DF_TRENDSSAFETY(1.0),,I,UZB,,A,,INJURED,,PS,,ROAD,,_T,,_T,,1997,,11360,,A,,0,,1,
DATAFLOW,OECD.ITF:DSD_TRENDS@DF_TRENDSSAFETY(1.0),,I,UZB,,A,,INJURED,,PS,,ROAD,,_T,,_T,,1998,,11676,,A,,0,,1,
DATAFLOW,OECD.ITF:DSD_TRENDS@DF_TRENDSSAFETY(1.0),,I,UZB,,A,,INJURED,,PS,,ROAD,,_T,,_T,,1999,,11900,,A,,0,,1,
DATAFLOW,OECD.ITF:DSD_TRENDS@DF_TRENDSSAFETY(1.0),,I,UZB,,A,,INJURED,,PS,,ROAD,,_T,,_T,,2000,,11678,,A,,0,,1,
DATAFLOW,OECD.ITF:DSD_TRENDS@DF_TRENDSSAFETY(1.0),,I,UZB,,A,,INJURED,,PS,,ROAD,,_T,,_T,,2001,,11804,,A,,0,,1,
DATAFLOW,OECD.ITF:DSD_TRENDS@DF_TRENDSSAFETY(1.0),,I,UZB,,A,,INJURED,,PS,,ROAD,,_T,,_T,,2002,,11432,,A,,0,,1,
DATAFLOW,OECD.ITF:DSD_TRENDS@DF_TRENDSSAFETY(1.0),,I,UZB,,A,,INJURED,,PS,,ROAD,,_T,,_T,,2003,,11387,,A,,0,,1,
DATAFLOW,OECD.ITF:DSD_TRENDS@DF_TRENDSSAFETY(1.0),,I,UZB,,A,,INJURED,,PS,,ROAD,,_T,,_T,,2004,,11442,,A,,0,,1,
DATAFLOW,OECD.ITF:DSD_TRENDS@DF_TRENDSSAFETY(1.0),,I,UZB,,A,,INJURED,,PS,,ROAD,,_T,,_T,,2005,,11836,,A,,0,,1,
DATAFLOW,OECD.ITF:DSD_TRENDS@DF_TRENDSSAFETY(1.0),,I,UZB,,A,,INJURED,,PS,,ROAD,,_T,,_T,,2006,,11881,,A,,0,,1,
DATAFLOW,OECD.ITF:DSD_TRENDS@DF_TRENDSSAFETY(1.0),,I,UZB,,A,,INJURED,,PS,,ROAD,,_T,,_T,,2007,,11706,,A,,0,,1,
DATAFLOW,OECD.ITF:DSD_TRENDS@DF_TRENDSSAFETY(1.0),,I,UZB,,A,,INJURED,,PS,,ROAD,,_T,,_T,,2008,,11647,,A,,0,,1,
DATAFLOW,OECD.ITF:DSD_TRENDS@DF_TRENDSSAFETY(1.0),,I,UZB,,A,,INJURED,,PS,,ROAD,,_T,,_T,,2009,,11591,,A,,0,,1,
DATAFLOW,OECD.ITF:DSD_TRENDS@DF_TRENDSSAFETY(1.0),,I,UZB,,A,,INJURED,,PS,,ROAD,,_T,,_T,,2010,,11550,,A,,0,,1,
DATAFLOW,OECD.ITF:DSD_TRENDS@DF_TRENDSSAFETY(1.0),,I,UZB,,A,,INJURED,,PS,,ROAD,,_T,,_T,,2011,,11228,,A,,0,,1,
DATAFLOW,OECD.ITF:DSD_TRENDS@DF_TRENDSSAFETY(1.0),,I,UZB,,A,,INJURED,,PS,,ROAD,,_T,,_T,,2012,,10812,,A,,0,,1,
DATAFLOW,OECD.ITF:DSD_TRENDS@DF_TRENDSSAFETY(1.0),,I,UZB,,A,,INJURED,,PS,,ROAD,,_T,,_T,,2013,,10428,,A,,0,,1,
DATAFLOW,OECD.ITF:DSD_TRENDS@DF_TRENDSSAFETY(1.0),,I,UZB,,A,,INJURED,,PS,,ROAD,,_T,,_T,,2014,,10469,,A,,0,,1,
DATAFLOW,OECD.ITF:DSD_TRENDS@DF_TRENDSSAFETY(1.0),,I,UZB,,A,,INJURED,,PS,,ROAD,,_T,,_T,,2015,,10233,,A,,0,,1,
DATAFLOW,OECD.ITF:DSD_TRENDS@DF_TRENDSSAFETY(1.0),,I,UZB,,A,,INJURED,,PS,,ROAD,,_T,,_T,,2016,,9908,,A,,0,,1,
DATAFLOW,OECD.ITF:DSD_TRENDS@DF_TRENDSSAFETY(1.0),,I,UZB,,A,,INJURED,,PS,,ROAD,,_T,,_T,,2017,,9637,,A,,0,,1,
DATAFLOW,OECD.ITF:DSD_TRENDS@DF_TRENDSSAFETY(1.0),,I,UZB,,A,,INJURED,,PS,,ROAD,,_T,,_T,,2018,,8458,,A,,0,,1,
DATAFLOW,OECD.ITF:DSD_TRENDS@DF_TRENDSSAFETY(1.0),,I,UZB,,A,,INJURED,,PS,,ROAD,,_T,,_T,,2019,,7923,,A,,0,,1,
DATAFLOW,OECD.ITF:DSD_TRENDS@DF_TRENDSSAFETY(1.0),,I,UZB,,A,,INJURED,,PS,,ROAD,,_T,,_T,,2020,,6591,,A,,0,,1,
DATAFLOW,OECD.ITF:DSD_TRENDS@DF_TRENDSSAFETY(1.0),,I,AUS,,A,,CRASHES,,CRA,,ROAD,,_T,,_T,,1989,,24567,,A,,0,,1,
DATAFLOW,OECD.ITF:DSD_TRENDS@DF_TRENDSSAFETY(1.0),,I,AUS,,A,,CRASHES,,CRA,,ROAD,,_T,,_T,,1990,,22070,,A,,0,,1,
DATAFLOW,OECD.ITF:DSD_TRENDS@DF_TRENDSSAFETY(1.0),,I,AUS,,A,,CRASHES,,CRA,,ROAD,,_T,,_T,,1991,,19724,,A,,0,,1,
DATAFLOW,OECD.ITF:DSD_TRENDS@DF_TRENDSSAFETY(1.0),,I,AUS,,A,,CRASHES,,CRA,,ROAD,,_T,,_T,,1992,,18850,,A,,0,,1,
DATAFLOW,OECD.ITF:DSD_TRENDS@DF_TRENDSSAFETY(1.0),,I,AUS,,A,,CRASHES,,CRA,,ROAD,,_T,,_T,,1993,,18901,,A,,0,,1,
DATAFLOW,OECD.ITF:DSD_TRENDS@DF_TRENDSSAFETY(1.0),,I,AUS,,A,,CRASHES,,CRA,,ROAD,,_T,,_T,,1994,,19270,,A,,0,,1,
DATAFLOW,OECD.ITF:DSD_TRENDS@DF_TRENDSSAFETY(1.0),,I,AUS,,A,,CRASHES,,CRA,,ROAD,,_T,,_T,,1995,,19622,,A,,0,,1,
DATAFLOW,OECD.ITF:DSD_TRENDS@DF_TRENDSSAFETY(1.0),,I,AUS,,A,,CRASHES,,CRA,,ROAD,,_T,,_T,,1996,,19273,,A,,0,,1,
DATAFLOW,OECD.ITF:DSD_TRENDS@DF_TRENDSSAFETY(1.0),,I,AUS,,A,,CRASHES,,CRA,,ROAD,,_T,,_T,,1997,,18752,,A,,0,,1,
DATAFLOW,OECD.ITF:DSD_TRENDS@DF_TRENDSSAFETY(1.0),,I,AUT,,A,,CRASHES,,CRA,,ROAD,,_T,,_T,,1970,,51631,,A,,0,,1,
DATAFLOW,OECD.ITF:DSD_TRENDS@DF_TRENDSSAFETY(1.0),,I,AUT,,A,,CRASHES,,CRA,,ROAD,,_T,,_T,,1971,,52763,,A,,0,,1,
DATAFLOW,OECD.ITF:DSD_TRENDS@DF_TRENDSSAFETY(1.0),,I,AUT,,A,,CRASHES,,CRA,,ROAD,,_T,,_T,,1972,,52696,,A,,0,,1,
DATAFLOW,OECD.ITF:DSD_TRENDS@DF_TRENDSSAFETY(1.0),,I,AUT,,A,,CRASHES,,CRA,,ROAD,,_T,,_T,,1973,,49716,,A,,0,,1,
DATAFLOW,OECD.ITF:DSD_TRENDS@DF_TRENDSSAFETY(1.0),,I,AUT,,A,,CRASHES,,CRA,,ROAD,,_T,,_T,,1974,,48853,,A,,0,,1,
DATAFLOW,OECD.ITF:DSD_TRENDS@DF_TRENDSSAFETY(1.0),,I,AUT,,A,,CRASHES,,CRA,,ROAD,,_T,,_T,,1975,,49132,,A,,0,,1,
DATAFLOW,OECD.ITF:DSD_TRENDS@DF_TRENDSSAFETY(1.0),,I,AUT,,A,,CRASHES,,CRA,,ROAD,,_T,,_T,,1976,,45016,,A,,0,,1,
DATAFLOW,OECD.ITF:DSD_TRENDS@DF_TRENDSSAFETY(1.0),,I,AUT,,A,,CRASHES,,CRA,,ROAD,,_T,,_T,,1977,,46183,,A,,0,,1,
DATAFLOW,OECD.ITF:DSD_TRENDS@DF_TRENDSSAFETY(1.0),,I,AUT,,A,,CRASHES,,CRA,,ROAD,,_T,,_T,,1978,,43592,,A,,0,,1,
DATAFLOW,OECD.ITF:DSD_TRENDS@DF_TRENDSSAFETY(1.0),,I,AUT,,A,,CRASHES,,CRA,,ROAD,,_T,,_T,,1979,,45425,,A,,0,,1,
DATAFLOW,OECD.ITF:DSD_TRENDS@DF_TRENDSSAFETY(1.0),,I,AUT,,A,,CRASHES,,CRA,,ROAD,,_T,,_T,,1980,,46214,,A,,0,,1,
DATAFLOW,OECD.ITF:DSD_TRENDS@DF_TRENDSSAFETY(1.0),,I,AUT,,A,,CRASHES,,CRA,,ROAD,,_T,,_T,,1981,,46690,,A,,0,,1,
DATAFLOW,OECD.ITF:DSD_TRENDS@DF_TRENDSSAFETY(1.0),,I,AUT,,A,,CRASHES,,CRA,,ROAD,,_T,,_T,,1982,,47067,,A,,0,,1,
DATAFLOW,OECD.ITF:DSD_TRENDS@DF_TRENDSSAFETY(1.0),,I,AUT,,A,,CRASHES,,CRA,,ROAD,,_T,,_T,,1983,,48825,,A,,0,,1,
DATAFLOW,OECD.ITF:DSD_TRENDS@DF_TRENDSSAFETY(1.0),,I,AUT,,A,,CRASHES,,CRA,,ROAD,,_T,,_T,,1984,,48146,,A,,0,,1,
DATAFLOW,OECD.ITF:DSD_TRENDS@DF_TRENDSSAFETY(1.0),,I,AUT,,A,,CRASHES,,CRA,,ROAD,,_T,,_T,,1985,,46275,,A,,0,,1,
DATAFLOW,OECD.ITF:DSD_TRENDS@DF_TRENDSSAFETY(1.0),,I,AUT,,A,,CRASHES,,CRA,,ROAD,,_T,,_T,,1986,,45015,,A,,0,,1,
DATAFLOW,OECD.ITF:DSD_TRENDS@DF_TRENDSSAFETY(1.0),,I,AUT,,A,,CRASHES,,CRA,,ROAD,,_T,,_T,,1987,,43947,,A,,0,,1,
DATAFLOW,OECD.ITF:DSD_TRENDS@DF_TRENDSSAFETY(1.0),,I,AUT,,A,,CRASHES,,CRA,,ROAD,,_T,,_T,,1988,,44243,,A,,0,,1,
DATAFLOW,OECD.ITF:DSD_TRENDS@DF_TRENDSSAFETY(1.0),,I,AUT,,A,,CRASHES,,CRA,,ROAD,,_T,,_T,,1989,,46565,,A,,0,,1,
DATAFLOW,OECD.ITF:DSD_TRENDS@DF_TRENDSSAFETY(1.0),,I,AUT,,A,,CRASHES,,CRA,,ROAD,,_T,,_T,,1990,,46338,,A,,0,,1,
DATAFLOW,OECD.ITF:DSD_TRENDS@DF_TRENDSSAFETY(1.0),,I,AUT,,A,,CRASHES,,CRA,,ROAD,,_T,,_T,,1991,,46013,,A,,0,,1,
DATAFLOW,OECD.ITF:DSD_TRENDS@DF_TRENDSSAFETY(1.0),,I,AUT,,A,,CRASHES,,CRA,,ROAD,,_T,,_T,,1992,,44730,,A,,0,,1,
DATAFLOW,OECD.ITF:DSD_TRENDS@DF_TRENDSSAFETY(1.0),,I,AUT,,A,,CRASHES,,CRA,,ROAD,,_T,,_T,,1993,,41791,,A,,0,,1,
DATAFLOW,OECD.ITF:DSD_TRENDS@DF_TRENDSSAFETY(1.0),,I,AUT,,A,,CRASHES,,CRA,,ROAD,,_T,,_T,,1994,,42015,,A,,0,,1,
DATAFLOW,OECD.ITF:DSD_TRENDS@DF_TRENDSSAFETY(1.0),,I,AUT,,A,,CRASHES,,CRA,,ROAD,,_T,,_T,,1995,,38956,,A,,0,,1,
DATAFLOW,OECD.ITF:DSD_TRENDS@DF_TRENDSSAFETY(1.0),,I,AUT,,A,,CRASHES,,CRA,,ROAD,,_T,,_T,,1996,,38253,,A,,0,,1,
DATAFLOW,OECD.ITF:DSD_TRENDS@DF_TRENDSSAFETY(1.0),,I,AUT,,A,,CRASHES,,CRA,,ROAD,,_T,,_T,,1997,,39695,,A,,0,,1,
DATAFLOW,OECD.ITF:DSD_TRENDS@DF_TRENDSSAFETY(1.0),,I,AUT,,A,,CRASHES,,CRA,,ROAD,,_T,,_T,,1998,,39225,,A,,0,,1,
DATAFLOW,OECD.ITF:DSD_TRENDS@DF_TRENDSSAFETY(1.0),,I,AUT,,A,,CRASHES,,CRA,,ROAD,,_T,,_T,,1999,,42348,,A,,0,,1,
DATAFLOW,OECD.ITF:DSD_TRENDS@DF_TRENDSSAFETY(1.0),,I,AUT,,A,,CRASHES,,CRA,,ROAD,,_T,,_T,,2000,,42126,,A,,0,,1,
DATAFLOW,OECD.ITF:DSD_TRENDS@DF_TRENDSSAFETY(1.0),,I,AUT,,A,,CRASHES,,CRA,,ROAD,,_T,,_T,,2001,,43073,,A,,0,,1,
DATAFLOW,OECD.ITF:DSD_TRENDS@DF_TRENDSSAFETY(1.0),,I,AUT,,A,,CRASHES,,CRA,,ROAD,,_T,,_T,,2002,,43175,,A,,0,,1,
DATAFLOW,OECD.ITF:DSD_TRENDS@DF_TRENDSSAFETY(1.0),,I,AUT,,A,,CRASHES,,CRA,,ROAD,,_T,,_T,,2003,,43426,,A,,0,,1,
DATAFLOW,OECD.ITF:DSD_TRENDS@DF_TRENDSSAFETY(1.0),,I,AUT,,A,,CRASHES,,CRA,,ROAD,,_T,,_T,,2004,,42657,,A,,0,,1,
DATAFLOW,OECD.ITF:DSD_TRENDS@DF_TRENDSSAFETY(1.0),,I,AUT,,A,,CRASHES,,CRA,,ROAD,,_T,,_T,,2005,,40896,,A,,0,,1,
DATAFLOW,OECD.ITF:DSD_TRENDS@DF_TRENDSSAFETY(1.0),,I,AUT,,A,,CRASHES,,CRA,,ROAD,,_T,,_T,,2006,,39884,,A,,0,,1,
DATAFLOW,OECD.ITF:DSD_TRENDS@DF_TRENDSSAFETY(1.0),,I,AUT,,A,,CRASHES,,CRA,,ROAD,,_T,,_T,,2007,,41096,,A,,0,,1,
DATAFLOW,OECD.ITF:DSD_TRENDS@DF_TRENDSSAFETY(1.0),,I,AUT,,A,,CRASHES,,CRA,,ROAD,,_T,,_T,,2008,,39173,,A,,0,,1,
DATAFLOW,OECD.ITF:DSD_TRENDS@DF_TRENDSSAFETY(1.0),,I,AUT,,A,,CRASHES,,CRA,,ROAD,,_T,,_T,,2009,,37925,,A,,0,,1,
DATAFLOW,OECD.ITF:DSD_TRENDS@DF_TRENDSSAFETY(1.0),,I,AUT,,A,,CRASHES,,CRA,,ROAD,,_T,,_T,,2010,,35348,,A,,0,,1,
DATAFLOW,OECD.ITF:DSD_TRENDS@DF_TRENDSSAFETY(1.0),,I,AUT,,A,,CRASHES,,CRA,,ROAD,,_T,,_T,,2011,,35129,,A,,0,,1,
DATAFLOW,OECD.ITF:DSD_TRENDS@DF_TRENDSSAFETY(1.0),,I,AUT,,A,,CRASHES,,CRA,,ROAD,,_T,,_T,,2013,,38502,,A,,0,,1,
DATAFLOW,OECD.ITF:DSD_TRENDS@DF_TRENDSSAFETY(1.0),,I,AUT,,A,,CRASHES,,CRA,,ROAD,,_T,,_T,,2014,,37957,,A,,0,,1,
DATAFLOW,OECD.ITF:DSD_TRENDS@DF_TRENDSSAFETY(1.0),,I,AUT,,A,,CRASHES,,CRA,,ROAD,,_T,,_T,,2015,,37960,,A,,0,,1,
DATAFLOW,OECD.ITF:DSD_TRENDS@DF_TRENDSSAFETY(1.0),,I,AUT,,A,,CRASHES,,CRA,,ROAD,,_T,,_T,,2016,,38466,,A,,0,,1,
DATAFLOW,OECD.ITF:DSD_TRENDS@DF_TRENDSSAFETY(1.0),,I,AUT,,A,,CRASHES,,CRA,,ROAD,,_T,,_T,,2017,,37402,,A,,0,,1,
DATAFLOW,OECD.ITF:DSD_TRENDS@DF_TRENDSSAFETY(1.0),,I,AUT,,A,,CRASHES,,CRA,,ROAD,,_T,,_T,,2018,,36846,,A,,0,,1,
DATAFLOW,OECD.ITF:DSD_TRENDS@DF_TRENDSSAFETY(1.0),,I,AUT,,A,,CRASHES,,CRA,,ROAD,,_T,,_T,,2019,,35736,,A,,0,,1,
DATAFLOW,OECD.ITF:DSD_TRENDS@DF_TRENDSSAFETY(1.0),,I,AUT,,A,,CRASHES,,CRA,,ROAD,,_T,,_T,,2020,,30670,,A,,0,,1,
DATAFLOW,OECD.ITF:DSD_TRENDS@DF_TRENDSSAFETY(1.0),,I,AUT,,A,,CRASHES,,CRA,,ROAD,,_T,,_T,,2021,,32774,,A,,0,,1,
DATAFLOW,OECD.ITF:DSD_TRENDS@DF_TRENDSSAFETY(1.0),,I,AUT,,A,,CRASHES,,CRA,,ROAD,,_T,,_T,,2022,,34869,,A,,0,,1,
DATAFLOW,OECD.ITF:DSD_TRENDS@DF_TRENDSSAFETY(1.0),,I,AUT,,A,,CRASHES,,CRA,,ROAD,,_T,,_T,,2023,,35809,,A,,0,,1,
DATAFLOW,OECD.ITF:DSD_TRENDS@DF_TRENDSSAFETY(1.0),,I,BEL,,A,,CRASHES,,CRA,,ROAD,,_T,,_T,,1970,,77000,,A,,0,,1,
DATAFLOW,OECD.ITF:DSD_TRENDS@DF_TRENDSSAFETY(1.0),,I,BEL,,A,,CRASHES,,CRA,,ROAD,,_T,,_T,,1971,,72000,,A,,0,,1,
DATAFLOW,OECD.ITF:DSD_TRENDS@DF_TRENDSSAFETY(1.0),,I,BEL,,A,,CRASHES,,CRA,,ROAD,,_T,,_T,,1972,,76000,,A,,0,,1,
DATAFLOW,OECD.ITF:DSD_TRENDS@DF_TRENDSSAFETY(1.0),,I,BEL,,A,,CRASHES,,CRA,,ROAD,,_T,,_T,,1973,,66000,,A,,0,,1,
DATAFLOW,OECD.ITF:DSD_TRENDS@DF_TRENDSSAFETY(1.0),,I,BEL,,A,,CRASHES,,CRA,,ROAD,,_T,,_T,,1974,,66000,,A,,0,,1,
DATAFLOW,OECD.ITF:DSD_TRENDS@DF_TRENDSSAFETY(1.0),,I,BEL,,A,,CRASHES,,CRA,,ROAD,,_T,,_T,,1975,,60376,,A,,0,,1,
DATAFLOW,OECD.ITF:DSD_TRENDS@DF_TRENDSSAFETY(1.0),,I,BEL,,A,,CRASHES,,CRA,,ROAD,,_T,,_T,,1976,,63000,,A,,0,,1,
DATAFLOW,OECD.ITF:DSD_TRENDS@DF_TRENDSSAFETY(1.0),,I,BEL,,A,,CRASHES,,CRA,,ROAD,,_T,,_T,,1977,,63000,,A,,0,,1,
DATAFLOW,OECD.ITF:DSD_TRENDS@DF_TRENDSSAFETY(1.0),,I,BEL,,A,,CRASHES,,CRA,,ROAD,,_T,,_T,,1978,,64000,,A,,0,,1,
DATAFLOW,OECD.ITF:DSD_TRENDS@DF_TRENDSSAFETY(1.0),,I,BEL,,A,,CRASHES,,CRA,,ROAD,,_T,,_T,,1979,,60000,,A,,0,,1,
DATAFLOW,OECD.ITF:DSD_TRENDS@DF_TRENDSSAFETY(1.0),,I,BEL,,A,,CRASHES,,CRA,,ROAD,,_T,,_T,,1980,,60758,,A,,0,,1,
DATAFLOW,OECD.ITF:DSD_TRENDS@DF_TRENDSSAFETY(1.0),,I,BEL,,A,,CRASHES,,CRA,,ROAD,,_T,,_T,,1981,,59024,,A,,0,,1,
DATAFLOW,OECD.ITF:DSD_TRENDS@DF_TRENDSSAFETY(1.0),,I,BEL,,A,,CRASHES,,CRA,,ROAD,,_T,,_T,,1982,,57407,,A,,0,,1,
DATAFLOW,OECD.ITF:DSD_TRENDS@DF_TRENDSSAFETY(1.0),,I,BEL,,A,,CRASHES,,CRA,,ROAD,,_T,,_T,,1983,,58778,,A,,0,,1,
DATAFLOW,OECD.ITF:DSD_TRENDS@DF_TRENDSSAFETY(1.0),,I,BEL,,A,,CRASHES,,CRA,,ROAD,,_T,,_T,,1984,,58659,,A,,0,,1,
DATAFLOW,OECD.ITF:DSD_TRENDS@DF_TRENDSSAFETY(1.0),,I,BEL,,A,,CRASHES,,CRA,,ROAD,,_T,,_T,,1985,,54826,,A,,0,,1,
DATAFLOW,OECD.ITF:DSD_TRENDS@DF_TRENDSSAFETY(1.0),,I,BEL,,A,,CRASHES,,CRA,,ROAD,,_T,,_T,,1986,,58515,,A,,0,,1,
DATAFLOW,OECD.ITF:DSD_TRENDS@DF_TRENDSSAFETY(1.0),,I,BEL,,A,,CRASHES,,CRA,,ROAD,,_T,,_T,,1987,,59669,,A,,0,,1,
DATAFLOW,OECD.ITF:DSD_TRENDS@DF_TRENDSSAFETY(1.0),,I,BEL,,A,,CRASHES,,CRA,,ROAD,,_T,,_T,,1988,,61756,,A,,0,,1,
DATAFLOW,OECD.ITF:DSD_TRENDS@DF_TRENDSSAFETY(1.0),,I,BEL,,A,,CRASHES,,CRA,,ROAD,,_T,,_T,,1989,,62982,,A,,0,,1,
DATAFLOW,OECD.ITF:DSD_TRENDS@DF_TRENDSSAFETY(1.0),,I,BEL,,A,,CRASHES,,CRA,,ROAD,,_T,,_T,,1990,,62446,,A,,0,,1,
DATAFLOW,OECD.ITF:DSD_TRENDS@DF_TRENDSSAFETY(1.0),,I,BEL,,A,,CRASHES,,CRA,,ROAD,,_T,,_T,,1991,,58223,,A,,0,,1,
DATAFLOW,OECD.ITF:DSD_TRENDS@DF_TRENDSSAFETY(1.0),,I,BEL,,A,,CRASHES,,CRA,,ROAD,,_T,,_T,,1992,,55438,,A,,0,,1,
DATAFLOW,OECD.ITF:DSD_TRENDS@DF_TRENDSSAFETY(1.0),,I,BEL,,A,,CRASHES,,CRA,,ROAD,,_T,,_T,,1993,,54933,,A,,0,,1,
DATAFLOW,OECD.ITF:DSD_TRENDS@DF_TRENDSSAFETY(1.0),,I,BEL,,A,,CRASHES,,CRA,,ROAD,,_T,,_T,,1994,,53018,,A,,0,,1,
DATAFLOW,OECD.ITF:DSD_TRENDS@DF_TRENDSSAFETY(1.0),,I,BEL,,A,,CRASHES,,CRA,,ROAD,,_T,,_T,,1995,,51941,,A,,0,,1,
DATAFLOW,OECD.ITF:DSD_TRENDS@DF_TRENDSSAFETY(1.0),,I,BEL,,A,,CRASHES,,CRA,,ROAD,,_T,,_T,,1996,,48752,,A,,0,,1,
DATAFLOW,OECD.ITF:DSD_TRENDS@DF_TRENDSSAFETY(1.0),,I,BEL,,A,,CRASHES,,CRA,,ROAD,,_T,,_T,,1997,,50078,,A,,0,,1,
DATAFLOW,OECD.ITF:DSD_TRENDS@DF_TRENDSSAFETY(1.0),,I,BEL,,A,,CRASHES,,CRA,,ROAD,,_T,,_T,,1998,,51167,,A,,0,,1,
DATAFLOW,OECD.ITF:DSD_TRENDS@DF_TRENDSSAFETY(1.0),,I,BEL,,A,,CRASHES,,CRA,,ROAD,,_T,,_T,,1999,,51601,,A,,0,,1,
DATAFLOW,OECD.ITF:DSD_TRENDS@DF_TRENDSSAFETY(1.0),,I,BEL,,A,,CRASHES,,CRA,,ROAD,,_T,,_T,,2000,,49065,,A,,0,,1,
DATAFLOW,OECD.ITF:DSD_TRENDS@DF_TRENDSSAFETY(1.0),,I,BEL,,A,,CRASHES,,CRA,,ROAD,,_T,,_T,,2001,,47444,,A,,0,,1,
DATAFLOW,OECD.ITF:DSD_TRENDS@DF_TRENDSSAFETY(1.0),,I,BEL,,A,,CRASHES,,CRA,,ROAD,,_T,,_T,,2002,,47619,,A,,0,,1,
DATAFLOW,OECD.ITF:DSD_TRENDS@DF_TRENDSSAFETY(1.0),,I,BEL,,A,,CRASHES,,CRA,,ROAD,,_T,,_T,,2003,,50479,,A,,0,,1,
DATAFLOW,OECD.ITF:DSD_TRENDS@DF_TRENDSSAFETY(1.0),,I,BEL,,A,,CRASHES,,CRA,,ROAD,,_T,,_T,,2004,,48670,,A,,0,,1,
DATAFLOW,OECD.ITF:DSD_TRENDS@DF_TRENDSSAFETY(1.0),,I,BEL,,A,,CRASHES,,CRA,,ROAD,,_T,,_T,,2005,,48968,,A,,0,,1,
DATAFLOW,OECD.ITF:DSD_TRENDS@DF_TRENDSSAFETY(1.0),,I,BEL,,A,,CRASHES,,CRA,,ROAD,,_T,,_T,,2006,,49008,,A,,0,,1,
DATAFLOW,OECD.ITF:DSD_TRENDS@DF_TRENDSSAFETY(1.0),,I,BEL,,A,,CRASHES,,CRA,,ROAD,,_T,,_T,,2007,,49618,,A,,0,,1,
DATAFLOW,OECD.ITF:DSD_TRENDS@DF_TRENDSSAFETY(1.0),,I,BEL,,A,,CRASHES,,CRA,,ROAD,,_T,,_T,,2008,,48703,,A,,0,,1,
DATAFLOW,OECD.ITF:DSD_TRENDS@DF_TRENDSSAFETY(1.0),,I,BEL,,A,,CRASHES,,CRA,,ROAD,,_T,,_T,,2009,,47619,,A,,0,,1,
DATAFLOW,OECD.ITF:DSD_TRENDS@DF_TRENDSSAFETY(1.0),,I,BEL,,A,,CRASHES,,CRA,,ROAD,,_T,,_T,,2010,,45745,,A,,0,,1,
DATAFLOW,OECD.ITF:DSD_TRENDS@DF_TRENDSSAFETY(1.0),,I,BEL,,A,,CRASHES,,CRA,,ROAD,,_T,,_T,,2011,,47761,,A,,0,,1,
DATAFLOW,OECD.ITF:DSD_TRENDS@DF_TRENDSSAFETY(1.0),,I,BEL,,A,,CRASHES,,CRA,,ROAD,,_T,,_T,,2012,,44259,,A,,0,,1,
DATAFLOW,OECD.ITF:DSD_TRENDS@DF_TRENDSSAFETY(1.0),,I,BEL,,A,,CRASHES,,CRA,,ROAD,,_T,,_T,,2013,,41347,,A,,0,,1,
DATAFLOW,OECD.ITF:DSD_TRENDS@DF_TRENDSSAFETY(1.0),,I,BEL,,A,,CRASHES,,CRA,,ROAD,,_T,,_T,,2014,,41474,,A,,0,,1,
DATAFLOW,OECD.ITF:DSD_TRENDS@DF_TRENDSSAFETY(1.0),,I,BEL,,A,,CRASHES,,CRA,,ROAD,,_T,,_T,,2015,,40300,,A,,0,,1,
DATAFLOW,OECD.ITF:DSD_TRENDS@DF_TRENDSSAFETY(1.0),,I,BEL,,A,,CRASHES,,CRA,,ROAD,,_T,,_T,,2016,,40123,,A,,0,,1,
DATAFLOW,OECD.ITF:DSD_TRENDS@DF_TRENDSSAFETY(1.0),,I,BEL,,A,,CRASHES,,CRA,,ROAD,,_T,,_T,,2017,,38025,,A,,0,,1,
DATAFLOW,OECD.ITF:DSD_TRENDS@DF_TRENDSSAFETY(1.0),,I,BEL,,A,,CRASHES,,CRA,,ROAD,,_T,,_T,,2018,,38453,,A,,0,,1,
DATAFLOW,OECD.ITF:DSD_TRENDS@DF_TRENDSSAFETY(1.0),,I,BEL,,A,,CRASHES,,CRA,,ROAD,,_T,,_T,,2019,,37719,,A,,0,,1,
DATAFLOW,OECD.ITF:DSD_TRENDS@DF_TRENDSSAFETY(1.0),,I,BEL,,A,,CRASHES,,CRA,,ROAD,,_T,,_T,,2020,,30251,,A,,0,,1,
DATAFLOW,OECD.ITF:DSD_TRENDS@DF_TRENDSSAFETY(1.0),,I,BEL,,A,,CRASHES,,CRA,,ROAD,,_T,,_T,,2021,,34660,,A,,0,,1,
DATAFLOW,OECD.ITF:DSD_TRENDS@DF_TRENDSSAFETY(1.0),,I,BEL,,A,,CRASHES,,CRA,,ROAD,,_T,,_T,,2022,,37650,,A,,0,,1,
DATAFLOW,OECD.ITF:DSD_TRENDS@DF_TRENDSSAFETY(1.0),,I,BEL,,A,,CRASHES,,CRA,,ROAD,,_T,,_T,,2023,,36858,,A,,0,,1,
DATAFLOW,OECD.ITF:DSD_TRENDS@DF_TRENDSSAFETY(1.0),,I,BEL,,A,,CRASHES,,CRA,,ROAD,,_T,,_T,,2024,,35916,,A,,0,,1,
DATAFLOW,OECD.ITF:DSD_TRENDS@DF_TRENDSSAFETY(1.0),,I,CAN,,A,,CRASHES,,CRA,,ROAD,,_T,,_T,,1970,,124200,,A,,0,,1,
DATAFLOW,OECD.ITF:DSD_TRENDS@DF_TRENDSSAFETY(1.0),,I,CAN,,A,,CRASHES,,CRA,,ROAD,,_T,,_T,,1971,,132898,,A,,0,,1,
DATAFLOW,OECD.ITF:DSD_TRENDS@DF_TRENDSSAFETY(1.0),,I,CAN,,A,,CRASHES,,CRA,,ROAD,,_T,,_T,,1972,,150508,,A,,0,,1,
DATAFLOW,OECD.ITF:DSD_TRENDS@DF_TRENDSSAFETY(1.0),,I,CAN,,A,,CRASHES,,CRA,,ROAD,,_T,,_T,,1973,,155176,,A,,0,,1,
DATAFLOW,OECD.ITF:DSD_TRENDS@DF_TRENDSSAFETY(1.0),,I,CAN,,A,,CRASHES,,CRA,,ROAD,,_T,,_T,,1974,,160942,,A,,0,,1,
DATAFLOW,OECD.ITF:DSD_TRENDS@DF_TRENDSSAFETY(1.0),,I,CAN,,A,,CRASHES,,CRA,,ROAD,,_T,,_T,,1975,,154874,,A,,0,,1,
DATAFLOW,OECD.ITF:DSD_TRENDS@DF_TRENDSSAFETY(1.0),,I,CAN,,A,,CRASHES,,CRA,,ROAD,,_T,,_T,,1976,,142271,,A,,0,,1,
DATAFLOW,OECD.ITF:DSD_TRENDS@DF_TRENDSSAFETY(1.0),,I,CAN,,A,,CRASHES,,CRA,,ROAD,,_T,,_T,,1977,,150138,,A,,0,,1,
DATAFLOW,OECD.ITF:DSD_TRENDS@DF_TRENDSSAFETY(1.0),,I,CAN,,A,,CRASHES,,CRA,,ROAD,,_T,,_T,,1978,,166051,,A,,0,,1,
DATAFLOW,OECD.ITF:DSD_TRENDS@DF_TRENDSSAFETY(1.0),,I,CAN,,A,,CRASHES,,CRA,,ROAD,,_T,,_T,,1979,,178832,,A,,0,,1,
DATAFLOW,OECD.ITF:DSD_TRENDS@DF_TRENDSSAFETY(1.0),,I,CAN,,A,,CRASHES,,CRA,,ROAD,,_T,,_T,,1980,,184302,,A,,0,,1,
DATAFLOW,OECD.ITF:DSD_TRENDS@DF_TRENDSSAFETY(1.0),,I,CAN,,A,,CRASHES,,CRA,,ROAD,,_T,,_T,,1981,,183643,,A,,0,,1,
DATAFLOW,OECD.ITF:DSD_TRENDS@DF_TRENDSSAFETY(1.0),,I,CAN,,A,,CRASHES,,CRA,,ROAD,,_T,,_T,,1982,,160376,,A,,0,,1,
DATAFLOW,OECD.ITF:DSD_TRENDS@DF_TRENDSSAFETY(1.0),,I,CAN,,A,,CRASHES,,CRA,,ROAD,,_T,,_T,,1983,,160623,,A,,0,,1,
DATAFLOW,OECD.ITF:DSD_TRENDS@DF_TRENDSSAFETY(1.0),,I,CAN,,A,,CRASHES,,CRA,,ROAD,,_T,,_T,,1984,,168801,,A,,0,,1,
DATAFLOW,OECD.ITF:DSD_TRENDS@DF_TRENDSSAFETY(1.0),,I,CAN,,A,,CRASHES,,CRA,,ROAD,,_T,,_T,,1985,,183478,,A,,0,,1,
DATAFLOW,OECD.ITF:DSD_TRENDS@DF_TRENDSSAFETY(1.0),,I,CAN,,A,,CRASHES,,CRA,,ROAD,,_T,,_T,,1986,,187563,,A,,0,,1,
DATAFLOW,OECD.ITF:DSD_TRENDS@DF_TRENDSSAFETY(1.0),,I,CAN,,A,,CRASHES,,CRA,,ROAD,,_T,,_T,,1987,,196966,,A,,0,,1,
DATAFLOW,OECD.ITF:DSD_TRENDS@DF_TRENDSSAFETY(1.0),,I,CAN,,A,,CRASHES,,CRA,,ROAD,,_T,,_T,,1988,,193704,,A,,0,,1,
DATAFLOW,OECD.ITF:DSD_TRENDS@DF_TRENDSSAFETY(1.0),,I,CAN,,A,,CRASHES,,CRA,,ROAD,,_T,,_T,,1989,,196246,,A,,0,,1,
DATAFLOW,OECD.ITF:DSD_TRENDS@DF_TRENDSSAFETY(1.0),,I,CAN,,A,,CRASHES,,CRA,,ROAD,,_T,,_T,,1990,,181960,,A,,0,,1,
DATAFLOW,OECD.ITF:DSD_TRENDS@DF_TRENDSSAFETY(1.0),,I,CAN,,A,,CRASHES,,CRA,,ROAD,,_T,,_T,,1991,,173921,,A,,0,,1,
DATAFLOW,OECD.ITF:DSD_TRENDS@DF_TRENDSSAFETY(1.0),,I,CAN,,A,,CRASHES,,CRA,,ROAD,,_T,,_T,,1992,,172713,,A,,0,,1,
DATAFLOW,OECD.ITF:DSD_TRENDS@DF_TRENDSSAFETY(1.0),,I,CAN,,A,,CRASHES,,CRA,,ROAD,,_T,,_T,,1993,,171158,,A,,0,,1,
DATAFLOW,OECD.ITF:DSD_TRENDS@DF_TRENDSSAFETY(1.0),,I,CAN,,A,,CRASHES,,CRA,,ROAD,,_T,,_T,,1994,,167472,,A,,0,,1,
DATAFLOW,OECD.ITF:DSD_TRENDS@DF_TRENDSSAFETY(1.0),,I,CAN,,A,,CRASHES,,CRA,,ROAD,,_T,,_T,,1995,,164832,,A,,0,,1,
DATAFLOW,OECD.ITF:DSD_TRENDS@DF_TRENDSSAFETY(1.0),,I,CAN,,A,,CRASHES,,CRA,,ROAD,,_T,,_T,,1996,,156684,,A,,0,,1,
DATAFLOW,OECD.ITF:DSD_TRENDS@DF_TRENDSSAFETY(1.0),,I,CAN,,A,,CRASHES,,CRA,,ROAD,,_T,,_T,,1997,,150209,,A,,0,,1,
DATAFLOW,OECD.ITF:DSD_TRENDS@DF_TRENDSSAFETY(1.0),,I,CAN,,A,,CRASHES,,CRA,,ROAD,,_T,,_T,,1998,,148198,,A,,0,,1,
DATAFLOW,OECD.ITF:DSD_TRENDS@DF_TRENDSSAFETY(1.0),,I,CAN,,A,,CRASHES,,CRA,,ROAD,,_T,,_T,,1999,,151315,,A,,0,,1,
DATAFLOW,OECD.ITF:DSD_TRENDS@DF_TRENDSSAFETY(1.0),,I,CAN,,A,,CRASHES,,CRA,,ROAD,,_T,,_T,,2000,,155838,,A,,0,,1,
DATAFLOW,OECD.ITF:DSD_TRENDS@DF_TRENDSSAFETY(1.0),,I,CAN,,A,,CRASHES,,CRA,,ROAD,,_T,,_T,,2001,,151438,,A,,0,,1,
DATAFLOW,OECD.ITF:DSD_TRENDS@DF_TRENDSSAFETY(1.0),,I,CAN,,A,,CRASHES,,CRA,,ROAD,,_T,,_T,,2002,,156415,,A,,0,,1,
DATAFLOW,OECD.ITF:DSD_TRENDS@DF_TRENDSSAFETY(1.0),,I,CAN,,A,,CRASHES,,CRA,,ROAD,,_T,,_T,,2003,,152980,,A,,0,,1,
DATAFLOW,OECD.ITF:DSD_TRENDS@DF_TRENDSSAFETY(1.0),,I,CAN,,A,,CRASHES,,CRA,,ROAD,,_T,,_T,,2004,,147588,,A,,0,,1,
DATAFLOW,OECD.ITF:DSD_TRENDS@DF_TRENDSSAFETY(1.0),,I,CAN,,A,,CRASHES,,CRA,,ROAD,,_T,,_T,,2005,,148110,,A,,0,,1,
DATAFLOW,OECD.ITF:DSD_TRENDS@DF_TRENDSSAFETY(1.0),,I,CAN,,A,,CRASHES,,CRA,,ROAD,,_T,,_T,,2006,,145103,,A,,0,,1,
DATAFLOW,OECD.ITF:DSD_TRENDS@DF_TRENDSSAFETY(1.0),,I,CAN,,A,,CRASHES,,CRA,,ROAD,,_T,,_T,,2007,,141070,,A,,0,,1,
DATAFLOW,OECD.ITF:DSD_TRENDS@DF_TRENDSSAFETY(1.0),,I,CAN,,A,,CRASHES,,CRA,,ROAD,,_T,,_T,,2008,,129764,,A,,0,,1,
DATAFLOW,OECD.ITF:DSD_TRENDS@DF_TRENDSSAFETY(1.0),,I,CAN,,A,,CRASHES,,CRA,,ROAD,,_T,,_T,,2009,,125456,,A,,0,,1,
DATAFLOW,OECD.ITF:DSD_TRENDS@DF_TRENDSSAFETY(1.0),,I,CAN,,A,,CRASHES,,CRA,,ROAD,,_T,,_T,,2010,,125636,,A,,0,,1,
DATAFLOW,OECD.ITF:DSD_TRENDS@DF_TRENDSSAFETY(1.0),,I,CAN,,A,,CRASHES,,CRA,,ROAD,,_T,,_T,,2011,,124199,,A,,0,,1,
DATAFLOW,OECD.ITF:DSD_TRENDS@DF_TRENDSSAFETY(1.0),,I,CAN,,A,,CRASHES,,CRA,,ROAD,,_T,,_T,,2012,,124682,,A,,0,,1,
DATAFLOW,OECD.ITF:DSD_TRENDS@DF_TRENDSSAFETY(1.0),,I,CAN,,A,,CRASHES,,CRA,,ROAD,,_T,,_T,,2013,,122143,,A,,0,,1,
DATAFLOW,OECD.ITF:DSD_TRENDS@DF_TRENDSSAFETY(1.0),,I,CAN,,A,,CRASHES,,CRA,,ROAD,,_T,,_T,,2014,,116292,,A,,0,,1,
DATAFLOW,OECD.ITF:DSD_TRENDS@DF_TRENDSSAFETY(1.0),,I,CAN,,A,,CRASHES,,CRA,,ROAD,,_T,,_T,,2015,,119550,,A,,0,,1,
DATAFLOW,OECD.ITF:DSD_TRENDS@DF_TRENDSSAFETY(1.0),,I,CAN,,A,,CRASHES,,CRA,,ROAD,,_T,,_T,,2016,,118321,,A,,0,,1,
DATAFLOW,OECD.ITF:DSD_TRENDS@DF_TRENDSSAFETY(1.0),,I,CAN,,A,,CRASHES,,CRA,,ROAD,,_T,,_T,,2017,,114412,,A,,0,,1,
DATAFLOW,OECD.ITF:DSD_TRENDS@DF_TRENDSSAFETY(1.0),,I,CAN,,A,,CRASHES,,CRA,,ROAD,,_T,,_T,,2018,,111334,,A,,0,,1,
DATAFLOW,OECD.ITF:DSD_TRENDS@DF_TRENDSSAFETY(1.0),,I,CAN,,A,,CRASHES,,CRA,,ROAD,,_T,,_T,,2019,,104640,,A,,0,,1,
DATAFLOW,OECD.ITF:DSD_TRENDS@DF_TRENDSSAFETY(1.0),,I,CAN,,A,,CRASHES,,CRA,,ROAD,,_T,,_T,,2020,,79990,,A,,0,,1,
DATAFLOW,OECD.ITF:DSD_TRENDS@DF_TRENDSSAFETY(1.0),,I,CAN,,A,,CRASHES,,CRA,,ROAD,,_T,,_T,,2021,,83590,,A,,0,,1,
DATAFLOW,OECD.ITF:DSD_TRENDS@DF_TRENDSSAFETY(1.0),,I,CAN,,A,,CRASHES,,CRA,,ROAD,,_T,,_T,,2022,,93976,,A,,0,,1,
DATAFLOW,OECD.ITF:DSD_TRENDS@DF_TRENDSSAFETY(1.0),,I,CHL,,A,,CRASHES,,CRA,,ROAD,,_T,,_T,,1972,,26727,,A,,0,,1,
DATAFLOW,OECD.ITF:DSD_TRENDS@DF_TRENDSSAFETY(1.0),,I,CHL,,A,,CRASHES,,CRA,,ROAD,,_T,,_T,,1973,,23480,,A,,0,,1,
DATAFLOW,OECD.ITF:DSD_TRENDS@DF_TRENDSSAFETY(1.0),,I,CHL,,A,,CRASHES,,CRA,,ROAD,,_T,,_T,,1974,,18356,,A,,0,,1,
DATAFLOW,OECD.ITF:DSD_TRENDS@DF_TRENDSSAFETY(1.0),,I,CHL,,A,,CRASHES,,CRA,,ROAD,,_T,,_T,,1975,,16602,,A,,0,,1,
DATAFLOW,OECD.ITF:DSD_TRENDS@DF_TRENDSSAFETY(1.0),,I,CHL,,A,,CRASHES,,CRA,,ROAD,,_T,,_T,,1976,,17716,,A,,0,,1,
DATAFLOW,OECD.ITF:DSD_TRENDS@DF_TRENDSSAFETY(1.0),,I,CHL,,A,,CRASHES,,CRA,,ROAD,,_T,,_T,,1977,,19638,,A,,0,,1,
DATAFLOW,OECD.ITF:DSD_TRENDS@DF_TRENDSSAFETY(1.0),,I,CHL,,A,,CRASHES,,CRA,,ROAD,,_T,,_T,,1978,,19623,,A,,0,,1,
DATAFLOW,OECD.ITF:DSD_TRENDS@DF_TRENDSSAFETY(1.0),,I,CHL,,A,,CRASHES,,CRA,,ROAD,,_T,,_T,,1979,,21506,,A,,0,,1,
DATAFLOW,OECD.ITF:DSD_TRENDS@DF_TRENDSSAFETY(1.0),,I,CHL,,A,,CRASHES,,CRA,,ROAD,,_T,,_T,,1980,,25606,,A,,0,,1,
DATAFLOW,OECD.ITF:DSD_TRENDS@DF_TRENDSSAFETY(1.0),,I,CHL,,A,,CRASHES,,CRA,,ROAD,,_T,,_T,,1981,,33536,,A,,0,,1,
DATAFLOW,OECD.ITF:DSD_TRENDS@DF_TRENDSSAFETY(1.0),,I,CHL,,A,,CRASHES,,CRA,,ROAD,,_T,,_T,,1982,,55272,,A,,0,,1,
DATAFLOW,OECD.ITF:DSD_TRENDS@DF_TRENDSSAFETY(1.0),,I,CHL,,A,,CRASHES,,CRA,,ROAD,,_T,,_T,,1983,,47889,,A,,0,,1,
DATAFLOW,OECD.ITF:DSD_TRENDS@DF_TRENDSSAFETY(1.0),,I,CHL,,A,,CRASHES,,CRA,,ROAD,,_T,,_T,,1984,,39207,,A,,0,,1,
DATAFLOW,OECD.ITF:DSD_TRENDS@DF_TRENDSSAFETY(1.0),,I,CHL,,A,,CRASHES,,CRA,,ROAD,,_T,,_T,,1985,,30751,,A,,0,,1,
DATAFLOW,OECD.ITF:DSD_TRENDS@DF_TRENDSSAFETY(1.0),,I,CHL,,A,,CRASHES,,CRA,,ROAD,,_T,,_T,,1986,,35268,,A,,0,,1,
DATAFLOW,OECD.ITF:DSD_TRENDS@DF_TRENDSSAFETY(1.0),,I,CHL,,A,,CRASHES,,CRA,,ROAD,,_T,,_T,,1987,,32790,,A,,0,,1,
DATAFLOW,OECD.ITF:DSD_TRENDS@DF_TRENDSSAFETY(1.0),,I,CHL,,A,,CRASHES,,CRA,,ROAD,,_T,,_T,,1988,,34226,,A,,0,,1,
DATAFLOW,OECD.ITF:DSD_TRENDS@DF_TRENDSSAFETY(1.0),,I,CHL,,A,,CRASHES,,CRA,,ROAD,,_T,,_T,,1989,,37217,,A,,0,,1,
DATAFLOW,OECD.ITF:DSD_TRENDS@DF_TRENDSSAFETY(1.0),,I,CHL,,A,,CRASHES,,CRA,,ROAD,,_T,,_T,,1990,,39479,,A,,0,,1,
DATAFLOW,OECD.ITF:DSD_TRENDS@DF_TRENDSSAFETY(1.0),,I,CHL,,A,,CRASHES,,CRA,,ROAD,,_T,,_T,,1991,,40368,,A,,0,,1,
DATAFLOW,OECD.ITF:DSD_TRENDS@DF_TRENDSSAFETY(1.0),,I,CHL,,A,,CRASHES,,CRA,,ROAD,,_T,,_T,,1992,,43402,,A,,0,,1,
DATAFLOW,OECD.ITF:DSD_TRENDS@DF_TRENDSSAFETY(1.0),,I,CHL,,A,,CRASHES,,CRA,,ROAD,,_T,,_T,,1993,,44837,,A,,0,,1,
DATAFLOW,OECD.ITF:DSD_TRENDS@DF_TRENDSSAFETY(1.0),,I,CHL,,A,,CRASHES,,CRA,,ROAD,,_T,,_T,,1994,,44236,,A,,0,,1,
DATAFLOW,OECD.ITF:DSD_TRENDS@DF_TRENDSSAFETY(1.0),,I,CHL,,A,,CRASHES,,CRA,,ROAD,,_T,,_T,,1995,,50790,,A,,0,,1,
DATAFLOW,OECD.ITF:DSD_TRENDS@DF_TRENDSSAFETY(1.0),,I,CHL,,A,,CRASHES,,CRA,,ROAD,,_T,,_T,,1996,,57775,,A,,0,,1,
DATAFLOW,OECD.ITF:DSD_TRENDS@DF_TRENDSSAFETY(1.0),,I,CHL,,A,,CRASHES,,CRA,,ROAD,,_T,,_T,,1997,,52394,,A,,0,,1,
DATAFLOW,OECD.ITF:DSD_TRENDS@DF_TRENDSSAFETY(1.0),,I,CHL,,A,,CRASHES,,CRA,,ROAD,,_T,,_T,,1998,,49890,,A,,0,,1,
DATAFLOW,OECD.ITF:DSD_TRENDS@DF_TRENDSSAFETY(1.0),,I,CHL,,A,,CRASHES,,CRA,,ROAD,,_T,,_T,,1999,,47052,,A,,0,,1,
DATAFLOW,OECD.ITF:DSD_TRENDS@DF_TRENDSSAFETY(1.0),,I,CHL,,A,,CRASHES,,CRA,,ROAD,,_T,,_T,,2001,,29714,,A,,0,,1,
DATAFLOW,OECD.ITF:DSD_TRENDS@DF_TRENDSSAFETY(1.0),,I,CHL,,A,,CRASHES,,CRA,,ROAD,,_T,,_T,,2002,,28373,,A,,0,,1,
DATAFLOW,OECD.ITF:DSD_TRENDS@DF_TRENDSSAFETY(1.0),,I,CHL,,A,,CRASHES,,CRA,,ROAD,,_T,,_T,,2003,,29323,,A,,0,,1,
DATAFLOW,OECD.ITF:DSD_TRENDS@DF_TRENDSSAFETY(1.0),,I,CHL,,A,,CRASHES,,CRA,,ROAD,,_T,,_T,,2004,,29927,,A,,0,,1,
DATAFLOW,OECD.ITF:DSD_TRENDS@DF_TRENDSSAFETY(1.0),,I,CHL,,A,,CRASHES,,CRA,,ROAD,,_T,,_T,,2005,,30268,,A,,0,,1,
DATAFLOW,OECD.ITF:DSD_TRENDS@DF_TRENDSSAFETY(1.0),,I,CHL,,A,,CRASHES,,CRA,,ROAD,,_T,,_T,,2006,,29795,,A,,0,,1,
DATAFLOW,OECD.ITF:DSD_TRENDS@DF_TRENDSSAFETY(1.0),,I,CHL,,A,,CRASHES,,CRA,,ROAD,,_T,,_T,,2007,,34525,,A,,0,,1,
DATAFLOW,OECD.ITF:DSD_TRENDS@DF_TRENDSSAFETY(1.0),,I,CHL,,A,,CRASHES,,CRA,,ROAD,,_T,,_T,,2008,,35668,,A,,0,,1,
DATAFLOW,OECD.ITF:DSD_TRENDS@DF_TRENDSSAFETY(1.0),,I,CHL,,A,,CRASHES,,CRA,,ROAD,,_T,,_T,,2009,,33567,,A,,0,,1,
DATAFLOW,OECD.ITF:DSD_TRENDS@DF_TRENDSSAFETY(1.0),,I,CHL,,A,,CRASHES,,CRA,,ROAD,,_T,,_T,,2010,,34331,,A,,0,,1,
DATAFLOW,OECD.ITF:DSD_TRENDS@DF_TRENDSSAFETY(1.0),,I,CHL,,A,,CRASHES,,CRA,,ROAD,,_T,,_T,,2011,,35156,,A,,0,,1,
DATAFLOW,OECD.ITF:DSD_TRENDS@DF_TRENDSSAFETY(1.0),,I,CHL,,A,,CRASHES,,CRA,,ROAD,,_T,,_T,,2012,,34591,,A,,0,,1,
DATAFLOW,OECD.ITF:DSD_TRENDS@DF_TRENDSSAFETY(1.0),,I,CHL,,A,,CRASHES,,CRA,,ROAD,,_T,,_T,,2013,,39301,,A,,0,,1,
DATAFLOW,OECD.ITF:DSD_TRENDS@DF_TRENDSSAFETY(1.0),,I,CHL,,A,,CRASHES,,CRA,,ROAD,,_T,,_T,,2014,,38476,,A,,0,,1,
DATAFLOW,OECD.ITF:DSD_TRENDS@DF_TRENDSSAFETY(1.0),,I,CHL,,A,,CRASHES,,CRA,,ROAD,,_T,,_T,,2015,,38734,,A,,0,,1,
DATAFLOW,OECD.ITF:DSD_TRENDS@DF_TRENDSSAFETY(1.0),,I,CHL,,A,,CRASHES,,CRA,,ROAD,,_T,,_T,,2016,,42285,,A,,0,,1,
DATAFLOW,OECD.ITF:DSD_TRENDS@DF_TRENDSSAFETY(1.0),,I,CHL,,A,,CRASHES,,CRA,,ROAD,,_T,,_T,,2017,,41743,,A,,0,,1,
DATAFLOW,OECD.ITF:DSD_TRENDS@DF_TRENDSSAFETY(1.0),,I,CHL,,A,,CRASHES,,CRA,,ROAD,,_T,,_T,,2018,,39194,,A,,0,,1,
DATAFLOW,OECD.ITF:DSD_TRENDS@DF_TRENDSSAFETY(1.0),,I,CHL,,A,,CRASHES,,CRA,,ROAD,,_T,,_T,,2019,,39246,,A,,0,,1,
DATAFLOW,OECD.ITF:DSD_TRENDS@DF_TRENDSSAFETY(1.0),,I,CHL,,A,,CRASHES,,CRA,,ROAD,,_T,,_T,,2020,,28870,,A,,0,,1,
DATAFLOW,OECD.ITF:DSD_TRENDS@DF_TRENDSSAFETY(1.0),,I,CHL,,A,,CRASHES,,CRA,,ROAD,,_T,,_T,,2021,,35530,,A,,0,,1,
DATAFLOW,OECD.ITF:DSD_TRENDS@DF_TRENDSSAFETY(1.0),,I,CHL,,A,,CRASHES,,CRA,,ROAD,,_T,,_T,,2022,,36193,,A,,0,,1,
DATAFLOW,OECD.ITF:DSD_TRENDS@DF_TRENDSSAFETY(1.0),,I,CHL,,A,,CRASHES,,CRA,,ROAD,,_T,,_T,,2023,,31692,,A,,0,,1,
DATAFLOW,OECD.ITF:DSD_TRENDS@DF_TRENDSSAFETY(1.0),,I,CZE,,A,,CRASHES,,CRA,,ROAD,,_T,,_T,,1993,,25147,,A,,0,,1,
DATAFLOW,OECD.ITF:DSD_TRENDS@DF_TRENDSSAFETY(1.0),,I,CZE,,A,,CRASHES,,CRA,,ROAD,,_T,,_T,,1994,,27590,,A,,0,,1,
DATAFLOW,OECD.ITF:DSD_TRENDS@DF_TRENDSSAFETY(1.0),,I,CZE,,A,,CRASHES,,CRA,,ROAD,,_T,,_T,,1995,,28746,,A,,0,,1,
DATAFLOW,OECD.ITF:DSD_TRENDS@DF_TRENDSSAFETY(1.0),,I,CZE,,A,,CRASHES,,CRA,,ROAD,,_T,,_T,,1996,,29340,,A,,0,,1,
DATAFLOW,OECD.ITF:DSD_TRENDS@DF_TRENDSSAFETY(1.0),,I,CZE,,A,,CRASHES,,CRA,,ROAD,,_T,,_T,,1997,,28376,,A,,0,,1,
DATAFLOW,OECD.ITF:DSD_TRENDS@DF_TRENDSSAFETY(1.0),,I,CZE,,A,,CRASHES,,CRA,,ROAD,,_T,,_T,,1998,,27207,,A,,0,,1,
DATAFLOW,OECD.ITF:DSD_TRENDS@DF_TRENDSSAFETY(1.0),,I,CZE,,A,,CRASHES,,CRA,,ROAD,,_T,,_T,,1999,,26918,,A,,0,,1,
DATAFLOW,OECD.ITF:DSD_TRENDS@DF_TRENDSSAFETY(1.0),,I,CZE,,A,,CRASHES,,CRA,,ROAD,,_T,,_T,,2000,,25445,,A,,0,,1,
DATAFLOW,OECD.ITF:DSD_TRENDS@DF_TRENDSSAFETY(1.0),,I,CZE,,A,,CRASHES,,CRA,,ROAD,,_T,,_T,,2001,,26027,,A,,0,,1,
DATAFLOW,OECD.ITF:DSD_TRENDS@DF_TRENDSSAFETY(1.0),,I,CZE,,A,,CRASHES,,CRA,,ROAD,,_T,,_T,,2002,,26586,,A,,0,,1,
DATAFLOW,OECD.ITF:DSD_TRENDS@DF_TRENDSSAFETY(1.0),,I,CZE,,A,,CRASHES,,CRA,,ROAD,,_T,,_T,,2003,,27320,,A,,0,,1,
DATAFLOW,OECD.ITF:DSD_TRENDS@DF_TRENDSSAFETY(1.0),,I,CZE,,A,,CRASHES,,CRA,,ROAD,,_T,,_T,,2004,,26516,,A,,0,,1,
DATAFLOW,OECD.ITF:DSD_TRENDS@DF_TRENDSSAFETY(1.0),,I,CZE,,A,,CRASHES,,CRA,,ROAD,,_T,,_T,,2005,,25239,,A,,0,,1,
DATAFLOW,OECD.ITF:DSD_TRENDS@DF_TRENDSSAFETY(1.0),,I,CZE,,A,,CRASHES,,CRA,,ROAD,,_T,,_T,,2006,,22115,,A,,0,,1,
DATAFLOW,OECD.ITF:DSD_TRENDS@DF_TRENDSSAFETY(1.0),,I,CZE,,A,,CRASHES,,CRA,,ROAD,,_T,,_T,,2007,,23060,,A,,0,,1,
DATAFLOW,OECD.ITF:DSD_TRENDS@DF_TRENDSSAFETY(1.0),,I,CZE,,A,,CRASHES,,CRA,,ROAD,,_T,,_T,,2008,,22481,,A,,0,,1,
DATAFLOW,OECD.ITF:DSD_TRENDS@DF_TRENDSSAFETY(1.0),,I,CZE,,A,,CRASHES,,CRA,,ROAD,,_T,,_T,,2009,,21706,,A,,0,,1,
DATAFLOW,OECD.ITF:DSD_TRENDS@DF_TRENDSSAFETY(1.0),,I,CZE,,A,,CRASHES,,CRA,,ROAD,,_T,,_T,,2010,,19676,,A,,0,,1,
DATAFLOW,OECD.ITF:DSD_TRENDS@DF_TRENDSSAFETY(1.0),,I,CZE,,A,,CRASHES,,CRA,,ROAD,,_T,,_T,,2011,,20487,,A,,0,,1,
DATAFLOW,OECD.ITF:DSD_TRENDS@DF_TRENDSSAFETY(1.0),,I,CZE,,A,,CRASHES,,CRA,,ROAD,,_T,,_T,,2012,,20504,,A,,0,,1,
DATAFLOW,OECD.ITF:DSD_TRENDS@DF_TRENDSSAFETY(1.0),,I,CZE,,A,,CRASHES,,CRA,,ROAD,,_T,,_T,,2013,,20342,,A,,0,,1,
DATAFLOW,OECD.ITF:DSD_TRENDS@DF_TRENDSSAFETY(1.0),,I,CZE,,A,,CRASHES,,CRA,,ROAD,,_T,,_T,,2014,,21054,,A,,0,,1,
DATAFLOW,OECD.ITF:DSD_TRENDS@DF_TRENDSSAFETY(1.0),,I,CZE,,A,,CRASHES,,CRA,,ROAD,,_T,,_T,,2015,,21561,,A,,0,,1,
DATAFLOW,OECD.ITF:DSD_TRENDS@DF_TRENDSSAFETY(1.0),,I,CZE,,A,,CRASHES,,CRA,,ROAD,,_T,,_T,,2016,,21386,,A,,0,,1,
DATAFLOW,OECD.ITF:DSD_TRENDS@DF_TRENDSSAFETY(1.0),,I,CZE,,A,,CRASHES,,CRA,,ROAD,,_T,,_T,,2017,,21263,,A,,0,,1,
DATAFLOW,OECD.ITF:DSD_TRENDS@DF_TRENDSSAFETY(1.0),,I,CZE,,A,,CRASHES,,CRA,,ROAD,,_T,,_T,,2018,,21889,,A,,0,,1,
DATAFLOW,OECD.ITF:DSD_TRENDS@DF_TRENDSSAFETY(1.0),,I,CZE,,A,,CRASHES,,CRA,,ROAD,,_T,,_T,,2019,,20806,,A,,0,,1,
DATAFLOW,OECD.ITF:DSD_TRENDS@DF_TRENDSSAFETY(1.0),,I,CZE,,A,,CRASHES,,CRA,,ROAD,,_T,,_T,,2020,,18419,,A,,0,,1,
DATAFLOW,OECD.ITF:DSD_TRENDS@DF_TRENDSSAFETY(1.0),,I,CZE,,A,,CRASHES,,CRA,,ROAD,,_T,,_T,,2021,,18156,,A,,0,,1,
DATAFLOW,OECD.ITF:DSD_TRENDS@DF_TRENDSSAFETY(1.0),,I,CZE,,A,,CRASHES,,CRA,,ROAD,,_T,,_T,,2022,,19733,,A,,0,,1,
DATAFLOW,OECD.ITF:DSD_TRENDS@DF_TRENDSSAFETY(1.0),,I,CZE,,A,,CRASHES,,CRA,,ROAD,,_T,,_T,,2023,,20769,,A,,0,,1,
DATAFLOW,OECD.ITF:DSD_TRENDS@DF_TRENDSSAFETY(1.0),,I,CZE,,A,,CRASHES,,CRA,,ROAD,,_T,,_T,,2024,,21047,,A,,0,,1,
DATAFLOW,OECD.ITF:DSD_TRENDS@DF_TRENDSSAFETY(1.0),,I,DNK,,A,,CRASHES,,CRA,,ROAD,,_T,,_T,,1970,,19782,,A,,0,,1,
DATAFLOW,OECD.ITF:DSD_TRENDS@DF_TRENDSSAFETY(1.0),,I,DNK,,A,,CRASHES,,CRA,,ROAD,,_T,,_T,,1971,,20507,,A,,0,,1,
DATAFLOW,OECD.ITF:DSD_TRENDS@DF_TRENDSSAFETY(1.0),,I,DNK,,A,,CRASHES,,CRA,,ROAD,,_T,,_T,,1972,,19245,,A,,0,,1,
DATAFLOW,OECD.ITF:DSD_TRENDS@DF_TRENDSSAFETY(1.0),,I,DNK,,A,,CRASHES,,CRA,,ROAD,,_T,,_T,,1973,,18242,,A,,0,,1,
DATAFLOW,OECD.ITF:DSD_TRENDS@DF_TRENDSSAFETY(1.0),,I,DNK,,A,,CRASHES,,CRA,,ROAD,,_T,,_T,,1974,,14974,,A,,0,,1,
DATAFLOW,OECD.ITF:DSD_TRENDS@DF_TRENDSSAFETY(1.0),,I,DNK,,A,,CRASHES,,CRA,,ROAD,,_T,,_T,,1975,,15929,,A,,0,,1,
DATAFLOW,OECD.ITF:DSD_TRENDS@DF_TRENDSSAFETY(1.0),,I,DNK,,A,,CRASHES,,CRA,,ROAD,,_T,,_T,,1976,,15951,,A,,0,,1,
DATAFLOW,OECD.ITF:DSD_TRENDS@DF_TRENDSSAFETY(1.0),,I,DNK,,A,,CRASHES,,CRA,,ROAD,,_T,,_T,,1977,,15942,,A,,0,,1,
DATAFLOW,OECD.ITF:DSD_TRENDS@DF_TRENDSSAFETY(1.0),,I,DNK,,A,,CRASHES,,CRA,,ROAD,,_T,,_T,,1978,,15705,,A,,0,,1,
DATAFLOW,OECD.ITF:DSD_TRENDS@DF_TRENDSSAFETY(1.0),,I,DNK,,A,,CRASHES,,CRA,,ROAD,,_T,,_T,,1979,,13467,,A,,0,,1,
DATAFLOW,OECD.ITF:DSD_TRENDS@DF_TRENDSSAFETY(1.0),,I,DNK,,A,,CRASHES,,CRA,,ROAD,,_T,,_T,,1980,,12334,,A,,0,,1,
DATAFLOW,OECD.ITF:DSD_TRENDS@DF_TRENDSSAFETY(1.0),,I,DNK,,A,,CRASHES,,CRA,,ROAD,,_T,,_T,,1981,,11257,,A,,0,,1,
DATAFLOW,OECD.ITF:DSD_TRENDS@DF_TRENDSSAFETY(1.0),,I,DNK,,A,,CRASHES,,CRA,,ROAD,,_T,,_T,,1982,,11196,,A,,0,,1,
DATAFLOW,OECD.ITF:DSD_TRENDS@DF_TRENDSSAFETY(1.0),,I,DNK,,A,,CRASHES,,CRA,,ROAD,,_T,,_T,,1983,,11115,,A,,0,,1,
DATAFLOW,OECD.ITF:DSD_TRENDS@DF_TRENDSSAFETY(1.0),,I,DNK,,A,,CRASHES,,CRA,,ROAD,,_T,,_T,,1984,,11489,,A,,0,,1,
DATAFLOW,OECD.ITF:DSD_TRENDS@DF_TRENDSSAFETY(1.0),,I,DNK,,A,,CRASHES,,CRA,,ROAD,,_T,,_T,,1985,,11502,,A,,0,,1,
DATAFLOW,OECD.ITF:DSD_TRENDS@DF_TRENDSSAFETY(1.0),,I,DNK,,A,,CRASHES,,CRA,,ROAD,,_T,,_T,,1986,,11170,,A,,0,,1,
DATAFLOW,OECD.ITF:DSD_TRENDS@DF_TRENDSSAFETY(1.0),,I,DNK,,A,,CRASHES,,CRA,,ROAD,,_T,,_T,,1987,,10164,,A,,0,,1,
DATAFLOW,OECD.ITF:DSD_TRENDS@DF_TRENDSSAFETY(1.0),,I,DNK,,A,,CRASHES,,CRA,,ROAD,,_T,,_T,,1988,,9978,,A,,0,,1,
DATAFLOW,OECD.ITF:DSD_TRENDS@DF_TRENDSSAFETY(1.0),,I,DNK,,A,,CRASHES,,CRA,,ROAD,,_T,,_T,,1989,,9922,,A,,0,,1,
DATAFLOW,OECD.ITF:DSD_TRENDS@DF_TRENDSSAFETY(1.0),,I,DNK,,A,,CRASHES,,CRA,,ROAD,,_T,,_T,,1990,,9155,,A,,0,,1,
DATAFLOW,OECD.ITF:DSD_TRENDS@DF_TRENDSSAFETY(1.0),,I,DNK,,A,,CRASHES,,CRA,,ROAD,,_T,,_T,,1991,,8757,,A,,0,,1,
DATAFLOW,OECD.ITF:DSD_TRENDS@DF_TRENDSSAFETY(1.0),,I,DNK,,A,,CRASHES,,CRA,,ROAD,,_T,,_T,,1992,,8955,,A,,0,,1,
DATAFLOW,OECD.ITF:DSD_TRENDS@DF_TRENDSSAFETY(1.0),,I,DNK,,A,,CRASHES,,CRA,,ROAD,,_T,,_T,,1993,,8514,,A,,0,,1,
DATAFLOW,OECD.ITF:DSD_TRENDS@DF_TRENDSSAFETY(1.0),,I,DNK,,A,,CRASHES,,CRA,,ROAD,,_T,,_T,,1994,,8279,,A,,0,,1,
DATAFLOW,OECD.ITF:DSD_TRENDS@DF_TRENDSSAFETY(1.0),,I,DNK,,A,,CRASHES,,CRA,,ROAD,,_T,,_T,,1995,,8375,,A,,0,,1,
DATAFLOW,OECD.ITF:DSD_TRENDS@DF_TRENDSSAFETY(1.0),,I,DNK,,A,,CRASHES,,CRA,,ROAD,,_T,,_T,,1996,,8031,,A,,0,,1,
DATAFLOW,OECD.ITF:DSD_TRENDS@DF_TRENDSSAFETY(1.0),,I,DNK,,A,,CRASHES,,CRA,,ROAD,,_T,,_T,,1997,,8047,,A,,0,,1,
DATAFLOW,OECD.ITF:DSD_TRENDS@DF_TRENDSSAFETY(1.0),,I,DNK,,A,,CRASHES,,CRA,,ROAD,,_T,,_T,,1998,,7447,,A,,0,,1,
DATAFLOW,OECD.ITF:DSD_TRENDS@DF_TRENDSSAFETY(1.0),,I,DNK,,A,,CRASHES,,CRA,,ROAD,,_T,,_T,,1999,,7605,,A,,0,,1,
DATAFLOW,OECD.ITF:DSD_TRENDS@DF_TRENDSSAFETY(1.0),,I,DNK,,A,,CRASHES,,CRA,,ROAD,,_T,,_T,,2000,,7346,,A,,0,,1,
DATAFLOW,OECD.ITF:DSD_TRENDS@DF_TRENDSSAFETY(1.0),,I,DNK,,A,,CRASHES,,CRA,,ROAD,,_T,,_T,,2001,,6861,,A,,0,,1,
DATAFLOW,OECD.ITF:DSD_TRENDS@DF_TRENDSSAFETY(1.0),,I,DNK,,A,,CRASHES,,CRA,,ROAD,,_T,,_T,,2002,,7126,,A,,0,,1,
DATAFLOW,OECD.ITF:DSD_TRENDS@DF_TRENDSSAFETY(1.0),,I,DNK,,A,,CRASHES,,CRA,,ROAD,,_T,,_T,,2003,,6749,,A,,0,,1,
DATAFLOW,OECD.ITF:DSD_TRENDS@DF_TRENDSSAFETY(1.0),,I,DNK,,A,,CRASHES,,CRA,,ROAD,,_T,,_T,,2004,,6209,,A,,0,,1,
DATAFLOW,OECD.ITF:DSD_TRENDS@DF_TRENDSSAFETY(1.0),,I,DNK,,A,,CRASHES,,CRA,,ROAD,,_T,,_T,,2005,,5412,,A,,0,,1,
DATAFLOW,OECD.ITF:DSD_TRENDS@DF_TRENDSSAFETY(1.0),,I,DNK,,A,,CRASHES,,CRA,,ROAD,,_T,,_T,,2006,,5403,,A,,0,,1,
DATAFLOW,OECD.ITF:DSD_TRENDS@DF_TRENDSSAFETY(1.0),,I,DNK,,A,,CRASHES,,CRA,,ROAD,,_T,,_T,,2007,,5549,,A,,0,,1,
DATAFLOW,OECD.ITF:DSD_TRENDS@DF_TRENDSSAFETY(1.0),,I,DNK,,A,,CRASHES,,CRA,,ROAD,,_T,,_T,,2008,,5020,,A,,0,,1,
DATAFLOW,OECD.ITF:DSD_TRENDS@DF_TRENDSSAFETY(1.0),,I,DNK,,A,,CRASHES,,CRA,,ROAD,,_T,,_T,,2009,,4174,,A,,0,,1,
DATAFLOW,OECD.ITF:DSD_TRENDS@DF_TRENDSSAFETY(1.0),,I,DNK,,A,,CRASHES,,CRA,,ROAD,,_T,,_T,,2010,,3498,,A,,0,,1,
DATAFLOW,OECD.ITF:DSD_TRENDS@DF_TRENDSSAFETY(1.0),,I,DNK,,A,,CRASHES,,CRA,,ROAD,,_T,,_T,,2011,,3525,,A,,0,,1,
DATAFLOW,OECD.ITF:DSD_TRENDS@DF_TRENDSSAFETY(1.0),,I,DNK,,A,,CRASHES,,CRA,,ROAD,,_T,,_T,,2012,,3124,,A,,0,,1,
DATAFLOW,OECD.ITF:DSD_TRENDS@DF_TRENDSSAFETY(1.0),,I,DNK,,A,,CRASHES,,CRA,,ROAD,,_T,,_T,,2013,,2984,,A,,0,,1,
DATAFLOW,OECD.ITF:DSD_TRENDS@DF_TRENDSSAFETY(1.0),,I,DNK,,A,,CRASHES,,CRA,,ROAD,,_T,,_T,,2014,,2880,,A,,0,,1,
DATAFLOW,OECD.ITF:DSD_TRENDS@DF_TRENDSSAFETY(1.0),,I,DNK,,A,,CRASHES,,CRA,,ROAD,,_T,,_T,,2015,,2853,,A,,0,,1,
DATAFLOW,OECD.ITF:DSD_TRENDS@DF_TRENDSSAFETY(1.0),,I,DNK,,A,,CRASHES,,CRA,,ROAD,,_T,,_T,,2016,,2882,,A,,0,,1,
DATAFLOW,OECD.ITF:DSD_TRENDS@DF_TRENDSSAFETY(1.0),,I,DNK,,A,,CRASHES,,CRA,,ROAD,,_T,,_T,,2017,,2789,,A,,0,,1,
DATAFLOW,OECD.ITF:DSD_TRENDS@DF_TRENDSSAFETY(1.0),,I,DNK,,A,,CRASHES,,CRA,,ROAD,,_T,,_T,,2018,,2964,,A,,0,,1,
DATAFLOW,OECD.ITF:DSD_TRENDS@DF_TRENDSSAFETY(1.0),,I,DNK,,A,,CRASHES,,CRA,,ROAD,,_T,,_T,,2019,,2808,,A,,0,,1,
DATAFLOW,OECD.ITF:DSD_TRENDS@DF_TRENDSSAFETY(1.0),,I,EST,,A,,CRASHES,,CRA,,ROAD,,_T,,_T,,1970,,2226,,A,,0,,1,
DATAFLOW,OECD.ITF:DSD_TRENDS@DF_TRENDSSAFETY(1.0),,I,EST,,A,,CRASHES,,CRA,,ROAD,,_T,,_T,,1971,,1940,,A,,0,,1,
DATAFLOW,OECD.ITF:DSD_TRENDS@DF_TRENDSSAFETY(1.0),,I,EST,,A,,CRASHES,,CRA,,ROAD,,_T,,_T,,1972,,1924,,A,,0,,1,
DATAFLOW,OECD.ITF:DSD_TRENDS@DF_TRENDSSAFETY(1.0),,I,EST,,A,,CRASHES,,CRA,,ROAD,,_T,,_T,,1973,,1676,,A,,0,,1,
DATAFLOW,OECD.ITF:DSD_TRENDS@DF_TRENDSSAFETY(1.0),,I,EST,,A,,CRASHES,,CRA,,ROAD,,_T,,_T,,1974,,1736,,A,,0,,1,
DATAFLOW,OECD.ITF:DSD_TRENDS@DF_TRENDSSAFETY(1.0),,I,EST,,A,,CRASHES,,CRA,,ROAD,,_T,,_T,,1975,,1803,,A,,0,,1,
DATAFLOW,OECD.ITF:DSD_TRENDS@DF_TRENDSSAFETY(1.0),,I,EST,,A,,CRASHES,,CRA,,ROAD,,_T,,_T,,1976,,1658,,A,,0,,1,
DATAFLOW,OECD.ITF:DSD_TRENDS@DF_TRENDSSAFETY(1.0),,I,EST,,A,,CRASHES,,CRA,,ROAD,,_T,,_T,,1977,,1697,,A,,0,,1,
DATAFLOW,OECD.ITF:DSD_TRENDS@DF_TRENDSSAFETY(1.0),,I,EST,,A,,CRASHES,,CRA,,ROAD,,_T,,_T,,1978,,1521,,A,,0,,1,
DATAFLOW,OECD.ITF:DSD_TRENDS@DF_TRENDSSAFETY(1.0),,I,EST,,A,,CRASHES,,CRA,,ROAD,,_T,,_T,,1979,,1595,,A,,0,,1,
DATAFLOW,OECD.ITF:DSD_TRENDS@DF_TRENDSSAFETY(1.0),,I,EST,,A,,CRASHES,,CRA,,ROAD,,_T,,_T,,1980,,1655,,A,,0,,1,
DATAFLOW,OECD.ITF:DSD_TRENDS@DF_TRENDSSAFETY(1.0),,I,EST,,A,,CRASHES,,CRA,,ROAD,,_T,,_T,,1981,,1639,,A,,0,,1,
DATAFLOW,OECD.ITF:DSD_TRENDS@DF_TRENDSSAFETY(1.0),,I,EST,,A,,CRASHES,,CRA,,ROAD,,_T,,_T,,1982,,1564,,A,,0,,1,
DATAFLOW,OECD.ITF:DSD_TRENDS@DF_TRENDSSAFETY(1.0),,I,EST,,A,,CRASHES,,CRA,,ROAD,,_T,,_T,,1983,,1559,,A,,0,,1,
DATAFLOW,OECD.ITF:DSD_TRENDS@DF_TRENDSSAFETY(1.0),,I,EST,,A,,CRASHES,,CRA,,ROAD,,_T,,_T,,1984,,1584,,A,,0,,1,
DATAFLOW,OECD.ITF:DSD_TRENDS@DF_TRENDSSAFETY(1.0),,I,EST,,A,,CRASHES,,CRA,,ROAD,,_T,,_T,,1985,,1355,,A,,0,,1,
DATAFLOW,OECD.ITF:DSD_TRENDS@DF_TRENDSSAFETY(1.0),,I,EST,,A,,CRASHES,,CRA,,ROAD,,_T,,_T,,1986,,1551,,A,,0,,1,
DATAFLOW,OECD.ITF:DSD_TRENDS@DF_TRENDSSAFETY(1.0),,I,EST,,A,,CRASHES,,CRA,,ROAD,,_T,,_T,,1987,,1590,,A,,0,,1,
DATAFLOW,OECD.ITF:DSD_TRENDS@DF_TRENDSSAFETY(1.0),,I,EST,,A,,CRASHES,,CRA,,ROAD,,_T,,_T,,1988,,1680,,A,,0,,1,
DATAFLOW,OECD.ITF:DSD_TRENDS@DF_TRENDSSAFETY(1.0),,I,EST,,A,,CRASHES,,CRA,,ROAD,,_T,,_T,,1989,,1956,,A,,0,,1,
DATAFLOW,OECD.ITF:DSD_TRENDS@DF_TRENDSSAFETY(1.0),,I,EST,,A,,CRASHES,,CRA,,ROAD,,_T,,_T,,1990,,2099,,A,,0,,1,
DATAFLOW,OECD.ITF:DSD_TRENDS@DF_TRENDSSAFETY(1.0),,I,EST,,A,,CRASHES,,CRA,,ROAD,,_T,,_T,,1991,,1965,,A,,0,,1,
DATAFLOW,OECD.ITF:DSD_TRENDS@DF_TRENDSSAFETY(1.0),,I,EST,,A,,CRASHES,,CRA,,ROAD,,_T,,_T,,1992,,1167,,A,,0,,1,
DATAFLOW,OECD.ITF:DSD_TRENDS@DF_TRENDSSAFETY(1.0),,I,EST,,A,,CRASHES,,CRA,,ROAD,,_T,,_T,,1993,,1317,,A,,0,,1,
DATAFLOW,OECD.ITF:DSD_TRENDS@DF_TRENDSSAFETY(1.0),,I,EST,,A,,CRASHES,,CRA,,ROAD,,_T,,_T,,1994,,1585,,A,,0,,1,
DATAFLOW,OECD.ITF:DSD_TRENDS@DF_TRENDSSAFETY(1.0),,I,EST,,A,,CRASHES,,CRA,,ROAD,,_T,,_T,,1995,,1644,,A,,0,,1,
DATAFLOW,OECD.ITF:DSD_TRENDS@DF_TRENDSSAFETY(1.0),,I,EST,,A,,CRASHES,,CRA,,ROAD,,_T,,_T,,1996,,1318,,A,,0,,1,
DATAFLOW,OECD.ITF:DSD_TRENDS@DF_TRENDSSAFETY(1.0),,I,EST,,A,,CRASHES,,CRA,,ROAD,,_T,,_T,,1997,,1490,,A,,0,,1,
DATAFLOW,OECD.ITF:DSD_TRENDS@DF_TRENDSSAFETY(1.0),,I,EST,,A,,CRASHES,,CRA,,ROAD,,_T,,_T,,1998,,1613,,A,,0,,1,
DATAFLOW,OECD.ITF:DSD_TRENDS@DF_TRENDSSAFETY(1.0),,I,EST,,A,,CRASHES,,CRA,,ROAD,,_T,,_T,,1999,,1472,,A,,0,,1,
DATAFLOW,OECD.ITF:DSD_TRENDS@DF_TRENDSSAFETY(1.0),,I,EST,,A,,CRASHES,,CRA,,ROAD,,_T,,_T,,2000,,1504,,A,,0,,1,
DATAFLOW,OECD.ITF:DSD_TRENDS@DF_TRENDSSAFETY(1.0),,I,EST,,A,,CRASHES,,CRA,,ROAD,,_T,,_T,,2001,,1888,,A,,0,,1,
DATAFLOW,OECD.ITF:DSD_TRENDS@DF_TRENDSSAFETY(1.0),,I,EST,,A,,CRASHES,,CRA,,ROAD,,_T,,_T,,2002,,2164,,A,,0,,1,
DATAFLOW,OECD.ITF:DSD_TRENDS@DF_TRENDSSAFETY(1.0),,I,EST,,A,,CRASHES,,CRA,,ROAD,,_T,,_T,,2003,,1931,,A,,0,,1,
DATAFLOW,OECD.ITF:DSD_TRENDS@DF_TRENDSSAFETY(1.0),,I,EST,,A,,CRASHES,,CRA,,ROAD,,_T,,_T,,2004,,2244,,A,,0,,1,
DATAFLOW,OECD.ITF:DSD_TRENDS@DF_TRENDSSAFETY(1.0),,I,EST,,A,,CRASHES,,CRA,,ROAD,,_T,,_T,,2005,,2341,,A,,0,,1,
DATAFLOW,OECD.ITF:DSD_TRENDS@DF_TRENDSSAFETY(1.0),,I,EST,,A,,CRASHES,,CRA,,ROAD,,_T,,_T,,2006,,2585,,A,,0,,1,
DATAFLOW,OECD.ITF:DSD_TRENDS@DF_TRENDSSAFETY(1.0),,I,EST,,A,,CRASHES,,CRA,,ROAD,,_T,,_T,,2007,,2450,,A,,0,,1,
DATAFLOW,OECD.ITF:DSD_TRENDS@DF_TRENDSSAFETY(1.0),,I,EST,,A,,CRASHES,,CRA,,ROAD,,_T,,_T,,2008,,1869,,A,,0,,1,
DATAFLOW,OECD.ITF:DSD_TRENDS@DF_TRENDSSAFETY(1.0),,I,EST,,A,,CRASHES,,CRA,,ROAD,,_T,,_T,,2009,,1505,,A,,0,,1,
DATAFLOW,OECD.ITF:DSD_TRENDS@DF_TRENDSSAFETY(1.0),,I,EST,,A,,CRASHES,,CRA,,ROAD,,_T,,_T,,2010,,1347,,A,,0,,1,
DATAFLOW,OECD.ITF:DSD_TRENDS@DF_TRENDSSAFETY(1.0),,I,EST,,A,,CRASHES,,CRA,,ROAD,,_T,,_T,,2011,,1492,,A,,0,,1,
DATAFLOW,OECD.ITF:DSD_TRENDS@DF_TRENDSSAFETY(1.0),,I,EST,,A,,CRASHES,,CRA,,ROAD,,_T,,_T,,2012,,1383,,A,,0,,1,
DATAFLOW,OECD.ITF:DSD_TRENDS@DF_TRENDSSAFETY(1.0),,I,EST,,A,,CRASHES,,CRA,,ROAD,,_T,,_T,,2013,,1364,,A,,0,,1,
DATAFLOW,OECD.ITF:DSD_TRENDS@DF_TRENDSSAFETY(1.0),,I,EST,,A,,CRASHES,,CRA,,ROAD,,_T,,_T,,2014,,1413,,A,,0,,1,
DATAFLOW,OECD.ITF:DSD_TRENDS@DF_TRENDSSAFETY(1.0),,I,EST,,A,,CRASHES,,CRA,,ROAD,,_T,,_T,,2015,,1376,,A,,0,,1,
DATAFLOW,OECD.ITF:DSD_TRENDS@DF_TRENDSSAFETY(1.0),,I,EST,,A,,CRASHES,,CRA,,ROAD,,_T,,_T,,2016,,1468,,A,,0,,1,
DATAFLOW,OECD.ITF:DSD_TRENDS@DF_TRENDSSAFETY(1.0),,I,EST,,A,,CRASHES,,CRA,,ROAD,,_T,,_T,,2017,,1406,,A,,0,,1,
DATAFLOW,OECD.ITF:DSD_TRENDS@DF_TRENDSSAFETY(1.0),,I,EST,,A,,CRASHES,,CRA,,ROAD,,_T,,_T,,2018,,1469,,A,,0,,1,
DATAFLOW,OECD.ITF:DSD_TRENDS@DF_TRENDSSAFETY(1.0),,I,EST,,A,,CRASHES,,CRA,,ROAD,,_T,,_T,,2019,,1406,,A,,0,,1,
DATAFLOW,OECD.ITF:DSD_TRENDS@DF_TRENDSSAFETY(1.0),,I,EST,,A,,CRASHES,,CRA,,ROAD,,_T,,_T,,2020,,1368,,A,,0,,1,
DATAFLOW,OECD.ITF:DSD_TRENDS@DF_TRENDSSAFETY(1.0),,I,EST,,A,,CRASHES,,CRA,,ROAD,,_T,,_T,,2021,,1568,,A,,0,,1,
DATAFLOW,OECD.ITF:DSD_TRENDS@DF_TRENDSSAFETY(1.0),,I,EST,,A,,CRASHES,,CRA,,ROAD,,_T,,_T,,2022,,1700,,A,,0,,1,
DATAFLOW,OECD.ITF:DSD_TRENDS@DF_TRENDSSAFETY(1.0),,I,EST,,A,,CRASHES,,CRA,,ROAD,,_T,,_T,,2023,,1725,,A,,0,,1,
DATAFLOW,OECD.ITF:DSD_TRENDS@DF_TRENDSSAFETY(1.0),,I,EST,,A,,CRASHES,,CRA,,ROAD,,_T,,_T,,2024,,1914,,A,,0,,1,
DATAFLOW,OECD.ITF:DSD_TRENDS@DF_TRENDSSAFETY(1.0),,I,FIN,,A,,CRASHES,,CRA,,ROAD,,_T,,_T,,1970,,11439,,A,,0,,1,
DATAFLOW,OECD.ITF:DSD_TRENDS@DF_TRENDSSAFETY(1.0),,I,FIN,,A,,CRASHES,,CRA,,ROAD,,_T,,_T,,1971,,11465,,A,,0,,1,
DATAFLOW,OECD.ITF:DSD_TRENDS@DF_TRENDSSAFETY(1.0),,I,FIN,,A,,CRASHES,,CRA,,ROAD,,_T,,_T,,1972,,11553,,A,,0,,1,
DATAFLOW,OECD.ITF:DSD_TRENDS@DF_TRENDSSAFETY(1.0),,I,FIN,,A,,CRASHES,,CRA,,ROAD,,_T,,_T,,1973,,11395,,A,,0,,1,
DATAFLOW,OECD.ITF:DSD_TRENDS@DF_TRENDSSAFETY(1.0),,I,FIN,,A,,CRASHES,,CRA,,ROAD,,_T,,_T,,1974,,10359,,A,,0,,1,
DATAFLOW,OECD.ITF:DSD_TRENDS@DF_TRENDSSAFETY(1.0),,I,FIN,,A,,CRASHES,,CRA,,ROAD,,_T,,_T,,1975,,10337,,A,,0,,1,
DATAFLOW,OECD.ITF:DSD_TRENDS@DF_TRENDSSAFETY(1.0),,I,FIN,,A,,CRASHES,,CRA,,ROAD,,_T,,_T,,1976,,8630,,A,,0,,1,
DATAFLOW,OECD.ITF:DSD_TRENDS@DF_TRENDSSAFETY(1.0),,I,FIN,,A,,CRASHES,,CRA,,ROAD,,_T,,_T,,1977,,8288,,A,,0,,1,
DATAFLOW,OECD.ITF:DSD_TRENDS@DF_TRENDSSAFETY(1.0),,I,FIN,,A,,CRASHES,,CRA,,ROAD,,_T,,_T,,1978,,7001,,A,,0,,1,
DATAFLOW,OECD.ITF:DSD_TRENDS@DF_TRENDSSAFETY(1.0),,I,FIN,,A,,CRASHES,,CRA,,ROAD,,_T,,_T,,1979,,6938,,A,,0,,1,
DATAFLOW,OECD.ITF:DSD_TRENDS@DF_TRENDSSAFETY(1.0),,I,FIN,,A,,CRASHES,,CRA,,ROAD,,_T,,_T,,1980,,6790,,A,,0,,1,
DATAFLOW,OECD.ITF:DSD_TRENDS@DF_TRENDSSAFETY(1.0),,I,FIN,,A,,CRASHES,,CRA,,ROAD,,_T,,_T,,1981,,7173,,A,,0,,1,
DATAFLOW,OECD.ITF:DSD_TRENDS@DF_TRENDSSAFETY(1.0),,I,FIN,,A,,CRASHES,,CRA,,ROAD,,_T,,_T,,1982,,7402,,A,,0,,1,
DATAFLOW,OECD.ITF:DSD_TRENDS@DF_TRENDSSAFETY(1.0),,I,FIN,,A,,CRASHES,,CRA,,ROAD,,_T,,_T,,1983,,7673,,A,,0,,1,
DATAFLOW,OECD.ITF:DSD_TRENDS@DF_TRENDSSAFETY(1.0),,I,FIN,,A,,CRASHES,,CRA,,ROAD,,_T,,_T,,1984,,7543,,A,,0,,1,
DATAFLOW,OECD.ITF:DSD_TRENDS@DF_TRENDSSAFETY(1.0),,I,FIN,,A,,CRASHES,,CRA,,ROAD,,_T,,_T,,1985,,7759,,A,,0,,1,
DATAFLOW,OECD.ITF:DSD_TRENDS@DF_TRENDSSAFETY(1.0),,I,FIN,,A,,CRASHES,,CRA,,ROAD,,_T,,_T,,1986,,8708,,A,,0,,1,
DATAFLOW,OECD.ITF:DSD_TRENDS@DF_TRENDSSAFETY(1.0),,I,FIN,,A,,CRASHES,,CRA,,ROAD,,_T,,_T,,1987,,8636,,A,,0,,1,
DATAFLOW,OECD.ITF:DSD_TRENDS@DF_TRENDSSAFETY(1.0),,I,FIN,,A,,CRASHES,,CRA,,ROAD,,_T,,_T,,1988,,9569,,A,,0,,1,
DATAFLOW,OECD.ITF:DSD_TRENDS@DF_TRENDSSAFETY(1.0),,I,FIN,,A,,CRASHES,,CRA,,ROAD,,_T,,_T,,1989,,9682,,A,,0,,1,
DATAFLOW,OECD.ITF:DSD_TRENDS@DF_TRENDSSAFETY(1.0),,I,FIN,,A,,CRASHES,,CRA,,ROAD,,_T,,_T,,1990,,10175,,A,,0,,1,
DATAFLOW,OECD.ITF:DSD_TRENDS@DF_TRENDSSAFETY(1.0),,I,FIN,,A,,CRASHES,,CRA,,ROAD,,_T,,_T,,1991,,9374,,A,,0,,1,
DATAFLOW,OECD.ITF:DSD_TRENDS@DF_TRENDSSAFETY(1.0),,I,FIN,,A,,CRASHES,,CRA,,ROAD,,_T,,_T,,1992,,7882,,A,,0,,1,
DATAFLOW,OECD.ITF:DSD_TRENDS@DF_TRENDSSAFETY(1.0),,I,FIN,,A,,CRASHES,,CRA,,ROAD,,_T,,_T,,1993,,6147,,A,,0,,1,
DATAFLOW,OECD.ITF:DSD_TRENDS@DF_TRENDSSAFETY(1.0),,I,FIN,,A,,CRASHES,,CRA,,ROAD,,_T,,_T,,1994,,6245,,A,,0,,1,
DATAFLOW,OECD.ITF:DSD_TRENDS@DF_TRENDSSAFETY(1.0),,I,FIN,,A,,CRASHES,,CRA,,ROAD,,_T,,_T,,1996,,7274,,A,,0,,1,
DATAFLOW,OECD.ITF:DSD_TRENDS@DF_TRENDSSAFETY(1.0),,I,FIN,,A,,CRASHES,,CRA,,ROAD,,_T,,_T,,1997,,6980,,A,,0,,1,
DATAFLOW,OECD.ITF:DSD_TRENDS@DF_TRENDSSAFETY(1.0),,I,FIN,,A,,CRASHES,,CRA,,ROAD,,_T,,_T,,1998,,6902,,A,,0,,1,
DATAFLOW,OECD.ITF:DSD_TRENDS@DF_TRENDSSAFETY(1.0),,I,FIN,,A,,CRASHES,,CRA,,ROAD,,_T,,_T,,1999,,6997,,A,,0,,1,
DATAFLOW,OECD.ITF:DSD_TRENDS@DF_TRENDSSAFETY(1.0),,I,FIN,,A,,CRASHES,,CRA,,ROAD,,_T,,_T,,2000,,6633,,A,,0,,1,
DATAFLOW,OECD.ITF:DSD_TRENDS@DF_TRENDSSAFETY(1.0),,I,FIN,,A,,CRASHES,,CRA,,ROAD,,_T,,_T,,2001,,6451,,A,,0,,1,
DATAFLOW,OECD.ITF:DSD_TRENDS@DF_TRENDSSAFETY(1.0),,I,FIN,,A,,CRASHES,,CRA,,ROAD,,_T,,_T,,2002,,6196,,A,,0,,1,
DATAFLOW,OECD.ITF:DSD_TRENDS@DF_TRENDSSAFETY(1.0),,I,FIN,,A,,CRASHES,,CRA,,ROAD,,_T,,_T,,2004,,6767,,A,,0,,1,
DATAFLOW,OECD.ITF:DSD_TRENDS@DF_TRENDSSAFETY(1.0),,I,FIN,,A,,CRASHES,,CRA,,ROAD,,_T,,_T,,2005,,7022,,A,,0,,1,
DATAFLOW,OECD.ITF:DSD_TRENDS@DF_TRENDSSAFETY(1.0),,I,FIN,,A,,CRASHES,,CRA,,ROAD,,_T,,_T,,2006,,6740,,A,,0,,1,
DATAFLOW,OECD.ITF:DSD_TRENDS@DF_TRENDSSAFETY(1.0),,I,FIN,,A,,CRASHES,,CRA,,ROAD,,_T,,_T,,2007,,6657,,A,,0,,1,
DATAFLOW,OECD.ITF:DSD_TRENDS@DF_TRENDSSAFETY(1.0),,I,FIN,,A,,CRASHES,,CRA,,ROAD,,_T,,_T,,2008,,6881,,A,,0,,1,
DATAFLOW,OECD.ITF:DSD_TRENDS@DF_TRENDSSAFETY(1.0),,I,FIN,,A,,CRASHES,,CRA,,ROAD,,_T,,_T,,2009,,6414,,A,,0,,1,
DATAFLOW,OECD.ITF:DSD_TRENDS@DF_TRENDSSAFETY(1.0),,I,FIN,,A,,CRASHES,,CRA,,ROAD,,_T,,_T,,2010,,6072,,A,,0,,1,
DATAFLOW,OECD.ITF:DSD_TRENDS@DF_TRENDSSAFETY(1.0),,I,FIN,,A,,CRASHES,,CRA,,ROAD,,_T,,_T,,2011,,6408,,A,,0,,1,
DATAFLOW,OECD.ITF:DSD_TRENDS@DF_TRENDSSAFETY(1.0),,I,FIN,,A,,CRASHES,,CRA,,ROAD,,_T,,_T,,2012,,5725,,A,,0,,1,
DATAFLOW,OECD.ITF:DSD_TRENDS@DF_TRENDSSAFETY(1.0),,I,FIN,,A,,CRASHES,,CRA,,ROAD,,_T,,_T,,2013,,5334,,A,,0,,1,
DATAFLOW,OECD.ITF:DSD_TRENDS@DF_TRENDSSAFETY(1.0),,I,FIN,,A,,CRASHES,,CRA,,ROAD,,_T,,_T,,2014,,5324,,A,,0,,1,
DATAFLOW,OECD.ITF:DSD_TRENDS@DF_TRENDSSAFETY(1.0),,I,FIN,,A,,CRASHES,,CRA,,ROAD,,_T,,_T,,2015,,5185,,A,,0,,1,
DATAFLOW,OECD.ITF:DSD_TRENDS@DF_TRENDSSAFETY(1.0),,I,FIN,,A,,CRASHES,,CRA,,ROAD,,_T,,_T,,2016,,4752,,A,,0,,1,
DATAFLOW,OECD.ITF:DSD_TRENDS@DF_TRENDSSAFETY(1.0),,I,FIN,,A,,CRASHES,,CRA,,ROAD,,_T,,_T,,2017,,4432,,A,,0,,1,
DATAFLOW,OECD.ITF:DSD_TRENDS@DF_TRENDSSAFETY(1.0),,I,FIN,,A,,CRASHES,,CRA,,ROAD,,_T,,_T,,2018,,4312,,A,,0,,1,
DATAFLOW,OECD.ITF:DSD_TRENDS@DF_TRENDSSAFETY(1.0),,I,FIN,,A,,CRASHES,,CRA,,ROAD,,_T,,_T,,2019,,4002,,A,,0,,1,
DATAFLOW,OECD.ITF:DSD_TRENDS@DF_TRENDSSAFETY(1.0),,I,FIN,,A,,CRASHES,,CRA,,ROAD,,_T,,_T,,2020,,3608,,A,,0,,1,
DATAFLOW,OECD.ITF:DSD_TRENDS@DF_TRENDSSAFETY(1.0),,I,FIN,,A,,CRASHES,,CRA,,ROAD,,_T,,_T,,2021,,3243,,A,,0,,1,
DATAFLOW,OECD.ITF:DSD_TRENDS@DF_TRENDSSAFETY(1.0),,I,FIN,,A,,CRASHES,,CRA,,ROAD,,_T,,_T,,2022,,3110,,A,,0,,1,
DATAFLOW,OECD.ITF:DSD_TRENDS@DF_TRENDSSAFETY(1.0),,I,FIN,,A,,CRASHES,,CRA,,ROAD,,_T,,_T,,2023,,2944,,A,,0,,1,
DATAFLOW,OECD.ITF:DSD_TRENDS@DF_TRENDSSAFETY(1.0),,I,FIN,,A,,CRASHES,,CRA,,ROAD,,_T,,_T,,2024,,2788,,A,,0,,1,
DATAFLOW,OECD.ITF:DSD_TRENDS@DF_TRENDSSAFETY(1.0),,I,FRA,,A,,CRASHES,,CRA,,ROAD,,_T,,_T,,1970,,235109,,A,,0,,1,
DATAFLOW,OECD.ITF:DSD_TRENDS@DF_TRENDSSAFETY(1.0),,I,FRA,,A,,CRASHES,,CRA,,ROAD,,_T,,_T,,1971,,249828,,A,,0,,1,
DATAFLOW,OECD.ITF:DSD_TRENDS@DF_TRENDSSAFETY(1.0),,I,FRA,,A,,CRASHES,,CRA,,ROAD,,_T,,_T,,1972,,274476,,A,,0,,1,
DATAFLOW,OECD.ITF:DSD_TRENDS@DF_TRENDSSAFETY(1.0),,I,FRA,,A,,CRASHES,,CRA,,ROAD,,_T,,_T,,1973,,270618,,A,,0,,1,
DATAFLOW,OECD.ITF:DSD_TRENDS@DF_TRENDSSAFETY(1.0),,I,FRA,,A,,CRASHES,,CRA,,ROAD,,_T,,_T,,1974,,260187,,A,,0,,1,
DATAFLOW,OECD.ITF:DSD_TRENDS@DF_TRENDSSAFETY(1.0),,I,FRA,,A,,CRASHES,,CRA,,ROAD,,_T,,_T,,1975,,258201,,A,,0,,1,
DATAFLOW,OECD.ITF:DSD_TRENDS@DF_TRENDSSAFETY(1.0),,I,FRA,,A,,CRASHES,,CRA,,ROAD,,_T,,_T,,1976,,261275,,A,,0,,1,
DATAFLOW,OECD.ITF:DSD_TRENDS@DF_TRENDSSAFETY(1.0),,I,FRA,,A,,CRASHES,,CRA,,ROAD,,_T,,_T,,1977,,257698,,A,,0,,1,
DATAFLOW,OECD.ITF:DSD_TRENDS@DF_TRENDSSAFETY(1.0),,I,FRA,,A,,CRASHES,,CRA,,ROAD,,_T,,_T,,1978,,247785,,A,,0,,1,
DATAFLOW,OECD.ITF:DSD_TRENDS@DF_TRENDSSAFETY(1.0),,I,FRA,,A,,CRASHES,,CRA,,ROAD,,_T,,_T,,1979,,253208,,A,,0,,1,
DATAFLOW,OECD.ITF:DSD_TRENDS@DF_TRENDSSAFETY(1.0),,I,FRA,,A,,CRASHES,,CRA,,ROAD,,_T,,_T,,1980,,248469,,A,,0,,1,
DATAFLOW,OECD.ITF:DSD_TRENDS@DF_TRENDSSAFETY(1.0),,I,FRA,,A,,CRASHES,,CRA,,ROAD,,_T,,_T,,1981,,239734,,A,,0,,1,
DATAFLOW,OECD.ITF:DSD_TRENDS@DF_TRENDSSAFETY(1.0),,I,FRA,,A,,CRASHES,,CRA,,ROAD,,_T,,_T,,1982,,230701,,A,,0,,1,
DATAFLOW,OECD.ITF:DSD_TRENDS@DF_TRENDSSAFETY(1.0),,I,FRA,,A,,CRASHES,,CRA,,ROAD,,_T,,_T,,1983,,216139,,A,,0,,1,
DATAFLOW,OECD.ITF:DSD_TRENDS@DF_TRENDSSAFETY(1.0),,I,FRA,,A,,CRASHES,,CRA,,ROAD,,_T,,_T,,1984,,202637,,A,,0,,1,
DATAFLOW,OECD.ITF:DSD_TRENDS@DF_TRENDSSAFETY(1.0),,I,FRA,,A,,CRASHES,,CRA,,ROAD,,_T,,_T,,1985,,191132,,A,,0,,1,
DATAFLOW,OECD.ITF:DSD_TRENDS@DF_TRENDSSAFETY(1.0),,I,FRA,,A,,CRASHES,,CRA,,ROAD,,_T,,_T,,1986,,184626,,A,,0,,1,
DATAFLOW,OECD.ITF:DSD_TRENDS@DF_TRENDSSAFETY(1.0),,I,FRA,,A,,CRASHES,,CRA,,ROAD,,_T,,_T,,1987,,170994,,A,,0,,1,
DATAFLOW,OECD.ITF:DSD_TRENDS@DF_TRENDSSAFETY(1.0),,I,FRA,,A,,CRASHES,,CRA,,ROAD,,_T,,_T,,1988,,175887,,A,,0,,1,
DATAFLOW,OECD.ITF:DSD_TRENDS@DF_TRENDSSAFETY(1.0),,I,FRA,,A,,CRASHES,,CRA,,ROAD,,_T,,_T,,1989,,170590,,A,,0,,1,
DATAFLOW,OECD.ITF:DSD_TRENDS@DF_TRENDSSAFETY(1.0),,I,FRA,,A,,CRASHES,,CRA,,ROAD,,_T,,_T,,1990,,162573,,A,,0,,1,
DATAFLOW,OECD.ITF:DSD_TRENDS@DF_TRENDSSAFETY(1.0),,I,FRA,,A,,CRASHES,,CRA,,ROAD,,_T,,_T,,1991,,148890,,A,,0,,1,
DATAFLOW,OECD.ITF:DSD_TRENDS@DF_TRENDSSAFETY(1.0),,I,FRA,,A,,CRASHES,,CRA,,ROAD,,_T,,_T,,1992,,143362,,A,,0,,1,
DATAFLOW,OECD.ITF:DSD_TRENDS@DF_TRENDSSAFETY(1.0),,I,FRA,,A,,CRASHES,,CRA,,ROAD,,_T,,_T,,1993,,137500,,A,,0,,1,
DATAFLOW,OECD.ITF:DSD_TRENDS@DF_TRENDSSAFETY(1.0),,I,FRA,,A,,CRASHES,,CRA,,ROAD,,_T,,_T,,1994,,132726,,A,,0,,1,
DATAFLOW,OECD.ITF:DSD_TRENDS@DF_TRENDSSAFETY(1.0),,I,FRA,,A,,CRASHES,,CRA,,ROAD,,_T,,_T,,1995,,132949,,A,,0,,1,
DATAFLOW,OECD.ITF:DSD_TRENDS@DF_TRENDSSAFETY(1.0),,I,FRA,,A,,CRASHES,,CRA,,ROAD,,_T,,_T,,1996,,125406,,A,,0,,1,
DATAFLOW,OECD.ITF:DSD_TRENDS@DF_TRENDSSAFETY(1.0),,I,FRA,,A,,CRASHES,,CRA,,ROAD,,_T,,_T,,1997,,125202,,A,,0,,1,
DATAFLOW,OECD.ITF:DSD_TRENDS@DF_TRENDSSAFETY(1.0),,I,FRA,,A,,CRASHES,,CRA,,ROAD,,_T,,_T,,1998,,124387,,A,,0,,1,
DATAFLOW,OECD.ITF:DSD_TRENDS@DF_TRENDSSAFETY(1.0),,I,FRA,,A,,CRASHES,,CRA,,ROAD,,_T,,_T,,1999,,124524,,A,,0,,1,
DATAFLOW,OECD.ITF:DSD_TRENDS@DF_TRENDSSAFETY(1.0),,I,FRA,,A,,CRASHES,,CRA,,ROAD,,_T,,_T,,2000,,121223,,A,,0,,1,
DATAFLOW,OECD.ITF:DSD_TRENDS@DF_TRENDSSAFETY(1.0),,I,FRA,,A,,CRASHES,,CRA,,ROAD,,_T,,_T,,2001,,116745,,A,,0,,1,
DATAFLOW,OECD.ITF:DSD_TRENDS@DF_TRENDSSAFETY(1.0),,I,FRA,,A,,CRASHES,,CRA,,ROAD,,_T,,_T,,2002,,105470,,A,,0,,1,
DATAFLOW,OECD.ITF:DSD_TRENDS@DF_TRENDSSAFETY(1.0),,I,FRA,,A,,CRASHES,,CRA,,ROAD,,_T,,_T,,2003,,90220,,A,,0,,1,
DATAFLOW,OECD.ITF:DSD_TRENDS@DF_TRENDSSAFETY(1.0),,I,FRA,,A,,CRASHES,,CRA,,ROAD,,_T,,_T,,2004,,85390,,A,,0,,1,
DATAFLOW,OECD.ITF:DSD_TRENDS@DF_TRENDSSAFETY(1.0),,I,FRA,,A,,CRASHES,,CRA,,ROAD,,_T,,_T,,2005,,84525,,A,,0,,1,
DATAFLOW,OECD.ITF:DSD_TRENDS@DF_TRENDSSAFETY(1.0),,I,FRA,,A,,CRASHES,,CRA,,ROAD,,_T,,_T,,2006,,80309,,A,,0,,1,
DATAFLOW,OECD.ITF:DSD_TRENDS@DF_TRENDSSAFETY(1.0),,I,FRA,,A,,CRASHES,,CRA,,ROAD,,_T,,_T,,2007,,81272,,A,,0,,1,
DATAFLOW,OECD.ITF:DSD_TRENDS@DF_TRENDSSAFETY(1.0),,I,FRA,,A,,CRASHES,,CRA,,ROAD,,_T,,_T,,2008,,74487,,A,,0,,1,
DATAFLOW,OECD.ITF:DSD_TRENDS@DF_TRENDSSAFETY(1.0),,I,FRA,,A,,CRASHES,,CRA,,ROAD,,_T,,_T,,2009,,72315,,A,,0,,1,
DATAFLOW,OECD.ITF:DSD_TRENDS@DF_TRENDSSAFETY(1.0),,I,FRA,,A,,CRASHES,,CRA,,ROAD,,_T,,_T,,2010,,67288,,A,,0,,1,
DATAFLOW,OECD.ITF:DSD_TRENDS@DF_TRENDSSAFETY(1.0),,I,FRA,,A,,CRASHES,,CRA,,ROAD,,_T,,_T,,2011,,65024,,A,,0,,1,
DATAFLOW,OECD.ITF:DSD_TRENDS@DF_TRENDSSAFETY(1.0),,I,FRA,,A,,CRASHES,,CRA,,ROAD,,_T,,_T,,2012,,60437,,A,,0,,1,
DATAFLOW,OECD.ITF:DSD_TRENDS@DF_TRENDSSAFETY(1.0),,I,FRA,,A,,CRASHES,,CRA,,ROAD,,_T,,_T,,2013,,56812,,A,,0,,1,
DATAFLOW,OECD.ITF:DSD_TRENDS@DF_TRENDSSAFETY(1.0),,I,FRA,,A,,CRASHES,,CRA,,ROAD,,_T,,_T,,2014,,58191,,A,,0,,1,
DATAFLOW,OECD.ITF:DSD_TRENDS@DF_TRENDSSAFETY(1.0),,I,FRA,,A,,CRASHES,,CRA,,ROAD,,_T,,_T,,2015,,56603,,A,,0,,1,
DATAFLOW,OECD.ITF:DSD_TRENDS@DF_TRENDSSAFETY(1.0),,I,FRA,,A,,CRASHES,,CRA,,ROAD,,_T,,_T,,2016,,57522,,A,,0,,1,
DATAFLOW,OECD.ITF:DSD_TRENDS@DF_TRENDSSAFETY(1.0),,I,FRA,,A,,CRASHES,,CRA,,ROAD,,_T,,_T,,2017,,58613,,A,,0,,1,
DATAFLOW,OECD.ITF:DSD_TRENDS@DF_TRENDSSAFETY(1.0),,I,FRA,,A,,CRASHES,,CRA,,ROAD,,_T,,_T,,2018,,55766,,A,,0,,1,
DATAFLOW,OECD.ITF:DSD_TRENDS@DF_TRENDSSAFETY(1.0),,I,FRA,,A,,CRASHES,,CRA,,ROAD,,_T,,_T,,2019,,56016,,A,,0,,1,
DATAFLOW,OECD.ITF:DSD_TRENDS@DF_TRENDSSAFETY(1.0),,I,FRA,,A,,CRASHES,,CRA,,ROAD,,_T,,_T,,2020,,45121,,A,,0,,1,
DATAFLOW,OECD.ITF:DSD_TRENDS@DF_TRENDSSAFETY(1.0),,I,FRA,,A,,CRASHES,,CRA,,ROAD,,_T,,_T,,2021,,53540,,A,,0,,1,
DATAFLOW,OECD.ITF:DSD_TRENDS@DF_TRENDSSAFETY(1.0),,I,FRA,,A,,CRASHES,,CRA,,ROAD,,_T,,_T,,2022,,52380,,A,,0,,1,
DATAFLOW,OECD.ITF:DSD_TRENDS@DF_TRENDSSAFETY(1.0),,I,FRA,,A,,CRASHES,,CRA,,ROAD,,_T,,_T,,2023,,51641,,A,,0,,1,
DATAFLOW,OECD.ITF:DSD_TRENDS@DF_TRENDSSAFETY(1.0),,I,FRA,,A,,CRASHES,,CRA,,ROAD,,_T,,_T,,2024,,51058,,A,,0,,1,
DATAFLOW,OECD.ITF:DSD_TRENDS@DF_TRENDSSAFETY(1.0),,I,DEU,,A,,CRASHES,,CRA,,ROAD,,_T,,_T,,1970,,377610,,A,,0,,1,
DATAFLOW,OECD.ITF:DSD_TRENDS@DF_TRENDSSAFETY(1.0),,I,DEU,,A,,CRASHES,,CRA,,ROAD,,_T,,_T,,1971,,369177,,A,,0,,1,
DATAFLOW,OECD.ITF:DSD_TRENDS@DF_TRENDSSAFETY(1.0),,I,DEU,,A,,CRASHES,,CRA,,ROAD,,_T,,_T,,1972,,378775,,A,,0,,1,
DATAFLOW,OECD.ITF:DSD_TRENDS@DF_TRENDSSAFETY(1.0),,I,DEU,,A,,CRASHES,,CRA,,ROAD,,_T,,_T,,1973,,353725,,A,,0,,1,
DATAFLOW,OECD.ITF:DSD_TRENDS@DF_TRENDSSAFETY(1.0),,I,DEU,,A,,CRASHES,,CRA,,ROAD,,_T,,_T,,1974,,331000,,A,,0,,1,
DATAFLOW,OECD.ITF:DSD_TRENDS@DF_TRENDSSAFETY(1.0),,I,DEU,,A,,CRASHES,,CRA,,ROAD,,_T,,_T,,1975,,337732,,A,,0,,1,
DATAFLOW,OECD.ITF:DSD_TRENDS@DF_TRENDSSAFETY(1.0),,I,DEU,,A,,CRASHES,,CRA,,ROAD,,_T,,_T,,1976,,359694,,A,,0,,1,
DATAFLOW,OECD.ITF:DSD_TRENDS@DF_TRENDSSAFETY(1.0),,I,DEU,,A,,CRASHES,,CRA,,ROAD,,_T,,_T,,1977,,379046,,A,,0,,1,
DATAFLOW,OECD.ITF:DSD_TRENDS@DF_TRENDSSAFETY(1.0),,I,DEU,,A,,CRASHES,,CRA,,ROAD,,_T,,_T,,1978,,380352,,A,,0,,1,
DATAFLOW,OECD.ITF:DSD_TRENDS@DF_TRENDSSAFETY(1.0),,I,DEU,,A,,CRASHES,,CRA,,ROAD,,_T,,_T,,1979,,367500,,A,,0,,1,
DATAFLOW,OECD.ITF:DSD_TRENDS@DF_TRENDSSAFETY(1.0),,I,DEU,,A,,CRASHES,,CRA,,ROAD,,_T,,_T,,1980,,379235,,A,,0,,1,
DATAFLOW,OECD.ITF:DSD_TRENDS@DF_TRENDSSAFETY(1.0),,I,DEU,,A,,CRASHES,,CRA,,ROAD,,_T,,_T,,1981,,362617,,A,,0,,1,
DATAFLOW,OECD.ITF:DSD_TRENDS@DF_TRENDSSAFETY(1.0),,I,DEU,,A,,CRASHES,,CRA,,ROAD,,_T,,_T,,1982,,358693,,A,,0,,1,
DATAFLOW,OECD.ITF:DSD_TRENDS@DF_TRENDSSAFETY(1.0),,I,DEU,,A,,CRASHES,,CRA,,ROAD,,_T,,_T,,1983,,374107,,A,,0,,1,
DATAFLOW,OECD.ITF:DSD_TRENDS@DF_TRENDSSAFETY(1.0),,I,DEU,,A,,CRASHES,,CRA,,ROAD,,_T,,_T,,1984,,359485,,A,,0,,1,
DATAFLOW,OECD.ITF:DSD_TRENDS@DF_TRENDSSAFETY(1.0),,I,DEU,,A,,CRASHES,,CRA,,ROAD,,_T,,_T,,1985,,327745,,A,,0,,1,
DATAFLOW,OECD.ITF:DSD_TRENDS@DF_TRENDSSAFETY(1.0),,I,DEU,,A,,CRASHES,,CRA,,ROAD,,_T,,_T,,1986,,341921,,A,,0,,1,
DATAFLOW,OECD.ITF:DSD_TRENDS@DF_TRENDSSAFETY(1.0),,I,DEU,,A,,CRASHES,,CRA,,ROAD,,_T,,_T,,1987,,325519,,A,,0,,1,
DATAFLOW,OECD.ITF:DSD_TRENDS@DF_TRENDSSAFETY(1.0),,I,DEU,,A,,CRASHES,,CRA,,ROAD,,_T,,_T,,1988,,342299,,A,,0,,1,
DATAFLOW,OECD.ITF:DSD_TRENDS@DF_TRENDSSAFETY(1.0),,I,DEU,,A,,CRASHES,,CRA,,ROAD,,_T,,_T,,1989,,343604,,A,,0,,1,
DATAFLOW,OECD.ITF:DSD_TRENDS@DF_TRENDSSAFETY(1.0),,I,DEU,,A,,CRASHES,,CRA,,ROAD,,_T,,_T,,1990,,340043,,A,,0,,1,
DATAFLOW,OECD.ITF:DSD_TRENDS@DF_TRENDSSAFETY(1.0),,I,DEU,,A,,CRASHES,,CRA,,ROAD,,_T,,_T,,1992,,395462,,A,,0,,1,
DATAFLOW,OECD.ITF:DSD_TRENDS@DF_TRENDSSAFETY(1.0),,I,DEU,,A,,CRASHES,,CRA,,ROAD,,_T,,_T,,1993,,385384,,A,,0,,1,
DATAFLOW,OECD.ITF:DSD_TRENDS@DF_TRENDSSAFETY(1.0),,I,DEU,,A,,CRASHES,,CRA,,ROAD,,_T,,_T,,1994,,392754,,A,,0,,1,
DATAFLOW,OECD.ITF:DSD_TRENDS@DF_TRENDSSAFETY(1.0),,I,DEU,,A,,CRASHES,,CRA,,ROAD,,_T,,_T,,1995,,388003,,A,,0,,1,
DATAFLOW,OECD.ITF:DSD_TRENDS@DF_TRENDSSAFETY(1.0),,I,DEU,,A,,CRASHES,,CRA,,ROAD,,_T,,_T,,1996,,373082,,A,,0,,1,
DATAFLOW,OECD.ITF:DSD_TRENDS@DF_TRENDSSAFETY(1.0),,I,DEU,,A,,CRASHES,,CRA,,ROAD,,_T,,_T,,1997,,380835,,A,,0,,1,
DATAFLOW,OECD.ITF:DSD_TRENDS@DF_TRENDSSAFETY(1.0),,I,DEU,,A,,CRASHES,,CRA,,ROAD,,_T,,_T,,1998,,377257,,A,,0,,1,
DATAFLOW,OECD.ITF:DSD_TRENDS@DF_TRENDSSAFETY(1.0),,I,DEU,,A,,CRASHES,,CRA,,ROAD,,_T,,_T,,1999,,395689,,A,,0,,1,
DATAFLOW,OECD.ITF:DSD_TRENDS@DF_TRENDSSAFETY(1.0),,I,DEU,,A,,CRASHES,,CRA,,ROAD,,_T,,_T,,2000,,382949,,A,,0,,1,
DATAFLOW,OECD.ITF:DSD_TRENDS@DF_TRENDSSAFETY(1.0),,I,DEU,,A,,CRASHES,,CRA,,ROAD,,_T,,_T,,2001,,375345,,A,,0,,1,
DATAFLOW,OECD.ITF:DSD_TRENDS@DF_TRENDSSAFETY(1.0),,I,DEU,,A,,CRASHES,,CRA,,ROAD,,_T,,_T,,2002,,362054,,A,,0,,1,
DATAFLOW,OECD.ITF:DSD_TRENDS@DF_TRENDSSAFETY(1.0),,I,DEU,,A,,CRASHES,,CRA,,ROAD,,_T,,_T,,2003,,354534,,A,,0,,1,
DATAFLOW,OECD.ITF:DSD_TRENDS@DF_TRENDSSAFETY(1.0),,I,DEU,,A,,CRASHES,,CRA,,ROAD,,_T,,_T,,2004,,339310,,A,,0,,1,
DATAFLOW,OECD.ITF:DSD_TRENDS@DF_TRENDSSAFETY(1.0),,I,DEU,,A,,CRASHES,,CRA,,ROAD,,_T,,_T,,2005,,336619,,A,,0,,1,
DATAFLOW,OECD.ITF:DSD_TRENDS@DF_TRENDSSAFETY(1.0),,I,DEU,,A,,CRASHES,,CRA,,ROAD,,_T,,_T,,2006,,327984,,A,,0,,1,
DATAFLOW,OECD.ITF:DSD_TRENDS@DF_TRENDSSAFETY(1.0),,I,DEU,,A,,CRASHES,,CRA,,ROAD,,_T,,_T,,2007,,335845,,A,,0,,1,
DATAFLOW,OECD.ITF:DSD_TRENDS@DF_TRENDSSAFETY(1.0),,I,DEU,,A,,CRASHES,,CRA,,ROAD,,_T,,_T,,2008,,320614,,A,,0,,1,
DATAFLOW,OECD.ITF:DSD_TRENDS@DF_TRENDSSAFETY(1.0),,I,DEU,,A,,CRASHES,,CRA,,ROAD,,_T,,_T,,2009,,310806,,A,,0,,1,
DATAFLOW,OECD.ITF:DSD_TRENDS@DF_TRENDSSAFETY(1.0),,I,DEU,,A,,CRASHES,,CRA,,ROAD,,_T,,_T,,2010,,288297,,A,,0,,1,
DATAFLOW,OECD.ITF:DSD_TRENDS@DF_TRENDSSAFETY(1.0),,I,DEU,,A,,CRASHES,,CRA,,ROAD,,_T,,_T,,2011,,306266,,A,,0,,1,
DATAFLOW,OECD.ITF:DSD_TRENDS@DF_TRENDSSAFETY(1.0),,I,DEU,,A,,CRASHES,,CRA,,ROAD,,_T,,_T,,2012,,299637,,A,,0,,1,
DATAFLOW,OECD.ITF:DSD_TRENDS@DF_TRENDSSAFETY(1.0),,I,DEU,,A,,CRASHES,,CRA,,ROAD,,_T,,_T,,2013,,291105,,A,,0,,1,
DATAFLOW,OECD.ITF:DSD_TRENDS@DF_TRENDSSAFETY(1.0),,I,DEU,,A,,CRASHES,,CRA,,ROAD,,_T,,_T,,2014,,302435,,A,,0,,1,
DATAFLOW,OECD.ITF:DSD_TRENDS@DF_TRENDSSAFETY(1.0),,I,DEU,,A,,CRASHES,,CRA,,ROAD,,_T,,_T,,2015,,305659,,A,,0,,1,
DATAFLOW,OECD.ITF:DSD_TRENDS@DF_TRENDSSAFETY(1.0),,I,DEU,,A,,CRASHES,,CRA,,ROAD,,_T,,_T,,2016,,308145,,A,,0,,1,
DATAFLOW,OECD.ITF:DSD_TRENDS@DF_TRENDSSAFETY(1.0),,I,DEU,,A,,CRASHES,,CRA,,ROAD,,_T,,_T,,2017,,302656,,A,,0,,1,
DATAFLOW,OECD.ITF:DSD_TRENDS@DF_TRENDSSAFETY(1.0),,I,DEU,,A,,CRASHES,,CRA,,ROAD,,_T,,_T,,2018,,308721,,A,,0,,1,
DATAFLOW,OECD.ITF:DSD_TRENDS@DF_TRENDSSAFETY(1.0),,I,DEU,,A,,CRASHES,,CRA,,ROAD,,_T,,_T,,2019,,300143,,A,,0,,1,
DATAFLOW,OECD.ITF:DSD_TRENDS@DF_TRENDSSAFETY(1.0),,I,DEU,,A,,CRASHES,,CRA,,ROAD,,_T,,_T,,2020,,264499,,A,,0,,1,
DATAFLOW,OECD.ITF:DSD_TRENDS@DF_TRENDSSAFETY(1.0),,I,DEU,,A,,CRASHES,,CRA,,ROAD,,_T,,_T,,2021,,258987,,A,,0,,1,
DATAFLOW,OECD.ITF:DSD_TRENDS@DF_TRENDSSAFETY(1.0),,I,DEU,,A,,CRASHES,,CRA,,ROAD,,_T,,_T,,2022,,289672,,A,,0,,1,
DATAFLOW,OECD.ITF:DSD_TRENDS@DF_TRENDSSAFETY(1.0),,I,DEU,,A,,CRASHES,,CRA,,ROAD,,_T,,_T,,2023,,291890,,A,,0,,1,
DATAFLOW,OECD.ITF:DSD_TRENDS@DF_TRENDSSAFETY(1.0),,I,DEU,,A,,CRASHES,,CRA,,ROAD,,_T,,_T,,2024,,290701,,A,,0,,1,
DATAFLOW,OECD.ITF:DSD_TRENDS@DF_TRENDSSAFETY(1.0),,I,GRC,,A,,CRASHES,,CRA,,ROAD,,_T,,_T,,1970,,18289,,A,,0,,1,
DATAFLOW,OECD.ITF:DSD_TRENDS@DF_TRENDSSAFETY(1.0),,I,GRC,,A,,CRASHES,,CRA,,ROAD,,_T,,_T,,1971,,17950,,A,,0,,1,
DATAFLOW,OECD.ITF:DSD_TRENDS@DF_TRENDSSAFETY(1.0),,I,GRC,,A,,CRASHES,,CRA,,ROAD,,_T,,_T,,1972,,17727,,A,,0,,1,
DATAFLOW,OECD.ITF:DSD_TRENDS@DF_TRENDSSAFETY(1.0),,I,GRC,,A,,CRASHES,,CRA,,ROAD,,_T,,_T,,1973,,17627,,A,,0,,1,
DATAFLOW,OECD.ITF:DSD_TRENDS@DF_TRENDSSAFETY(1.0),,I,GRC,,A,,CRASHES,,CRA,,ROAD,,_T,,_T,,1974,,15594,,A,,0,,1,
DATAFLOW,OECD.ITF:DSD_TRENDS@DF_TRENDSSAFETY(1.0),,I,GRC,,A,,CRASHES,,CRA,,ROAD,,_T,,_T,,1975,,15895,,A,,0,,1,
DATAFLOW,OECD.ITF:DSD_TRENDS@DF_TRENDSSAFETY(1.0),,I,GRC,,A,,CRASHES,,CRA,,ROAD,,_T,,_T,,1976,,16009,,A,,0,,1,
DATAFLOW,OECD.ITF:DSD_TRENDS@DF_TRENDSSAFETY(1.0),,I,GRC,,A,,CRASHES,,CRA,,ROAD,,_T,,_T,,1977,,16902,,A,,0,,1,
DATAFLOW,OECD.ITF:DSD_TRENDS@DF_TRENDSSAFETY(1.0),,I,GRC,,A,,CRASHES,,CRA,,ROAD,,_T,,_T,,1978,,17449,,A,,0,,1,
DATAFLOW,OECD.ITF:DSD_TRENDS@DF_TRENDSSAFETY(1.0),,I,GRC,,A,,CRASHES,,CRA,,ROAD,,_T,,_T,,1979,,18553,,A,,0,,1,
DATAFLOW,OECD.ITF:DSD_TRENDS@DF_TRENDSSAFETY(1.0),,I,GRC,,A,,CRASHES,,CRA,,ROAD,,_T,,_T,,1980,,18233,,A,,0,,1,
DATAFLOW,OECD.ITF:DSD_TRENDS@DF_TRENDSSAFETY(1.0),,I,GRC,,A,,CRASHES,,CRA,,ROAD,,_T,,_T,,1981,,19841,,A,,0,,1,
DATAFLOW,OECD.ITF:DSD_TRENDS@DF_TRENDSSAFETY(1.0),,I,GRC,,A,,CRASHES,,CRA,,ROAD,,_T,,_T,,1982,,22401,,A,,0,,1,
DATAFLOW,OECD.ITF:DSD_TRENDS@DF_TRENDSSAFETY(1.0),,I,GRC,,A,,CRASHES,,CRA,,ROAD,,_T,,_T,,1983,,20389,,A,,0,,1,
DATAFLOW,OECD.ITF:DSD_TRENDS@DF_TRENDSSAFETY(1.0),,I,GRC,,A,,CRASHES,,CRA,,ROAD,,_T,,_T,,1984,,21501,,A,,0,,1,
DATAFLOW,OECD.ITF:DSD_TRENDS@DF_TRENDSSAFETY(1.0),,I,GRC,,A,,CRASHES,,CRA,,ROAD,,_T,,_T,,1985,,21537,,A,,0,,1,
DATAFLOW,OECD.ITF:DSD_TRENDS@DF_TRENDSSAFETY(1.0),,I,GRC,,A,,CRASHES,,CRA,,ROAD,,_T,,_T,,1986,,19462,,A,,0,,1,
DATAFLOW,OECD.ITF:DSD_TRENDS@DF_TRENDSSAFETY(1.0),,I,GRC,,A,,CRASHES,,CRA,,ROAD,,_T,,_T,,1987,,18966,,A,,0,,1,
DATAFLOW,OECD.ITF:DSD_TRENDS@DF_TRENDSSAFETY(1.0),,I,GRC,,A,,CRASHES,,CRA,,ROAD,,_T,,_T,,1988,,20753,,A,,0,,1,
DATAFLOW,OECD.ITF:DSD_TRENDS@DF_TRENDSSAFETY(1.0),,I,GRC,,A,,CRASHES,,CRA,,ROAD,,_T,,_T,,1989,,20299,,A,,0,,1,
DATAFLOW,OECD.ITF:DSD_TRENDS@DF_TRENDSSAFETY(1.0),,I,GRC,,A,,CRASHES,,CRA,,ROAD,,_T,,_T,,1990,,19609,,A,,0,,1,
DATAFLOW,OECD.ITF:DSD_TRENDS@DF_TRENDSSAFETY(1.0),,I,GRC,,A,,CRASHES,,CRA,,ROAD,,_T,,_T,,1991,,20764,,A,,0,,1,
DATAFLOW,OECD.ITF:DSD_TRENDS@DF_TRENDSSAFETY(1.0),,I,GRC,,A,,CRASHES,,CRA,,ROAD,,_T,,_T,,1992,,22006,,A,,0,,1,
DATAFLOW,OECD.ITF:DSD_TRENDS@DF_TRENDSSAFETY(1.0),,I,GRC,,A,,CRASHES,,CRA,,ROAD,,_T,,_T,,1993,,22165,,A,,0,,1,
DATAFLOW,OECD.ITF:DSD_TRENDS@DF_TRENDSSAFETY(1.0),,I,GRC,,A,,CRASHES,,CRA,,ROAD,,_T,,_T,,1994,,22222,,A,,0,,1,
DATAFLOW,OECD.ITF:DSD_TRENDS@DF_TRENDSSAFETY(1.0),,I,GRC,,A,,CRASHES,,CRA,,ROAD,,_T,,_T,,1995,,22798,,A,,0,,1,
DATAFLOW,OECD.ITF:DSD_TRENDS@DF_TRENDSSAFETY(1.0),,I,GRC,,A,,CRASHES,,CRA,,ROAD,,_T,,_T,,1996,,23775,,A,,0,,1,
DATAFLOW,OECD.ITF:DSD_TRENDS@DF_TRENDSSAFETY(1.0),,I,GRC,,A,,CRASHES,,CRA,,ROAD,,_T,,_T,,1997,,24295,,A,,0,,1,
DATAFLOW,OECD.ITF:DSD_TRENDS@DF_TRENDSSAFETY(1.0),,I,GRC,,A,,CRASHES,,CRA,,ROAD,,_T,,_T,,1998,,24819,,A,,0,,1,
DATAFLOW,OECD.ITF:DSD_TRENDS@DF_TRENDSSAFETY(1.0),,I,GRC,,A,,CRASHES,,CRA,,ROAD,,_T,,_T,,1999,,24231,,A,,0,,1,
DATAFLOW,OECD.ITF:DSD_TRENDS@DF_TRENDSSAFETY(1.0),,I,GRC,,A,,CRASHES,,CRA,,ROAD,,_T,,_T,,2000,,23001,,A,,0,,1,
DATAFLOW,OECD.ITF:DSD_TRENDS@DF_TRENDSSAFETY(1.0),,I,GRC,,A,,CRASHES,,CRA,,ROAD,,_T,,_T,,2001,,19671,,A,,0,,1,
DATAFLOW,OECD.ITF:DSD_TRENDS@DF_TRENDSSAFETY(1.0),,I,GRC,,A,,CRASHES,,CRA,,ROAD,,_T,,_T,,2002,,16809,,A,,0,,1,
DATAFLOW,OECD.ITF:DSD_TRENDS@DF_TRENDSSAFETY(1.0),,I,GRC,,A,,CRASHES,,CRA,,ROAD,,_T,,_T,,2003,,15751,,A,,0,,1,
DATAFLOW,OECD.ITF:DSD_TRENDS@DF_TRENDSSAFETY(1.0),,I,GRC,,A,,CRASHES,,CRA,,ROAD,,_T,,_T,,2004,,15547,,A,,0,,1,
DATAFLOW,OECD.ITF:DSD_TRENDS@DF_TRENDSSAFETY(1.0),,I,GRC,,A,,CRASHES,,CRA,,ROAD,,_T,,_T,,2005,,16914,,A,,0,,1,
DATAFLOW,OECD.ITF:DSD_TRENDS@DF_TRENDSSAFETY(1.0),,I,GRC,,A,,CRASHES,,CRA,,ROAD,,_T,,_T,,2006,,16019,,A,,0,,1,
DATAFLOW,OECD.ITF:DSD_TRENDS@DF_TRENDSSAFETY(1.0),,I,GRC,,A,,CRASHES,,CRA,,ROAD,,_T,,_T,,2007,,15499,,A,,0,,1,
DATAFLOW,OECD.ITF:DSD_TRENDS@DF_TRENDSSAFETY(1.0),,I,GRC,,A,,CRASHES,,CRA,,ROAD,,_T,,_T,,2008,,15083,,A,,0,,1,
DATAFLOW,OECD.ITF:DSD_TRENDS@DF_TRENDSSAFETY(1.0),,I,GRC,,A,,CRASHES,,CRA,,ROAD,,_T,,_T,,2009,,14789,,A,,0,,1,
DATAFLOW,OECD.ITF:DSD_TRENDS@DF_TRENDSSAFETY(1.0),,I,GRC,,A,,CRASHES,,CRA,,ROAD,,_T,,_T,,2010,,15032,,A,,0,,1,
DATAFLOW,OECD.ITF:DSD_TRENDS@DF_TRENDSSAFETY(1.0),,I,GRC,,A,,CRASHES,,CRA,,ROAD,,_T,,_T,,2011,,13849,,A,,0,,1,
DATAFLOW,OECD.ITF:DSD_TRENDS@DF_TRENDSSAFETY(1.0),,I,GRC,,A,,CRASHES,,CRA,,ROAD,,_T,,_T,,2012,,12398,,A,,0,,1,
DATAFLOW,OECD.ITF:DSD_TRENDS@DF_TRENDSSAFETY(1.0),,I,GRC,,A,,CRASHES,,CRA,,ROAD,,_T,,_T,,2013,,12109,,A,,0,,1,
DATAFLOW,OECD.ITF:DSD_TRENDS@DF_TRENDSSAFETY(1.0),,I,GRC,,A,,CRASHES,,CRA,,ROAD,,_T,,_T,,2014,,11690,,A,,0,,1,
DATAFLOW,OECD.ITF:DSD_TRENDS@DF_TRENDSSAFETY(1.0),,I,GRC,,A,,CRASHES,,CRA,,ROAD,,_T,,_T,,2015,,11440,,A,,0,,1,
DATAFLOW,OECD.ITF:DSD_TRENDS@DF_TRENDSSAFETY(1.0),,I,GRC,,A,,CRASHES,,CRA,,ROAD,,_T,,_T,,2016,,11318,,A,,0,,1,
DATAFLOW,OECD.ITF:DSD_TRENDS@DF_TRENDSSAFETY(1.0),,I,GRC,,A,,CRASHES,,CRA,,ROAD,,_T,,_T,,2017,,10848,,A,,0,,1,
DATAFLOW,OECD.ITF:DSD_TRENDS@DF_TRENDSSAFETY(1.0),,I,GRC,,A,,CRASHES,,CRA,,ROAD,,_T,,_T,,2018,,10737,,A,,0,,1,
DATAFLOW,OECD.ITF:DSD_TRENDS@DF_TRENDSSAFETY(1.0),,I,GRC,,A,,CRASHES,,CRA,,ROAD,,_T,,_T,,2019,,10737,,A,,0,,1,
DATAFLOW,OECD.ITF:DSD_TRENDS@DF_TRENDSSAFETY(1.0),,I,GRC,,A,,CRASHES,,CRA,,ROAD,,_T,,_T,,2020,,9083,,A,,0,,1,
DATAFLOW,OECD.ITF:DSD_TRENDS@DF_TRENDSSAFETY(1.0),,I,GRC,,A,,CRASHES,,CRA,,ROAD,,_T,,_T,,2021,,10454,,A,,0,,1,
DATAFLOW,OECD.ITF:DSD_TRENDS@DF_TRENDSSAFETY(1.0),,I,GRC,,A,,CRASHES,,CRA,,ROAD,,_T,,_T,,2022,,10487,,A,,0,,1,
DATAFLOW,OECD.ITF:DSD_TRENDS@DF_TRENDSSAFETY(1.0),,I,GRC,,A,,CRASHES,,CRA,,ROAD,,_T,,_T,,2023,,10553,,A,,0,,1,
DATAFLOW,OECD.ITF:DSD_TRENDS@DF_TRENDSSAFETY(1.0),,I,HUN,,A,,CRASHES,,CRA,,ROAD,,_T,,_T,,1970,,23225,,A,,0,,1,
DATAFLOW,OECD.ITF:DSD_TRENDS@DF_TRENDSSAFETY(1.0),,I,HUN,,A,,CRASHES,,CRA,,ROAD,,_T,,_T,,1971,,22949,,A,,0,,1,
DATAFLOW,OECD.ITF:DSD_TRENDS@DF_TRENDSSAFETY(1.0),,I,HUN,,A,,CRASHES,,CRA,,ROAD,,_T,,_T,,1972,,20244,,A,,0,,1,
DATAFLOW,OECD.ITF:DSD_TRENDS@DF_TRENDSSAFETY(1.0),,I,HUN,,A,,CRASHES,,CRA,,ROAD,,_T,,_T,,1973,,19418,,A,,0,,1,
DATAFLOW,OECD.ITF:DSD_TRENDS@DF_TRENDSSAFETY(1.0),,I,HUN,,A,,CRASHES,,CRA,,ROAD,,_T,,_T,,1974,,20217,,A,,0,,1,
DATAFLOW,OECD.ITF:DSD_TRENDS@DF_TRENDSSAFETY(1.0),,I,HUN,,A,,CRASHES,,CRA,,ROAD,,_T,,_T,,1975,,19764,,A,,0,,1,
DATAFLOW,OECD.ITF:DSD_TRENDS@DF_TRENDSSAFETY(1.0),,I,HUN,,A,,CRASHES,,CRA,,ROAD,,_T,,_T,,1976,,18584,,A,,0,,1,
DATAFLOW,OECD.ITF:DSD_TRENDS@DF_TRENDSSAFETY(1.0),,I,HUN,,A,,CRASHES,,CRA,,ROAD,,_T,,_T,,1977,,20121,,A,,0,,1,
DATAFLOW,OECD.ITF:DSD_TRENDS@DF_TRENDSSAFETY(1.0),,I,HUN,,A,,CRASHES,,CRA,,ROAD,,_T,,_T,,1978,,19945,,A,,0,,1,
DATAFLOW,OECD.ITF:DSD_TRENDS@DF_TRENDSSAFETY(1.0),,I,HUN,,A,,CRASHES,,CRA,,ROAD,,_T,,_T,,1979,,20465,,A,,0,,1,
DATAFLOW,OECD.ITF:DSD_TRENDS@DF_TRENDSSAFETY(1.0),,I,HUN,,A,,CRASHES,,CRA,,ROAD,,_T,,_T,,1980,,18994,,A,,0,,1,
DATAFLOW,OECD.ITF:DSD_TRENDS@DF_TRENDSSAFETY(1.0),,I,HUN,,A,,CRASHES,,CRA,,ROAD,,_T,,_T,,1981,,18308,,A,,0,,1,
DATAFLOW,OECD.ITF:DSD_TRENDS@DF_TRENDSSAFETY(1.0),,I,HUN,,A,,CRASHES,,CRA,,ROAD,,_T,,_T,,1982,,18221,,A,,0,,1,
DATAFLOW,OECD.ITF:DSD_TRENDS@DF_TRENDSSAFETY(1.0),,I,HUN,,A,,CRASHES,,CRA,,ROAD,,_T,,_T,,1983,,18971,,A,,0,,1,
DATAFLOW,OECD.ITF:DSD_TRENDS@DF_TRENDSSAFETY(1.0),,I,HUN,,A,,CRASHES,,CRA,,ROAD,,_T,,_T,,1984,,19298,,A,,0,,1,
DATAFLOW,OECD.ITF:DSD_TRENDS@DF_TRENDSSAFETY(1.0),,I,HUN,,A,,CRASHES,,CRA,,ROAD,,_T,,_T,,1985,,19563,,A,,0,,1,
DATAFLOW,OECD.ITF:DSD_TRENDS@DF_TRENDSSAFETY(1.0),,I,HUN,,A,,CRASHES,,CRA,,ROAD,,_T,,_T,,1986,,19332,,A,,0,,1,
DATAFLOW,OECD.ITF:DSD_TRENDS@DF_TRENDSSAFETY(1.0),,I,HUN,,A,,CRASHES,,CRA,,ROAD,,_T,,_T,,1987,,19842,,A,,0,,1,
DATAFLOW,OECD.ITF:DSD_TRENDS@DF_TRENDSSAFETY(1.0),,I,HUN,,A,,CRASHES,,CRA,,ROAD,,_T,,_T,,1988,,21315,,A,,0,,1,
DATAFLOW,OECD.ITF:DSD_TRENDS@DF_TRENDSSAFETY(1.0),,I,HUN,,A,,CRASHES,,CRA,,ROAD,,_T,,_T,,1989,,24367,,A,,0,,1,
DATAFLOW,OECD.ITF:DSD_TRENDS@DF_TRENDSSAFETY(1.0),,I,HUN,,A,,CRASHES,,CRA,,ROAD,,_T,,_T,,1990,,27801,,A,,0,,1,
DATAFLOW,OECD.ITF:DSD_TRENDS@DF_TRENDSSAFETY(1.0),,I,HUN,,A,,CRASHES,,CRA,,ROAD,,_T,,_T,,1991,,24589,,A,,0,,1,
DATAFLOW,OECD.ITF:DSD_TRENDS@DF_TRENDSSAFETY(1.0),,I,HUN,,A,,CRASHES,,CRA,,ROAD,,_T,,_T,,1992,,24623,,A,,0,,1,
DATAFLOW,OECD.ITF:DSD_TRENDS@DF_TRENDSSAFETY(1.0),,I,HUN,,A,,CRASHES,,CRA,,ROAD,,_T,,_T,,1993,,19527,,A,,0,,1,
DATAFLOW,OECD.ITF:DSD_TRENDS@DF_TRENDSSAFETY(1.0),,I,HUN,,A,,CRASHES,,CRA,,ROAD,,_T,,_T,,1994,,20722,,A,,0,,1,
DATAFLOW,OECD.ITF:DSD_TRENDS@DF_TRENDSSAFETY(1.0),,I,HUN,,A,,CRASHES,,CRA,,ROAD,,_T,,_T,,1995,,19817,,A,,0,,1,
DATAFLOW,OECD.ITF:DSD_TRENDS@DF_TRENDSSAFETY(1.0),,I,HUN,,A,,CRASHES,,CRA,,ROAD,,_T,,_T,,1996,,18393,,A,,0,,1,
DATAFLOW,OECD.ITF:DSD_TRENDS@DF_TRENDSSAFETY(1.0),,I,HUN,,A,,CRASHES,,CRA,,ROAD,,_T,,_T,,1997,,19097,,A,,0,,1,
DATAFLOW,OECD.ITF:DSD_TRENDS@DF_TRENDSSAFETY(1.0),,I,HUN,,A,,CRASHES,,CRA,,ROAD,,_T,,_T,,1998,,20147,,A,,0,,1,
DATAFLOW,OECD.ITF:DSD_TRENDS@DF_TRENDSSAFETY(1.0),,I,HUN,,A,,CRASHES,,CRA,,ROAD,,_T,,_T,,1999,,18923,,A,,0,,1,
DATAFLOW,OECD.ITF:DSD_TRENDS@DF_TRENDSSAFETY(1.0),,I,HUN,,A,,CRASHES,,CRA,,ROAD,,_T,,_T,,2000,,17493,,A,,0,,1,
DATAFLOW,OECD.ITF:DSD_TRENDS@DF_TRENDSSAFETY(1.0),,I,HUN,,A,,CRASHES,,CRA,,ROAD,,_T,,_T,,2001,,18505,,A,,0,,1,
DATAFLOW,OECD.ITF:DSD_TRENDS@DF_TRENDSSAFETY(1.0),,I,HUN,,A,,CRASHES,,CRA,,ROAD,,_T,,_T,,2002,,19686,,A,,0,,1,
DATAFLOW,OECD.ITF:DSD_TRENDS@DF_TRENDSSAFETY(1.0),,I,HUN,,A,,CRASHES,,CRA,,ROAD,,_T,,_T,,2003,,19976,,A,,0,,1,
DATAFLOW,OECD.ITF:DSD_TRENDS@DF_TRENDSSAFETY(1.0),,I,HUN,,A,,CRASHES,,CRA,,ROAD,,_T,,_T,,2004,,20957,,A,,0,,1,
DATAFLOW,OECD.ITF:DSD_TRENDS@DF_TRENDSSAFETY(1.0),,I,HUN,,A,,CRASHES,,CRA,,ROAD,,_T,,_T,,2005,,20777,,A,,0,,1,
DATAFLOW,OECD.ITF:DSD_TRENDS@DF_TRENDSSAFETY(1.0),,I,HUN,,A,,CRASHES,,CRA,,ROAD,,_T,,_T,,2006,,20977,,A,,0,,1,
DATAFLOW,OECD.ITF:DSD_TRENDS@DF_TRENDSSAFETY(1.0),,I,HUN,,A,,CRASHES,,CRA,,ROAD,,_T,,_T,,2007,,20635,,A,,0,,1,
DATAFLOW,OECD.ITF:DSD_TRENDS@DF_TRENDSSAFETY(1.0),,I,HUN,,A,,CRASHES,,CRA,,ROAD,,_T,,_T,,2008,,19174,,A,,0,,1,
DATAFLOW,OECD.ITF:DSD_TRENDS@DF_TRENDSSAFETY(1.0),,I,HUN,,A,,CRASHES,,CRA,,ROAD,,_T,,_T,,2009,,17864,,A,,0,,1,
DATAFLOW,OECD.ITF:DSD_TRENDS@DF_TRENDSSAFETY(1.0),,I,HUN,,A,,CRASHES,,CRA,,ROAD,,_T,,_T,,2010,,16308,,A,,0,,1,
DATAFLOW,OECD.ITF:DSD_TRENDS@DF_TRENDSSAFETY(1.0),,I,HUN,,A,,CRASHES,,CRA,,ROAD,,_T,,_T,,2011,,15827,,A,,0,,1,
DATAFLOW,OECD.ITF:DSD_TRENDS@DF_TRENDSSAFETY(1.0),,I,HUN,,A,,CRASHES,,CRA,,ROAD,,_T,,_T,,2012,,15174,,A,,0,,1,
DATAFLOW,OECD.ITF:DSD_TRENDS@DF_TRENDSSAFETY(1.0),,I,HUN,,A,,CRASHES,,CRA,,ROAD,,_T,,_T,,2013,,15691,,A,,0,,1,
DATAFLOW,OECD.ITF:DSD_TRENDS@DF_TRENDSSAFETY(1.0),,I,HUN,,A,,CRASHES,,CRA,,ROAD,,_T,,_T,,2014,,15847,,A,,0,,1,
DATAFLOW,OECD.ITF:DSD_TRENDS@DF_TRENDSSAFETY(1.0),,I,HUN,,A,,CRASHES,,CRA,,ROAD,,_T,,_T,,2015,,16331,,A,,0,,1,
DATAFLOW,OECD.ITF:DSD_TRENDS@DF_TRENDSSAFETY(1.0),,I,HUN,,A,,CRASHES,,CRA,,ROAD,,_T,,_T,,2016,,16627,,A,,0,,1,
DATAFLOW,OECD.ITF:DSD_TRENDS@DF_TRENDSSAFETY(1.0),,I,HUN,,A,,CRASHES,,CRA,,ROAD,,_T,,_T,,2017,,16489,,A,,0,,1,
DATAFLOW,OECD.ITF:DSD_TRENDS@DF_TRENDSSAFETY(1.0),,I,HUN,,A,,CRASHES,,CRA,,ROAD,,_T,,_T,,2018,,16951,,A,,0,,1,
DATAFLOW,OECD.ITF:DSD_TRENDS@DF_TRENDSSAFETY(1.0),,I,HUN,,A,,CRASHES,,CRA,,ROAD,,_T,,_T,,2019,,16627,,A,,0,,1,
DATAFLOW,OECD.ITF:DSD_TRENDS@DF_TRENDSSAFETY(1.0),,I,HUN,,A,,CRASHES,,CRA,,ROAD,,_T,,_T,,2020,,13778,,A,,0,,1,
DATAFLOW,OECD.ITF:DSD_TRENDS@DF_TRENDSSAFETY(1.0),,I,HUN,,A,,CRASHES,,CRA,,ROAD,,_T,,_T,,2021,,14233,,A,,0,,1,
DATAFLOW,OECD.ITF:DSD_TRENDS@DF_TRENDSSAFETY(1.0),,I,HUN,,A,,CRASHES,,CRA,,ROAD,,_T,,_T,,2022,,14748,,A,,0,,1,
DATAFLOW,OECD.ITF:DSD_TRENDS@DF_TRENDSSAFETY(1.0),,I,HUN,,A,,CRASHES,,CRA,,ROAD,,_T,,_T,,2023,,14452,,A,,0,,1,
DATAFLOW,OECD.ITF:DSD_TRENDS@DF_TRENDSSAFETY(1.0),,I,HUN,,A,,CRASHES,,CRA,,ROAD,,_T,,_T,,2024,,14687,,A,,0,,1,
DATAFLOW,OECD.ITF:DSD_TRENDS@DF_TRENDSSAFETY(1.0),,I,ISL,,A,,CRASHES,,CRA,,ROAD,,_T,,_T,,1970,,709,,A,,0,,1,
DATAFLOW,OECD.ITF:DSD_TRENDS@DF_TRENDSSAFETY(1.0),,I,ISL,,A,,CRASHES,,CRA,,ROAD,,_T,,_T,,1971,,789,,A,,0,,1,
DATAFLOW,OECD.ITF:DSD_TRENDS@DF_TRENDSSAFETY(1.0),,I,ISL,,A,,CRASHES,,CRA,,ROAD,,_T,,_T,,1972,,898,,A,,0,,1,
DATAFLOW,OECD.ITF:DSD_TRENDS@DF_TRENDSSAFETY(1.0),,I,ISL,,A,,CRASHES,,CRA,,ROAD,,_T,,_T,,1973,,963,,A,,0,,1,
DATAFLOW,OECD.ITF:DSD_TRENDS@DF_TRENDSSAFETY(1.0),,I,ISL,,A,,CRASHES,,CRA,,ROAD,,_T,,_T,,1974,,1025,,A,,0,,1,
DATAFLOW,OECD.ITF:DSD_TRENDS@DF_TRENDSSAFETY(1.0),,I,ISL,,A,,CRASHES,,CRA,,ROAD,,_T,,_T,,1975,,507,,A,,0,,1,
DATAFLOW,OECD.ITF:DSD_TRENDS@DF_TRENDSSAFETY(1.0),,I,ISL,,A,,CRASHES,,CRA,,ROAD,,_T,,_T,,1976,,439,,A,,0,,1,
DATAFLOW,OECD.ITF:DSD_TRENDS@DF_TRENDSSAFETY(1.0),,I,ISL,,A,,CRASHES,,CRA,,ROAD,,_T,,_T,,1977,,434,,A,,0,,1,
DATAFLOW,OECD.ITF:DSD_TRENDS@DF_TRENDSSAFETY(1.0),,I,ISL,,A,,CRASHES,,CRA,,ROAD,,_T,,_T,,1978,,504,,A,,0,,1,
DATAFLOW,OECD.ITF:DSD_TRENDS@DF_TRENDSSAFETY(1.0),,I,ISL,,A,,CRASHES,,CRA,,ROAD,,_T,,_T,,1979,,443,,A,,0,,1,
DATAFLOW,OECD.ITF:DSD_TRENDS@DF_TRENDSSAFETY(1.0),,I,ISL,,A,,CRASHES,,CRA,,ROAD,,_T,,_T,,1980,,522,,A,,0,,1,
DATAFLOW,OECD.ITF:DSD_TRENDS@DF_TRENDSSAFETY(1.0),,I,ISL,,A,,CRASHES,,CRA,,ROAD,,_T,,_T,,1981,,501,,A,,0,,1,
DATAFLOW,OECD.ITF:DSD_TRENDS@DF_TRENDSSAFETY(1.0),,I,ISL,,A,,CRASHES,,CRA,,ROAD,,_T,,_T,,1982,,541,,A,,0,,1,
DATAFLOW,OECD.ITF:DSD_TRENDS@DF_TRENDSSAFETY(1.0),,I,ISL,,A,,CRASHES,,CRA,,ROAD,,_T,,_T,,1983,,466,,A,,0,,1,
DATAFLOW,OECD.ITF:DSD_TRENDS@DF_TRENDSSAFETY(1.0),,I,ISL,,A,,CRASHES,,CRA,,ROAD,,_T,,_T,,1984,,551,,A,,0,,1,
DATAFLOW,OECD.ITF:DSD_TRENDS@DF_TRENDSSAFETY(1.0),,I,ISL,,A,,CRASHES,,CRA,,ROAD,,_T,,_T,,1985,,619,,A,,0,,1,
DATAFLOW,OECD.ITF:DSD_TRENDS@DF_TRENDSSAFETY(1.0),,I,ISL,,A,,CRASHES,,CRA,,ROAD,,_T,,_T,,1986,,553,,A,,0,,1,
DATAFLOW,OECD.ITF:DSD_TRENDS@DF_TRENDSSAFETY(1.0),,I,ISL,,A,,CRASHES,,CRA,,ROAD,,_T,,_T,,1987,,673,,A,,0,,1,
DATAFLOW,OECD.ITF:DSD_TRENDS@DF_TRENDSSAFETY(1.0),,I,ISL,,A,,CRASHES,,CRA,,ROAD,,_T,,_T,,1988,,647,,A,,0,,1,
DATAFLOW,OECD.ITF:DSD_TRENDS@DF_TRENDSSAFETY(1.0),,I,ISL,,A,,CRASHES,,CRA,,ROAD,,_T,,_T,,1989,,536,,A,,0,,1,
DATAFLOW,OECD.ITF:DSD_TRENDS@DF_TRENDSSAFETY(1.0),,I,ISL,,A,,CRASHES,,CRA,,ROAD,,_T,,_T,,1990,,583,,A,,0,,1,
DATAFLOW,OECD.ITF:DSD_TRENDS@DF_TRENDSSAFETY(1.0),,I,ISL,,A,,CRASHES,,CRA,,ROAD,,_T,,_T,,1991,,784,,A,,0,,1,
DATAFLOW,OECD.ITF:DSD_TRENDS@DF_TRENDSSAFETY(1.0),,I,ISL,,A,,CRASHES,,CRA,,ROAD,,_T,,_T,,1992,,924,,A,,0,,1,
DATAFLOW,OECD.ITF:DSD_TRENDS@DF_TRENDSSAFETY(1.0),,I,ISL,,A,,CRASHES,,CRA,,ROAD,,_T,,_T,,1993,,1003,,A,,0,,1,
DATAFLOW,OECD.ITF:DSD_TRENDS@DF_TRENDSSAFETY(1.0),,I,ISL,,A,,CRASHES,,CRA,,ROAD,,_T,,_T,,1994,,1016,,A,,0,,1,
DATAFLOW,OECD.ITF:DSD_TRENDS@DF_TRENDSSAFETY(1.0),,I,ISL,,A,,CRASHES,,CRA,,ROAD,,_T,,_T,,1995,,1076,,A,,0,,1,
DATAFLOW,OECD.ITF:DSD_TRENDS@DF_TRENDSSAFETY(1.0),,I,ISL,,A,,CRASHES,,CRA,,ROAD,,_T,,_T,,1996,,1085,,A,,0,,1,
DATAFLOW,OECD.ITF:DSD_TRENDS@DF_TRENDSSAFETY(1.0),,I,ISL,,A,,CRASHES,,CRA,,ROAD,,_T,,_T,,1997,,1041,,A,,0,,1,
DATAFLOW,OECD.ITF:DSD_TRENDS@DF_TRENDSSAFETY(1.0),,I,ISL,,A,,CRASHES,,CRA,,ROAD,,_T,,_T,,1998,,1122,,A,,0,,1,
DATAFLOW,OECD.ITF:DSD_TRENDS@DF_TRENDSSAFETY(1.0),,I,ISL,,A,,CRASHES,,CRA,,ROAD,,_T,,_T,,1999,,1195,,A,,0,,1,
DATAFLOW,OECD.ITF:DSD_TRENDS@DF_TRENDSSAFETY(1.0),,I,ISL,,A,,CRASHES,,CRA,,ROAD,,_T,,_T,,2000,,1002,,A,,0,,1,
DATAFLOW,OECD.ITF:DSD_TRENDS@DF_TRENDSSAFETY(1.0),,I,ISL,,A,,CRASHES,,CRA,,ROAD,,_T,,_T,,2001,,863,,A,,0,,1,
DATAFLOW,OECD.ITF:DSD_TRENDS@DF_TRENDSSAFETY(1.0),,I,ISL,,A,,CRASHES,,CRA,,ROAD,,_T,,_T,,2002,,1007,,A,,0,,1,
DATAFLOW,OECD.ITF:DSD_TRENDS@DF_TRENDSSAFETY(1.0),,I,ISL,,A,,CRASHES,,CRA,,ROAD,,_T,,_T,,2003,,807,,A,,0,,1,
DATAFLOW,OECD.ITF:DSD_TRENDS@DF_TRENDSSAFETY(1.0),,I,ISL,,A,,CRASHES,,CRA,,ROAD,,_T,,_T,,2004,,810,,A,,0,,1,
DATAFLOW,OECD.ITF:DSD_TRENDS@DF_TRENDSSAFETY(1.0),,I,ISL,,A,,CRASHES,,CRA,,ROAD,,_T,,_T,,2005,,687,,A,,0,,1,
DATAFLOW,OECD.ITF:DSD_TRENDS@DF_TRENDSSAFETY(1.0),,I,ISL,,A,,CRASHES,,CRA,,ROAD,,_T,,_T,,2006,,915,,A,,0,,1,
DATAFLOW,OECD.ITF:DSD_TRENDS@DF_TRENDSSAFETY(1.0),,I,ISL,,A,,CRASHES,,CRA,,ROAD,,_T,,_T,,2007,,1147,,A,,0,,1,
DATAFLOW,OECD.ITF:DSD_TRENDS@DF_TRENDSSAFETY(1.0),,I,ISL,,A,,CRASHES,,CRA,,ROAD,,_T,,_T,,2008,,1085,,A,,0,,1,
DATAFLOW,OECD.ITF:DSD_TRENDS@DF_TRENDSSAFETY(1.0),,I,ISL,,A,,CRASHES,,CRA,,ROAD,,_T,,_T,,2009,,893,,A,,0,,1,
DATAFLOW,OECD.ITF:DSD_TRENDS@DF_TRENDSSAFETY(1.0),,I,ISL,,A,,CRASHES,,CRA,,ROAD,,_T,,_T,,2010,,883,,A,,0,,1,
DATAFLOW,OECD.ITF:DSD_TRENDS@DF_TRENDSSAFETY(1.0),,I,ISL,,A,,CRASHES,,CRA,,ROAD,,_T,,_T,,2011,,849,,A,,0,,1,
DATAFLOW,OECD.ITF:DSD_TRENDS@DF_TRENDSSAFETY(1.0),,I,ISL,,A,,CRASHES,,CRA,,ROAD,,_T,,_T,,2012,,742,,A,,0,,1,
DATAFLOW,OECD.ITF:DSD_TRENDS@DF_TRENDSSAFETY(1.0),,I,ISL,,A,,CRASHES,,CRA,,ROAD,,_T,,_T,,2013,,822,,A,,0,,1,
DATAFLOW,OECD.ITF:DSD_TRENDS@DF_TRENDSSAFETY(1.0),,I,ISL,,A,,CRASHES,,CRA,,ROAD,,_T,,_T,,2014,,808,,A,,0,,1,
DATAFLOW,OECD.ITF:DSD_TRENDS@DF_TRENDSSAFETY(1.0),,I,ISL,,A,,CRASHES,,CRA,,ROAD,,_T,,_T,,2015,,912,,A,,0,,1,
DATAFLOW,OECD.ITF:DSD_TRENDS@DF_TRENDSSAFETY(1.0),,I,ISL,,A,,CRASHES,,CRA,,ROAD,,_T,,_T,,2016,,986,,A,,0,,1,
DATAFLOW,OECD.ITF:DSD_TRENDS@DF_TRENDSSAFETY(1.0),,I,ISL,,A,,CRASHES,,CRA,,ROAD,,_T,,_T,,2017,,952,,A,,0,,1,
DATAFLOW,OECD.ITF:DSD_TRENDS@DF_TRENDSSAFETY(1.0),,I,ISL,,A,,CRASHES,,CRA,,ROAD,,_T,,_T,,2018,,868,,A,,0,,1,
DATAFLOW,OECD.ITF:DSD_TRENDS@DF_TRENDSSAFETY(1.0),,I,ISL,,A,,CRASHES,,CRA,,ROAD,,_T,,_T,,2019,,770,,A,,0,,1,
DATAFLOW,OECD.ITF:DSD_TRENDS@DF_TRENDSSAFETY(1.0),,I,ISL,,A,,CRASHES,,CRA,,ROAD,,_T,,_T,,2020,,727,,A,,0,,1,
DATAFLOW,OECD.ITF:DSD_TRENDS@DF_TRENDSSAFETY(1.0),,I,ISL,,A,,CRASHES,,CRA,,ROAD,,_T,,_T,,2021,,873,,A,,0,,1,
DATAFLOW,OECD.ITF:DSD_TRENDS@DF_TRENDSSAFETY(1.0),,I,ISL,,A,,CRASHES,,CRA,,ROAD,,_T,,_T,,2022,,904,,A,,0,,1,
DATAFLOW,OECD.ITF:DSD_TRENDS@DF_TRENDSSAFETY(1.0),,I,IRL,,A,,CRASHES,,CRA,,ROAD,,_T,,_T,,1970,,6405,,A,,0,,1,
DATAFLOW,OECD.ITF:DSD_TRENDS@DF_TRENDSSAFETY(1.0),,I,IRL,,A,,CRASHES,,CRA,,ROAD,,_T,,_T,,1971,,6486,,A,,0,,1,
DATAFLOW,OECD.ITF:DSD_TRENDS@DF_TRENDSSAFETY(1.0),,I,IRL,,A,,CRASHES,,CRA,,ROAD,,_T,,_T,,1972,,6223,,A,,0,,1,
DATAFLOW,OECD.ITF:DSD_TRENDS@DF_TRENDSSAFETY(1.0),,I,IRL,,A,,CRASHES,,CRA,,ROAD,,_T,,_T,,1973,,6020,,A,,0,,1,
DATAFLOW,OECD.ITF:DSD_TRENDS@DF_TRENDSSAFETY(1.0),,I,IRL,,A,,CRASHES,,CRA,,ROAD,,_T,,_T,,1974,,5632,,A,,0,,1,
DATAFLOW,OECD.ITF:DSD_TRENDS@DF_TRENDSSAFETY(1.0),,I,IRL,,A,,CRASHES,,CRA,,ROAD,,_T,,_T,,1975,,4914,,A,,0,,1,
DATAFLOW,OECD.ITF:DSD_TRENDS@DF_TRENDSSAFETY(1.0),,I,IRL,,A,,CRASHES,,CRA,,ROAD,,_T,,_T,,1976,,5117,,A,,0,,1,
DATAFLOW,OECD.ITF:DSD_TRENDS@DF_TRENDSSAFETY(1.0),,I,IRL,,A,,CRASHES,,CRA,,ROAD,,_T,,_T,,1977,,5617,,A,,0,,1,
DATAFLOW,OECD.ITF:DSD_TRENDS@DF_TRENDSSAFETY(1.0),,I,IRL,,A,,CRASHES,,CRA,,ROAD,,_T,,_T,,1978,,6143,,A,,0,,1,
DATAFLOW,OECD.ITF:DSD_TRENDS@DF_TRENDSSAFETY(1.0),,I,IRL,,A,,CRASHES,,CRA,,ROAD,,_T,,_T,,1979,,5694,,A,,0,,1,
DATAFLOW,OECD.ITF:DSD_TRENDS@DF_TRENDSSAFETY(1.0),,I,IRL,,A,,CRASHES,,CRA,,ROAD,,_T,,_T,,1980,,5683,,A,,0,,1,
DATAFLOW,OECD.ITF:DSD_TRENDS@DF_TRENDSSAFETY(1.0),,I,IRL,,A,,CRASHES,,CRA,,ROAD,,_T,,_T,,1981,,5591,,A,,0,,1,
DATAFLOW,OECD.ITF:DSD_TRENDS@DF_TRENDSSAFETY(1.0),,I,IRL,,A,,CRASHES,,CRA,,ROAD,,_T,,_T,,1982,,5482,,A,,0,,1,
DATAFLOW,OECD.ITF:DSD_TRENDS@DF_TRENDSSAFETY(1.0),,I,IRL,,A,,CRASHES,,CRA,,ROAD,,_T,,_T,,1983,,5594,,A,,0,,1,
DATAFLOW,OECD.ITF:DSD_TRENDS@DF_TRENDSSAFETY(1.0),,I,IRL,,A,,CRASHES,,CRA,,ROAD,,_T,,_T,,1984,,5737,,A,,0,,1,
DATAFLOW,OECD.ITF:DSD_TRENDS@DF_TRENDSSAFETY(1.0),,I,IRL,,A,,CRASHES,,CRA,,ROAD,,_T,,_T,,1985,,5518,,A,,0,,1,
DATAFLOW,OECD.ITF:DSD_TRENDS@DF_TRENDSSAFETY(1.0),,I,IRL,,A,,CRASHES,,CRA,,ROAD,,_T,,_T,,1986,,5776,,A,,0,,1,
DATAFLOW,OECD.ITF:DSD_TRENDS@DF_TRENDSSAFETY(1.0),,I,IRL,,A,,CRASHES,,CRA,,ROAD,,_T,,_T,,1987,,5752,,A,,0,,1,
DATAFLOW,OECD.ITF:DSD_TRENDS@DF_TRENDSSAFETY(1.0),,I,IRL,,A,,CRASHES,,CRA,,ROAD,,_T,,_T,,1988,,5577,,A,,0,,1,
DATAFLOW,OECD.ITF:DSD_TRENDS@DF_TRENDSSAFETY(1.0),,I,IRL,,A,,CRASHES,,CRA,,ROAD,,_T,,_T,,1989,,5831,,A,,0,,1,
DATAFLOW,OECD.ITF:DSD_TRENDS@DF_TRENDSSAFETY(1.0),,I,IRL,,A,,CRASHES,,CRA,,ROAD,,_T,,_T,,1990,,6067,,A,,0,,1,
DATAFLOW,OECD.ITF:DSD_TRENDS@DF_TRENDSSAFETY(1.0),,I,IRL,,A,,CRASHES,,CRA,,ROAD,,_T,,_T,,1991,,6494,,A,,0,,1,
DATAFLOW,OECD.ITF:DSD_TRENDS@DF_TRENDSSAFETY(1.0),,I,IRL,,A,,CRASHES,,CRA,,ROAD,,_T,,_T,,1992,,6677,,A,,0,,1,
DATAFLOW,OECD.ITF:DSD_TRENDS@DF_TRENDSSAFETY(1.0),,I,IRL,,A,,CRASHES,,CRA,,ROAD,,_T,,_T,,1993,,6376,,A,,0,,1,
DATAFLOW,OECD.ITF:DSD_TRENDS@DF_TRENDSSAFETY(1.0),,I,IRL,,A,,CRASHES,,CRA,,ROAD,,_T,,_T,,1994,,6610,,A,,0,,1,
DATAFLOW,OECD.ITF:DSD_TRENDS@DF_TRENDSSAFETY(1.0),,I,IRL,,A,,CRASHES,,CRA,,ROAD,,_T,,_T,,1995,,8117,,A,,0,,1,
DATAFLOW,OECD.ITF:DSD_TRENDS@DF_TRENDSSAFETY(1.0),,I,IRL,,A,,CRASHES,,CRA,,ROAD,,_T,,_T,,1996,,8686,,A,,0,,1,
DATAFLOW,OECD.ITF:DSD_TRENDS@DF_TRENDSSAFETY(1.0),,I,IRL,,A,,CRASHES,,CRA,,ROAD,,_T,,_T,,1997,,8496,,A,,0,,1,
DATAFLOW,OECD.ITF:DSD_TRENDS@DF_TRENDSSAFETY(1.0),,I,IRL,,A,,CRASHES,,CRA,,ROAD,,_T,,_T,,1998,,8239,,A,,0,,1,
DATAFLOW,OECD.ITF:DSD_TRENDS@DF_TRENDSSAFETY(1.0),,I,IRL,,A,,CRASHES,,CRA,,ROAD,,_T,,_T,,1999,,7807,,A,,0,,1,
DATAFLOW,OECD.ITF:DSD_TRENDS@DF_TRENDSSAFETY(1.0),,I,IRL,,A,,CRASHES,,CRA,,ROAD,,_T,,_T,,2000,,7757,,A,,0,,1,
DATAFLOW,OECD.ITF:DSD_TRENDS@DF_TRENDSSAFETY(1.0),,I,IRL,,A,,CRASHES,,CRA,,ROAD,,_T,,_T,,2001,,6909,,A,,0,,1,
DATAFLOW,OECD.ITF:DSD_TRENDS@DF_TRENDSSAFETY(1.0),,I,IRL,,A,,CRASHES,,CRA,,ROAD,,_T,,_T,,2002,,6625,,A,,0,,1,
DATAFLOW,OECD.ITF:DSD_TRENDS@DF_TRENDSSAFETY(1.0),,I,IRL,,A,,CRASHES,,CRA,,ROAD,,_T,,_T,,2003,,5985,,A,,0,,1,
DATAFLOW,OECD.ITF:DSD_TRENDS@DF_TRENDSSAFETY(1.0),,I,IRL,,A,,CRASHES,,CRA,,ROAD,,_T,,_T,,2004,,5781,,A,,0,,1,
DATAFLOW,OECD.ITF:DSD_TRENDS@DF_TRENDSSAFETY(1.0),,I,IRL,,A,,CRASHES,,CRA,,ROAD,,_T,,_T,,2005,,6533,,A,,0,,1,
DATAFLOW,OECD.ITF:DSD_TRENDS@DF_TRENDSSAFETY(1.0),,I,IRL,,A,,CRASHES,,CRA,,ROAD,,_T,,_T,,2006,,6018,,A,,0,,1,
DATAFLOW,OECD.ITF:DSD_TRENDS@DF_TRENDSSAFETY(1.0),,I,IRL,,A,,CRASHES,,CRA,,ROAD,,_T,,_T,,2007,,5158,,A,,0,,1,
DATAFLOW,OECD.ITF:DSD_TRENDS@DF_TRENDSSAFETY(1.0),,I,IRL,,A,,CRASHES,,CRA,,ROAD,,_T,,_T,,2008,,5580,,A,,0,,1,
DATAFLOW,OECD.ITF:DSD_TRENDS@DF_TRENDSSAFETY(1.0),,I,IRL,,A,,CRASHES,,CRA,,ROAD,,_T,,_T,,2009,,6615,,A,,0,,1,
DATAFLOW,OECD.ITF:DSD_TRENDS@DF_TRENDSSAFETY(1.0),,I,IRL,,A,,CRASHES,,CRA,,ROAD,,_T,,_T,,2010,,5780,,A,,0,,1,
DATAFLOW,OECD.ITF:DSD_TRENDS@DF_TRENDSSAFETY(1.0),,I,IRL,,A,,CRASHES,,CRA,,ROAD,,_T,,_T,,2011,,5230,,A,,0,,1,
DATAFLOW,OECD.ITF:DSD_TRENDS@DF_TRENDSSAFETY(1.0),,I,IRL,,A,,CRASHES,,CRA,,ROAD,,_T,,_T,,2012,,5610,,A,,0,,1,
DATAFLOW,OECD.ITF:DSD_TRENDS@DF_TRENDSSAFETY(1.0),,I,IRL,,A,,CRASHES,,CRA,,ROAD,,_T,,_T,,2013,,4976,,A,,0,,1,
DATAFLOW,OECD.ITF:DSD_TRENDS@DF_TRENDSSAFETY(1.0),,I,IRL,,A,,CRASHES,,CRA,,ROAD,,_T,,_T,,2014,,5796,,A,,0,,1,
DATAFLOW,OECD.ITF:DSD_TRENDS@DF_TRENDSSAFETY(1.0),,I,IRL,,A,,CRASHES,,CRA,,ROAD,,_T,,_T,,2015,,5831,,A,,0,,1,
DATAFLOW,OECD.ITF:DSD_TRENDS@DF_TRENDSSAFETY(1.0),,I,IRL,,A,,CRASHES,,CRA,,ROAD,,_T,,_T,,2016,,5877,,A,,0,,1,
DATAFLOW,OECD.ITF:DSD_TRENDS@DF_TRENDSSAFETY(1.0),,I,IRL,,A,,CRASHES,,CRA,,ROAD,,_T,,_T,,2017,,6077,,A,,0,,1,
DATAFLOW,OECD.ITF:DSD_TRENDS@DF_TRENDSSAFETY(1.0),,I,IRL,,A,,CRASHES,,CRA,,ROAD,,_T,,_T,,2018,,6056,,A,,0,,1,
DATAFLOW,OECD.ITF:DSD_TRENDS@DF_TRENDSSAFETY(1.0),,I,IRL,,A,,CRASHES,,CRA,,ROAD,,_T,,_T,,2019,,6228,,A,,0,,1,
DATAFLOW,OECD.ITF:DSD_TRENDS@DF_TRENDSSAFETY(1.0),,I,IRL,,A,,CRASHES,,CRA,,ROAD,,_T,,_T,,2020,,4556,,A,,0,,1,
DATAFLOW,OECD.ITF:DSD_TRENDS@DF_TRENDSSAFETY(1.0),,I,ISR,,A,,CRASHES,,CRA,,ROAD,,_T,,_T,,1970,,13355,,A,,0,,1,
DATAFLOW,OECD.ITF:DSD_TRENDS@DF_TRENDSSAFETY(1.0),,I,ISR,,A,,CRASHES,,CRA,,ROAD,,_T,,_T,,1971,,14757,,A,,0,,1,
DATAFLOW,OECD.ITF:DSD_TRENDS@DF_TRENDSSAFETY(1.0),,I,ISR,,A,,CRASHES,,CRA,,ROAD,,_T,,_T,,1972,,15303,,A,,0,,1,
DATAFLOW,OECD.ITF:DSD_TRENDS@DF_TRENDSSAFETY(1.0),,I,ISR,,A,,CRASHES,,CRA,,ROAD,,_T,,_T,,1973,,14606,,A,,0,,1,
DATAFLOW,OECD.ITF:DSD_TRENDS@DF_TRENDSSAFETY(1.0),,I,ISR,,A,,CRASHES,,CRA,,ROAD,,_T,,_T,,1974,,14719,,A,,0,,1,
DATAFLOW,OECD.ITF:DSD_TRENDS@DF_TRENDSSAFETY(1.0),,I,ISR,,A,,CRASHES,,CRA,,ROAD,,_T,,_T,,1976,,15057,,A,,0,,1,
DATAFLOW,OECD.ITF:DSD_TRENDS@DF_TRENDSSAFETY(1.0),,I,ISR,,A,,CRASHES,,CRA,,ROAD,,_T,,_T,,1977,,16508,,A,,0,,1,
DATAFLOW,OECD.ITF:DSD_TRENDS@DF_TRENDSSAFETY(1.0),,I,ISR,,A,,CRASHES,,CRA,,ROAD,,_T,,_T,,1978,,17501,,A,,0,,1,
DATAFLOW,OECD.ITF:DSD_TRENDS@DF_TRENDSSAFETY(1.0),,I,ISR,,A,,CRASHES,,CRA,,ROAD,,_T,,_T,,1979,,15132,,A,,0,,1,
DATAFLOW,OECD.ITF:DSD_TRENDS@DF_TRENDSSAFETY(1.0),,I,ISR,,A,,CRASHES,,CRA,,ROAD,,_T,,_T,,1980,,13516,,A,,0,,1,
DATAFLOW,OECD.ITF:DSD_TRENDS@DF_TRENDSSAFETY(1.0),,I,ISR,,A,,CRASHES,,CRA,,ROAD,,_T,,_T,,1981,,13995,,A,,0,,1,
DATAFLOW,OECD.ITF:DSD_TRENDS@DF_TRENDSSAFETY(1.0),,I,ISR,,A,,CRASHES,,CRA,,ROAD,,_T,,_T,,1982,,13408,,A,,0,,1,
DATAFLOW,OECD.ITF:DSD_TRENDS@DF_TRENDSSAFETY(1.0),,I,ISR,,A,,CRASHES,,CRA,,ROAD,,_T,,_T,,1983,,14393,,A,,0,,1,
DATAFLOW,OECD.ITF:DSD_TRENDS@DF_TRENDSSAFETY(1.0),,I,ISR,,A,,CRASHES,,CRA,,ROAD,,_T,,_T,,1984,,13762,,A,,0,,1,
DATAFLOW,OECD.ITF:DSD_TRENDS@DF_TRENDSSAFETY(1.0),,I,ISR,,A,,CRASHES,,CRA,,ROAD,,_T,,_T,,1985,,13446,,A,,0,,1,
DATAFLOW,OECD.ITF:DSD_TRENDS@DF_TRENDSSAFETY(1.0),,I,ISR,,A,,CRASHES,,CRA,,ROAD,,_T,,_T,,1986,,15398,,A,,0,,1,
DATAFLOW,OECD.ITF:DSD_TRENDS@DF_TRENDSSAFETY(1.0),,I,ISR,,A,,CRASHES,,CRA,,ROAD,,_T,,_T,,1987,,15858,,A,,0,,1,
DATAFLOW,OECD.ITF:DSD_TRENDS@DF_TRENDSSAFETY(1.0),,I,ISR,,A,,CRASHES,,CRA,,ROAD,,_T,,_T,,1988,,15979,,A,,0,,1,
DATAFLOW,OECD.ITF:DSD_TRENDS@DF_TRENDSSAFETY(1.0),,I,ISR,,A,,CRASHES,,CRA,,ROAD,,_T,,_T,,1989,,16797,,A,,0,,1,
DATAFLOW,OECD.ITF:DSD_TRENDS@DF_TRENDSSAFETY(1.0),,I,ISR,,A,,CRASHES,,CRA,,ROAD,,_T,,_T,,1990,,18197,,A,,0,,1,
DATAFLOW,OECD.ITF:DSD_TRENDS@DF_TRENDSSAFETY(1.0),,I,ISR,,A,,CRASHES,,CRA,,ROAD,,_T,,_T,,1991,,20393,,A,,0,,1,
DATAFLOW,OECD.ITF:DSD_TRENDS@DF_TRENDSSAFETY(1.0),,I,ISR,,A,,CRASHES,,CRA,,ROAD,,_T,,_T,,1992,,23510,,A,,0,,1,
DATAFLOW,OECD.ITF:DSD_TRENDS@DF_TRENDSSAFETY(1.0),,I,ISR,,A,,CRASHES,,CRA,,ROAD,,_T,,_T,,1993,,23115,,A,,0,,1,
DATAFLOW,OECD.ITF:DSD_TRENDS@DF_TRENDSSAFETY(1.0),,I,ISR,,A,,CRASHES,,CRA,,ROAD,,_T,,_T,,1994,,21391,,A,,0,,1,
DATAFLOW,OECD.ITF:DSD_TRENDS@DF_TRENDSSAFETY(1.0),,I,ISR,,A,,CRASHES,,CRA,,ROAD,,_T,,_T,,1995,,22904,,A,,0,,1,
DATAFLOW,OECD.ITF:DSD_TRENDS@DF_TRENDSSAFETY(1.0),,I,ISR,,A,,CRASHES,,CRA,,ROAD,,_T,,_T,,1996,,26268,,A,,0,,1,
DATAFLOW,OECD.ITF:DSD_TRENDS@DF_TRENDSSAFETY(1.0),,I,ISR,,A,,CRASHES,,CRA,,ROAD,,_T,,_T,,1997,,26628,,A,,0,,1,
DATAFLOW,OECD.ITF:DSD_TRENDS@DF_TRENDSSAFETY(1.0),,I,ISR,,A,,CRASHES,,CRA,,ROAD,,_T,,_T,,1998,,26270,,A,,0,,1,
DATAFLOW,OECD.ITF:DSD_TRENDS@DF_TRENDSSAFETY(1.0),,I,ISR,,A,,CRASHES,,CRA,,ROAD,,_T,,_T,,1999,,23697,,A,,0,,1,
DATAFLOW,OECD.ITF:DSD_TRENDS@DF_TRENDSSAFETY(1.0),,I,ISR,,A,,CRASHES,,CRA,,ROAD,,_T,,_T,,2000,,20660,,A,,0,,1,
DATAFLOW,OECD.ITF:DSD_TRENDS@DF_TRENDSSAFETY(1.0),,I,ISR,,A,,CRASHES,,CRA,,ROAD,,_T,,_T,,2001,,18634,,A,,0,,1,
DATAFLOW,OECD.ITF:DSD_TRENDS@DF_TRENDSSAFETY(1.0),,I,ISR,,A,,CRASHES,,CRA,,ROAD,,_T,,_T,,2002,,19083,,A,,0,,1,
DATAFLOW,OECD.ITF:DSD_TRENDS@DF_TRENDSSAFETY(1.0),,I,ISR,,A,,CRASHES,,CRA,,ROAD,,_T,,_T,,2003,,18288,,A,,0,,1,
DATAFLOW,OECD.ITF:DSD_TRENDS@DF_TRENDSSAFETY(1.0),,I,ISR,,A,,CRASHES,,CRA,,ROAD,,_T,,_T,,2004,,18266,,A,,0,,1,
DATAFLOW,OECD.ITF:DSD_TRENDS@DF_TRENDSSAFETY(1.0),,I,ISR,,A,,CRASHES,,CRA,,ROAD,,_T,,_T,,2005,,17509,,A,,0,,1,
DATAFLOW,OECD.ITF:DSD_TRENDS@DF_TRENDSSAFETY(1.0),,I,ISR,,A,,CRASHES,,CRA,,ROAD,,_T,,_T,,2006,,17687,,A,,0,,1,
DATAFLOW,OECD.ITF:DSD_TRENDS@DF_TRENDSSAFETY(1.0),,I,ISR,,A,,CRASHES,,CRA,,ROAD,,_T,,_T,,2007,,16576,,A,,0,,1,
DATAFLOW,OECD.ITF:DSD_TRENDS@DF_TRENDSSAFETY(1.0),,I,ISR,,A,,CRASHES,,CRA,,ROAD,,_T,,_T,,2008,,17125,,A,,0,,1,
DATAFLOW,OECD.ITF:DSD_TRENDS@DF_TRENDSSAFETY(1.0),,I,ISR,,A,,CRASHES,,CRA,,ROAD,,_T,,_T,,2009,,16856,,A,,0,,1,
DATAFLOW,OECD.ITF:DSD_TRENDS@DF_TRENDSSAFETY(1.0),,I,ISR,,A,,CRASHES,,CRA,,ROAD,,_T,,_T,,2010,,15318,,A,,0,,1,
DATAFLOW,OECD.ITF:DSD_TRENDS@DF_TRENDSSAFETY(1.0),,I,ISR,,A,,CRASHES,,CRA,,ROAD,,_T,,_T,,2011,,14742,,A,,0,,1,
DATAFLOW,OECD.ITF:DSD_TRENDS@DF_TRENDSSAFETY(1.0),,I,ISR,,A,,CRASHES,,CRA,,ROAD,,_T,,_T,,2012,,13094,,A,,0,,1,
DATAFLOW,OECD.ITF:DSD_TRENDS@DF_TRENDSSAFETY(1.0),,I,ISR,,A,,CRASHES,,CRA,,ROAD,,_T,,_T,,2014,,12797,,A,,0,,1,
DATAFLOW,OECD.ITF:DSD_TRENDS@DF_TRENDSSAFETY(1.0),,I,ISR,,A,,CRASHES,,CRA,,ROAD,,_T,,_T,,2015,,13104,,A,,0,,1,
DATAFLOW,OECD.ITF:DSD_TRENDS@DF_TRENDSSAFETY(1.0),,I,ISR,,A,,CRASHES,,CRA,,ROAD,,_T,,_T,,2016,,12966,,A,,0,,1,
DATAFLOW,OECD.ITF:DSD_TRENDS@DF_TRENDSSAFETY(1.0),,I,ISR,,A,,CRASHES,,CRA,,ROAD,,_T,,_T,,2017,,13628,,A,,0,,1,
DATAFLOW,OECD.ITF:DSD_TRENDS@DF_TRENDSSAFETY(1.0),,I,ISR,,A,,CRASHES,,CRA,,ROAD,,_T,,_T,,2018,,12557,,A,,0,,1,
DATAFLOW,OECD.ITF:DSD_TRENDS@DF_TRENDSSAFETY(1.0),,I,ISR,,A,,CRASHES,,CRA,,ROAD,,_T,,_T,,2019,,12670,,A,,0,,1,
DATAFLOW,OECD.ITF:DSD_TRENDS@DF_TRENDSSAFETY(1.0),,I,ISR,,A,,CRASHES,,CRA,,ROAD,,_T,,_T,,2020,,10836,,A,,0,,1,
DATAFLOW,OECD.ITF:DSD_TRENDS@DF_TRENDSSAFETY(1.0),,I,ISR,,A,,CRASHES,,CRA,,ROAD,,_T,,_T,,2021,,11554,,A,,0,,1,
DATAFLOW,OECD.ITF:DSD_TRENDS@DF_TRENDSSAFETY(1.0),,I,ITA,,A,,CRASHES,,CRA,,ROAD,,_T,,_T,,1970,,307710,,A,,0,,1,
DATAFLOW,OECD.ITF:DSD_TRENDS@DF_TRENDSSAFETY(1.0),,I,ITA,,A,,CRASHES,,CRA,,ROAD,,_T,,_T,,1971,,313265,,A,,0,,1,
DATAFLOW,OECD.ITF:DSD_TRENDS@DF_TRENDSSAFETY(1.0),,I,ITA,,A,,CRASHES,,CRA,,ROAD,,_T,,_T,,1972,,332591,,A,,0,,1,
DATAFLOW,OECD.ITF:DSD_TRENDS@DF_TRENDSSAFETY(1.0),,I,ITA,,A,,CRASHES,,CRA,,ROAD,,_T,,_T,,1973,,325286,,A,,0,,1,
DATAFLOW,OECD.ITF:DSD_TRENDS@DF_TRENDSSAFETY(1.0),,I,ITA,,A,,CRASHES,,CRA,,ROAD,,_T,,_T,,1974,,287400,,A,,0,,1,
DATAFLOW,OECD.ITF:DSD_TRENDS@DF_TRENDSSAFETY(1.0),,I,ITA,,A,,CRASHES,,CRA,,ROAD,,_T,,_T,,1975,,282266,,A,,0,,1,
DATAFLOW,OECD.ITF:DSD_TRENDS@DF_TRENDSSAFETY(1.0),,I,ITA,,A,,CRASHES,,CRA,,ROAD,,_T,,_T,,1976,,272710,,A,,0,,1,
DATAFLOW,OECD.ITF:DSD_TRENDS@DF_TRENDSSAFETY(1.0),,I,ITA,,A,,CRASHES,,CRA,,ROAD,,_T,,_T,,1977,,265562,,A,,0,,1,
DATAFLOW,OECD.ITF:DSD_TRENDS@DF_TRENDSSAFETY(1.0),,I,ITA,,A,,CRASHES,,CRA,,ROAD,,_T,,_T,,1978,,263674,,A,,0,,1,
DATAFLOW,OECD.ITF:DSD_TRENDS@DF_TRENDSSAFETY(1.0),,I,ITA,,A,,CRASHES,,CRA,,ROAD,,_T,,_T,,1979,,270923,,A,,0,,1,
DATAFLOW,OECD.ITF:DSD_TRENDS@DF_TRENDSSAFETY(1.0),,I,ITA,,A,,CRASHES,,CRA,,ROAD,,_T,,_T,,1980,,163770,,A,,0,,1,
DATAFLOW,OECD.ITF:DSD_TRENDS@DF_TRENDSSAFETY(1.0),,I,ITA,,A,,CRASHES,,CRA,,ROAD,,_T,,_T,,1981,,165721,,A,,0,,1,
DATAFLOW,OECD.ITF:DSD_TRENDS@DF_TRENDSSAFETY(1.0),,I,ITA,,A,,CRASHES,,CRA,,ROAD,,_T,,_T,,1982,,159858,,A,,0,,1,
DATAFLOW,OECD.ITF:DSD_TRENDS@DF_TRENDSSAFETY(1.0),,I,ITA,,A,,CRASHES,,CRA,,ROAD,,_T,,_T,,1983,,161114,,A,,0,,1,
DATAFLOW,OECD.ITF:DSD_TRENDS@DF_TRENDSSAFETY(1.0),,I,ITA,,A,,CRASHES,,CRA,,ROAD,,_T,,_T,,1984,,159051,,A,,0,,1,
DATAFLOW,OECD.ITF:DSD_TRENDS@DF_TRENDSSAFETY(1.0),,I,ITA,,A,,CRASHES,,CRA,,ROAD,,_T,,_T,,1985,,157786,,A,,0,,1,
DATAFLOW,OECD.ITF:DSD_TRENDS@DF_TRENDSSAFETY(1.0),,I,ITA,,A,,CRASHES,,CRA,,ROAD,,_T,,_T,,1986,,155427,,A,,0,,1,
DATAFLOW,OECD.ITF:DSD_TRENDS@DF_TRENDSSAFETY(1.0),,I,ITA,,A,,CRASHES,,CRA,,ROAD,,_T,,_T,,1987,,158208,,A,,0,,1,
DATAFLOW,OECD.ITF:DSD_TRENDS@DF_TRENDSSAFETY(1.0),,I,ITA,,A,,CRASHES,,CRA,,ROAD,,_T,,_T,,1988,,166033,,A,,0,,1,
DATAFLOW,OECD.ITF:DSD_TRENDS@DF_TRENDSSAFETY(1.0),,I,ITA,,A,,CRASHES,,CRA,,ROAD,,_T,,_T,,1989,,160828,,A,,0,,1,
DATAFLOW,OECD.ITF:DSD_TRENDS@DF_TRENDSSAFETY(1.0),,I,ITA,,A,,CRASHES,,CRA,,ROAD,,_T,,_T,,1990,,161782,,A,,0,,1,
DATAFLOW,OECD.ITF:DSD_TRENDS@DF_TRENDSSAFETY(1.0),,I,ITA,,A,,CRASHES,,CRA,,ROAD,,_T,,_T,,1991,,170702,,A,,0,,1,
DATAFLOW,OECD.ITF:DSD_TRENDS@DF_TRENDSSAFETY(1.0),,I,ITA,,A,,CRASHES,,CRA,,ROAD,,_T,,_T,,1992,,166815,,A,,0,,1,
DATAFLOW,OECD.ITF:DSD_TRENDS@DF_TRENDSSAFETY(1.0),,I,ITA,,A,,CRASHES,,CRA,,ROAD,,_T,,_T,,1993,,153393,,A,,0,,1,
DATAFLOW,OECD.ITF:DSD_TRENDS@DF_TRENDSSAFETY(1.0),,I,ITA,,A,,CRASHES,,CRA,,ROAD,,_T,,_T,,1994,,170679,,A,,0,,1,
DATAFLOW,OECD.ITF:DSD_TRENDS@DF_TRENDSSAFETY(1.0),,I,ITA,,A,,CRASHES,,CRA,,ROAD,,_T,,_T,,1995,,182761,,A,,0,,1,
DATAFLOW,OECD.ITF:DSD_TRENDS@DF_TRENDSSAFETY(1.0),,I,ITA,,A,,CRASHES,,CRA,,ROAD,,_T,,_T,,1996,,190068,,A,,0,,1,
DATAFLOW,OECD.ITF:DSD_TRENDS@DF_TRENDSSAFETY(1.0),,I,ITA,,A,,CRASHES,,CRA,,ROAD,,_T,,_T,,1997,,190031,,A,,0,,1,
DATAFLOW,OECD.ITF:DSD_TRENDS@DF_TRENDSSAFETY(1.0),,I,ITA,,A,,CRASHES,,CRA,,ROAD,,_T,,_T,,1998,,204615,,A,,0,,1,
DATAFLOW,OECD.ITF:DSD_TRENDS@DF_TRENDSSAFETY(1.0),,I,ITA,,A,,CRASHES,,CRA,,ROAD,,_T,,_T,,1999,,225646,,A,,0,,1,
DATAFLOW,OECD.ITF:DSD_TRENDS@DF_TRENDSSAFETY(1.0),,I,ITA,,A,,CRASHES,,CRA,,ROAD,,_T,,_T,,2000,,256546,,A,,0,,1,
DATAFLOW,OECD.ITF:DSD_TRENDS@DF_TRENDSSAFETY(1.0),,I,ITA,,A,,CRASHES,,CRA,,ROAD,,_T,,_T,,2001,,263100,,A,,0,,1,
DATAFLOW,OECD.ITF:DSD_TRENDS@DF_TRENDSSAFETY(1.0),,I,ITA,,A,,CRASHES,,CRA,,ROAD,,_T,,_T,,2002,,265402,,A,,0,,1,
DATAFLOW,OECD.ITF:DSD_TRENDS@DF_TRENDSSAFETY(1.0),,I,ITA,,A,,CRASHES,,CRA,,ROAD,,_T,,_T,,2003,,252271,,A,,0,,1,
DATAFLOW,OECD.ITF:DSD_TRENDS@DF_TRENDSSAFETY(1.0),,I,ITA,,A,,CRASHES,,CRA,,ROAD,,_T,,_T,,2004,,243490,,A,,0,,1,
DATAFLOW,OECD.ITF:DSD_TRENDS@DF_TRENDSSAFETY(1.0),,I,ITA,,A,,CRASHES,,CRA,,ROAD,,_T,,_T,,2005,,240011,,A,,0,,1,
DATAFLOW,OECD.ITF:DSD_TRENDS@DF_TRENDSSAFETY(1.0),,I,ITA,,A,,CRASHES,,CRA,,ROAD,,_T,,_T,,2006,,238124,,A,,0,,1,
DATAFLOW,OECD.ITF:DSD_TRENDS@DF_TRENDSSAFETY(1.0),,I,ITA,,A,,CRASHES,,CRA,,ROAD,,_T,,_T,,2007,,230871,,A,,0,,1,
DATAFLOW,OECD.ITF:DSD_TRENDS@DF_TRENDSSAFETY(1.0),,I,ITA,,A,,CRASHES,,CRA,,ROAD,,_T,,_T,,2008,,218963,,A,,0,,1,
DATAFLOW,OECD.ITF:DSD_TRENDS@DF_TRENDSSAFETY(1.0),,I,ITA,,A,,CRASHES,,CRA,,ROAD,,_T,,_T,,2009,,215405,,A,,0,,1,
DATAFLOW,OECD.ITF:DSD_TRENDS@DF_TRENDSSAFETY(1.0),,I,ITA,,A,,CRASHES,,CRA,,ROAD,,_T,,_T,,2010,,212997,,A,,0,,1,
DATAFLOW,OECD.ITF:DSD_TRENDS@DF_TRENDSSAFETY(1.0),,I,ITA,,A,,CRASHES,,CRA,,ROAD,,_T,,_T,,2011,,205638,,A,,0,,1,
DATAFLOW,OECD.ITF:DSD_TRENDS@DF_TRENDSSAFETY(1.0),,I,ITA,,A,,CRASHES,,CRA,,ROAD,,_T,,_T,,2012,,188228,,A,,0,,1,
DATAFLOW,OECD.ITF:DSD_TRENDS@DF_TRENDSSAFETY(1.0),,I,ITA,,A,,CRASHES,,CRA,,ROAD,,_T,,_T,,2013,,181660,,A,,0,,1,
DATAFLOW,OECD.ITF:DSD_TRENDS@DF_TRENDSSAFETY(1.0),,I,ITA,,A,,CRASHES,,CRA,,ROAD,,_T,,_T,,2014,,177031,,A,,0,,1,
DATAFLOW,OECD.ITF:DSD_TRENDS@DF_TRENDSSAFETY(1.0),,I,ITA,,A,,CRASHES,,CRA,,ROAD,,_T,,_T,,2015,,174539,,A,,0,,1,
DATAFLOW,OECD.ITF:DSD_TRENDS@DF_TRENDSSAFETY(1.0),,I,ITA,,A,,CRASHES,,CRA,,ROAD,,_T,,_T,,2016,,175791,,A,,0,,1,
DATAFLOW,OECD.ITF:DSD_TRENDS@DF_TRENDSSAFETY(1.0),,I,ITA,,A,,CRASHES,,CRA,,ROAD,,_T,,_T,,2017,,174933,,A,,0,,1,
DATAFLOW,OECD.ITF:DSD_TRENDS@DF_TRENDSSAFETY(1.0),,I,ITA,,A,,CRASHES,,CRA,,ROAD,,_T,,_T,,2018,,172344,,A,,0,,1,
DATAFLOW,OECD.ITF:DSD_TRENDS@DF_TRENDSSAFETY(1.0),,I,ITA,,A,,CRASHES,,CRA,,ROAD,,_T,,_T,,2019,,172183,,A,,0,,1,
DATAFLOW,OECD.ITF:DSD_TRENDS@DF_TRENDSSAFETY(1.0),,I,ITA,,A,,CRASHES,,CRA,,ROAD,,_T,,_T,,2020,,118298,,A,,0,,1,
DATAFLOW,OECD.ITF:DSD_TRENDS@DF_TRENDSSAFETY(1.0),,I,ITA,,A,,CRASHES,,CRA,,ROAD,,_T,,_T,,2021,,151875,,A,,0,,1,
DATAFLOW,OECD.ITF:DSD_TRENDS@DF_TRENDSSAFETY(1.0),,I,ITA,,A,,CRASHES,,CRA,,ROAD,,_T,,_T,,2022,,165889,,A,,0,,1,
DATAFLOW,OECD.ITF:DSD_TRENDS@DF_TRENDSSAFETY(1.0),,I,ITA,,A,,CRASHES,,CRA,,ROAD,,_T,,_T,,2023,,166525,,A,,0,,1,
DATAFLOW,OECD.ITF:DSD_TRENDS@DF_TRENDSSAFETY(1.0),,I,ITA,,A,,CRASHES,,CRA,,ROAD,,_T,,_T,,2024,,173364,,A,,0,,1,
DATAFLOW,OECD.ITF:DSD_TRENDS@DF_TRENDSSAFETY(1.0),,I,JPN,,A,,CRASHES,,CRA,,ROAD,,_T,,_T,,1970,,718080,,A,,0,,1,
DATAFLOW,OECD.ITF:DSD_TRENDS@DF_TRENDSSAFETY(1.0),,I,JPN,,A,,CRASHES,,CRA,,ROAD,,_T,,_T,,1971,,700290,,A,,0,,1,
DATAFLOW,OECD.ITF:DSD_TRENDS@DF_TRENDSSAFETY(1.0),,I,JPN,,A,,CRASHES,,CRA,,ROAD,,_T,,_T,,1972,,659283,,A,,0,,1,
DATAFLOW,OECD.ITF:DSD_TRENDS@DF_TRENDSSAFETY(1.0),,I,JPN,,A,,CRASHES,,CRA,,ROAD,,_T,,_T,,1973,,586713,,A,,0,,1,
DATAFLOW,OECD.ITF:DSD_TRENDS@DF_TRENDSSAFETY(1.0),,I,JPN,,A,,CRASHES,,CRA,,ROAD,,_T,,_T,,1974,,490452,,A,,0,,1,
DATAFLOW,OECD.ITF:DSD_TRENDS@DF_TRENDSSAFETY(1.0),,I,JPN,,A,,CRASHES,,CRA,,ROAD,,_T,,_T,,1975,,472938,,A,,0,,1,
DATAFLOW,OECD.ITF:DSD_TRENDS@DF_TRENDSSAFETY(1.0),,I,JPN,,A,,CRASHES,,CRA,,ROAD,,_T,,_T,,1976,,471041,,A,,0,,1,
DATAFLOW,OECD.ITF:DSD_TRENDS@DF_TRENDSSAFETY(1.0),,I,JPN,,A,,CRASHES,,CRA,,ROAD,,_T,,_T,,1977,,460649,,A,,0,,1,
DATAFLOW,OECD.ITF:DSD_TRENDS@DF_TRENDSSAFETY(1.0),,I,JPN,,A,,CRASHES,,CRA,,ROAD,,_T,,_T,,1978,,464037,,A,,0,,1,
DATAFLOW,OECD.ITF:DSD_TRENDS@DF_TRENDSSAFETY(1.0),,I,JPN,,A,,CRASHES,,CRA,,ROAD,,_T,,_T,,1979,,471573,,A,,0,,1,
DATAFLOW,OECD.ITF:DSD_TRENDS@DF_TRENDSSAFETY(1.0),,I,JPN,,A,,CRASHES,,CRA,,ROAD,,_T,,_T,,1980,,476677,,A,,0,,1,
DATAFLOW,OECD.ITF:DSD_TRENDS@DF_TRENDSSAFETY(1.0),,I,JPN,,A,,CRASHES,,CRA,,ROAD,,_T,,_T,,1981,,485578,,A,,0,,1,
DATAFLOW,OECD.ITF:DSD_TRENDS@DF_TRENDSSAFETY(1.0),,I,JPN,,A,,CRASHES,,CRA,,ROAD,,_T,,_T,,1982,,502261,,A,,0,,1,
DATAFLOW,OECD.ITF:DSD_TRENDS@DF_TRENDSSAFETY(1.0),,I,JPN,,A,,CRASHES,,CRA,,ROAD,,_T,,_T,,1983,,526362,,A,,0,,1,
DATAFLOW,OECD.ITF:DSD_TRENDS@DF_TRENDSSAFETY(1.0),,I,JPN,,A,,CRASHES,,CRA,,ROAD,,_T,,_T,,1984,,518642,,A,,0,,1,
DATAFLOW,OECD.ITF:DSD_TRENDS@DF_TRENDSSAFETY(1.0),,I,JPN,,A,,CRASHES,,CRA,,ROAD,,_T,,_T,,1985,,552788,,A,,0,,1,
DATAFLOW,OECD.ITF:DSD_TRENDS@DF_TRENDSSAFETY(1.0),,I,JPN,,A,,CRASHES,,CRA,,ROAD,,_T,,_T,,1986,,579190,,A,,0,,1,
DATAFLOW,OECD.ITF:DSD_TRENDS@DF_TRENDSSAFETY(1.0),,I,JPN,,A,,CRASHES,,CRA,,ROAD,,_T,,_T,,1987,,590723,,A,,0,,1,
DATAFLOW,OECD.ITF:DSD_TRENDS@DF_TRENDSSAFETY(1.0),,I,JPN,,A,,CRASHES,,CRA,,ROAD,,_T,,_T,,1988,,614481,,A,,0,,1,
DATAFLOW,OECD.ITF:DSD_TRENDS@DF_TRENDSSAFETY(1.0),,I,JPN,,A,,CRASHES,,CRA,,ROAD,,_T,,_T,,1989,,661363,,A,,0,,1,
DATAFLOW,OECD.ITF:DSD_TRENDS@DF_TRENDSSAFETY(1.0),,I,JPN,,A,,CRASHES,,CRA,,ROAD,,_T,,_T,,1990,,643097,,A,,0,,1,
DATAFLOW,OECD.ITF:DSD_TRENDS@DF_TRENDSSAFETY(1.0),,I,JPN,,A,,CRASHES,,CRA,,ROAD,,_T,,_T,,1991,,662392,,A,,0,,1,
DATAFLOW,OECD.ITF:DSD_TRENDS@DF_TRENDSSAFETY(1.0),,I,JPN,,A,,CRASHES,,CRA,,ROAD,,_T,,_T,,1992,,695346,,A,,0,,1,
DATAFLOW,OECD.ITF:DSD_TRENDS@DF_TRENDSSAFETY(1.0),,I,JPN,,A,,CRASHES,,CRA,,ROAD,,_T,,_T,,1993,,724678,,A,,0,,1,
DATAFLOW,OECD.ITF:DSD_TRENDS@DF_TRENDSSAFETY(1.0),,I,JPN,,A,,CRASHES,,CRA,,ROAD,,_T,,_T,,1994,,729461,,A,,0,,1,
DATAFLOW,OECD.ITF:DSD_TRENDS@DF_TRENDSSAFETY(1.0),,I,JPN,,A,,CRASHES,,CRA,,ROAD,,_T,,_T,,1995,,761794,,A,,0,,1,
DATAFLOW,OECD.ITF:DSD_TRENDS@DF_TRENDSSAFETY(1.0),,I,JPN,,A,,CRASHES,,CRA,,ROAD,,_T,,_T,,1996,,771085,,A,,0,,1,
DATAFLOW,OECD.ITF:DSD_TRENDS@DF_TRENDSSAFETY(1.0),,I,JPN,,A,,CRASHES,,CRA,,ROAD,,_T,,_T,,1997,,780401,,A,,0,,1,
DATAFLOW,OECD.ITF:DSD_TRENDS@DF_TRENDSSAFETY(1.0),,I,JPN,,A,,CRASHES,,CRA,,ROAD,,_T,,_T,,1998,,803882,,A,,0,,1,
DATAFLOW,OECD.ITF:DSD_TRENDS@DF_TRENDSSAFETY(1.0),,I,JPN,,A,,CRASHES,,CRA,,ROAD,,_T,,_T,,1999,,850371,,A,,0,,1,
DATAFLOW,OECD.ITF:DSD_TRENDS@DF_TRENDSSAFETY(1.0),,I,JPN,,A,,CRASHES,,CRA,,ROAD,,_T,,_T,,2000,,931950,,A,,0,,1,
DATAFLOW,OECD.ITF:DSD_TRENDS@DF_TRENDSSAFETY(1.0),,I,JPN,,A,,CRASHES,,CRA,,ROAD,,_T,,_T,,2001,,947253,,A,,0,,1,
DATAFLOW,OECD.ITF:DSD_TRENDS@DF_TRENDSSAFETY(1.0),,I,JPN,,A,,CRASHES,,CRA,,ROAD,,_T,,_T,,2002,,936950,,A,,0,,1,
DATAFLOW,OECD.ITF:DSD_TRENDS@DF_TRENDSSAFETY(1.0),,I,JPN,,A,,CRASHES,,CRA,,ROAD,,_T,,_T,,2003,,948281,,A,,0,,1,
DATAFLOW,OECD.ITF:DSD_TRENDS@DF_TRENDSSAFETY(1.0),,I,JPN,,A,,CRASHES,,CRA,,ROAD,,_T,,_T,,2004,,952720,,A,,0,,1,
DATAFLOW,OECD.ITF:DSD_TRENDS@DF_TRENDSSAFETY(1.0),,I,JPN,,A,,CRASHES,,CRA,,ROAD,,_T,,_T,,2005,,934346,,A,,0,,1,
DATAFLOW,OECD.ITF:DSD_TRENDS@DF_TRENDSSAFETY(1.0),,I,JPN,,A,,CRASHES,,CRA,,ROAD,,_T,,_T,,2006,,887267,,A,,0,,1,
DATAFLOW,OECD.ITF:DSD_TRENDS@DF_TRENDSSAFETY(1.0),,I,JPN,,A,,CRASHES,,CRA,,ROAD,,_T,,_T,,2007,,832704,,A,,0,,1,
DATAFLOW,OECD.ITF:DSD_TRENDS@DF_TRENDSSAFETY(1.0),,I,JPN,,A,,CRASHES,,CRA,,ROAD,,_T,,_T,,2008,,766394,,A,,0,,1,
DATAFLOW,OECD.ITF:DSD_TRENDS@DF_TRENDSSAFETY(1.0),,I,JPN,,A,,CRASHES,,CRA,,ROAD,,_T,,_T,,2009,,737637,,A,,0,,1,
DATAFLOW,OECD.ITF:DSD_TRENDS@DF_TRENDSSAFETY(1.0),,I,JPN,,A,,CRASHES,,CRA,,ROAD,,_T,,_T,,2010,,725924,,A,,0,,1,
DATAFLOW,OECD.ITF:DSD_TRENDS@DF_TRENDSSAFETY(1.0),,I,JPN,,A,,CRASHES,,CRA,,ROAD,,_T,,_T,,2011,,692084,,A,,0,,1,
DATAFLOW,OECD.ITF:DSD_TRENDS@DF_TRENDSSAFETY(1.0),,I,JPN,,A,,CRASHES,,CRA,,ROAD,,_T,,_T,,2012,,665157,,A,,0,,1,
DATAFLOW,OECD.ITF:DSD_TRENDS@DF_TRENDSSAFETY(1.0),,I,JPN,,A,,CRASHES,,CRA,,ROAD,,_T,,_T,,2013,,629033,,A,,0,,1,
DATAFLOW,OECD.ITF:DSD_TRENDS@DF_TRENDSSAFETY(1.0),,I,JPN,,A,,CRASHES,,CRA,,ROAD,,_T,,_T,,2014,,573842,,A,,0,,1,
DATAFLOW,OECD.ITF:DSD_TRENDS@DF_TRENDSSAFETY(1.0),,I,JPN,,A,,CRASHES,,CRA,,ROAD,,_T,,_T,,2015,,536899,,A,,0,,1,
DATAFLOW,OECD.ITF:DSD_TRENDS@DF_TRENDSSAFETY(1.0),,I,JPN,,A,,CRASHES,,CRA,,ROAD,,_T,,_T,,2016,,499201,,A,,0,,1,
DATAFLOW,OECD.ITF:DSD_TRENDS@DF_TRENDSSAFETY(1.0),,I,JPN,,A,,CRASHES,,CRA,,ROAD,,_T,,_T,,2017,,472165,,A,,0,,1,
DATAFLOW,OECD.ITF:DSD_TRENDS@DF_TRENDSSAFETY(1.0),,I,JPN,,A,,CRASHES,,CRA,,ROAD,,_T,,_T,,2018,,430601,,A,,0,,1,
DATAFLOW,OECD.ITF:DSD_TRENDS@DF_TRENDSSAFETY(1.0),,I,JPN,,A,,CRASHES,,CRA,,ROAD,,_T,,_T,,2019,,381237,,A,,0,,1,
DATAFLOW,OECD.ITF:DSD_TRENDS@DF_TRENDSSAFETY(1.0),,I,JPN,,A,,CRASHES,,CRA,,ROAD,,_T,,_T,,2020,,309178,,A,,0,,1,
DATAFLOW,OECD.ITF:DSD_TRENDS@DF_TRENDSSAFETY(1.0),,I,JPN,,A,,CRASHES,,CRA,,ROAD,,_T,,_T,,2021,,305196,,A,,0,,1,
DATAFLOW,OECD.ITF:DSD_TRENDS@DF_TRENDSSAFETY(1.0),,I,JPN,,A,,CRASHES,,CRA,,ROAD,,_T,,_T,,2022,,300839,,A,,0,,1,
DATAFLOW,OECD.ITF:DSD_TRENDS@DF_TRENDSSAFETY(1.0),,I,JPN,,A,,CRASHES,,CRA,,ROAD,,_T,,_T,,2023,,307930,,A,,0,,1,
DATAFLOW,OECD.ITF:DSD_TRENDS@DF_TRENDSSAFETY(1.0),,I,JPN,,A,,CRASHES,,CRA,,ROAD,,_T,,_T,,2024,,290895,,A,,0,,1,
DATAFLOW,OECD.ITF:DSD_TRENDS@DF_TRENDSSAFETY(1.0),,I,KOR,,A,,CRASHES,,CRA,,ROAD,,_T,,_T,,1970,,37243,,A,,0,,1,
DATAFLOW,OECD.ITF:DSD_TRENDS@DF_TRENDSSAFETY(1.0),,I,KOR,,A,,CRASHES,,CRA,,ROAD,,_T,,_T,,1971,,47060,,A,,0,,1,
DATAFLOW,OECD.ITF:DSD_TRENDS@DF_TRENDSSAFETY(1.0),,I,KOR,,A,,CRASHES,,CRA,,ROAD,,_T,,_T,,1972,,43751,,A,,0,,1,
DATAFLOW,OECD.ITF:DSD_TRENDS@DF_TRENDSSAFETY(1.0),,I,KOR,,A,,CRASHES,,CRA,,ROAD,,_T,,_T,,1973,,43488,,A,,0,,1,
DATAFLOW,OECD.ITF:DSD_TRENDS@DF_TRENDSSAFETY(1.0),,I,KOR,,A,,CRASHES,,CRA,,ROAD,,_T,,_T,,1974,,42476,,A,,0,,1,
DATAFLOW,OECD.ITF:DSD_TRENDS@DF_TRENDSSAFETY(1.0),,I,KOR,,A,,CRASHES,,CRA,,ROAD,,_T,,_T,,1975,,58323,,A,,0,,1,
DATAFLOW,OECD.ITF:DSD_TRENDS@DF_TRENDSSAFETY(1.0),,I,KOR,,A,,CRASHES,,CRA,,ROAD,,_T,,_T,,1976,,70241,,A,,0,,1,
DATAFLOW,OECD.ITF:DSD_TRENDS@DF_TRENDSSAFETY(1.0),,I,KOR,,A,,CRASHES,,CRA,,ROAD,,_T,,_T,,1977,,78863,,A,,0,,1,
DATAFLOW,OECD.ITF:DSD_TRENDS@DF_TRENDSSAFETY(1.0),,I,KOR,,A,,CRASHES,,CRA,,ROAD,,_T,,_T,,1978,,94316,,A,,0,,1,
DATAFLOW,OECD.ITF:DSD_TRENDS@DF_TRENDSSAFETY(1.0),,I,KOR,,A,,CRASHES,,CRA,,ROAD,,_T,,_T,,1979,,113927,,A,,0,,1,
DATAFLOW,OECD.ITF:DSD_TRENDS@DF_TRENDSSAFETY(1.0),,I,KOR,,A,,CRASHES,,CRA,,ROAD,,_T,,_T,,1980,,120182,,A,,0,,1,
DATAFLOW,OECD.ITF:DSD_TRENDS@DF_TRENDSSAFETY(1.0),,I,KOR,,A,,CRASHES,,CRA,,ROAD,,_T,,_T,,1981,,123373,,A,,0,,1,
DATAFLOW,OECD.ITF:DSD_TRENDS@DF_TRENDSSAFETY(1.0),,I,KOR,,A,,CRASHES,,CRA,,ROAD,,_T,,_T,,1982,,141218,,A,,0,,1,
DATAFLOW,OECD.ITF:DSD_TRENDS@DF_TRENDSSAFETY(1.0),,I,KOR,,A,,CRASHES,,CRA,,ROAD,,_T,,_T,,1983,,170026,,A,,0,,1,
DATAFLOW,OECD.ITF:DSD_TRENDS@DF_TRENDSSAFETY(1.0),,I,KOR,,A,,CRASHES,,CRA,,ROAD,,_T,,_T,,1984,,134335,,A,,0,,1,
DATAFLOW,OECD.ITF:DSD_TRENDS@DF_TRENDSSAFETY(1.0),,I,KOR,,A,,CRASHES,,CRA,,ROAD,,_T,,_T,,1985,,146836,,A,,0,,1,
DATAFLOW,OECD.ITF:DSD_TRENDS@DF_TRENDSSAFETY(1.0),,I,KOR,,A,,CRASHES,,CRA,,ROAD,,_T,,_T,,1986,,153777,,A,,0,,1,
DATAFLOW,OECD.ITF:DSD_TRENDS@DF_TRENDSSAFETY(1.0),,I,KOR,,A,,CRASHES,,CRA,,ROAD,,_T,,_T,,1987,,175661,,A,,0,,1,
DATAFLOW,OECD.ITF:DSD_TRENDS@DF_TRENDSSAFETY(1.0),,I,KOR,,A,,CRASHES,,CRA,,ROAD,,_T,,_T,,1988,,225062,,A,,0,,1,
DATAFLOW,OECD.ITF:DSD_TRENDS@DF_TRENDSSAFETY(1.0),,I,KOR,,A,,CRASHES,,CRA,,ROAD,,_T,,_T,,1989,,255787,,A,,0,,1,
DATAFLOW,OECD.ITF:DSD_TRENDS@DF_TRENDSSAFETY(1.0),,I,KOR,,A,,CRASHES,,CRA,,ROAD,,_T,,_T,,1990,,255303,,A,,0,,1,
DATAFLOW,OECD.ITF:DSD_TRENDS@DF_TRENDSSAFETY(1.0),,I,KOR,,A,,CRASHES,,CRA,,ROAD,,_T,,_T,,1991,,265964,,A,,0,,1,
DATAFLOW,OECD.ITF:DSD_TRENDS@DF_TRENDSSAFETY(1.0),,I,KOR,,A,,CRASHES,,CRA,,ROAD,,_T,,_T,,1992,,257194,,A,,0,,1,
DATAFLOW,OECD.ITF:DSD_TRENDS@DF_TRENDSSAFETY(1.0),,I,KOR,,A,,CRASHES,,CRA,,ROAD,,_T,,_T,,1993,,260921,,A,,0,,1,
DATAFLOW,OECD.ITF:DSD_TRENDS@DF_TRENDSSAFETY(1.0),,I,KOR,,A,,CRASHES,,CRA,,ROAD,,_T,,_T,,1994,,266107,,A,,0,,1,
DATAFLOW,OECD.ITF:DSD_TRENDS@DF_TRENDSSAFETY(1.0),,I,KOR,,A,,CRASHES,,CRA,,ROAD,,_T,,_T,,1995,,248865,,A,,0,,1,
DATAFLOW,OECD.ITF:DSD_TRENDS@DF_TRENDSSAFETY(1.0),,I,KOR,,A,,CRASHES,,CRA,,ROAD,,_T,,_T,,1996,,265052,,A,,0,,1,
DATAFLOW,OECD.ITF:DSD_TRENDS@DF_TRENDSSAFETY(1.0),,I,KOR,,A,,CRASHES,,CRA,,ROAD,,_T,,_T,,1997,,246452,,A,,0,,1,
DATAFLOW,OECD.ITF:DSD_TRENDS@DF_TRENDSSAFETY(1.0),,I,KOR,,A,,CRASHES,,CRA,,ROAD,,_T,,_T,,1998,,239721,,A,,0,,1,
DATAFLOW,OECD.ITF:DSD_TRENDS@DF_TRENDSSAFETY(1.0),,I,KOR,,A,,CRASHES,,CRA,,ROAD,,_T,,_T,,1999,,275938,,A,,0,,1,
DATAFLOW,OECD.ITF:DSD_TRENDS@DF_TRENDSSAFETY(1.0),,I,KOR,,A,,CRASHES,,CRA,,ROAD,,_T,,_T,,2000,,290481,,A,,0,,1,
DATAFLOW,OECD.ITF:DSD_TRENDS@DF_TRENDSSAFETY(1.0),,I,KOR,,A,,CRASHES,,CRA,,ROAD,,_T,,_T,,2001,,260579,,A,,0,,1,
DATAFLOW,OECD.ITF:DSD_TRENDS@DF_TRENDSSAFETY(1.0),,I,KOR,,A,,CRASHES,,CRA,,ROAD,,_T,,_T,,2002,,231026,,A,,0,,1,
DATAFLOW,OECD.ITF:DSD_TRENDS@DF_TRENDSSAFETY(1.0),,I,KOR,,A,,CRASHES,,CRA,,ROAD,,_T,,_T,,2003,,240832,,A,,0,,1,
DATAFLOW,OECD.ITF:DSD_TRENDS@DF_TRENDSSAFETY(1.0),,I,KOR,,A,,CRASHES,,CRA,,ROAD,,_T,,_T,,2004,,220755,,A,,0,,1,
DATAFLOW,OECD.ITF:DSD_TRENDS@DF_TRENDSSAFETY(1.0),,I,KOR,,A,,CRASHES,,CRA,,ROAD,,_T,,_T,,2005,,214171,,A,,0,,1,
DATAFLOW,OECD.ITF:DSD_TRENDS@DF_TRENDSSAFETY(1.0),,I,KOR,,A,,CRASHES,,CRA,,ROAD,,_T,,_T,,2006,,213745,,A,,0,,1,
DATAFLOW,OECD.ITF:DSD_TRENDS@DF_TRENDSSAFETY(1.0),,I,KOR,,A,,CRASHES,,CRA,,ROAD,,_T,,_T,,2007,,211662,,A,,0,,1,
DATAFLOW,OECD.ITF:DSD_TRENDS@DF_TRENDSSAFETY(1.0),,I,KOR,,A,,CRASHES,,CRA,,ROAD,,_T,,_T,,2008,,215822,,A,,0,,1,
DATAFLOW,OECD.ITF:DSD_TRENDS@DF_TRENDSSAFETY(1.0),,I,KOR,,A,,CRASHES,,CRA,,ROAD,,_T,,_T,,2009,,231990,,A,,0,,1,
DATAFLOW,OECD.ITF:DSD_TRENDS@DF_TRENDSSAFETY(1.0),,I,KOR,,A,,CRASHES,,CRA,,ROAD,,_T,,_T,,2010,,226878,,A,,0,,1,
DATAFLOW,OECD.ITF:DSD_TRENDS@DF_TRENDSSAFETY(1.0),,I,KOR,,A,,CRASHES,,CRA,,ROAD,,_T,,_T,,2011,,221711,,A,,0,,1,
DATAFLOW,OECD.ITF:DSD_TRENDS@DF_TRENDSSAFETY(1.0),,I,KOR,,A,,CRASHES,,CRA,,ROAD,,_T,,_T,,2012,,223656,,A,,0,,1,
DATAFLOW,OECD.ITF:DSD_TRENDS@DF_TRENDSSAFETY(1.0),,I,KOR,,A,,CRASHES,,CRA,,ROAD,,_T,,_T,,2013,,215354,,A,,0,,1,
DATAFLOW,OECD.ITF:DSD_TRENDS@DF_TRENDSSAFETY(1.0),,I,KOR,,A,,CRASHES,,CRA,,ROAD,,_T,,_T,,2014,,223552,,A,,0,,1,
DATAFLOW,OECD.ITF:DSD_TRENDS@DF_TRENDSSAFETY(1.0),,I,KOR,,A,,CRASHES,,CRA,,ROAD,,_T,,_T,,2015,,232035,,A,,0,,1,
DATAFLOW,OECD.ITF:DSD_TRENDS@DF_TRENDSSAFETY(1.0),,I,KOR,,A,,CRASHES,,CRA,,ROAD,,_T,,_T,,2016,,220917,,A,,0,,1,
DATAFLOW,OECD.ITF:DSD_TRENDS@DF_TRENDSSAFETY(1.0),,I,KOR,,A,,CRASHES,,CRA,,ROAD,,_T,,_T,,2017,,216335,,A,,0,,1,
DATAFLOW,OECD.ITF:DSD_TRENDS@DF_TRENDSSAFETY(1.0),,I,KOR,,A,,CRASHES,,CRA,,ROAD,,_T,,_T,,2018,,217148,,A,,0,,1,
DATAFLOW,OECD.ITF:DSD_TRENDS@DF_TRENDSSAFETY(1.0),,I,KOR,,A,,CRASHES,,CRA,,ROAD,,_T,,_T,,2019,,229600,,A,,0,,1,
DATAFLOW,OECD.ITF:DSD_TRENDS@DF_TRENDSSAFETY(1.0),,I,KOR,,A,,CRASHES,,CRA,,ROAD,,_T,,_T,,2020,,209654,,A,,0,,1,
DATAFLOW,OECD.ITF:DSD_TRENDS@DF_TRENDSSAFETY(1.0),,I,KOR,,A,,CRASHES,,CRA,,ROAD,,_T,,_T,,2021,,203130,,A,,0,,1,
DATAFLOW,OECD.ITF:DSD_TRENDS@DF_TRENDSSAFETY(1.0),,I,KOR,,A,,CRASHES,,CRA,,ROAD,,_T,,_T,,2022,,196836,,A,,0,,1,
DATAFLOW,OECD.ITF:DSD_TRENDS@DF_TRENDSSAFETY(1.0),,I,KOR,,A,,CRASHES,,CRA,,ROAD,,_T,,_T,,2023,,198296,,A,,0,,1,
DATAFLOW,OECD.ITF:DSD_TRENDS@DF_TRENDSSAFETY(1.0),,I,KOR,,A,,CRASHES,,CRA,,ROAD,,_T,,_T,,2024,,196349,,A,,0,,1,
DATAFLOW,OECD.ITF:DSD_TRENDS@DF_TRENDSSAFETY(1.0),,I,LVA,,A,,CRASHES,,CRA,,ROAD,,_T,,_T,,1970,,4669,,A,,0,,1,
DATAFLOW,OECD.ITF:DSD_TRENDS@DF_TRENDSSAFETY(1.0),,I,LVA,,A,,CRASHES,,CRA,,ROAD,,_T,,_T,,1971,,4376,,A,,0,,1,
DATAFLOW,OECD.ITF:DSD_TRENDS@DF_TRENDSSAFETY(1.0),,I,LVA,,A,,CRASHES,,CRA,,ROAD,,_T,,_T,,1972,,4061,,A,,0,,1,
DATAFLOW,OECD.ITF:DSD_TRENDS@DF_TRENDSSAFETY(1.0),,I,LVA,,A,,CRASHES,,CRA,,ROAD,,_T,,_T,,1973,,3965,,A,,0,,1,
DATAFLOW,OECD.ITF:DSD_TRENDS@DF_TRENDSSAFETY(1.0),,I,LVA,,A,,CRASHES,,CRA,,ROAD,,_T,,_T,,1974,,4260,,A,,0,,1,
DATAFLOW,OECD.ITF:DSD_TRENDS@DF_TRENDSSAFETY(1.0),,I,LVA,,A,,CRASHES,,CRA,,ROAD,,_T,,_T,,1975,,4770,,A,,0,,1,
DATAFLOW,OECD.ITF:DSD_TRENDS@DF_TRENDSSAFETY(1.0),,I,LVA,,A,,CRASHES,,CRA,,ROAD,,_T,,_T,,1976,,4794,,A,,0,,1,
DATAFLOW,OECD.ITF:DSD_TRENDS@DF_TRENDSSAFETY(1.0),,I,LVA,,A,,CRASHES,,CRA,,ROAD,,_T,,_T,,1977,,4790,,A,,0,,1,
DATAFLOW,OECD.ITF:DSD_TRENDS@DF_TRENDSSAFETY(1.0),,I,LVA,,A,,CRASHES,,CRA,,ROAD,,_T,,_T,,1978,,4683,,A,,0,,1,
DATAFLOW,OECD.ITF:DSD_TRENDS@DF_TRENDSSAFETY(1.0),,I,LVA,,A,,CRASHES,,CRA,,ROAD,,_T,,_T,,1979,,4601,,A,,0,,1,
DATAFLOW,OECD.ITF:DSD_TRENDS@DF_TRENDSSAFETY(1.0),,I,LVA,,A,,CRASHES,,CRA,,ROAD,,_T,,_T,,1980,,4717,,A,,0,,1,
DATAFLOW,OECD.ITF:DSD_TRENDS@DF_TRENDSSAFETY(1.0),,I,LVA,,A,,CRASHES,,CRA,,ROAD,,_T,,_T,,1981,,4418,,A,,0,,1,
DATAFLOW,OECD.ITF:DSD_TRENDS@DF_TRENDSSAFETY(1.0),,I,LVA,,A,,CRASHES,,CRA,,ROAD,,_T,,_T,,1982,,4367,,A,,0,,1,
DATAFLOW,OECD.ITF:DSD_TRENDS@DF_TRENDSSAFETY(1.0),,I,LVA,,A,,CRASHES,,CRA,,ROAD,,_T,,_T,,1983,,4791,,A,,0,,1,
DATAFLOW,OECD.ITF:DSD_TRENDS@DF_TRENDSSAFETY(1.0),,I,LVA,,A,,CRASHES,,CRA,,ROAD,,_T,,_T,,1984,,4638,,A,,0,,1,
DATAFLOW,OECD.ITF:DSD_TRENDS@DF_TRENDSSAFETY(1.0),,I,LVA,,A,,CRASHES,,CRA,,ROAD,,_T,,_T,,1985,,3767,,A,,0,,1,
DATAFLOW,OECD.ITF:DSD_TRENDS@DF_TRENDSSAFETY(1.0),,I,LVA,,A,,CRASHES,,CRA,,ROAD,,_T,,_T,,1986,,3740,,A,,0,,1,
DATAFLOW,OECD.ITF:DSD_TRENDS@DF_TRENDSSAFETY(1.0),,I,LVA,,A,,CRASHES,,CRA,,ROAD,,_T,,_T,,1987,,3655,,A,,0,,1,
DATAFLOW,OECD.ITF:DSD_TRENDS@DF_TRENDSSAFETY(1.0),,I,LVA,,A,,CRASHES,,CRA,,ROAD,,_T,,_T,,1988,,4036,,A,,0,,1,
DATAFLOW,OECD.ITF:DSD_TRENDS@DF_TRENDSSAFETY(1.0),,I,LVA,,A,,CRASHES,,CRA,,ROAD,,_T,,_T,,1989,,4600,,A,,0,,1,
DATAFLOW,OECD.ITF:DSD_TRENDS@DF_TRENDSSAFETY(1.0),,I,LVA,,A,,CRASHES,,CRA,,ROAD,,_T,,_T,,1990,,4325,,A,,0,,1,
DATAFLOW,OECD.ITF:DSD_TRENDS@DF_TRENDSSAFETY(1.0),,I,LVA,,A,,CRASHES,,CRA,,ROAD,,_T,,_T,,1991,,4271,,A,,0,,1,
DATAFLOW,OECD.ITF:DSD_TRENDS@DF_TRENDSSAFETY(1.0),,I,LVA,,A,,CRASHES,,CRA,,ROAD,,_T,,_T,,1992,,3474,,A,,0,,1,
DATAFLOW,OECD.ITF:DSD_TRENDS@DF_TRENDSSAFETY(1.0),,I,LVA,,A,,CRASHES,,CRA,,ROAD,,_T,,_T,,1993,,3389,,A,,0,,1,
DATAFLOW,OECD.ITF:DSD_TRENDS@DF_TRENDSSAFETY(1.0),,I,LVA,,A,,CRASHES,,CRA,,ROAD,,_T,,_T,,1994,,3814,,A,,0,,1,
DATAFLOW,OECD.ITF:DSD_TRENDS@DF_TRENDSSAFETY(1.0),,I,LVA,,A,,CRASHES,,CRA,,ROAD,,_T,,_T,,1995,,4056,,A,,0,,1,
DATAFLOW,OECD.ITF:DSD_TRENDS@DF_TRENDSSAFETY(1.0),,I,LVA,,A,,CRASHES,,CRA,,ROAD,,_T,,_T,,1996,,3711,,A,,0,,1,
DATAFLOW,OECD.ITF:DSD_TRENDS@DF_TRENDSSAFETY(1.0),,I,LVA,,A,,CRASHES,,CRA,,ROAD,,_T,,_T,,1997,,3925,,A,,0,,1,
DATAFLOW,OECD.ITF:DSD_TRENDS@DF_TRENDSSAFETY(1.0),,I,LVA,,A,,CRASHES,,CRA,,ROAD,,_T,,_T,,1998,,4540,,A,,0,,1,
DATAFLOW,OECD.ITF:DSD_TRENDS@DF_TRENDSSAFETY(1.0),,I,LVA,,A,,CRASHES,,CRA,,ROAD,,_T,,_T,,1999,,4442,,A,,0,,1,
DATAFLOW,OECD.ITF:DSD_TRENDS@DF_TRENDSSAFETY(1.0),,I,LVA,,A,,CRASHES,,CRA,,ROAD,,_T,,_T,,2000,,4482,,A,,0,,1,
DATAFLOW,OECD.ITF:DSD_TRENDS@DF_TRENDSSAFETY(1.0),,I,LVA,,A,,CRASHES,,CRA,,ROAD,,_T,,_T,,2001,,4766,,A,,0,,1,
DATAFLOW,OECD.ITF:DSD_TRENDS@DF_TRENDSSAFETY(1.0),,I,LVA,,A,,CRASHES,,CRA,,ROAD,,_T,,_T,,2002,,5083,,A,,0,,1,
DATAFLOW,OECD.ITF:DSD_TRENDS@DF_TRENDSSAFETY(1.0),,I,LVA,,A,,CRASHES,,CRA,,ROAD,,_T,,_T,,2003,,5379,,A,,0,,1,
DATAFLOW,OECD.ITF:DSD_TRENDS@DF_TRENDSSAFETY(1.0),,I,LVA,,A,,CRASHES,,CRA,,ROAD,,_T,,_T,,2004,,5081,,A,,0,,1,
DATAFLOW,OECD.ITF:DSD_TRENDS@DF_TRENDSSAFETY(1.0),,I,LVA,,A,,CRASHES,,CRA,,ROAD,,_T,,_T,,2005,,4466,,A,,0,,1,
DATAFLOW,OECD.ITF:DSD_TRENDS@DF_TRENDSSAFETY(1.0),,I,LVA,,A,,CRASHES,,CRA,,ROAD,,_T,,_T,,2006,,4302,,A,,0,,1,
DATAFLOW,OECD.ITF:DSD_TRENDS@DF_TRENDSSAFETY(1.0),,I,LVA,,A,,CRASHES,,CRA,,ROAD,,_T,,_T,,2007,,4781,,A,,0,,1,
DATAFLOW,OECD.ITF:DSD_TRENDS@DF_TRENDSSAFETY(1.0),,I,LVA,,A,,CRASHES,,CRA,,ROAD,,_T,,_T,,2008,,4196,,A,,0,,1,
DATAFLOW,OECD.ITF:DSD_TRENDS@DF_TRENDSSAFETY(1.0),,I,LVA,,A,,CRASHES,,CRA,,ROAD,,_T,,_T,,2009,,3160,,A,,0,,1,
DATAFLOW,OECD.ITF:DSD_TRENDS@DF_TRENDSSAFETY(1.0),,I,LVA,,A,,CRASHES,,CRA,,ROAD,,_T,,_T,,2010,,3193,,A,,0,,1,
DATAFLOW,OECD.ITF:DSD_TRENDS@DF_TRENDSSAFETY(1.0),,I,LVA,,A,,CRASHES,,CRA,,ROAD,,_T,,_T,,2011,,3386,,A,,0,,1,
DATAFLOW,OECD.ITF:DSD_TRENDS@DF_TRENDSSAFETY(1.0),,I,LVA,,A,,CRASHES,,CRA,,ROAD,,_T,,_T,,2012,,3358,,A,,0,,1,
DATAFLOW,OECD.ITF:DSD_TRENDS@DF_TRENDSSAFETY(1.0),,I,LVA,,A,,CRASHES,,CRA,,ROAD,,_T,,_T,,2013,,3489,,A,,0,,1,
DATAFLOW,OECD.ITF:DSD_TRENDS@DF_TRENDSSAFETY(1.0),,I,LVA,,A,,CRASHES,,CRA,,ROAD,,_T,,_T,,2014,,3728,,A,,0,,1,
DATAFLOW,OECD.ITF:DSD_TRENDS@DF_TRENDSSAFETY(1.0),,I,LVA,,A,,CRASHES,,CRA,,ROAD,,_T,,_T,,2015,,3692,,A,,0,,1,
DATAFLOW,OECD.ITF:DSD_TRENDS@DF_TRENDSSAFETY(1.0),,I,LVA,,A,,CRASHES,,CRA,,ROAD,,_T,,_T,,2016,,3792,,A,,0,,1,
DATAFLOW,OECD.ITF:DSD_TRENDS@DF_TRENDSSAFETY(1.0),,I,LVA,,A,,CRASHES,,CRA,,ROAD,,_T,,_T,,2017,,3874,,A,,0,,1,
DATAFLOW,OECD.ITF:DSD_TRENDS@DF_TRENDSSAFETY(1.0),,I,LVA,,A,,CRASHES,,CRA,,ROAD,,_T,,_T,,2018,,3973,,A,,0,,1,
DATAFLOW,OECD.ITF:DSD_TRENDS@DF_TRENDSSAFETY(1.0),,I,LVA,,A,,CRASHES,,CRA,,ROAD,,_T,,_T,,2019,,3724,,A,,0,,1,
DATAFLOW,OECD.ITF:DSD_TRENDS@DF_TRENDSSAFETY(1.0),,I,LVA,,A,,CRASHES,,CRA,,ROAD,,_T,,_T,,2020,,3414,,A,,0,,1,
DATAFLOW,OECD.ITF:DSD_TRENDS@DF_TRENDSSAFETY(1.0),,I,LVA,,A,,CRASHES,,CRA,,ROAD,,_T,,_T,,2021,,3399,,A,,0,,1,
DATAFLOW,OECD.ITF:DSD_TRENDS@DF_TRENDSSAFETY(1.0),,I,LVA,,A,,CRASHES,,CRA,,ROAD,,_T,,_T,,2022,,3362,,A,,0,,1,
DATAFLOW,OECD.ITF:DSD_TRENDS@DF_TRENDSSAFETY(1.0),,I,LVA,,A,,CRASHES,,CRA,,ROAD,,_T,,_T,,2023,,3498,,A,,0,,1,
DATAFLOW,OECD.ITF:DSD_TRENDS@DF_TRENDSSAFETY(1.0),,I,LVA,,A,,CRASHES,,CRA,,ROAD,,_T,,_T,,2024,,3378,,A,,0,,1,
DATAFLOW,OECD.ITF:DSD_TRENDS@DF_TRENDSSAFETY(1.0),,I,LTU,,A,,CRASHES,,CRA,,ROAD,,_T,,_T,,1970,,4679,,A,,0,,1,
DATAFLOW,OECD.ITF:DSD_TRENDS@DF_TRENDSSAFETY(1.0),,I,LTU,,A,,CRASHES,,CRA,,ROAD,,_T,,_T,,1971,,4799,,A,,0,,1,
DATAFLOW,OECD.ITF:DSD_TRENDS@DF_TRENDSSAFETY(1.0),,I,LTU,,A,,CRASHES,,CRA,,ROAD,,_T,,_T,,1972,,4747,,A,,0,,1,
DATAFLOW,OECD.ITF:DSD_TRENDS@DF_TRENDSSAFETY(1.0),,I,LTU,,A,,CRASHES,,CRA,,ROAD,,_T,,_T,,1973,,4809,,A,,0,,1,
DATAFLOW,OECD.ITF:DSD_TRENDS@DF_TRENDSSAFETY(1.0),,I,LTU,,A,,CRASHES,,CRA,,ROAD,,_T,,_T,,1974,,5077,,A,,0,,1,
DATAFLOW,OECD.ITF:DSD_TRENDS@DF_TRENDSSAFETY(1.0),,I,LTU,,A,,CRASHES,,CRA,,ROAD,,_T,,_T,,1975,,6065,,A,,0,,1,
DATAFLOW,OECD.ITF:DSD_TRENDS@DF_TRENDSSAFETY(1.0),,I,LTU,,A,,CRASHES,,CRA,,ROAD,,_T,,_T,,1976,,6215,,A,,0,,1,
DATAFLOW,OECD.ITF:DSD_TRENDS@DF_TRENDSSAFETY(1.0),,I,LTU,,A,,CRASHES,,CRA,,ROAD,,_T,,_T,,1977,,6035,,A,,0,,1,
DATAFLOW,OECD.ITF:DSD_TRENDS@DF_TRENDSSAFETY(1.0),,I,LTU,,A,,CRASHES,,CRA,,ROAD,,_T,,_T,,1978,,6122,,A,,0,,1,
DATAFLOW,OECD.ITF:DSD_TRENDS@DF_TRENDSSAFETY(1.0),,I,LTU,,A,,CRASHES,,CRA,,ROAD,,_T,,_T,,1979,,6410,,A,,0,,1,
DATAFLOW,OECD.ITF:DSD_TRENDS@DF_TRENDSSAFETY(1.0),,I,LTU,,A,,CRASHES,,CRA,,ROAD,,_T,,_T,,1980,,6192,,A,,0,,1,
DATAFLOW,OECD.ITF:DSD_TRENDS@DF_TRENDSSAFETY(1.0),,I,LTU,,A,,CRASHES,,CRA,,ROAD,,_T,,_T,,1981,,6329,,A,,0,,1,
DATAFLOW,OECD.ITF:DSD_TRENDS@DF_TRENDSSAFETY(1.0),,I,LTU,,A,,CRASHES,,CRA,,ROAD,,_T,,_T,,1982,,6321,,A,,0,,1,
DATAFLOW,OECD.ITF:DSD_TRENDS@DF_TRENDSSAFETY(1.0),,I,LTU,,A,,CRASHES,,CRA,,ROAD,,_T,,_T,,1983,,6424,,A,,0,,1,
DATAFLOW,OECD.ITF:DSD_TRENDS@DF_TRENDSSAFETY(1.0),,I,LTU,,A,,CRASHES,,CRA,,ROAD,,_T,,_T,,1984,,6050,,A,,0,,1,
DATAFLOW,OECD.ITF:DSD_TRENDS@DF_TRENDSSAFETY(1.0),,I,LTU,,A,,CRASHES,,CRA,,ROAD,,_T,,_T,,1985,,4323,,A,,0,,1,
DATAFLOW,OECD.ITF:DSD_TRENDS@DF_TRENDSSAFETY(1.0),,I,LTU,,A,,CRASHES,,CRA,,ROAD,,_T,,_T,,1986,,4254,,A,,0,,1,
DATAFLOW,OECD.ITF:DSD_TRENDS@DF_TRENDSSAFETY(1.0),,I,LTU,,A,,CRASHES,,CRA,,ROAD,,_T,,_T,,1987,,4287,,A,,0,,1,
DATAFLOW,OECD.ITF:DSD_TRENDS@DF_TRENDSSAFETY(1.0),,I,LTU,,A,,CRASHES,,CRA,,ROAD,,_T,,_T,,1988,,4778,,A,,0,,1,
DATAFLOW,OECD.ITF:DSD_TRENDS@DF_TRENDSSAFETY(1.0),,I,LTU,,A,,CRASHES,,CRA,,ROAD,,_T,,_T,,1989,,5481,,A,,0,,1,
DATAFLOW,OECD.ITF:DSD_TRENDS@DF_TRENDSSAFETY(1.0),,I,LTU,,A,,CRASHES,,CRA,,ROAD,,_T,,_T,,1990,,5135,,A,,0,,1,
DATAFLOW,OECD.ITF:DSD_TRENDS@DF_TRENDSSAFETY(1.0),,I,LTU,,A,,CRASHES,,CRA,,ROAD,,_T,,_T,,1991,,6067,,A,,0,,1,
DATAFLOW,OECD.ITF:DSD_TRENDS@DF_TRENDSSAFETY(1.0),,I,LTU,,A,,CRASHES,,CRA,,ROAD,,_T,,_T,,1992,,4049,,A,,0,,1,
DATAFLOW,OECD.ITF:DSD_TRENDS@DF_TRENDSSAFETY(1.0),,I,LTU,,A,,CRASHES,,CRA,,ROAD,,_T,,_T,,1993,,4319,,A,,0,,1,
DATAFLOW,OECD.ITF:DSD_TRENDS@DF_TRENDSSAFETY(1.0),,I,LTU,,A,,CRASHES,,CRA,,ROAD,,_T,,_T,,1994,,3902,,A,,0,,1,
DATAFLOW,OECD.ITF:DSD_TRENDS@DF_TRENDSSAFETY(1.0),,I,LTU,,A,,CRASHES,,CRA,,ROAD,,_T,,_T,,1995,,4144,,A,,0,,1,
DATAFLOW,OECD.ITF:DSD_TRENDS@DF_TRENDSSAFETY(1.0),,I,LTU,,A,,CRASHES,,CRA,,ROAD,,_T,,_T,,1996,,4579,,A,,0,,1,
DATAFLOW,OECD.ITF:DSD_TRENDS@DF_TRENDSSAFETY(1.0),,I,LTU,,A,,CRASHES,,CRA,,ROAD,,_T,,_T,,1997,,5319,,A,,0,,1,
DATAFLOW,OECD.ITF:DSD_TRENDS@DF_TRENDSSAFETY(1.0),,I,LTU,,A,,CRASHES,,CRA,,ROAD,,_T,,_T,,1998,,6445,,A,,0,,1,
DATAFLOW,OECD.ITF:DSD_TRENDS@DF_TRENDSSAFETY(1.0),,I,LTU,,A,,CRASHES,,CRA,,ROAD,,_T,,_T,,1999,,6356,,A,,0,,1,
DATAFLOW,OECD.ITF:DSD_TRENDS@DF_TRENDSSAFETY(1.0),,I,LTU,,A,,CRASHES,,CRA,,ROAD,,_T,,_T,,2000,,5807,,A,,0,,1,
DATAFLOW,OECD.ITF:DSD_TRENDS@DF_TRENDSSAFETY(1.0),,I,LTU,,A,,CRASHES,,CRA,,ROAD,,_T,,_T,,2001,,5972,,A,,0,,1,
DATAFLOW,OECD.ITF:DSD_TRENDS@DF_TRENDSSAFETY(1.0),,I,LTU,,A,,CRASHES,,CRA,,ROAD,,_T,,_T,,2002,,6091,,A,,0,,1,
DATAFLOW,OECD.ITF:DSD_TRENDS@DF_TRENDSSAFETY(1.0),,I,LTU,,A,,CRASHES,,CRA,,ROAD,,_T,,_T,,2003,,5965,,A,,0,,1,
DATAFLOW,OECD.ITF:DSD_TRENDS@DF_TRENDSSAFETY(1.0),,I,LTU,,A,,CRASHES,,CRA,,ROAD,,_T,,_T,,2004,,6357,,A,,0,,1,
DATAFLOW,OECD.ITF:DSD_TRENDS@DF_TRENDSSAFETY(1.0),,I,LTU,,A,,CRASHES,,CRA,,ROAD,,_T,,_T,,2005,,6772,,A,,0,,1,
DATAFLOW,OECD.ITF:DSD_TRENDS@DF_TRENDSSAFETY(1.0),,I,LTU,,A,,CRASHES,,CRA,,ROAD,,_T,,_T,,2006,,6588,,A,,0,,1,
DATAFLOW,OECD.ITF:DSD_TRENDS@DF_TRENDSSAFETY(1.0),,I,LTU,,A,,CRASHES,,CRA,,ROAD,,_T,,_T,,2007,,6448,,A,,0,,1,
DATAFLOW,OECD.ITF:DSD_TRENDS@DF_TRENDSSAFETY(1.0),,I,LTU,,A,,CRASHES,,CRA,,ROAD,,_T,,_T,,2008,,4796,,A,,0,,1,
DATAFLOW,OECD.ITF:DSD_TRENDS@DF_TRENDSSAFETY(1.0),,I,LTU,,A,,CRASHES,,CRA,,ROAD,,_T,,_T,,2009,,3805,,A,,0,,1,
DATAFLOW,OECD.ITF:DSD_TRENDS@DF_TRENDSSAFETY(1.0),,I,LTU,,A,,CRASHES,,CRA,,ROAD,,_T,,_T,,2010,,3530,,A,,0,,1,
DATAFLOW,OECD.ITF:DSD_TRENDS@DF_TRENDSSAFETY(1.0),,I,LTU,,A,,CRASHES,,CRA,,ROAD,,_T,,_T,,2011,,3266,,A,,0,,1,
DATAFLOW,OECD.ITF:DSD_TRENDS@DF_TRENDSSAFETY(1.0),,I,LTU,,A,,CRASHES,,CRA,,ROAD,,_T,,_T,,2012,,3391,,A,,0,,1,
DATAFLOW,OECD.ITF:DSD_TRENDS@DF_TRENDSSAFETY(1.0),,I,LTU,,A,,CRASHES,,CRA,,ROAD,,_T,,_T,,2013,,3391,,A,,0,,1,
DATAFLOW,OECD.ITF:DSD_TRENDS@DF_TRENDSSAFETY(1.0),,I,LTU,,A,,CRASHES,,CRA,,ROAD,,_T,,_T,,2014,,3225,,A,,0,,1,
DATAFLOW,OECD.ITF:DSD_TRENDS@DF_TRENDSSAFETY(1.0),,I,LTU,,A,,CRASHES,,CRA,,ROAD,,_T,,_T,,2015,,3033,,A,,0,,1,
DATAFLOW,OECD.ITF:DSD_TRENDS@DF_TRENDSSAFETY(1.0),,I,LTU,,A,,CRASHES,,CRA,,ROAD,,_T,,_T,,2016,,3201,,A,,0,,1,
DATAFLOW,OECD.ITF:DSD_TRENDS@DF_TRENDSSAFETY(1.0),,I,LTU,,A,,CRASHES,,CRA,,ROAD,,_T,,_T,,2017,,3055,,A,,0,,1,
DATAFLOW,OECD.ITF:DSD_TRENDS@DF_TRENDSSAFETY(1.0),,I,LTU,,A,,CRASHES,,CRA,,ROAD,,_T,,_T,,2018,,2925,,A,,0,,1,
DATAFLOW,OECD.ITF:DSD_TRENDS@DF_TRENDSSAFETY(1.0),,I,LTU,,A,,CRASHES,,CRA,,ROAD,,_T,,_T,,2019,,3188,,A,,0,,1,
DATAFLOW,OECD.ITF:DSD_TRENDS@DF_TRENDSSAFETY(1.0),,I,LTU,,A,,CRASHES,,CRA,,ROAD,,_T,,_T,,2020,,2788,,A,,0,,1,
DATAFLOW,OECD.ITF:DSD_TRENDS@DF_TRENDSSAFETY(1.0),,I,LTU,,A,,CRASHES,,CRA,,ROAD,,_T,,_T,,2021,,2784,,A,,0,,1,
DATAFLOW,OECD.ITF:DSD_TRENDS@DF_TRENDSSAFETY(1.0),,I,LTU,,A,,CRASHES,,CRA,,ROAD,,_T,,_T,,2022,,2854,,A,,0,,1,
DATAFLOW,OECD.ITF:DSD_TRENDS@DF_TRENDSSAFETY(1.0),,I,LTU,,A,,CRASHES,,CRA,,ROAD,,_T,,_T,,2023,,2843,,A,,0,,1,
DATAFLOW,OECD.ITF:DSD_TRENDS@DF_TRENDSSAFETY(1.0),,I,LTU,,A,,CRASHES,,CRA,,ROAD,,_T,,_T,,2024,,2867,,A,,0,,1,
DATAFLOW,OECD.ITF:DSD_TRENDS@DF_TRENDSSAFETY(1.0),,I,LUX,,A,,CRASHES,,CRA,,ROAD,,_T,,_T,,1970,,1607,,A,,0,,1,
DATAFLOW,OECD.ITF:DSD_TRENDS@DF_TRENDSSAFETY(1.0),,I,LUX,,A,,CRASHES,,CRA,,ROAD,,_T,,_T,,1971,,1602,,A,,0,,1,
DATAFLOW,OECD.ITF:DSD_TRENDS@DF_TRENDSSAFETY(1.0),,I,LUX,,A,,CRASHES,,CRA,,ROAD,,_T,,_T,,1972,,1805,,A,,0,,1,
DATAFLOW,OECD.ITF:DSD_TRENDS@DF_TRENDSSAFETY(1.0),,I,LUX,,A,,CRASHES,,CRA,,ROAD,,_T,,_T,,1973,,1817,,A,,0,,1,
DATAFLOW,OECD.ITF:DSD_TRENDS@DF_TRENDSSAFETY(1.0),,I,LUX,,A,,CRASHES,,CRA,,ROAD,,_T,,_T,,1974,,1886,,A,,0,,1,
DATAFLOW,OECD.ITF:DSD_TRENDS@DF_TRENDSSAFETY(1.0),,I,LUX,,A,,CRASHES,,CRA,,ROAD,,_T,,_T,,1975,,1866,,A,,0,,1,
DATAFLOW,OECD.ITF:DSD_TRENDS@DF_TRENDSSAFETY(1.0),,I,LUX,,A,,CRASHES,,CRA,,ROAD,,_T,,_T,,1976,,1696,,A,,0,,1,
DATAFLOW,OECD.ITF:DSD_TRENDS@DF_TRENDSSAFETY(1.0),,I,LUX,,A,,CRASHES,,CRA,,ROAD,,_T,,_T,,1977,,1698,,A,,0,,1,
DATAFLOW,OECD.ITF:DSD_TRENDS@DF_TRENDSSAFETY(1.0),,I,LUX,,A,,CRASHES,,CRA,,ROAD,,_T,,_T,,1978,,1564,,A,,0,,1,
DATAFLOW,OECD.ITF:DSD_TRENDS@DF_TRENDSSAFETY(1.0),,I,LUX,,A,,CRASHES,,CRA,,ROAD,,_T,,_T,,1979,,1565,,A,,0,,1,
DATAFLOW,OECD.ITF:DSD_TRENDS@DF_TRENDSSAFETY(1.0),,I,LUX,,A,,CRASHES,,CRA,,ROAD,,_T,,_T,,1980,,1577,,A,,0,,1,
DATAFLOW,OECD.ITF:DSD_TRENDS@DF_TRENDSSAFETY(1.0),,I,LUX,,A,,CRASHES,,CRA,,ROAD,,_T,,_T,,1981,,1487,,A,,0,,1,
DATAFLOW,OECD.ITF:DSD_TRENDS@DF_TRENDSSAFETY(1.0),,I,LUX,,A,,CRASHES,,CRA,,ROAD,,_T,,_T,,1982,,1361,,A,,0,,1,
DATAFLOW,OECD.ITF:DSD_TRENDS@DF_TRENDSSAFETY(1.0),,I,LUX,,A,,CRASHES,,CRA,,ROAD,,_T,,_T,,1983,,1429,,A,,0,,1,
DATAFLOW,OECD.ITF:DSD_TRENDS@DF_TRENDSSAFETY(1.0),,I,LUX,,A,,CRASHES,,CRA,,ROAD,,_T,,_T,,1984,,1423,,A,,0,,1,
DATAFLOW,OECD.ITF:DSD_TRENDS@DF_TRENDSSAFETY(1.0),,I,LUX,,A,,CRASHES,,CRA,,ROAD,,_T,,_T,,1985,,1332,,A,,0,,1,
DATAFLOW,OECD.ITF:DSD_TRENDS@DF_TRENDSSAFETY(1.0),,I,LUX,,A,,CRASHES,,CRA,,ROAD,,_T,,_T,,1986,,1348,,A,,0,,1,
DATAFLOW,OECD.ITF:DSD_TRENDS@DF_TRENDSSAFETY(1.0),,I,LUX,,A,,CRASHES,,CRA,,ROAD,,_T,,_T,,1987,,1181,,A,,0,,1,
DATAFLOW,OECD.ITF:DSD_TRENDS@DF_TRENDSSAFETY(1.0),,I,LUX,,A,,CRASHES,,CRA,,ROAD,,_T,,_T,,1988,,1258,,A,,0,,1,
DATAFLOW,OECD.ITF:DSD_TRENDS@DF_TRENDSSAFETY(1.0),,I,LUX,,A,,CRASHES,,CRA,,ROAD,,_T,,_T,,1989,,1296,,A,,0,,1,
DATAFLOW,OECD.ITF:DSD_TRENDS@DF_TRENDSSAFETY(1.0),,I,LUX,,A,,CRASHES,,CRA,,ROAD,,_T,,_T,,1990,,1216,,A,,0,,1,
DATAFLOW,OECD.ITF:DSD_TRENDS@DF_TRENDSSAFETY(1.0),,I,LUX,,A,,CRASHES,,CRA,,ROAD,,_T,,_T,,1991,,1129,,A,,0,,1,
DATAFLOW,OECD.ITF:DSD_TRENDS@DF_TRENDSSAFETY(1.0),,I,LUX,,A,,CRASHES,,CRA,,ROAD,,_T,,_T,,1992,,1139,,A,,0,,1,
DATAFLOW,OECD.ITF:DSD_TRENDS@DF_TRENDSSAFETY(1.0),,I,LUX,,A,,CRASHES,,CRA,,ROAD,,_T,,_T,,1993,,1184,,A,,0,,1,
DATAFLOW,OECD.ITF:DSD_TRENDS@DF_TRENDSSAFETY(1.0),,I,LUX,,A,,CRASHES,,CRA,,ROAD,,_T,,_T,,1994,,1110,,A,,0,,1,
DATAFLOW,OECD.ITF:DSD_TRENDS@DF_TRENDSSAFETY(1.0),,I,LUX,,A,,CRASHES,,CRA,,ROAD,,_T,,_T,,1995,,1145,,A,,0,,1,
DATAFLOW,OECD.ITF:DSD_TRENDS@DF_TRENDSSAFETY(1.0),,I,LUX,,A,,CRASHES,,CRA,,ROAD,,_T,,_T,,1996,,1050,,A,,0,,1,
DATAFLOW,OECD.ITF:DSD_TRENDS@DF_TRENDSSAFETY(1.0),,I,LUX,,A,,CRASHES,,CRA,,ROAD,,_T,,_T,,1997,,1017,,A,,0,,1,
DATAFLOW,OECD.ITF:DSD_TRENDS@DF_TRENDSSAFETY(1.0),,I,LUX,,A,,CRASHES,,CRA,,ROAD,,_T,,_T,,1998,,1058,,A,,0,,1,
DATAFLOW,OECD.ITF:DSD_TRENDS@DF_TRENDSSAFETY(1.0),,I,LUX,,A,,CRASHES,,CRA,,ROAD,,_T,,_T,,1999,,1076,,A,,0,,1,
DATAFLOW,OECD.ITF:DSD_TRENDS@DF_TRENDSSAFETY(1.0),,I,LUX,,A,,CRASHES,,CRA,,ROAD,,_T,,_T,,2000,,901,,A,,0,,1,
DATAFLOW,OECD.ITF:DSD_TRENDS@DF_TRENDSSAFETY(1.0),,I,LUX,,A,,CRASHES,,CRA,,ROAD,,_T,,_T,,2001,,774,,A,,0,,1,
DATAFLOW,OECD.ITF:DSD_TRENDS@DF_TRENDSSAFETY(1.0),,I,LUX,,A,,CRASHES,,CRA,,ROAD,,_T,,_T,,2002,,771,,A,,0,,1,
DATAFLOW,OECD.ITF:DSD_TRENDS@DF_TRENDSSAFETY(1.0),,I,LUX,,A,,CRASHES,,CRA,,ROAD,,_T,,_T,,2003,,720,,A,,0,,1,
DATAFLOW,OECD.ITF:DSD_TRENDS@DF_TRENDSSAFETY(1.0),,I,LUX,,A,,CRASHES,,CRA,,ROAD,,_T,,_T,,2004,,716,,A,,0,,1,
DATAFLOW,OECD.ITF:DSD_TRENDS@DF_TRENDSSAFETY(1.0),,I,LUX,,A,,CRASHES,,CRA,,ROAD,,_T,,_T,,2005,,777,,A,,0,,1,
DATAFLOW,OECD.ITF:DSD_TRENDS@DF_TRENDSSAFETY(1.0),,I,LUX,,A,,CRASHES,,CRA,,ROAD,,_T,,_T,,2006,,805,,A,,0,,1,
DATAFLOW,OECD.ITF:DSD_TRENDS@DF_TRENDSSAFETY(1.0),,I,LUX,,A,,CRASHES,,CRA,,ROAD,,_T,,_T,,2007,,954,,A,,0,,1,
DATAFLOW,OECD.ITF:DSD_TRENDS@DF_TRENDSSAFETY(1.0),,I,LUX,,A,,CRASHES,,CRA,,ROAD,,_T,,_T,,2008,,927,,A,,0,,1,
DATAFLOW,OECD.ITF:DSD_TRENDS@DF_TRENDSSAFETY(1.0),,I,LUX,,A,,CRASHES,,CRA,,ROAD,,_T,,_T,,2009,,869,,A,,0,,1,
DATAFLOW,OECD.ITF:DSD_TRENDS@DF_TRENDSSAFETY(1.0),,I,LUX,,A,,CRASHES,,CRA,,ROAD,,_T,,_T,,2010,,876,,A,,0,,1,
DATAFLOW,OECD.ITF:DSD_TRENDS@DF_TRENDSSAFETY(1.0),,I,LUX,,A,,CRASHES,,CRA,,ROAD,,_T,,_T,,2011,,962,,A,,0,,1,
DATAFLOW,OECD.ITF:DSD_TRENDS@DF_TRENDSSAFETY(1.0),,I,LUX,,A,,CRASHES,,CRA,,ROAD,,_T,,_T,,2012,,1019,,A,,0,,1,
DATAFLOW,OECD.ITF:DSD_TRENDS@DF_TRENDSSAFETY(1.0),,I,LUX,,A,,CRASHES,,CRA,,ROAD,,_T,,_T,,2013,,949,,A,,0,,1,
DATAFLOW,OECD.ITF:DSD_TRENDS@DF_TRENDSSAFETY(1.0),,I,LUX,,A,,CRASHES,,CRA,,ROAD,,_T,,_T,,2014,,908,,A,,0,,1,
DATAFLOW,OECD.ITF:DSD_TRENDS@DF_TRENDSSAFETY(1.0),,I,LUX,,A,,CRASHES,,CRA,,ROAD,,_T,,_T,,2015,,983,,A,,0,,1,
DATAFLOW,OECD.ITF:DSD_TRENDS@DF_TRENDSSAFETY(1.0),,I,LUX,,A,,CRASHES,,CRA,,ROAD,,_T,,_T,,2016,,941,,A,,0,,1,
DATAFLOW,OECD.ITF:DSD_TRENDS@DF_TRENDSSAFETY(1.0),,I,LUX,,A,,CRASHES,,CRA,,ROAD,,_T,,_T,,2017,,955,,A,,0,,1,
DATAFLOW,OECD.ITF:DSD_TRENDS@DF_TRENDSSAFETY(1.0),,I,LUX,,A,,CRASHES,,CRA,,ROAD,,_T,,_T,,2018,,947,,A,,0,,1,
DATAFLOW,OECD.ITF:DSD_TRENDS@DF_TRENDSSAFETY(1.0),,I,MEX,,A,,CRASHES,,CRA,,ROAD,,_T,,_T,,1970,,19801,,A,,0,,1,
DATAFLOW,OECD.ITF:DSD_TRENDS@DF_TRENDSSAFETY(1.0),,I,MEX,,A,,CRASHES,,CRA,,ROAD,,_T,,_T,,1971,,22019,,A,,0,,1,
DATAFLOW,OECD.ITF:DSD_TRENDS@DF_TRENDSSAFETY(1.0),,I,MEX,,A,,CRASHES,,CRA,,ROAD,,_T,,_T,,1972,,24118,,A,,0,,1,
DATAFLOW,OECD.ITF:DSD_TRENDS@DF_TRENDSSAFETY(1.0),,I,MEX,,A,,CRASHES,,CRA,,ROAD,,_T,,_T,,1973,,26128,,A,,0,,1,
DATAFLOW,OECD.ITF:DSD_TRENDS@DF_TRENDSSAFETY(1.0),,I,MEX,,A,,CRASHES,,CRA,,ROAD,,_T,,_T,,1974,,25523,,A,,0,,1,
DATAFLOW,OECD.ITF:DSD_TRENDS@DF_TRENDSSAFETY(1.0),,I,MEX,,A,,CRASHES,,CRA,,ROAD,,_T,,_T,,1975,,24459,,A,,0,,1,
DATAFLOW,OECD.ITF:DSD_TRENDS@DF_TRENDSSAFETY(1.0),,I,MEX,,A,,CRASHES,,CRA,,ROAD,,_T,,_T,,1976,,23922,,A,,0,,1,
DATAFLOW,OECD.ITF:DSD_TRENDS@DF_TRENDSSAFETY(1.0),,I,MEX,,A,,CRASHES,,CRA,,ROAD,,_T,,_T,,1977,,27702,,A,,0,,1,
DATAFLOW,OECD.ITF:DSD_TRENDS@DF_TRENDSSAFETY(1.0),,I,MEX,,A,,CRASHES,,CRA,,ROAD,,_T,,_T,,1978,,33004,,A,,0,,1,
DATAFLOW,OECD.ITF:DSD_TRENDS@DF_TRENDSSAFETY(1.0),,I,MEX,,A,,CRASHES,,CRA,,ROAD,,_T,,_T,,1979,,38670,,A,,0,,1,
DATAFLOW,OECD.ITF:DSD_TRENDS@DF_TRENDSSAFETY(1.0),,I,MEX,,A,,CRASHES,,CRA,,ROAD,,_T,,_T,,1980,,53582,,A,,0,,1,
DATAFLOW,OECD.ITF:DSD_TRENDS@DF_TRENDSSAFETY(1.0),,I,MEX,,A,,CRASHES,,CRA,,ROAD,,_T,,_T,,1981,,60572,,A,,0,,1,
DATAFLOW,OECD.ITF:DSD_TRENDS@DF_TRENDSSAFETY(1.0),,I,MEX,,A,,CRASHES,,CRA,,ROAD,,_T,,_T,,1982,,56610,,A,,0,,1,
DATAFLOW,OECD.ITF:DSD_TRENDS@DF_TRENDSSAFETY(1.0),,I,MEX,,A,,CRASHES,,CRA,,ROAD,,_T,,_T,,1983,,46140,,A,,0,,1,
DATAFLOW,OECD.ITF:DSD_TRENDS@DF_TRENDSSAFETY(1.0),,I,MEX,,A,,CRASHES,,CRA,,ROAD,,_T,,_T,,1984,,50847,,A,,0,,1,
DATAFLOW,OECD.ITF:DSD_TRENDS@DF_TRENDSSAFETY(1.0),,I,MEX,,A,,CRASHES,,CRA,,ROAD,,_T,,_T,,1985,,54723,,A,,0,,1,
DATAFLOW,OECD.ITF:DSD_TRENDS@DF_TRENDSSAFETY(1.0),,I,MEX,,A,,CRASHES,,CRA,,ROAD,,_T,,_T,,1986,,42902,,A,,0,,1,
DATAFLOW,OECD.ITF:DSD_TRENDS@DF_TRENDSSAFETY(1.0),,I,MEX,,A,,CRASHES,,CRA,,ROAD,,_T,,_T,,1987,,51199,,A,,0,,1,
DATAFLOW,OECD.ITF:DSD_TRENDS@DF_TRENDSSAFETY(1.0),,I,MEX,,A,,CRASHES,,CRA,,ROAD,,_T,,_T,,1988,,54973,,A,,0,,1,
DATAFLOW,OECD.ITF:DSD_TRENDS@DF_TRENDSSAFETY(1.0),,I,MEX,,A,,CRASHES,,CRA,,ROAD,,_T,,_T,,1989,,59549,,A,,0,,1,
DATAFLOW,OECD.ITF:DSD_TRENDS@DF_TRENDSSAFETY(1.0),,I,MEX,,A,,CRASHES,,CRA,,ROAD,,_T,,_T,,1990,,65001,,A,,0,,1,
DATAFLOW,OECD.ITF:DSD_TRENDS@DF_TRENDSSAFETY(1.0),,I,MEX,,A,,CRASHES,,CRA,,ROAD,,_T,,_T,,1991,,68113,,A,,0,,1,
DATAFLOW,OECD.ITF:DSD_TRENDS@DF_TRENDSSAFETY(1.0),,I,MEX,,A,,CRASHES,,CRA,,ROAD,,_T,,_T,,1992,,66728,,A,,0,,1,
DATAFLOW,OECD.ITF:DSD_TRENDS@DF_TRENDSSAFETY(1.0),,I,MEX,,A,,CRASHES,,CRA,,ROAD,,_T,,_T,,1993,,63804,,A,,0,,1,
DATAFLOW,OECD.ITF:DSD_TRENDS@DF_TRENDSSAFETY(1.0),,I,MEX,,A,,CRASHES,,CRA,,ROAD,,_T,,_T,,1994,,65155,,A,,0,,1,
DATAFLOW,OECD.ITF:DSD_TRENDS@DF_TRENDSSAFETY(1.0),,I,MEX,,A,,CRASHES,,CRA,,ROAD,,_T,,_T,,1995,,58270,,A,,0,,1,
DATAFLOW,OECD.ITF:DSD_TRENDS@DF_TRENDSSAFETY(1.0),,I,MEX,,A,,CRASHES,,CRA,,ROAD,,_T,,_T,,1996,,58156,,A,,0,,1,
DATAFLOW,OECD.ITF:DSD_TRENDS@DF_TRENDSSAFETY(1.0),,I,MEX,,A,,CRASHES,,CRA,,ROAD,,_T,,_T,,1997,,61147,,A,,0,,1,
DATAFLOW,OECD.ITF:DSD_TRENDS@DF_TRENDSSAFETY(1.0),,I,MEX,,A,,CRASHES,,CRA,,ROAD,,_T,,_T,,1998,,60951,,A,,0,,1,
DATAFLOW,OECD.ITF:DSD_TRENDS@DF_TRENDSSAFETY(1.0),,I,MEX,,A,,CRASHES,,CRA,,ROAD,,_T,,_T,,1999,,60507,,A,,0,,1,
DATAFLOW,OECD.ITF:DSD_TRENDS@DF_TRENDSSAFETY(1.0),,I,MEX,,A,,CRASHES,,CRA,,ROAD,,_T,,_T,,2000,,61146,,A,,0,,1,
DATAFLOW,OECD.ITF:DSD_TRENDS@DF_TRENDSSAFETY(1.0),,I,MEX,,A,,CRASHES,,CRA,,ROAD,,_T,,_T,,2001,,57428,,A,,0,,1,
DATAFLOW,OECD.ITF:DSD_TRENDS@DF_TRENDSSAFETY(1.0),,I,MEX,,A,,CRASHES,,CRA,,ROAD,,_T,,_T,,2002,,42606,,A,,0,,1,
DATAFLOW,OECD.ITF:DSD_TRENDS@DF_TRENDSSAFETY(1.0),,I,MEX,,A,,CRASHES,,CRA,,ROAD,,_T,,_T,,2003,,33033,,A,,0,,1,
DATAFLOW,OECD.ITF:DSD_TRENDS@DF_TRENDSSAFETY(1.0),,I,MEX,,A,,CRASHES,,CRA,,ROAD,,_T,,_T,,2004,,30665,,A,,0,,1,
DATAFLOW,OECD.ITF:DSD_TRENDS@DF_TRENDSSAFETY(1.0),,I,MEX,,A,,CRASHES,,CRA,,ROAD,,_T,,_T,,2005,,29444,,A,,0,,1,
DATAFLOW,OECD.ITF:DSD_TRENDS@DF_TRENDSSAFETY(1.0),,I,MEX,,A,,CRASHES,,CRA,,ROAD,,_T,,_T,,2006,,29030,,A,,0,,1,
DATAFLOW,OECD.ITF:DSD_TRENDS@DF_TRENDSSAFETY(1.0),,I,MEX,,A,,CRASHES,,CRA,,ROAD,,_T,,_T,,2007,,30551,,A,,0,,1,
DATAFLOW,OECD.ITF:DSD_TRENDS@DF_TRENDSSAFETY(1.0),,I,MEX,,A,,CRASHES,,CRA,,ROAD,,_T,,_T,,2008,,30379,,A,,0,,1,
DATAFLOW,OECD.ITF:DSD_TRENDS@DF_TRENDSSAFETY(1.0),,I,MEX,,A,,CRASHES,,CRA,,ROAD,,_T,,_T,,2010,,27847,,A,,0,,1,
DATAFLOW,OECD.ITF:DSD_TRENDS@DF_TRENDSSAFETY(1.0),,I,MEX,,A,,CRASHES,,CRA,,ROAD,,_T,,_T,,2011,,24905,,A,,0,,1,
DATAFLOW,OECD.ITF:DSD_TRENDS@DF_TRENDSSAFETY(1.0),,I,MEX,,A,,CRASHES,,CRA,,ROAD,,_T,,_T,,2012,,24216,,A,,0,,1,
DATAFLOW,OECD.ITF:DSD_TRENDS@DF_TRENDSSAFETY(1.0),,I,MEX,,A,,CRASHES,,CRA,,ROAD,,_T,,_T,,2013,,22036,,A,,0,,1,
DATAFLOW,OECD.ITF:DSD_TRENDS@DF_TRENDSSAFETY(1.0),,I,MEX,,A,,CRASHES,,CRA,,ROAD,,_T,,_T,,2014,,18014,,A,,0,,1,
DATAFLOW,OECD.ITF:DSD_TRENDS@DF_TRENDSSAFETY(1.0),,I,MEX,,A,,CRASHES,,CRA,,ROAD,,_T,,_T,,2015,,17264,,A,,0,,1,
DATAFLOW,OECD.ITF:DSD_TRENDS@DF_TRENDSSAFETY(1.0),,I,MEX,,A,,CRASHES,,CRA,,ROAD,,_T,,_T,,2016,,12567,,A,,0,,1,
DATAFLOW,OECD.ITF:DSD_TRENDS@DF_TRENDSSAFETY(1.0),,I,MEX,,A,,CRASHES,,CRA,,ROAD,,_T,,_T,,2017,,11883,,A,,0,,1,
DATAFLOW,OECD.ITF:DSD_TRENDS@DF_TRENDSSAFETY(1.0),,I,MEX,,A,,CRASHES,,CRA,,ROAD,,_T,,_T,,2018,,12237,,A,,0,,1,
DATAFLOW,OECD.ITF:DSD_TRENDS@DF_TRENDSSAFETY(1.0),,I,MEX,,A,,CRASHES,,CRA,,ROAD,,_T,,_T,,2019,,12056,,A,,0,,1,
DATAFLOW,OECD.ITF:DSD_TRENDS@DF_TRENDSSAFETY(1.0),,I,MEX,,A,,CRASHES,,CRA,,ROAD,,_T,,_T,,2020,,11449,,A,,0,,1,
DATAFLOW,OECD.ITF:DSD_TRENDS@DF_TRENDSSAFETY(1.0),,I,MEX,,A,,CRASHES,,CRA,,ROAD,,_T,,_T,,2021,,15020,,A,,0,,1,
DATAFLOW,OECD.ITF:DSD_TRENDS@DF_TRENDSSAFETY(1.0),,I,MEX,,A,,CRASHES,,CRA,,ROAD,,_T,,_T,,2022,,14067,,A,,0,,1,
DATAFLOW,OECD.ITF:DSD_TRENDS@DF_TRENDSSAFETY(1.0),,I,MEX,,A,,CRASHES,,CRA,,ROAD,,_T,,_T,,2023,,12099,,A,,0,,1,
DATAFLOW,OECD.ITF:DSD_TRENDS@DF_TRENDSSAFETY(1.0),,I,NLD,,A,,CRASHES,,CRA,,ROAD,,_T,,_T,,1970,,59000,,A,,0,,1,
DATAFLOW,OECD.ITF:DSD_TRENDS@DF_TRENDSSAFETY(1.0),,I,NLD,,A,,CRASHES,,CRA,,ROAD,,_T,,_T,,1971,,62000,,A,,0,,1,
DATAFLOW,OECD.ITF:DSD_TRENDS@DF_TRENDSSAFETY(1.0),,I,NLD,,A,,CRASHES,,CRA,,ROAD,,_T,,_T,,1972,,60000,,A,,0,,1,
DATAFLOW,OECD.ITF:DSD_TRENDS@DF_TRENDSSAFETY(1.0),,I,NLD,,A,,CRASHES,,CRA,,ROAD,,_T,,_T,,1973,,60000,,A,,0,,1,
DATAFLOW,OECD.ITF:DSD_TRENDS@DF_TRENDSSAFETY(1.0),,I,NLD,,A,,CRASHES,,CRA,,ROAD,,_T,,_T,,1974,,57000,,A,,0,,1,
DATAFLOW,OECD.ITF:DSD_TRENDS@DF_TRENDSSAFETY(1.0),,I,NLD,,A,,CRASHES,,CRA,,ROAD,,_T,,_T,,1975,,52365,,A,,0,,1,
DATAFLOW,OECD.ITF:DSD_TRENDS@DF_TRENDSSAFETY(1.0),,I,NLD,,A,,CRASHES,,CRA,,ROAD,,_T,,_T,,1976,,54000,,A,,0,,1,
DATAFLOW,OECD.ITF:DSD_TRENDS@DF_TRENDSSAFETY(1.0),,I,NLD,,A,,CRASHES,,CRA,,ROAD,,_T,,_T,,1977,,56000,,A,,0,,1,
DATAFLOW,OECD.ITF:DSD_TRENDS@DF_TRENDSSAFETY(1.0),,I,NLD,,A,,CRASHES,,CRA,,ROAD,,_T,,_T,,1978,,54000,,A,,0,,1,
DATAFLOW,OECD.ITF:DSD_TRENDS@DF_TRENDSSAFETY(1.0),,I,NLD,,A,,CRASHES,,CRA,,ROAD,,_T,,_T,,1979,,48000,,A,,0,,1,
DATAFLOW,OECD.ITF:DSD_TRENDS@DF_TRENDSSAFETY(1.0),,I,NLD,,A,,CRASHES,,CRA,,ROAD,,_T,,_T,,1980,,49396,,A,,0,,1,
DATAFLOW,OECD.ITF:DSD_TRENDS@DF_TRENDSSAFETY(1.0),,I,NLD,,A,,CRASHES,,CRA,,ROAD,,_T,,_T,,1981,,46656,,A,,0,,1,
DATAFLOW,OECD.ITF:DSD_TRENDS@DF_TRENDSSAFETY(1.0),,I,NLD,,A,,CRASHES,,CRA,,ROAD,,_T,,_T,,1982,,45517,,A,,0,,1,
DATAFLOW,OECD.ITF:DSD_TRENDS@DF_TRENDSSAFETY(1.0),,I,NLD,,A,,CRASHES,,CRA,,ROAD,,_T,,_T,,1983,,45646,,A,,0,,1,
DATAFLOW,OECD.ITF:DSD_TRENDS@DF_TRENDSSAFETY(1.0),,I,NLD,,A,,CRASHES,,CRA,,ROAD,,_T,,_T,,1984,,44317,,A,,0,,1,
DATAFLOW,OECD.ITF:DSD_TRENDS@DF_TRENDSSAFETY(1.0),,I,NLD,,A,,CRASHES,,CRA,,ROAD,,_T,,_T,,1985,,42348,,A,,0,,1,
DATAFLOW,OECD.ITF:DSD_TRENDS@DF_TRENDSSAFETY(1.0),,I,NLD,,A,,CRASHES,,CRA,,ROAD,,_T,,_T,,1987,,13556,,A,,0,,1,
DATAFLOW,OECD.ITF:DSD_TRENDS@DF_TRENDSSAFETY(1.0),,I,NLD,,A,,CRASHES,,CRA,,ROAD,,_T,,_T,,1988,,13360,,A,,0,,1,
DATAFLOW,OECD.ITF:DSD_TRENDS@DF_TRENDSSAFETY(1.0),,I,NLD,,A,,CRASHES,,CRA,,ROAD,,_T,,_T,,1989,,13485,,A,,0,,1,
DATAFLOW,OECD.ITF:DSD_TRENDS@DF_TRENDSSAFETY(1.0),,I,NLD,,A,,CRASHES,,CRA,,ROAD,,_T,,_T,,1990,,13247,,A,,0,,1,
DATAFLOW,OECD.ITF:DSD_TRENDS@DF_TRENDSSAFETY(1.0),,I,NLD,,A,,CRASHES,,CRA,,ROAD,,_T,,_T,,1991,,11734,,A,,0,,1,
DATAFLOW,OECD.ITF:DSD_TRENDS@DF_TRENDSSAFETY(1.0),,I,NLD,,A,,CRASHES,,CRA,,ROAD,,_T,,_T,,1992,,11364,,A,,0,,1,
DATAFLOW,OECD.ITF:DSD_TRENDS@DF_TRENDSSAFETY(1.0),,I,NLD,,A,,CRASHES,,CRA,,ROAD,,_T,,_T,,1993,,11227,,A,,0,,1,
DATAFLOW,OECD.ITF:DSD_TRENDS@DF_TRENDSSAFETY(1.0),,I,NLD,,A,,CRASHES,,CRA,,ROAD,,_T,,_T,,1994,,11469,,A,,0,,1,
DATAFLOW,OECD.ITF:DSD_TRENDS@DF_TRENDSSAFETY(1.0),,I,NLD,,A,,CRASHES,,CRA,,ROAD,,_T,,_T,,1995,,11437,,A,,0,,1,
DATAFLOW,OECD.ITF:DSD_TRENDS@DF_TRENDSSAFETY(1.0),,I,NLD,,A,,CRASHES,,CRA,,ROAD,,_T,,_T,,1996,,41041,,A,,0,,1,
DATAFLOW,OECD.ITF:DSD_TRENDS@DF_TRENDSSAFETY(1.0),,I,NLD,,A,,CRASHES,,CRA,,ROAD,,_T,,_T,,1997,,41036,,A,,0,,1,
DATAFLOW,OECD.ITF:DSD_TRENDS@DF_TRENDSSAFETY(1.0),,I,NLD,,A,,CRASHES,,CRA,,ROAD,,_T,,_T,,1998,,41299,,A,,0,,1,
DATAFLOW,OECD.ITF:DSD_TRENDS@DF_TRENDSSAFETY(1.0),,I,NLD,,A,,CRASHES,,CRA,,ROAD,,_T,,_T,,1999,,42271,,A,,0,,1,
DATAFLOW,OECD.ITF:DSD_TRENDS@DF_TRENDSSAFETY(1.0),,I,NLD,,A,,CRASHES,,CRA,,ROAD,,_T,,_T,,2000,,37947,,A,,0,,1,
DATAFLOW,OECD.ITF:DSD_TRENDS@DF_TRENDSSAFETY(1.0),,I,NLD,,A,,CRASHES,,CRA,,ROAD,,_T,,_T,,2001,,35313,,A,,0,,1,
DATAFLOW,OECD.ITF:DSD_TRENDS@DF_TRENDSSAFETY(1.0),,I,NLD,,A,,CRASHES,,CRA,,ROAD,,_T,,_T,,2002,,33538,,A,,0,,1,
DATAFLOW,OECD.ITF:DSD_TRENDS@DF_TRENDSSAFETY(1.0),,I,NLD,,A,,CRASHES,,CRA,,ROAD,,_T,,_T,,2003,,31635,,A,,0,,1,
DATAFLOW,OECD.ITF:DSD_TRENDS@DF_TRENDSSAFETY(1.0),,I,NLD,,A,,CRASHES,,CRA,,ROAD,,_T,,_T,,2004,,27758,,A,,0,,1,
DATAFLOW,OECD.ITF:DSD_TRENDS@DF_TRENDSSAFETY(1.0),,I,NLD,,A,,CRASHES,,CRA,,ROAD,,_T,,_T,,2005,,27007,,A,,0,,1,
DATAFLOW,OECD.ITF:DSD_TRENDS@DF_TRENDSSAFETY(1.0),,I,NLD,,A,,CRASHES,,CRA,,ROAD,,_T,,_T,,2006,,24527,,A,,0,,1,
DATAFLOW,OECD.ITF:DSD_TRENDS@DF_TRENDSSAFETY(1.0),,I,NLD,,A,,CRASHES,,CRA,,ROAD,,_T,,_T,,2007,,25819,,A,,0,,1,
DATAFLOW,OECD.ITF:DSD_TRENDS@DF_TRENDSSAFETY(1.0),,I,NLD,,A,,CRASHES,,CRA,,ROAD,,_T,,_T,,2008,,23707,,A,,0,,1,
DATAFLOW,OECD.ITF:DSD_TRENDS@DF_TRENDSSAFETY(1.0),,I,NLD,,A,,CRASHES,,CRA,,ROAD,,_T,,_T,,2010,,10778,,A,,0,,1,
DATAFLOW,OECD.ITF:DSD_TRENDS@DF_TRENDSSAFETY(1.0),,I,NLD,,A,,CRASHES,,CRA,,ROAD,,_T,,_T,,2011,,5134,,A,,0,,1,
DATAFLOW,OECD.ITF:DSD_TRENDS@DF_TRENDSSAFETY(1.0),,I,NLD,,A,,CRASHES,,CRA,,ROAD,,_T,,_T,,2012,,4968,,A,,0,,1,
DATAFLOW,OECD.ITF:DSD_TRENDS@DF_TRENDSSAFETY(1.0),,I,NLD,,A,,CRASHES,,CRA,,ROAD,,_T,,_T,,2013,,9522,,A,,0,,1,
DATAFLOW,OECD.ITF:DSD_TRENDS@DF_TRENDSSAFETY(1.0),,I,NLD,,A,,CRASHES,,CRA,,ROAD,,_T,,_T,,2015,,18523,,A,,0,,1,
DATAFLOW,OECD.ITF:DSD_TRENDS@DF_TRENDSSAFETY(1.0),,I,NLD,,A,,CRASHES,,CRA,,ROAD,,_T,,_T,,2016,,18749,,A,,0,,1,
DATAFLOW,OECD.ITF:DSD_TRENDS@DF_TRENDSSAFETY(1.0),,I,NLD,,A,,CRASHES,,CRA,,ROAD,,_T,,_T,,2017,,18706,,A,,0,,1,
DATAFLOW,OECD.ITF:DSD_TRENDS@DF_TRENDSSAFETY(1.0),,I,NLD,,A,,CRASHES,,CRA,,ROAD,,_T,,_T,,2018,,19270,,A,,0,,1,
DATAFLOW,OECD.ITF:DSD_TRENDS@DF_TRENDSSAFETY(1.0),,I,NLD,,A,,CRASHES,,CRA,,ROAD,,_T,,_T,,2019,,19046,,A,,0,,1,
DATAFLOW,OECD.ITF:DSD_TRENDS@DF_TRENDSSAFETY(1.0),,I,NLD,,A,,CRASHES,,CRA,,ROAD,,_T,,_T,,2020,,17043,,A,,0,,1,
DATAFLOW,OECD.ITF:DSD_TRENDS@DF_TRENDSSAFETY(1.0),,I,NLD,,A,,CRASHES,,CRA,,ROAD,,_T,,_T,,2021,,18449,,A,,0,,1,
DATAFLOW,OECD.ITF:DSD_TRENDS@DF_TRENDSSAFETY(1.0),,I,NLD,,A,,CRASHES,,CRA,,ROAD,,_T,,_T,,2022,,22885,,A,,0,,1,
DATAFLOW,OECD.ITF:DSD_TRENDS@DF_TRENDSSAFETY(1.0),,I,NLD,,A,,CRASHES,,CRA,,ROAD,,_T,,_T,,2023,,23795,,A,,0,,1,
DATAFLOW,OECD.ITF:DSD_TRENDS@DF_TRENDSSAFETY(1.0),,I,NLD,,A,,CRASHES,,CRA,,ROAD,,_T,,_T,,2024,,25416,,A,,0,,1,
DATAFLOW,OECD.ITF:DSD_TRENDS@DF_TRENDSSAFETY(1.0),,I,NZL,,A,,CRASHES,,CRA,,ROAD,,_T,,_T,,1970,,13300,,A,,0,,1,
DATAFLOW,OECD.ITF:DSD_TRENDS@DF_TRENDSSAFETY(1.0),,I,NZL,,A,,CRASHES,,CRA,,ROAD,,_T,,_T,,1971,,14004,,A,,0,,1,
DATAFLOW,OECD.ITF:DSD_TRENDS@DF_TRENDSSAFETY(1.0),,I,NZL,,A,,CRASHES,,CRA,,ROAD,,_T,,_T,,1972,,14654,,A,,0,,1,
DATAFLOW,OECD.ITF:DSD_TRENDS@DF_TRENDSSAFETY(1.0),,I,NZL,,A,,CRASHES,,CRA,,ROAD,,_T,,_T,,1973,,15571,,A,,0,,1,
DATAFLOW,OECD.ITF:DSD_TRENDS@DF_TRENDSSAFETY(1.0),,I,NZL,,A,,CRASHES,,CRA,,ROAD,,_T,,_T,,1974,,14109,,A,,0,,1,
DATAFLOW,OECD.ITF:DSD_TRENDS@DF_TRENDSSAFETY(1.0),,I,NZL,,A,,CRASHES,,CRA,,ROAD,,_T,,_T,,1975,,13730,,A,,0,,1,
DATAFLOW,OECD.ITF:DSD_TRENDS@DF_TRENDSSAFETY(1.0),,I,NZL,,A,,CRASHES,,CRA,,ROAD,,_T,,_T,,1976,,12321,,A,,0,,1,
DATAFLOW,OECD.ITF:DSD_TRENDS@DF_TRENDSSAFETY(1.0),,I,NZL,,A,,CRASHES,,CRA,,ROAD,,_T,,_T,,1977,,12068,,A,,0,,1,
DATAFLOW,OECD.ITF:DSD_TRENDS@DF_TRENDSSAFETY(1.0),,I,NZL,,A,,CRASHES,,CRA,,ROAD,,_T,,_T,,1978,,10384,,A,,0,,1,
DATAFLOW,OECD.ITF:DSD_TRENDS@DF_TRENDSSAFETY(1.0),,I,NZL,,A,,CRASHES,,CRA,,ROAD,,_T,,_T,,1979,,9714,,A,,0,,1,
DATAFLOW,OECD.ITF:DSD_TRENDS@DF_TRENDSSAFETY(1.0),,I,NZL,,A,,CRASHES,,CRA,,ROAD,,_T,,_T,,1980,,10739,,A,,0,,1,
DATAFLOW,OECD.ITF:DSD_TRENDS@DF_TRENDSSAFETY(1.0),,I,NZL,,A,,CRASHES,,CRA,,ROAD,,_T,,_T,,1981,,10665,,A,,0,,1,
DATAFLOW,OECD.ITF:DSD_TRENDS@DF_TRENDSSAFETY(1.0),,I,NZL,,A,,CRASHES,,CRA,,ROAD,,_T,,_T,,1982,,11259,,A,,0,,1,
DATAFLOW,OECD.ITF:DSD_TRENDS@DF_TRENDSSAFETY(1.0),,I,NZL,,A,,CRASHES,,CRA,,ROAD,,_T,,_T,,1983,,11519,,A,,0,,1,
DATAFLOW,OECD.ITF:DSD_TRENDS@DF_TRENDSSAFETY(1.0),,I,NZL,,A,,CRASHES,,CRA,,ROAD,,_T,,_T,,1984,,12561,,A,,0,,1,
DATAFLOW,OECD.ITF:DSD_TRENDS@DF_TRENDSSAFETY(1.0),,I,NZL,,A,,CRASHES,,CRA,,ROAD,,_T,,_T,,1985,,13554,,A,,0,,1,
DATAFLOW,OECD.ITF:DSD_TRENDS@DF_TRENDSSAFETY(1.0),,I,NZL,,A,,CRASHES,,CRA,,ROAD,,_T,,_T,,1986,,13462,,A,,0,,1,
DATAFLOW,OECD.ITF:DSD_TRENDS@DF_TRENDSSAFETY(1.0),,I,NZL,,A,,CRASHES,,CRA,,ROAD,,_T,,_T,,1987,,13361,,A,,0,,1,
DATAFLOW,OECD.ITF:DSD_TRENDS@DF_TRENDSSAFETY(1.0),,I,NZL,,A,,CRASHES,,CRA,,ROAD,,_T,,_T,,1988,,12560,,A,,0,,1,
DATAFLOW,OECD.ITF:DSD_TRENDS@DF_TRENDSSAFETY(1.0),,I,NZL,,A,,CRASHES,,CRA,,ROAD,,_T,,_T,,1989,,12041,,A,,0,,1,
DATAFLOW,OECD.ITF:DSD_TRENDS@DF_TRENDSSAFETY(1.0),,I,NZL,,A,,CRASHES,,CRA,,ROAD,,_T,,_T,,1990,,12826,,A,,0,,1,
DATAFLOW,OECD.ITF:DSD_TRENDS@DF_TRENDSSAFETY(1.0),,I,NZL,,A,,CRASHES,,CRA,,ROAD,,_T,,_T,,1991,,12249,,A,,0,,1,
DATAFLOW,OECD.ITF:DSD_TRENDS@DF_TRENDSSAFETY(1.0),,I,NZL,,A,,CRASHES,,CRA,,ROAD,,_T,,_T,,1992,,11653,,A,,0,,1,
DATAFLOW,OECD.ITF:DSD_TRENDS@DF_TRENDSSAFETY(1.0),,I,NZL,,A,,CRASHES,,CRA,,ROAD,,_T,,_T,,1993,,11040,,A,,0,,1,
DATAFLOW,OECD.ITF:DSD_TRENDS@DF_TRENDSSAFETY(1.0),,I,NZL,,A,,CRASHES,,CRA,,ROAD,,_T,,_T,,1994,,11962,,A,,0,,1,
DATAFLOW,OECD.ITF:DSD_TRENDS@DF_TRENDSSAFETY(1.0),,I,NZL,,A,,CRASHES,,CRA,,ROAD,,_T,,_T,,1995,,12251,,A,,0,,1,
DATAFLOW,OECD.ITF:DSD_TRENDS@DF_TRENDSSAFETY(1.0),,I,NZL,,A,,CRASHES,,CRA,,ROAD,,_T,,_T,,1996,,10576,,A,,0,,1,
DATAFLOW,OECD.ITF:DSD_TRENDS@DF_TRENDSSAFETY(1.0),,I,NZL,,A,,CRASHES,,CRA,,ROAD,,_T,,_T,,1997,,9533,,A,,0,,1,
DATAFLOW,OECD.ITF:DSD_TRENDS@DF_TRENDSSAFETY(1.0),,I,NZL,,A,,CRASHES,,CRA,,ROAD,,_T,,_T,,1998,,8839,,A,,0,,1,
DATAFLOW,OECD.ITF:DSD_TRENDS@DF_TRENDSSAFETY(1.0),,I,NZL,,A,,CRASHES,,CRA,,ROAD,,_T,,_T,,1999,,8554,,A,,0,,1,
DATAFLOW,OECD.ITF:DSD_TRENDS@DF_TRENDSSAFETY(1.0),,I,NZL,,A,,CRASHES,,CRA,,ROAD,,_T,,_T,,2000,,7900,,A,,0,,1,
DATAFLOW,OECD.ITF:DSD_TRENDS@DF_TRENDSSAFETY(1.0),,I,NZL,,A,,CRASHES,,CRA,,ROAD,,_T,,_T,,2001,,8940,,A,,0,,1,
DATAFLOW,OECD.ITF:DSD_TRENDS@DF_TRENDSSAFETY(1.0),,I,NZL,,A,,CRASHES,,CRA,,ROAD,,_T,,_T,,2002,,10262,,A,,0,,1,
DATAFLOW,OECD.ITF:DSD_TRENDS@DF_TRENDSSAFETY(1.0),,I,NZL,,A,,CRASHES,,CRA,,ROAD,,_T,,_T,,2003,,10729,,A,,0,,1,
DATAFLOW,OECD.ITF:DSD_TRENDS@DF_TRENDSSAFETY(1.0),,I,NZL,,A,,CRASHES,,CRA,,ROAD,,_T,,_T,,2004,,10503,,A,,0,,1,
DATAFLOW,OECD.ITF:DSD_TRENDS@DF_TRENDSSAFETY(1.0),,I,NZL,,A,,CRASHES,,CRA,,ROAD,,_T,,_T,,2005,,10932,,A,,0,,1,
DATAFLOW,OECD.ITF:DSD_TRENDS@DF_TRENDSSAFETY(1.0),,I,NZL,,A,,CRASHES,,CRA,,ROAD,,_T,,_T,,2006,,11444,,A,,0,,1,
DATAFLOW,OECD.ITF:DSD_TRENDS@DF_TRENDSSAFETY(1.0),,I,NZL,,A,,CRASHES,,CRA,,ROAD,,_T,,_T,,2007,,12161,,A,,0,,1,
DATAFLOW,OECD.ITF:DSD_TRENDS@DF_TRENDSSAFETY(1.0),,I,NZL,,A,,CRASHES,,CRA,,ROAD,,_T,,_T,,2008,,11776,,A,,0,,1,
DATAFLOW,OECD.ITF:DSD_TRENDS@DF_TRENDSSAFETY(1.0),,I,NZL,,A,,CRASHES,,CRA,,ROAD,,_T,,_T,,2009,,11233,,A,,0,,1,
DATAFLOW,OECD.ITF:DSD_TRENDS@DF_TRENDSSAFETY(1.0),,I,NZL,,A,,CRASHES,,CRA,,ROAD,,_T,,_T,,2010,,10959,,A,,0,,1,
DATAFLOW,OECD.ITF:DSD_TRENDS@DF_TRENDSSAFETY(1.0),,I,NZL,,A,,CRASHES,,CRA,,ROAD,,_T,,_T,,2011,,9886,,A,,0,,1,
DATAFLOW,OECD.ITF:DSD_TRENDS@DF_TRENDSSAFETY(1.0),,I,NZL,,A,,CRASHES,,CRA,,ROAD,,_T,,_T,,2012,,9678,,A,,0,,1,
DATAFLOW,OECD.ITF:DSD_TRENDS@DF_TRENDSSAFETY(1.0),,I,NZL,,A,,CRASHES,,CRA,,ROAD,,_T,,_T,,2013,,9453,,A,,0,,1,
DATAFLOW,OECD.ITF:DSD_TRENDS@DF_TRENDSSAFETY(1.0),,I,NZL,,A,,CRASHES,,CRA,,ROAD,,_T,,_T,,2014,,8922,,A,,0,,1,
DATAFLOW,OECD.ITF:DSD_TRENDS@DF_TRENDSSAFETY(1.0),,I,NZL,,A,,CRASHES,,CRA,,ROAD,,_T,,_T,,2015,,9782,,A,,0,,1,
DATAFLOW,OECD.ITF:DSD_TRENDS@DF_TRENDSSAFETY(1.0),,I,NZL,,A,,CRASHES,,CRA,,ROAD,,_T,,_T,,2016,,10186,,A,,0,,1,
DATAFLOW,OECD.ITF:DSD_TRENDS@DF_TRENDSSAFETY(1.0),,I,NZL,,A,,CRASHES,,CRA,,ROAD,,_T,,_T,,2017,,11243,,A,,0,,1,
DATAFLOW,OECD.ITF:DSD_TRENDS@DF_TRENDSSAFETY(1.0),,I,NZL,,A,,CRASHES,,CRA,,ROAD,,_T,,_T,,2018,,11688,,A,,0,,1,
DATAFLOW,OECD.ITF:DSD_TRENDS@DF_TRENDSSAFETY(1.0),,I,NZL,,A,,CRASHES,,CRA,,ROAD,,_T,,_T,,2019,,11756,,A,,0,,1,
DATAFLOW,OECD.ITF:DSD_TRENDS@DF_TRENDSSAFETY(1.0),,I,NZL,,A,,CRASHES,,CRA,,ROAD,,_T,,_T,,2020,,10331,,A,,0,,1,
DATAFLOW,OECD.ITF:DSD_TRENDS@DF_TRENDSSAFETY(1.0),,I,NZL,,A,,CRASHES,,CRA,,ROAD,,_T,,_T,,2021,,10779,,A,,0,,1,
DATAFLOW,OECD.ITF:DSD_TRENDS@DF_TRENDSSAFETY(1.0),,I,NZL,,A,,CRASHES,,CRA,,ROAD,,_T,,_T,,2022,,10972,,A,,0,,1,
DATAFLOW,OECD.ITF:DSD_TRENDS@DF_TRENDSSAFETY(1.0),,I,NOR,,A,,CRASHES,,CRA,,ROAD,,_T,,_T,,1970,,9300,,A,,0,,1,
DATAFLOW,OECD.ITF:DSD_TRENDS@DF_TRENDSSAFETY(1.0),,I,NOR,,A,,CRASHES,,CRA,,ROAD,,_T,,_T,,1971,,8600,,A,,0,,1,
DATAFLOW,OECD.ITF:DSD_TRENDS@DF_TRENDSSAFETY(1.0),,I,NOR,,A,,CRASHES,,CRA,,ROAD,,_T,,_T,,1972,,9000,,A,,0,,1,
DATAFLOW,OECD.ITF:DSD_TRENDS@DF_TRENDSSAFETY(1.0),,I,NOR,,A,,CRASHES,,CRA,,ROAD,,_T,,_T,,1973,,8600,,A,,0,,1,
DATAFLOW,OECD.ITF:DSD_TRENDS@DF_TRENDSSAFETY(1.0),,I,NOR,,A,,CRASHES,,CRA,,ROAD,,_T,,_T,,1974,,8200,,A,,0,,1,
DATAFLOW,OECD.ITF:DSD_TRENDS@DF_TRENDSSAFETY(1.0),,I,NOR,,A,,CRASHES,,CRA,,ROAD,,_T,,_T,,1975,,8784,,A,,0,,1,
DATAFLOW,OECD.ITF:DSD_TRENDS@DF_TRENDSSAFETY(1.0),,I,NOR,,A,,CRASHES,,CRA,,ROAD,,_T,,_T,,1976,,8100,,A,,0,,1,
DATAFLOW,OECD.ITF:DSD_TRENDS@DF_TRENDSSAFETY(1.0),,I,NOR,,A,,CRASHES,,CRA,,ROAD,,_T,,_T,,1977,,9700,,A,,0,,1,
DATAFLOW,OECD.ITF:DSD_TRENDS@DF_TRENDSSAFETY(1.0),,I,NOR,,A,,CRASHES,,CRA,,ROAD,,_T,,_T,,1978,,9400,,A,,0,,1,
DATAFLOW,OECD.ITF:DSD_TRENDS@DF_TRENDSSAFETY(1.0),,I,NOR,,A,,CRASHES,,CRA,,ROAD,,_T,,_T,,1979,,8300,,A,,0,,1,
DATAFLOW,OECD.ITF:DSD_TRENDS@DF_TRENDSSAFETY(1.0),,I,NOR,,A,,CRASHES,,CRA,,ROAD,,_T,,_T,,1980,,7848,,A,,0,,1,
DATAFLOW,OECD.ITF:DSD_TRENDS@DF_TRENDSSAFETY(1.0),,I,NOR,,A,,CRASHES,,CRA,,ROAD,,_T,,_T,,1981,,8072,,A,,0,,1,
DATAFLOW,OECD.ITF:DSD_TRENDS@DF_TRENDSSAFETY(1.0),,I,NOR,,A,,CRASHES,,CRA,,ROAD,,_T,,_T,,1982,,8083,,A,,0,,1,
DATAFLOW,OECD.ITF:DSD_TRENDS@DF_TRENDSSAFETY(1.0),,I,NOR,,A,,CRASHES,,CRA,,ROAD,,_T,,_T,,1983,,8227,,A,,0,,1,
DATAFLOW,OECD.ITF:DSD_TRENDS@DF_TRENDSSAFETY(1.0),,I,NOR,,A,,CRASHES,,CRA,,ROAD,,_T,,_T,,1984,,8512,,A,,0,,1,
DATAFLOW,OECD.ITF:DSD_TRENDS@DF_TRENDSSAFETY(1.0),,I,NOR,,A,,CRASHES,,CRA,,ROAD,,_T,,_T,,1985,,8975,,A,,0,,1,
DATAFLOW,OECD.ITF:DSD_TRENDS@DF_TRENDSSAFETY(1.0),,I,NOR,,A,,CRASHES,,CRA,,ROAD,,_T,,_T,,1986,,9141,,A,,0,,1,
DATAFLOW,OECD.ITF:DSD_TRENDS@DF_TRENDSSAFETY(1.0),,I,NOR,,A,,CRASHES,,CRA,,ROAD,,_T,,_T,,1987,,8335,,A,,0,,1,
DATAFLOW,OECD.ITF:DSD_TRENDS@DF_TRENDSSAFETY(1.0),,I,NOR,,A,,CRASHES,,CRA,,ROAD,,_T,,_T,,1988,,8167,,A,,0,,1,
DATAFLOW,OECD.ITF:DSD_TRENDS@DF_TRENDSSAFETY(1.0),,I,NOR,,A,,CRASHES,,CRA,,ROAD,,_T,,_T,,1989,,8494,,A,,0,,1,
DATAFLOW,OECD.ITF:DSD_TRENDS@DF_TRENDSSAFETY(1.0),,I,NOR,,A,,CRASHES,,CRA,,ROAD,,_T,,_T,,1990,,8801,,A,,0,,1,
DATAFLOW,OECD.ITF:DSD_TRENDS@DF_TRENDSSAFETY(1.0),,I,NOR,,A,,CRASHES,,CRA,,ROAD,,_T,,_T,,1991,,8677,,A,,0,,1,
DATAFLOW,OECD.ITF:DSD_TRENDS@DF_TRENDSSAFETY(1.0),,I,NOR,,A,,CRASHES,,CRA,,ROAD,,_T,,_T,,1992,,8495,,A,,0,,1,
DATAFLOW,OECD.ITF:DSD_TRENDS@DF_TRENDSSAFETY(1.0),,I,NOR,,A,,CRASHES,,CRA,,ROAD,,_T,,_T,,1993,,8642,,A,,0,,1,
DATAFLOW,OECD.ITF:DSD_TRENDS@DF_TRENDSSAFETY(1.0),,I,NOR,,A,,CRASHES,,CRA,,ROAD,,_T,,_T,,1994,,8406,,A,,0,,1,
DATAFLOW,OECD.ITF:DSD_TRENDS@DF_TRENDSSAFETY(1.0),,I,NOR,,A,,CRASHES,,CRA,,ROAD,,_T,,_T,,1995,,8625,,A,,0,,1,
DATAFLOW,OECD.ITF:DSD_TRENDS@DF_TRENDSSAFETY(1.0),,I,NOR,,A,,CRASHES,,CRA,,ROAD,,_T,,_T,,1996,,8779,,A,,0,,1,
DATAFLOW,OECD.ITF:DSD_TRENDS@DF_TRENDSSAFETY(1.0),,I,NOR,,A,,CRASHES,,CRA,,ROAD,,_T,,_T,,1997,,8765,,A,,0,,1,
DATAFLOW,OECD.ITF:DSD_TRENDS@DF_TRENDSSAFETY(1.0),,I,NOR,,A,,CRASHES,,CRA,,ROAD,,_T,,_T,,1998,,8864,,A,,0,,1,
DATAFLOW,OECD.ITF:DSD_TRENDS@DF_TRENDSSAFETY(1.0),,I,NOR,,A,,CRASHES,,CRA,,ROAD,,_T,,_T,,1999,,8361,,A,,0,,1,
DATAFLOW,OECD.ITF:DSD_TRENDS@DF_TRENDSSAFETY(1.0),,I,NOR,,A,,CRASHES,,CRA,,ROAD,,_T,,_T,,2000,,8440,,A,,0,,1,
DATAFLOW,OECD.ITF:DSD_TRENDS@DF_TRENDSSAFETY(1.0),,I,NOR,,A,,CRASHES,,CRA,,ROAD,,_T,,_T,,2001,,8244,,A,,0,,1,
DATAFLOW,OECD.ITF:DSD_TRENDS@DF_TRENDSSAFETY(1.0),,I,NOR,,A,,CRASHES,,CRA,,ROAD,,_T,,_T,,2002,,8724,,A,,0,,1,
DATAFLOW,OECD.ITF:DSD_TRENDS@DF_TRENDSSAFETY(1.0),,I,NOR,,A,,CRASHES,,CRA,,ROAD,,_T,,_T,,2003,,8266,,A,,0,,1,
DATAFLOW,OECD.ITF:DSD_TRENDS@DF_TRENDSSAFETY(1.0),,I,NOR,,A,,CRASHES,,CRA,,ROAD,,_T,,_T,,2004,,8425,,A,,0,,1,
DATAFLOW,OECD.ITF:DSD_TRENDS@DF_TRENDSSAFETY(1.0),,I,NOR,,A,,CRASHES,,CRA,,ROAD,,_T,,_T,,2005,,8078,,A,,0,,1,
DATAFLOW,OECD.ITF:DSD_TRENDS@DF_TRENDSSAFETY(1.0),,I,NOR,,A,,CRASHES,,CRA,,ROAD,,_T,,_T,,2006,,7925,,A,,0,,1,
DATAFLOW,OECD.ITF:DSD_TRENDS@DF_TRENDSSAFETY(1.0),,I,NOR,,A,,CRASHES,,CRA,,ROAD,,_T,,_T,,2007,,8182,,A,,0,,1,
DATAFLOW,OECD.ITF:DSD_TRENDS@DF_TRENDSSAFETY(1.0),,I,NOR,,A,,CRASHES,,CRA,,ROAD,,_T,,_T,,2008,,7726,,A,,0,,1,
DATAFLOW,OECD.ITF:DSD_TRENDS@DF_TRENDSSAFETY(1.0),,I,NOR,,A,,CRASHES,,CRA,,ROAD,,_T,,_T,,2009,,6922,,A,,0,,1,
DATAFLOW,OECD.ITF:DSD_TRENDS@DF_TRENDSSAFETY(1.0),,I,NOR,,A,,CRASHES,,CRA,,ROAD,,_T,,_T,,2010,,6434,,A,,0,,1,
DATAFLOW,OECD.ITF:DSD_TRENDS@DF_TRENDSSAFETY(1.0),,I,NOR,,A,,CRASHES,,CRA,,ROAD,,_T,,_T,,2011,,6079,,A,,0,,1,
DATAFLOW,OECD.ITF:DSD_TRENDS@DF_TRENDSSAFETY(1.0),,I,NOR,,A,,CRASHES,,CRA,,ROAD,,_T,,_T,,2012,,6154,,A,,0,,1,
DATAFLOW,OECD.ITF:DSD_TRENDS@DF_TRENDSSAFETY(1.0),,I,NOR,,A,,CRASHES,,CRA,,ROAD,,_T,,_T,,2013,,5241,,A,,0,,1,
DATAFLOW,OECD.ITF:DSD_TRENDS@DF_TRENDSSAFETY(1.0),,I,NOR,,A,,CRASHES,,CRA,,ROAD,,_T,,_T,,2014,,4972,,A,,0,,1,
DATAFLOW,OECD.ITF:DSD_TRENDS@DF_TRENDSSAFETY(1.0),,I,NOR,,A,,CRASHES,,CRA,,ROAD,,_T,,_T,,2015,,4563,,A,,0,,1,
DATAFLOW,OECD.ITF:DSD_TRENDS@DF_TRENDSSAFETY(1.0),,I,NOR,,A,,CRASHES,,CRA,,ROAD,,_T,,_T,,2016,,4374,,A,,0,,1,
DATAFLOW,OECD.ITF:DSD_TRENDS@DF_TRENDSSAFETY(1.0),,I,NOR,,A,,CRASHES,,CRA,,ROAD,,_T,,_T,,2017,,4086,,A,,0,,1,
DATAFLOW,OECD.ITF:DSD_TRENDS@DF_TRENDSSAFETY(1.0),,I,NOR,,A,,CRASHES,,CRA,,ROAD,,_T,,_T,,2018,,3898,,A,,0,,1,
DATAFLOW,OECD.ITF:DSD_TRENDS@DF_TRENDSSAFETY(1.0),,I,NOR,,A,,CRASHES,,CRA,,ROAD,,_T,,_T,,2019,,3579,,A,,0,,1,
DATAFLOW,OECD.ITF:DSD_TRENDS@DF_TRENDSSAFETY(1.0),,I,NOR,,A,,CRASHES,,CRA,,ROAD,,_T,,_T,,2020,,3585,,A,,0,,1,
DATAFLOW,OECD.ITF:DSD_TRENDS@DF_TRENDSSAFETY(1.0),,I,NOR,,A,,CRASHES,,CRA,,ROAD,,_T,,_T,,2021,,3719,,A,,0,,1,
DATAFLOW,OECD.ITF:DSD_TRENDS@DF_TRENDSSAFETY(1.0),,I,NOR,,A,,CRASHES,,CRA,,ROAD,,_T,,_T,,2022,,3527,,A,,0,,1,
DATAFLOW,OECD.ITF:DSD_TRENDS@DF_TRENDSSAFETY(1.0),,I,NOR,,A,,CRASHES,,CRA,,ROAD,,_T,,_T,,2023,,3359,,A,,0,,1,
DATAFLOW,OECD.ITF:DSD_TRENDS@DF_TRENDSSAFETY(1.0),,I,NOR,,A,,CRASHES,,CRA,,ROAD,,_T,,_T,,2024,,3166,,A,,0,,1,
DATAFLOW,OECD.ITF:DSD_TRENDS@DF_TRENDSSAFETY(1.0),,I,POL,,A,,CRASHES,,CRA,,ROAD,,_T,,_T,,1970,,41813,,A,,0,,1,
DATAFLOW,OECD.ITF:DSD_TRENDS@DF_TRENDSSAFETY(1.0),,I,POL,,A,,CRASHES,,CRA,,ROAD,,_T,,_T,,1975,,39404,,A,,0,,1,
DATAFLOW,OECD.ITF:DSD_TRENDS@DF_TRENDSSAFETY(1.0),,I,POL,,A,,CRASHES,,CRA,,ROAD,,_T,,_T,,1978,,39181,,A,,0,,1,
DATAFLOW,OECD.ITF:DSD_TRENDS@DF_TRENDSSAFETY(1.0),,I,POL,,A,,CRASHES,,CRA,,ROAD,,_T,,_T,,1979,,39036,,A,,0,,1,
DATAFLOW,OECD.ITF:DSD_TRENDS@DF_TRENDSSAFETY(1.0),,I,POL,,A,,CRASHES,,CRA,,ROAD,,_T,,_T,,1980,,40373,,A,,0,,1,
DATAFLOW,OECD.ITF:DSD_TRENDS@DF_TRENDSSAFETY(1.0),,I,POL,,A,,CRASHES,,CRA,,ROAD,,_T,,_T,,1981,,43755,,A,,0,,1,
DATAFLOW,OECD.ITF:DSD_TRENDS@DF_TRENDSSAFETY(1.0),,I,POL,,A,,CRASHES,,CRA,,ROAD,,_T,,_T,,1982,,38832,,A,,0,,1,
DATAFLOW,OECD.ITF:DSD_TRENDS@DF_TRENDSSAFETY(1.0),,I,POL,,A,,CRASHES,,CRA,,ROAD,,_T,,_T,,1983,,40454,,A,,0,,1,
DATAFLOW,OECD.ITF:DSD_TRENDS@DF_TRENDSSAFETY(1.0),,I,POL,,A,,CRASHES,,CRA,,ROAD,,_T,,_T,,1984,,35768,,A,,0,,1,
DATAFLOW,OECD.ITF:DSD_TRENDS@DF_TRENDSSAFETY(1.0),,I,POL,,A,,CRASHES,,CRA,,ROAD,,_T,,_T,,1985,,36100,,A,,0,,1,
DATAFLOW,OECD.ITF:DSD_TRENDS@DF_TRENDSSAFETY(1.0),,I,POL,,A,,CRASHES,,CRA,,ROAD,,_T,,_T,,1986,,37133,,A,,0,,1,
DATAFLOW,OECD.ITF:DSD_TRENDS@DF_TRENDSSAFETY(1.0),,I,POL,,A,,CRASHES,,CRA,,ROAD,,_T,,_T,,1987,,36433,,A,,0,,1,
DATAFLOW,OECD.ITF:DSD_TRENDS@DF_TRENDSSAFETY(1.0),,I,POL,,A,,CRASHES,,CRA,,ROAD,,_T,,_T,,1988,,37538,,A,,0,,1,
DATAFLOW,OECD.ITF:DSD_TRENDS@DF_TRENDSSAFETY(1.0),,I,POL,,A,,CRASHES,,CRA,,ROAD,,_T,,_T,,1989,,46338,,A,,0,,1,
DATAFLOW,OECD.ITF:DSD_TRENDS@DF_TRENDSSAFETY(1.0),,I,POL,,A,,CRASHES,,CRA,,ROAD,,_T,,_T,,1990,,50532,,A,,0,,1,
DATAFLOW,OECD.ITF:DSD_TRENDS@DF_TRENDSSAFETY(1.0),,I,POL,,A,,CRASHES,,CRA,,ROAD,,_T,,_T,,1991,,54038,,A,,0,,1,
DATAFLOW,OECD.ITF:DSD_TRENDS@DF_TRENDSSAFETY(1.0),,I,POL,,A,,CRASHES,,CRA,,ROAD,,_T,,_T,,1992,,50990,,A,,0,,1,
DATAFLOW,OECD.ITF:DSD_TRENDS@DF_TRENDSSAFETY(1.0),,I,POL,,A,,CRASHES,,CRA,,ROAD,,_T,,_T,,1993,,48901,,A,,0,,1,
DATAFLOW,OECD.ITF:DSD_TRENDS@DF_TRENDSSAFETY(1.0),,I,POL,,A,,CRASHES,,CRA,,ROAD,,_T,,_T,,1994,,53647,,A,,0,,1,
DATAFLOW,OECD.ITF:DSD_TRENDS@DF_TRENDSSAFETY(1.0),,I,POL,,A,,CRASHES,,CRA,,ROAD,,_T,,_T,,1995,,56904,,A,,0,,1,
DATAFLOW,OECD.ITF:DSD_TRENDS@DF_TRENDSSAFETY(1.0),,I,POL,,A,,CRASHES,,CRA,,ROAD,,_T,,_T,,1996,,57911,,A,,0,,1,
DATAFLOW,OECD.ITF:DSD_TRENDS@DF_TRENDSSAFETY(1.0),,I,POL,,A,,CRASHES,,CRA,,ROAD,,_T,,_T,,1997,,66582,,A,,0,,1,
DATAFLOW,OECD.ITF:DSD_TRENDS@DF_TRENDSSAFETY(1.0),,I,POL,,A,,CRASHES,,CRA,,ROAD,,_T,,_T,,1998,,61855,,A,,0,,1,
DATAFLOW,OECD.ITF:DSD_TRENDS@DF_TRENDSSAFETY(1.0),,I,POL,,A,,CRASHES,,CRA,,ROAD,,_T,,_T,,1999,,55106,,A,,0,,1,
DATAFLOW,OECD.ITF:DSD_TRENDS@DF_TRENDSSAFETY(1.0),,I,POL,,A,,CRASHES,,CRA,,ROAD,,_T,,_T,,2000,,57331,,A,,0,,1,
DATAFLOW,OECD.ITF:DSD_TRENDS@DF_TRENDSSAFETY(1.0),,I,POL,,A,,CRASHES,,CRA,,ROAD,,_T,,_T,,2001,,53799,,A,,0,,1,
DATAFLOW,OECD.ITF:DSD_TRENDS@DF_TRENDSSAFETY(1.0),,I,POL,,A,,CRASHES,,CRA,,ROAD,,_T,,_T,,2002,,53559,,A,,0,,1,
DATAFLOW,OECD.ITF:DSD_TRENDS@DF_TRENDSSAFETY(1.0),,I,POL,,A,,CRASHES,,CRA,,ROAD,,_T,,_T,,2003,,51078,,A,,0,,1,
DATAFLOW,OECD.ITF:DSD_TRENDS@DF_TRENDSSAFETY(1.0),,I,POL,,A,,CRASHES,,CRA,,ROAD,,_T,,_T,,2004,,51069,,A,,0,,1,
DATAFLOW,OECD.ITF:DSD_TRENDS@DF_TRENDSSAFETY(1.0),,I,POL,,A,,CRASHES,,CRA,,ROAD,,_T,,_T,,2005,,48100,,A,,0,,1,
DATAFLOW,OECD.ITF:DSD_TRENDS@DF_TRENDSSAFETY(1.0),,I,POL,,A,,CRASHES,,CRA,,ROAD,,_T,,_T,,2006,,46876,,A,,0,,1,
DATAFLOW,OECD.ITF:DSD_TRENDS@DF_TRENDSSAFETY(1.0),,I,POL,,A,,CRASHES,,CRA,,ROAD,,_T,,_T,,2007,,49536,,A,,0,,1,
DATAFLOW,OECD.ITF:DSD_TRENDS@DF_TRENDSSAFETY(1.0),,I,POL,,A,,CRASHES,,CRA,,ROAD,,_T,,_T,,2008,,49054,,A,,0,,1,
DATAFLOW,OECD.ITF:DSD_TRENDS@DF_TRENDSSAFETY(1.0),,I,POL,,A,,CRASHES,,CRA,,ROAD,,_T,,_T,,2009,,44196,,A,,0,,1,
DATAFLOW,OECD.ITF:DSD_TRENDS@DF_TRENDSSAFETY(1.0),,I,POL,,A,,CRASHES,,CRA,,ROAD,,_T,,_T,,2010,,38832,,A,,0,,1,
DATAFLOW,OECD.ITF:DSD_TRENDS@DF_TRENDSSAFETY(1.0),,I,POL,,A,,CRASHES,,CRA,,ROAD,,_T,,_T,,2011,,40065,,A,,0,,1,
DATAFLOW,OECD.ITF:DSD_TRENDS@DF_TRENDSSAFETY(1.0),,I,POL,,A,,CRASHES,,CRA,,ROAD,,_T,,_T,,2012,,37062,,A,,0,,1,
DATAFLOW,OECD.ITF:DSD_TRENDS@DF_TRENDSSAFETY(1.0),,I,POL,,A,,CRASHES,,CRA,,ROAD,,_T,,_T,,2013,,35847,,A,,0,,1,
DATAFLOW,OECD.ITF:DSD_TRENDS@DF_TRENDSSAFETY(1.0),,I,POL,,A,,CRASHES,,CRA,,ROAD,,_T,,_T,,2014,,34970,,A,,0,,1,
DATAFLOW,OECD.ITF:DSD_TRENDS@DF_TRENDSSAFETY(1.0),,I,POL,,A,,CRASHES,,CRA,,ROAD,,_T,,_T,,2015,,32967,,A,,0,,1,
DATAFLOW,OECD.ITF:DSD_TRENDS@DF_TRENDSSAFETY(1.0),,I,POL,,A,,CRASHES,,CRA,,ROAD,,_T,,_T,,2016,,33664,,A,,0,,1,
DATAFLOW,OECD.ITF:DSD_TRENDS@DF_TRENDSSAFETY(1.0),,I,POL,,A,,CRASHES,,CRA,,ROAD,,_T,,_T,,2017,,32760,,A,,0,,1,
DATAFLOW,OECD.ITF:DSD_TRENDS@DF_TRENDSSAFETY(1.0),,I,POL,,A,,CRASHES,,CRA,,ROAD,,_T,,_T,,2018,,31674,,A,,0,,1,
DATAFLOW,OECD.ITF:DSD_TRENDS@DF_TRENDSSAFETY(1.0),,I,POL,,A,,CRASHES,,CRA,,ROAD,,_T,,_T,,2019,,30288,,A,,0,,1,
DATAFLOW,OECD.ITF:DSD_TRENDS@DF_TRENDSSAFETY(1.0),,I,POL,,A,,CRASHES,,CRA,,ROAD,,_T,,_T,,2020,,23540,,A,,0,,1,
DATAFLOW,OECD.ITF:DSD_TRENDS@DF_TRENDSSAFETY(1.0),,I,POL,,A,,CRASHES,,CRA,,ROAD,,_T,,_T,,2021,,22816,,A,,0,,1,
DATAFLOW,OECD.ITF:DSD_TRENDS@DF_TRENDSSAFETY(1.0),,I,POL,,A,,CRASHES,,CRA,,ROAD,,_T,,_T,,2022,,21322,,A,,0,,1,
DATAFLOW,OECD.ITF:DSD_TRENDS@DF_TRENDSSAFETY(1.0),,I,POL,,A,,CRASHES,,CRA,,ROAD,,_T,,_T,,2023,,20936,,A,,0,,1,
DATAFLOW,OECD.ITF:DSD_TRENDS@DF_TRENDSSAFETY(1.0),,I,PRT,,A,,CRASHES,,CRA,,ROAD,,_T,,_T,,1970,,22662,,A,,0,,1,
DATAFLOW,OECD.ITF:DSD_TRENDS@DF_TRENDSSAFETY(1.0),,I,PRT,,A,,CRASHES,,CRA,,ROAD,,_T,,_T,,1971,,23912,,A,,0,,1,
DATAFLOW,OECD.ITF:DSD_TRENDS@DF_TRENDSSAFETY(1.0),,I,PRT,,A,,CRASHES,,CRA,,ROAD,,_T,,_T,,1972,,25056,,A,,0,,1,
DATAFLOW,OECD.ITF:DSD_TRENDS@DF_TRENDSSAFETY(1.0),,I,PRT,,A,,CRASHES,,CRA,,ROAD,,_T,,_T,,1973,,22896,,A,,0,,1,
DATAFLOW,OECD.ITF:DSD_TRENDS@DF_TRENDSSAFETY(1.0),,I,PRT,,A,,CRASHES,,CRA,,ROAD,,_T,,_T,,1974,,21698,,A,,0,,1,
DATAFLOW,OECD.ITF:DSD_TRENDS@DF_TRENDSSAFETY(1.0),,I,PRT,,A,,CRASHES,,CRA,,ROAD,,_T,,_T,,1975,,33109,,A,,0,,1,
DATAFLOW,OECD.ITF:DSD_TRENDS@DF_TRENDSSAFETY(1.0),,I,PRT,,A,,CRASHES,,CRA,,ROAD,,_T,,_T,,1976,,30568,,A,,0,,1,
DATAFLOW,OECD.ITF:DSD_TRENDS@DF_TRENDSSAFETY(1.0),,I,PRT,,A,,CRASHES,,CRA,,ROAD,,_T,,_T,,1977,,30062,,A,,0,,1,
DATAFLOW,OECD.ITF:DSD_TRENDS@DF_TRENDSSAFETY(1.0),,I,PRT,,A,,CRASHES,,CRA,,ROAD,,_T,,_T,,1978,,32637,,A,,0,,1,
DATAFLOW,OECD.ITF:DSD_TRENDS@DF_TRENDSSAFETY(1.0),,I,PRT,,A,,CRASHES,,CRA,,ROAD,,_T,,_T,,1979,,33331,,A,,0,,1,
DATAFLOW,OECD.ITF:DSD_TRENDS@DF_TRENDSSAFETY(1.0),,I,PRT,,A,,CRASHES,,CRA,,ROAD,,_T,,_T,,1980,,33886,,A,,0,,1,
DATAFLOW,OECD.ITF:DSD_TRENDS@DF_TRENDSSAFETY(1.0),,I,PRT,,A,,CRASHES,,CRA,,ROAD,,_T,,_T,,1981,,33560,,A,,0,,1,
DATAFLOW,OECD.ITF:DSD_TRENDS@DF_TRENDSSAFETY(1.0),,I,PRT,,A,,CRASHES,,CRA,,ROAD,,_T,,_T,,1982,,33324,,A,,0,,1,
DATAFLOW,OECD.ITF:DSD_TRENDS@DF_TRENDSSAFETY(1.0),,I,PRT,,A,,CRASHES,,CRA,,ROAD,,_T,,_T,,1983,,31285,,A,,0,,1,
DATAFLOW,OECD.ITF:DSD_TRENDS@DF_TRENDSSAFETY(1.0),,I,PRT,,A,,CRASHES,,CRA,,ROAD,,_T,,_T,,1984,,29255,,A,,0,,1,
DATAFLOW,OECD.ITF:DSD_TRENDS@DF_TRENDSSAFETY(1.0),,I,PRT,,A,,CRASHES,,CRA,,ROAD,,_T,,_T,,1985,,29156,,A,,0,,1,
DATAFLOW,OECD.ITF:DSD_TRENDS@DF_TRENDSSAFETY(1.0),,I,PRT,,A,,CRASHES,,CRA,,ROAD,,_T,,_T,,1986,,30486,,A,,0,,1,
DATAFLOW,OECD.ITF:DSD_TRENDS@DF_TRENDSSAFETY(1.0),,I,PRT,,A,,CRASHES,,CRA,,ROAD,,_T,,_T,,1987,,38656,,A,,0,,1,
DATAFLOW,OECD.ITF:DSD_TRENDS@DF_TRENDSSAFETY(1.0),,I,PRT,,A,,CRASHES,,CRA,,ROAD,,_T,,_T,,1988,,41915,,A,,0,,1,
DATAFLOW,OECD.ITF:DSD_TRENDS@DF_TRENDSSAFETY(1.0),,I,PRT,,A,,CRASHES,,CRA,,ROAD,,_T,,_T,,1989,,43499,,A,,0,,1,
DATAFLOW,OECD.ITF:DSD_TRENDS@DF_TRENDSSAFETY(1.0),,I,PRT,,A,,CRASHES,,CRA,,ROAD,,_T,,_T,,1990,,45110,,A,,0,,1,
DATAFLOW,OECD.ITF:DSD_TRENDS@DF_TRENDSSAFETY(1.0),,I,PRT,,A,,CRASHES,,CRA,,ROAD,,_T,,_T,,1991,,48953,,A,,0,,1,
DATAFLOW,OECD.ITF:DSD_TRENDS@DF_TRENDSSAFETY(1.0),,I,PRT,,A,,CRASHES,,CRA,,ROAD,,_T,,_T,,1992,,50851,,A,,0,,1,
DATAFLOW,OECD.ITF:DSD_TRENDS@DF_TRENDSSAFETY(1.0),,I,PRT,,A,,CRASHES,,CRA,,ROAD,,_T,,_T,,1993,,48645,,A,,0,,1,
DATAFLOW,OECD.ITF:DSD_TRENDS@DF_TRENDSSAFETY(1.0),,I,PRT,,A,,CRASHES,,CRA,,ROAD,,_T,,_T,,1994,,45830,,A,,0,,1,
DATAFLOW,OECD.ITF:DSD_TRENDS@DF_TRENDSSAFETY(1.0),,I,PRT,,A,,CRASHES,,CRA,,ROAD,,_T,,_T,,1995,,47793,,A,,0,,1,
DATAFLOW,OECD.ITF:DSD_TRENDS@DF_TRENDSSAFETY(1.0),,I,PRT,,A,,CRASHES,,CRA,,ROAD,,_T,,_T,,1996,,49265,,A,,0,,1,
DATAFLOW,OECD.ITF:DSD_TRENDS@DF_TRENDSSAFETY(1.0),,I,PRT,,A,,CRASHES,,CRA,,ROAD,,_T,,_T,,1997,,49417,,A,,0,,1,
DATAFLOW,OECD.ITF:DSD_TRENDS@DF_TRENDSSAFETY(1.0),,I,PRT,,A,,CRASHES,,CRA,,ROAD,,_T,,_T,,1998,,49319,,A,,0,,1,
DATAFLOW,OECD.ITF:DSD_TRENDS@DF_TRENDSSAFETY(1.0),,I,PRT,,A,,CRASHES,,CRA,,ROAD,,_T,,_T,,1999,,47966,,A,,0,,1,
DATAFLOW,OECD.ITF:DSD_TRENDS@DF_TRENDSSAFETY(1.0),,I,PRT,,A,,CRASHES,,CRA,,ROAD,,_T,,_T,,2000,,44159,,A,,0,,1,
DATAFLOW,OECD.ITF:DSD_TRENDS@DF_TRENDSSAFETY(1.0),,I,PRT,,A,,CRASHES,,CRA,,ROAD,,_T,,_T,,2001,,42521,,A,,0,,1,
DATAFLOW,OECD.ITF:DSD_TRENDS@DF_TRENDSSAFETY(1.0),,I,PRT,,A,,CRASHES,,CRA,,ROAD,,_T,,_T,,2002,,42219,,A,,0,,1,
DATAFLOW,OECD.ITF:DSD_TRENDS@DF_TRENDSSAFETY(1.0),,I,PRT,,A,,CRASHES,,CRA,,ROAD,,_T,,_T,,2003,,41495,,A,,0,,1,
DATAFLOW,OECD.ITF:DSD_TRENDS@DF_TRENDSSAFETY(1.0),,I,PRT,,A,,CRASHES,,CRA,,ROAD,,_T,,_T,,2004,,38930,,A,,0,,1,
DATAFLOW,OECD.ITF:DSD_TRENDS@DF_TRENDSSAFETY(1.0),,I,PRT,,A,,CRASHES,,CRA,,ROAD,,_T,,_T,,2005,,37066,,A,,0,,1,
DATAFLOW,OECD.ITF:DSD_TRENDS@DF_TRENDSSAFETY(1.0),,I,PRT,,A,,CRASHES,,CRA,,ROAD,,_T,,_T,,2006,,35680,,A,,0,,1,
DATAFLOW,OECD.ITF:DSD_TRENDS@DF_TRENDSSAFETY(1.0),,I,PRT,,A,,CRASHES,,CRA,,ROAD,,_T,,_T,,2007,,35311,,A,,0,,1,
DATAFLOW,OECD.ITF:DSD_TRENDS@DF_TRENDSSAFETY(1.0),,I,PRT,,A,,CRASHES,,CRA,,ROAD,,_T,,_T,,2008,,33613,,A,,0,,1,
DATAFLOW,OECD.ITF:DSD_TRENDS@DF_TRENDSSAFETY(1.0),,I,PRT,,A,,CRASHES,,CRA,,ROAD,,_T,,_T,,2009,,35484,,A,,0,,1,
DATAFLOW,OECD.ITF:DSD_TRENDS@DF_TRENDSSAFETY(1.0),,I,PRT,,A,,CRASHES,,CRA,,ROAD,,_T,,_T,,2010,,35426,,A,,0,,1,
DATAFLOW,OECD.ITF:DSD_TRENDS@DF_TRENDSSAFETY(1.0),,I,PRT,,A,,CRASHES,,CRA,,ROAD,,_T,,_T,,2011,,32541,,A,,0,,1,
DATAFLOW,OECD.ITF:DSD_TRENDS@DF_TRENDSSAFETY(1.0),,I,PRT,,A,,CRASHES,,CRA,,ROAD,,_T,,_T,,2012,,29867,,A,,0,,1,
DATAFLOW,OECD.ITF:DSD_TRENDS@DF_TRENDSSAFETY(1.0),,I,PRT,,A,,CRASHES,,CRA,,ROAD,,_T,,_T,,2013,,30339,,A,,0,,1,
DATAFLOW,OECD.ITF:DSD_TRENDS@DF_TRENDSSAFETY(1.0),,I,PRT,,A,,CRASHES,,CRA,,ROAD,,_T,,_T,,2014,,30604,,A,,0,,1,
DATAFLOW,OECD.ITF:DSD_TRENDS@DF_TRENDSSAFETY(1.0),,I,PRT,,A,,CRASHES,,CRA,,ROAD,,_T,,_T,,2015,,31953,,A,,0,,1,
DATAFLOW,OECD.ITF:DSD_TRENDS@DF_TRENDSSAFETY(1.0),,I,PRT,,A,,CRASHES,,CRA,,ROAD,,_T,,_T,,2016,,32299,,A,,0,,1,
DATAFLOW,OECD.ITF:DSD_TRENDS@DF_TRENDSSAFETY(1.0),,I,PRT,,A,,CRASHES,,CRA,,ROAD,,_T,,_T,,2017,,34416,,A,,0,,1,
DATAFLOW,OECD.ITF:DSD_TRENDS@DF_TRENDSSAFETY(1.0),,I,PRT,,A,,CRASHES,,CRA,,ROAD,,_T,,_T,,2019,,37256,,A,,0,,1,
DATAFLOW,OECD.ITF:DSD_TRENDS@DF_TRENDSSAFETY(1.0),,I,PRT,,A,,CRASHES,,CRA,,ROAD,,_T,,_T,,2020,,27725,,A,,0,,1,
DATAFLOW,OECD.ITF:DSD_TRENDS@DF_TRENDSSAFETY(1.0),,I,PRT,,A,,CRASHES,,CRA,,ROAD,,_T,,_T,,2021,,30691,,A,,0,,1,
DATAFLOW,OECD.ITF:DSD_TRENDS@DF_TRENDSSAFETY(1.0),,I,PRT,,A,,CRASHES,,CRA,,ROAD,,_T,,_T,,2022,,34276,,A,,0,,1,
DATAFLOW,OECD.ITF:DSD_TRENDS@DF_TRENDSSAFETY(1.0),,I,PRT,,A,,CRASHES,,CRA,,ROAD,,_T,,_T,,2023,,36595,,A,,0,,1,
DATAFLOW,OECD.ITF:DSD_TRENDS@DF_TRENDSSAFETY(1.0),,I,SVK,,A,,CRASHES,,CRA,,ROAD,,_T,,_T,,1993,,8492,,A,,0,,1,
DATAFLOW,OECD.ITF:DSD_TRENDS@DF_TRENDSSAFETY(1.0),,I,SVK,,A,,CRASHES,,CRA,,ROAD,,_T,,_T,,1994,,8461,,A,,0,,1,
DATAFLOW,OECD.ITF:DSD_TRENDS@DF_TRENDSSAFETY(1.0),,I,SVK,,A,,CRASHES,,CRA,,ROAD,,_T,,_T,,1995,,8713,,A,,0,,1,
DATAFLOW,OECD.ITF:DSD_TRENDS@DF_TRENDSSAFETY(1.0),,I,SVK,,A,,CRASHES,,CRA,,ROAD,,_T,,_T,,1996,,8824,,A,,0,,1,
DATAFLOW,OECD.ITF:DSD_TRENDS@DF_TRENDSSAFETY(1.0),,I,SVK,,A,,CRASHES,,CRA,,ROAD,,_T,,_T,,1997,,9489,,A,,0,,1,
DATAFLOW,OECD.ITF:DSD_TRENDS@DF_TRENDSSAFETY(1.0),,I,SVK,,A,,CRASHES,,CRA,,ROAD,,_T,,_T,,1998,,9704,,A,,0,,1,
DATAFLOW,OECD.ITF:DSD_TRENDS@DF_TRENDSSAFETY(1.0),,I,SVK,,A,,CRASHES,,CRA,,ROAD,,_T,,_T,,1999,,8578,,A,,0,,1,
DATAFLOW,OECD.ITF:DSD_TRENDS@DF_TRENDSSAFETY(1.0),,I,SVK,,A,,CRASHES,,CRA,,ROAD,,_T,,_T,,2000,,7884,,A,,0,,1,
DATAFLOW,OECD.ITF:DSD_TRENDS@DF_TRENDSSAFETY(1.0),,I,SVK,,A,,CRASHES,,CRA,,ROAD,,_T,,_T,,2001,,8181,,A,,0,,1,
DATAFLOW,OECD.ITF:DSD_TRENDS@DF_TRENDSSAFETY(1.0),,I,SVK,,A,,CRASHES,,CRA,,ROAD,,_T,,_T,,2002,,7866,,A,,0,,1,
DATAFLOW,OECD.ITF:DSD_TRENDS@DF_TRENDSSAFETY(1.0),,I,SVK,,A,,CRASHES,,CRA,,ROAD,,_T,,_T,,2003,,8551,,A,,0,,1,
DATAFLOW,OECD.ITF:DSD_TRENDS@DF_TRENDSSAFETY(1.0),,I,SVK,,A,,CRASHES,,CRA,,ROAD,,_T,,_T,,2004,,8443,,A,,0,,1,
DATAFLOW,OECD.ITF:DSD_TRENDS@DF_TRENDSSAFETY(1.0),,I,SVK,,A,,CRASHES,,CRA,,ROAD,,_T,,_T,,2005,,7903,,A,,0,,1,
DATAFLOW,OECD.ITF:DSD_TRENDS@DF_TRENDSSAFETY(1.0),,I,SVK,,A,,CRASHES,,CRA,,ROAD,,_T,,_T,,2006,,7988,,A,,0,,1,
DATAFLOW,OECD.ITF:DSD_TRENDS@DF_TRENDSSAFETY(1.0),,I,SVK,,A,,CRASHES,,CRA,,ROAD,,_T,,_T,,2007,,8500,,A,,0,,1,
DATAFLOW,OECD.ITF:DSD_TRENDS@DF_TRENDSSAFETY(1.0),,I,SVK,,A,,CRASHES,,CRA,,ROAD,,_T,,_T,,2008,,8343,,A,,0,,1,
DATAFLOW,OECD.ITF:DSD_TRENDS@DF_TRENDSSAFETY(1.0),,I,SVK,,A,,CRASHES,,CRA,,ROAD,,_T,,_T,,2009,,6465,,A,,0,,1,
DATAFLOW,OECD.ITF:DSD_TRENDS@DF_TRENDSSAFETY(1.0),,I,SVK,,A,,CRASHES,,CRA,,ROAD,,_T,,_T,,2010,,6570,,A,,0,,1,
DATAFLOW,OECD.ITF:DSD_TRENDS@DF_TRENDSSAFETY(1.0),,I,SVK,,A,,CRASHES,,CRA,,ROAD,,_T,,_T,,2011,,5775,,A,,0,,1,
DATAFLOW,OECD.ITF:DSD_TRENDS@DF_TRENDSSAFETY(1.0),,I,SVK,,A,,CRASHES,,CRA,,ROAD,,_T,,_T,,2012,,5370,,A,,0,,1,
DATAFLOW,OECD.ITF:DSD_TRENDS@DF_TRENDSSAFETY(1.0),,I,SVK,,A,,CRASHES,,CRA,,ROAD,,_T,,_T,,2013,,5113,,A,,0,,1,
DATAFLOW,OECD.ITF:DSD_TRENDS@DF_TRENDSSAFETY(1.0),,I,SVK,,A,,CRASHES,,CRA,,ROAD,,_T,,_T,,2014,,5391,,A,,0,,1,
DATAFLOW,OECD.ITF:DSD_TRENDS@DF_TRENDSSAFETY(1.0),,I,SVK,,A,,CRASHES,,CRA,,ROAD,,_T,,_T,,2015,,5502,,A,,0,,1,
DATAFLOW,OECD.ITF:DSD_TRENDS@DF_TRENDSSAFETY(1.0),,I,SVK,,A,,CRASHES,,CRA,,ROAD,,_T,,_T,,2016,,5602,,A,,0,,1,
DATAFLOW,OECD.ITF:DSD_TRENDS@DF_TRENDSSAFETY(1.0),,I,SVK,,A,,CRASHES,,CRA,,ROAD,,_T,,_T,,2017,,5638,,A,,0,,1,
DATAFLOW,OECD.ITF:DSD_TRENDS@DF_TRENDSSAFETY(1.0),,I,SVK,,A,,CRASHES,,CRA,,ROAD,,_T,,_T,,2018,,5689,,A,,0,,1,
DATAFLOW,OECD.ITF:DSD_TRENDS@DF_TRENDSSAFETY(1.0),,I,SVK,,A,,CRASHES,,CRA,,ROAD,,_T,,_T,,2019,,5410,,A,,0,,1,
DATAFLOW,OECD.ITF:DSD_TRENDS@DF_TRENDSSAFETY(1.0),,I,SVK,,A,,CRASHES,,CRA,,ROAD,,_T,,_T,,2020,,4555,,A,,0,,1,
DATAFLOW,OECD.ITF:DSD_TRENDS@DF_TRENDSSAFETY(1.0),,I,SVK,,A,,CRASHES,,CRA,,ROAD,,_T,,_T,,2021,,4541,,A,,0,,1,
DATAFLOW,OECD.ITF:DSD_TRENDS@DF_TRENDSSAFETY(1.0),,I,SVK,,A,,CRASHES,,CRA,,ROAD,,_T,,_T,,2022,,4728,,A,,0,,1,
DATAFLOW,OECD.ITF:DSD_TRENDS@DF_TRENDSSAFETY(1.0),,I,SVK,,A,,CRASHES,,CRA,,ROAD,,_T,,_T,,2023,,4849,,A,,0,,1,
DATAFLOW,OECD.ITF:DSD_TRENDS@DF_TRENDSSAFETY(1.0),,I,SVK,,A,,CRASHES,,CRA,,ROAD,,_T,,_T,,2024,,4820,,A,,0,,1,
DATAFLOW,OECD.ITF:DSD_TRENDS@DF_TRENDSSAFETY(1.0),,I,SVN,,A,,CRASHES,,CRA,,ROAD,,_T,,_T,,1970,,8300,,A,,0,,1,
DATAFLOW,OECD.ITF:DSD_TRENDS@DF_TRENDSSAFETY(1.0),,I,SVN,,A,,CRASHES,,CRA,,ROAD,,_T,,_T,,1971,,8672,,A,,0,,1,
DATAFLOW,OECD.ITF:DSD_TRENDS@DF_TRENDSSAFETY(1.0),,I,SVN,,A,,CRASHES,,CRA,,ROAD,,_T,,_T,,1972,,8413,,A,,0,,1,
DATAFLOW,OECD.ITF:DSD_TRENDS@DF_TRENDSSAFETY(1.0),,I,SVN,,A,,CRASHES,,CRA,,ROAD,,_T,,_T,,1973,,8500,,A,,0,,1,
DATAFLOW,OECD.ITF:DSD_TRENDS@DF_TRENDSSAFETY(1.0),,I,SVN,,A,,CRASHES,,CRA,,ROAD,,_T,,_T,,1974,,7936,,A,,0,,1,
DATAFLOW,OECD.ITF:DSD_TRENDS@DF_TRENDSSAFETY(1.0),,I,SVN,,A,,CRASHES,,CRA,,ROAD,,_T,,_T,,1975,,8192,,A,,0,,1,
DATAFLOW,OECD.ITF:DSD_TRENDS@DF_TRENDSSAFETY(1.0),,I,SVN,,A,,CRASHES,,CRA,,ROAD,,_T,,_T,,1976,,8001,,A,,0,,1,
DATAFLOW,OECD.ITF:DSD_TRENDS@DF_TRENDSSAFETY(1.0),,I,SVN,,A,,CRASHES,,CRA,,ROAD,,_T,,_T,,1977,,8911,,A,,0,,1,
DATAFLOW,OECD.ITF:DSD_TRENDS@DF_TRENDSSAFETY(1.0),,I,SVN,,A,,CRASHES,,CRA,,ROAD,,_T,,_T,,1978,,7950,,A,,0,,1,
DATAFLOW,OECD.ITF:DSD_TRENDS@DF_TRENDSSAFETY(1.0),,I,SVN,,A,,CRASHES,,CRA,,ROAD,,_T,,_T,,1979,,7537,,A,,0,,1,
DATAFLOW,OECD.ITF:DSD_TRENDS@DF_TRENDSSAFETY(1.0),,I,SVN,,A,,CRASHES,,CRA,,ROAD,,_T,,_T,,1980,,6941,,A,,0,,1,
DATAFLOW,OECD.ITF:DSD_TRENDS@DF_TRENDSSAFETY(1.0),,I,SVN,,A,,CRASHES,,CRA,,ROAD,,_T,,_T,,1981,,6499,,A,,0,,1,
DATAFLOW,OECD.ITF:DSD_TRENDS@DF_TRENDSSAFETY(1.0),,I,SVN,,A,,CRASHES,,CRA,,ROAD,,_T,,_T,,1982,,6866,,A,,0,,1,
DATAFLOW,OECD.ITF:DSD_TRENDS@DF_TRENDSSAFETY(1.0),,I,SVN,,A,,CRASHES,,CRA,,ROAD,,_T,,_T,,1983,,6070,,A,,0,,1,
DATAFLOW,OECD.ITF:DSD_TRENDS@DF_TRENDSSAFETY(1.0),,I,SVN,,A,,CRASHES,,CRA,,ROAD,,_T,,_T,,1984,,5546,,A,,0,,1,
DATAFLOW,OECD.ITF:DSD_TRENDS@DF_TRENDSSAFETY(1.0),,I,SVN,,A,,CRASHES,,CRA,,ROAD,,_T,,_T,,1985,,5481,,A,,0,,1,
DATAFLOW,OECD.ITF:DSD_TRENDS@DF_TRENDSSAFETY(1.0),,I,SVN,,A,,CRASHES,,CRA,,ROAD,,_T,,_T,,1986,,5942,,A,,0,,1,
DATAFLOW,OECD.ITF:DSD_TRENDS@DF_TRENDSSAFETY(1.0),,I,SVN,,A,,CRASHES,,CRA,,ROAD,,_T,,_T,,1987,,6364,,A,,0,,1,
DATAFLOW,OECD.ITF:DSD_TRENDS@DF_TRENDSSAFETY(1.0),,I,SVN,,A,,CRASHES,,CRA,,ROAD,,_T,,_T,,1988,,6085,,A,,0,,1,
DATAFLOW,OECD.ITF:DSD_TRENDS@DF_TRENDSSAFETY(1.0),,I,SVN,,A,,CRASHES,,CRA,,ROAD,,_T,,_T,,1989,,5825,,A,,0,,1,
DATAFLOW,OECD.ITF:DSD_TRENDS@DF_TRENDSSAFETY(1.0),,I,SVN,,A,,CRASHES,,CRA,,ROAD,,_T,,_T,,1990,,5177,,A,,0,,1,
DATAFLOW,OECD.ITF:DSD_TRENDS@DF_TRENDSSAFETY(1.0),,I,SVN,,A,,CRASHES,,CRA,,ROAD,,_T,,_T,,1991,,5479,,A,,0,,1,
DATAFLOW,OECD.ITF:DSD_TRENDS@DF_TRENDSSAFETY(1.0),,I,SVN,,A,,CRASHES,,CRA,,ROAD,,_T,,_T,,1992,,5882,,A,,0,,1,
DATAFLOW,OECD.ITF:DSD_TRENDS@DF_TRENDSSAFETY(1.0),,I,SVN,,A,,CRASHES,,CRA,,ROAD,,_T,,_T,,1993,,6290,,A,,0,,1,
DATAFLOW,OECD.ITF:DSD_TRENDS@DF_TRENDSSAFETY(1.0),,I,SVN,,A,,CRASHES,,CRA,,ROAD,,_T,,_T,,1994,,6586,,A,,0,,1,
DATAFLOW,OECD.ITF:DSD_TRENDS@DF_TRENDSSAFETY(1.0),,I,SVN,,A,,CRASHES,,CRA,,ROAD,,_T,,_T,,1995,,6540,,A,,0,,1,
DATAFLOW,OECD.ITF:DSD_TRENDS@DF_TRENDSSAFETY(1.0),,I,SVN,,A,,CRASHES,,CRA,,ROAD,,_T,,_T,,1996,,6348,,A,,0,,1,
DATAFLOW,OECD.ITF:DSD_TRENDS@DF_TRENDSSAFETY(1.0),,I,SVN,,A,,CRASHES,,CRA,,ROAD,,_T,,_T,,1997,,6968,,A,,0,,1,
DATAFLOW,OECD.ITF:DSD_TRENDS@DF_TRENDSSAFETY(1.0),,I,SVN,,A,,CRASHES,,CRA,,ROAD,,_T,,_T,,1998,,5837,,A,,0,,1,
DATAFLOW,OECD.ITF:DSD_TRENDS@DF_TRENDSSAFETY(1.0),,I,SVN,,A,,CRASHES,,CRA,,ROAD,,_T,,_T,,1999,,6929,,A,,0,,1,
DATAFLOW,OECD.ITF:DSD_TRENDS@DF_TRENDSSAFETY(1.0),,I,SVN,,A,,CRASHES,,CRA,,ROAD,,_T,,_T,,2000,,8469,,A,,0,,1,
DATAFLOW,OECD.ITF:DSD_TRENDS@DF_TRENDSSAFETY(1.0),,I,SVN,,A,,CRASHES,,CRA,,ROAD,,_T,,_T,,2001,,9199,,A,,0,,1,
DATAFLOW,OECD.ITF:DSD_TRENDS@DF_TRENDSSAFETY(1.0),,I,SVN,,A,,CRASHES,,CRA,,ROAD,,_T,,_T,,2002,,10199,,A,,0,,1,
DATAFLOW,OECD.ITF:DSD_TRENDS@DF_TRENDSSAFETY(1.0),,I,SVN,,A,,CRASHES,,CRA,,ROAD,,_T,,_T,,2003,,11676,,A,,0,,1,
DATAFLOW,OECD.ITF:DSD_TRENDS@DF_TRENDSSAFETY(1.0),,I,SVN,,A,,CRASHES,,CRA,,ROAD,,_T,,_T,,2004,,12721,,A,,0,,1,
DATAFLOW,OECD.ITF:DSD_TRENDS@DF_TRENDSSAFETY(1.0),,I,SVN,,A,,CRASHES,,CRA,,ROAD,,_T,,_T,,2005,,10309,,A,,0,,1,
DATAFLOW,OECD.ITF:DSD_TRENDS@DF_TRENDSSAFETY(1.0),,I,SVN,,A,,CRASHES,,CRA,,ROAD,,_T,,_T,,2006,,11223,,A,,0,,1,
DATAFLOW,OECD.ITF:DSD_TRENDS@DF_TRENDSSAFETY(1.0),,I,SVN,,A,,CRASHES,,CRA,,ROAD,,_T,,_T,,2007,,11414,,A,,0,,1,
DATAFLOW,OECD.ITF:DSD_TRENDS@DF_TRENDSSAFETY(1.0),,I,SVN,,A,,CRASHES,,CRA,,ROAD,,_T,,_T,,2008,,8938,,A,,0,,1,
DATAFLOW,OECD.ITF:DSD_TRENDS@DF_TRENDSSAFETY(1.0),,I,SVN,,A,,CRASHES,,CRA,,ROAD,,_T,,_T,,2009,,8589,,A,,0,,1,
DATAFLOW,OECD.ITF:DSD_TRENDS@DF_TRENDSSAFETY(1.0),,I,SVN,,A,,CRASHES,,CRA,,ROAD,,_T,,_T,,2010,,7560,,A,,0,,1,
DATAFLOW,OECD.ITF:DSD_TRENDS@DF_TRENDSSAFETY(1.0),,I,SVN,,A,,CRASHES,,CRA,,ROAD,,_T,,_T,,2011,,7218,,A,,0,,1,
DATAFLOW,OECD.ITF:DSD_TRENDS@DF_TRENDSSAFETY(1.0),,I,SVN,,A,,CRASHES,,CRA,,ROAD,,_T,,_T,,2012,,6864,,A,,0,,1,
DATAFLOW,OECD.ITF:DSD_TRENDS@DF_TRENDSSAFETY(1.0),,I,SVN,,A,,CRASHES,,CRA,,ROAD,,_T,,_T,,2013,,6542,,A,,0,,1,
DATAFLOW,OECD.ITF:DSD_TRENDS@DF_TRENDSSAFETY(1.0),,I,SVN,,A,,CRASHES,,CRA,,ROAD,,_T,,_T,,2014,,6264,,A,,0,,1,
DATAFLOW,OECD.ITF:DSD_TRENDS@DF_TRENDSSAFETY(1.0),,I,SVN,,A,,CRASHES,,CRA,,ROAD,,_T,,_T,,2015,,6585,,A,,0,,1,
DATAFLOW,OECD.ITF:DSD_TRENDS@DF_TRENDSSAFETY(1.0),,I,SVN,,A,,CRASHES,,CRA,,ROAD,,_T,,_T,,2016,,6495,,A,,0,,1,
DATAFLOW,OECD.ITF:DSD_TRENDS@DF_TRENDSSAFETY(1.0),,I,SVN,,A,,CRASHES,,CRA,,ROAD,,_T,,_T,,2017,,6185,,A,,0,,1,
DATAFLOW,OECD.ITF:DSD_TRENDS@DF_TRENDSSAFETY(1.0),,I,SVN,,A,,CRASHES,,CRA,,ROAD,,_T,,_T,,2018,,6014,,A,,0,,1,
DATAFLOW,OECD.ITF:DSD_TRENDS@DF_TRENDSSAFETY(1.0),,I,SVN,,A,,CRASHES,,CRA,,ROAD,,_T,,_T,,2019,,5993,,A,,0,,1,
DATAFLOW,OECD.ITF:DSD_TRENDS@DF_TRENDSSAFETY(1.0),,I,SVN,,A,,CRASHES,,CRA,,ROAD,,_T,,_T,,2020,,4741,,A,,0,,1,
DATAFLOW,OECD.ITF:DSD_TRENDS@DF_TRENDSSAFETY(1.0),,I,SVN,,A,,CRASHES,,CRA,,ROAD,,_T,,_T,,2021,,5255,,A,,0,,1,
DATAFLOW,OECD.ITF:DSD_TRENDS@DF_TRENDSSAFETY(1.0),,I,SVN,,A,,CRASHES,,CRA,,ROAD,,_T,,_T,,2022,,5946,,A,,0,,1,
DATAFLOW,OECD.ITF:DSD_TRENDS@DF_TRENDSSAFETY(1.0),,I,SVN,,A,,CRASHES,,CRA,,ROAD,,_T,,_T,,2023,,6019,,A,,0,,1,
DATAFLOW,OECD.ITF:DSD_TRENDS@DF_TRENDSSAFETY(1.0),,I,SVN,,A,,CRASHES,,CRA,,ROAD,,_T,,_T,,2024,,5976,,A,,0,,1,
DATAFLOW,OECD.ITF:DSD_TRENDS@DF_TRENDSSAFETY(1.0),,I,ESP,,A,,CRASHES,,CRA,,ROAD,,_T,,_T,,1970,,58000,,A,,0,,1,
DATAFLOW,OECD.ITF:DSD_TRENDS@DF_TRENDSSAFETY(1.0),,I,ESP,,A,,CRASHES,,CRA,,ROAD,,_T,,_T,,1971,,58000,,A,,0,,1,
DATAFLOW,OECD.ITF:DSD_TRENDS@DF_TRENDSSAFETY(1.0),,I,ESP,,A,,CRASHES,,CRA,,ROAD,,_T,,_T,,1972,,62000,,A,,0,,1,
DATAFLOW,OECD.ITF:DSD_TRENDS@DF_TRENDSSAFETY(1.0),,I,ESP,,A,,CRASHES,,CRA,,ROAD,,_T,,_T,,1973,,66000,,A,,0,,1,
DATAFLOW,OECD.ITF:DSD_TRENDS@DF_TRENDSSAFETY(1.0),,I,ESP,,A,,CRASHES,,CRA,,ROAD,,_T,,_T,,1974,,63000,,A,,0,,1,
DATAFLOW,OECD.ITF:DSD_TRENDS@DF_TRENDSSAFETY(1.0),,I,ESP,,A,,CRASHES,,CRA,,ROAD,,_T,,_T,,1975,,62123,,A,,0,,1,
DATAFLOW,OECD.ITF:DSD_TRENDS@DF_TRENDSSAFETY(1.0),,I,ESP,,A,,CRASHES,,CRA,,ROAD,,_T,,_T,,1976,,66000,,A,,0,,1,
DATAFLOW,OECD.ITF:DSD_TRENDS@DF_TRENDSSAFETY(1.0),,I,ESP,,A,,CRASHES,,CRA,,ROAD,,_T,,_T,,1977,,66000,,A,,0,,1,
DATAFLOW,OECD.ITF:DSD_TRENDS@DF_TRENDSSAFETY(1.0),,I,ESP,,A,,CRASHES,,CRA,,ROAD,,_T,,_T,,1978,,70000,,A,,0,,1,
DATAFLOW,OECD.ITF:DSD_TRENDS@DF_TRENDSSAFETY(1.0),,I,ESP,,A,,CRASHES,,CRA,,ROAD,,_T,,_T,,1979,,71000,,A,,0,,1,
DATAFLOW,OECD.ITF:DSD_TRENDS@DF_TRENDSSAFETY(1.0),,I,ESP,,A,,CRASHES,,CRA,,ROAD,,_T,,_T,,1980,,67803,,A,,0,,1,
DATAFLOW,OECD.ITF:DSD_TRENDS@DF_TRENDSSAFETY(1.0),,I,ESP,,A,,CRASHES,,CRA,,ROAD,,_T,,_T,,1981,,67012,,A,,0,,1,
DATAFLOW,OECD.ITF:DSD_TRENDS@DF_TRENDSSAFETY(1.0),,I,ESP,,A,,CRASHES,,CRA,,ROAD,,_T,,_T,,1982,,63585,,A,,0,,1,
DATAFLOW,OECD.ITF:DSD_TRENDS@DF_TRENDSSAFETY(1.0),,I,ESP,,A,,CRASHES,,CRA,,ROAD,,_T,,_T,,1983,,72329,,A,,0,,1,
DATAFLOW,OECD.ITF:DSD_TRENDS@DF_TRENDSSAFETY(1.0),,I,ESP,,A,,CRASHES,,CRA,,ROAD,,_T,,_T,,1984,,74111,,A,,0,,1,
DATAFLOW,OECD.ITF:DSD_TRENDS@DF_TRENDSSAFETY(1.0),,I,ESP,,A,,CRASHES,,CRA,,ROAD,,_T,,_T,,1985,,81234,,A,,0,,1,
DATAFLOW,OECD.ITF:DSD_TRENDS@DF_TRENDSSAFETY(1.0),,I,ESP,,A,,CRASHES,,CRA,,ROAD,,_T,,_T,,1986,,87703,,A,,0,,1,
DATAFLOW,OECD.ITF:DSD_TRENDS@DF_TRENDSSAFETY(1.0),,I,ESP,,A,,CRASHES,,CRA,,ROAD,,_T,,_T,,1987,,98182,,A,,0,,1,
DATAFLOW,OECD.ITF:DSD_TRENDS@DF_TRENDSSAFETY(1.0),,I,ESP,,A,,CRASHES,,CRA,,ROAD,,_T,,_T,,1988,,106356,,A,,0,,1,
DATAFLOW,OECD.ITF:DSD_TRENDS@DF_TRENDSSAFETY(1.0),,I,ESP,,A,,CRASHES,,CRA,,ROAD,,_T,,_T,,1989,,109804,,A,,0,,1,
DATAFLOW,OECD.ITF:DSD_TRENDS@DF_TRENDSSAFETY(1.0),,I,ESP,,A,,CRASHES,,CRA,,ROAD,,_T,,_T,,1990,,101507,,A,,0,,1,
DATAFLOW,OECD.ITF:DSD_TRENDS@DF_TRENDSSAFETY(1.0),,I,ESP,,A,,CRASHES,,CRA,,ROAD,,_T,,_T,,1991,,98128,,A,,0,,1,
DATAFLOW,OECD.ITF:DSD_TRENDS@DF_TRENDSSAFETY(1.0),,I,ESP,,A,,CRASHES,,CRA,,ROAD,,_T,,_T,,1992,,87293,,A,,0,,1,
DATAFLOW,OECD.ITF:DSD_TRENDS@DF_TRENDSSAFETY(1.0),,I,ESP,,A,,CRASHES,,CRA,,ROAD,,_T,,_T,,1993,,79925,,A,,0,,1,
DATAFLOW,OECD.ITF:DSD_TRENDS@DF_TRENDSSAFETY(1.0),,I,ESP,,A,,CRASHES,,CRA,,ROAD,,_T,,_T,,1994,,78474,,A,,0,,1,
DATAFLOW,OECD.ITF:DSD_TRENDS@DF_TRENDSSAFETY(1.0),,I,ESP,,A,,CRASHES,,CRA,,ROAD,,_T,,_T,,1995,,83586,,A,,0,,1,
DATAFLOW,OECD.ITF:DSD_TRENDS@DF_TRENDSSAFETY(1.0),,I,ESP,,A,,CRASHES,,CRA,,ROAD,,_T,,_T,,1996,,85588,,A,,0,,1,
DATAFLOW,OECD.ITF:DSD_TRENDS@DF_TRENDSSAFETY(1.0),,I,ESP,,A,,CRASHES,,CRA,,ROAD,,_T,,_T,,1997,,86067,,A,,0,,1,
DATAFLOW,OECD.ITF:DSD_TRENDS@DF_TRENDSSAFETY(1.0),,I,ESP,,A,,CRASHES,,CRA,,ROAD,,_T,,_T,,1998,,97570,,A,,0,,1,
DATAFLOW,OECD.ITF:DSD_TRENDS@DF_TRENDSSAFETY(1.0),,I,ESP,,A,,CRASHES,,CRA,,ROAD,,_T,,_T,,1999,,97811,,A,,0,,1,
DATAFLOW,OECD.ITF:DSD_TRENDS@DF_TRENDSSAFETY(1.0),,I,ESP,,A,,CRASHES,,CRA,,ROAD,,_T,,_T,,2000,,101729,,A,,0,,1,
DATAFLOW,OECD.ITF:DSD_TRENDS@DF_TRENDSSAFETY(1.0),,I,ESP,,A,,CRASHES,,CRA,,ROAD,,_T,,_T,,2001,,100393,,A,,0,,1,
DATAFLOW,OECD.ITF:DSD_TRENDS@DF_TRENDSSAFETY(1.0),,I,ESP,,A,,CRASHES,,CRA,,ROAD,,_T,,_T,,2002,,98433,,A,,0,,1,
DATAFLOW,OECD.ITF:DSD_TRENDS@DF_TRENDSSAFETY(1.0),,I,ESP,,A,,CRASHES,,CRA,,ROAD,,_T,,_T,,2003,,99987,,A,,0,,1,
DATAFLOW,OECD.ITF:DSD_TRENDS@DF_TRENDSSAFETY(1.0),,I,ESP,,A,,CRASHES,,CRA,,ROAD,,_T,,_T,,2004,,94009,,A,,0,,1,
DATAFLOW,OECD.ITF:DSD_TRENDS@DF_TRENDSSAFETY(1.0),,I,ESP,,A,,CRASHES,,CRA,,ROAD,,_T,,_T,,2005,,91187,,A,,0,,1,
DATAFLOW,OECD.ITF:DSD_TRENDS@DF_TRENDSSAFETY(1.0),,I,ESP,,A,,CRASHES,,CRA,,ROAD,,_T,,_T,,2006,,99797,,A,,0,,1,
DATAFLOW,OECD.ITF:DSD_TRENDS@DF_TRENDSSAFETY(1.0),,I,ESP,,A,,CRASHES,,CRA,,ROAD,,_T,,_T,,2007,,100508,,A,,0,,1,
DATAFLOW,OECD.ITF:DSD_TRENDS@DF_TRENDSSAFETY(1.0),,I,ESP,,A,,CRASHES,,CRA,,ROAD,,_T,,_T,,2008,,93161,,A,,0,,1,
DATAFLOW,OECD.ITF:DSD_TRENDS@DF_TRENDSSAFETY(1.0),,I,ESP,,A,,CRASHES,,CRA,,ROAD,,_T,,_T,,2009,,88251,,A,,0,,1,
DATAFLOW,OECD.ITF:DSD_TRENDS@DF_TRENDSSAFETY(1.0),,I,ESP,,A,,CRASHES,,CRA,,ROAD,,_T,,_T,,2010,,85503,,A,,0,,1,
DATAFLOW,OECD.ITF:DSD_TRENDS@DF_TRENDSSAFETY(1.0),,I,ESP,,A,,CRASHES,,CRA,,ROAD,,_T,,_T,,2011,,83027,,A,,0,,1,
DATAFLOW,OECD.ITF:DSD_TRENDS@DF_TRENDSSAFETY(1.0),,I,ESP,,A,,CRASHES,,CRA,,ROAD,,_T,,_T,,2012,,83115,,A,,0,,1,
DATAFLOW,OECD.ITF:DSD_TRENDS@DF_TRENDSSAFETY(1.0),,I,ESP,,A,,CRASHES,,CRA,,ROAD,,_T,,_T,,2013,,89519,,A,,0,,1,
DATAFLOW,OECD.ITF:DSD_TRENDS@DF_TRENDSSAFETY(1.0),,I,ESP,,A,,CRASHES,,CRA,,ROAD,,_T,,_T,,2014,,91570,,A,,0,,1,
DATAFLOW,OECD.ITF:DSD_TRENDS@DF_TRENDSSAFETY(1.0),,I,ESP,,A,,CRASHES,,CRA,,ROAD,,_T,,_T,,2015,,97756,,A,,0,,1,
DATAFLOW,OECD.ITF:DSD_TRENDS@DF_TRENDSSAFETY(1.0),,I,ESP,,A,,CRASHES,,CRA,,ROAD,,_T,,_T,,2016,,102362,,A,,0,,1,
DATAFLOW,OECD.ITF:DSD_TRENDS@DF_TRENDSSAFETY(1.0),,I,ESP,,A,,CRASHES,,CRA,,ROAD,,_T,,_T,,2017,,102233,,A,,0,,1,
DATAFLOW,OECD.ITF:DSD_TRENDS@DF_TRENDSSAFETY(1.0),,I,ESP,,A,,CRASHES,,CRA,,ROAD,,_T,,_T,,2018,,102299,,A,,0,,1,
DATAFLOW,OECD.ITF:DSD_TRENDS@DF_TRENDSSAFETY(1.0),,I,ESP,,A,,CRASHES,,CRA,,ROAD,,_T,,_T,,2019,,104080,,A,,0,,1,
DATAFLOW,OECD.ITF:DSD_TRENDS@DF_TRENDSSAFETY(1.0),,I,ESP,,A,,CRASHES,,CRA,,ROAD,,_T,,_T,,2020,,72959,,A,,0,,1,
DATAFLOW,OECD.ITF:DSD_TRENDS@DF_TRENDSSAFETY(1.0),,I,ESP,,A,,CRASHES,,CRA,,ROAD,,_T,,_T,,2021,,89862,,A,,0,,1,
DATAFLOW,OECD.ITF:DSD_TRENDS@DF_TRENDSSAFETY(1.0),,I,ESP,,A,,CRASHES,,CRA,,ROAD,,_T,,_T,,2022,,97916,,A,,0,,1,
DATAFLOW,OECD.ITF:DSD_TRENDS@DF_TRENDSSAFETY(1.0),,I,ESP,,A,,CRASHES,,CRA,,ROAD,,_T,,_T,,2023,,101306,,A,,0,,1,
DATAFLOW,OECD.ITF:DSD_TRENDS@DF_TRENDSSAFETY(1.0),,I,SWE,,A,,CRASHES,,CRA,,ROAD,,_T,,_T,,1970,,16636,,A,,0,,1,
DATAFLOW,OECD.ITF:DSD_TRENDS@DF_TRENDSSAFETY(1.0),,I,SWE,,A,,CRASHES,,CRA,,ROAD,,_T,,_T,,1971,,16422,,A,,0,,1,
DATAFLOW,OECD.ITF:DSD_TRENDS@DF_TRENDSSAFETY(1.0),,I,SWE,,A,,CRASHES,,CRA,,ROAD,,_T,,_T,,1972,,16013,,A,,0,,1,
DATAFLOW,OECD.ITF:DSD_TRENDS@DF_TRENDSSAFETY(1.0),,I,SWE,,A,,CRASHES,,CRA,,ROAD,,_T,,_T,,1973,,16902,,A,,0,,1,
DATAFLOW,OECD.ITF:DSD_TRENDS@DF_TRENDSSAFETY(1.0),,I,SWE,,A,,CRASHES,,CRA,,ROAD,,_T,,_T,,1974,,16043,,A,,0,,1,
DATAFLOW,OECD.ITF:DSD_TRENDS@DF_TRENDSSAFETY(1.0),,I,SWE,,A,,CRASHES,,CRA,,ROAD,,_T,,_T,,1975,,16047,,A,,0,,1,
DATAFLOW,OECD.ITF:DSD_TRENDS@DF_TRENDSSAFETY(1.0),,I,SWE,,A,,CRASHES,,CRA,,ROAD,,_T,,_T,,1976,,17043,,A,,0,,1,
DATAFLOW,OECD.ITF:DSD_TRENDS@DF_TRENDSSAFETY(1.0),,I,SWE,,A,,CRASHES,,CRA,,ROAD,,_T,,_T,,1977,,16229,,A,,0,,1,
DATAFLOW,OECD.ITF:DSD_TRENDS@DF_TRENDSSAFETY(1.0),,I,SWE,,A,,CRASHES,,CRA,,ROAD,,_T,,_T,,1978,,16028,,A,,0,,1,
DATAFLOW,OECD.ITF:DSD_TRENDS@DF_TRENDSSAFETY(1.0),,I,SWE,,A,,CRASHES,,CRA,,ROAD,,_T,,_T,,1979,,15424,,A,,0,,1,
DATAFLOW,OECD.ITF:DSD_TRENDS@DF_TRENDSSAFETY(1.0),,I,SWE,,A,,CRASHES,,CRA,,ROAD,,_T,,_T,,1980,,15231,,A,,0,,1,
DATAFLOW,OECD.ITF:DSD_TRENDS@DF_TRENDSSAFETY(1.0),,I,SWE,,A,,CRASHES,,CRA,,ROAD,,_T,,_T,,1981,,14801,,A,,0,,1,
DATAFLOW,OECD.ITF:DSD_TRENDS@DF_TRENDSSAFETY(1.0),,I,SWE,,A,,CRASHES,,CRA,,ROAD,,_T,,_T,,1982,,15288,,A,,0,,1,
DATAFLOW,OECD.ITF:DSD_TRENDS@DF_TRENDSSAFETY(1.0),,I,SWE,,A,,CRASHES,,CRA,,ROAD,,_T,,_T,,1983,,15848,,A,,0,,1,
DATAFLOW,OECD.ITF:DSD_TRENDS@DF_TRENDSSAFETY(1.0),,I,SWE,,A,,CRASHES,,CRA,,ROAD,,_T,,_T,,1984,,16531,,A,,0,,1,
DATAFLOW,OECD.ITF:DSD_TRENDS@DF_TRENDSSAFETY(1.0),,I,SWE,,A,,CRASHES,,CRA,,ROAD,,_T,,_T,,1985,,15929,,A,,0,,1,
DATAFLOW,OECD.ITF:DSD_TRENDS@DF_TRENDSSAFETY(1.0),,I,SWE,,A,,CRASHES,,CRA,,ROAD,,_T,,_T,,1986,,16677,,A,,0,,1,
DATAFLOW,OECD.ITF:DSD_TRENDS@DF_TRENDSSAFETY(1.0),,I,SWE,,A,,CRASHES,,CRA,,ROAD,,_T,,_T,,1987,,15652,,A,,0,,1,
DATAFLOW,OECD.ITF:DSD_TRENDS@DF_TRENDSSAFETY(1.0),,I,SWE,,A,,CRASHES,,CRA,,ROAD,,_T,,_T,,1988,,17207,,A,,0,,1,
DATAFLOW,OECD.ITF:DSD_TRENDS@DF_TRENDSSAFETY(1.0),,I,SWE,,A,,CRASHES,,CRA,,ROAD,,_T,,_T,,1989,,17969,,A,,0,,1,
DATAFLOW,OECD.ITF:DSD_TRENDS@DF_TRENDSSAFETY(1.0),,I,SWE,,A,,CRASHES,,CRA,,ROAD,,_T,,_T,,1990,,16975,,A,,0,,1,
DATAFLOW,OECD.ITF:DSD_TRENDS@DF_TRENDSSAFETY(1.0),,I,SWE,,A,,CRASHES,,CRA,,ROAD,,_T,,_T,,1991,,16003,,A,,0,,1,
DATAFLOW,OECD.ITF:DSD_TRENDS@DF_TRENDSSAFETY(1.0),,I,SWE,,A,,CRASHES,,CRA,,ROAD,,_T,,_T,,1992,,15599,,A,,0,,1,
DATAFLOW,OECD.ITF:DSD_TRENDS@DF_TRENDSSAFETY(1.0),,I,SWE,,A,,CRASHES,,CRA,,ROAD,,_T,,_T,,1993,,14959,,A,,0,,1,
DATAFLOW,OECD.ITF:DSD_TRENDS@DF_TRENDSSAFETY(1.0),,I,SWE,,A,,CRASHES,,CRA,,ROAD,,_T,,_T,,1994,,15888,,A,,0,,1,
DATAFLOW,OECD.ITF:DSD_TRENDS@DF_TRENDSSAFETY(1.0),,I,SWE,,A,,CRASHES,,CRA,,ROAD,,_T,,_T,,1995,,15626,,A,,0,,1,
DATAFLOW,OECD.ITF:DSD_TRENDS@DF_TRENDSSAFETY(1.0),,I,SWE,,A,,CRASHES,,CRA,,ROAD,,_T,,_T,,1996,,15321,,A,,0,,1,
DATAFLOW,OECD.ITF:DSD_TRENDS@DF_TRENDSSAFETY(1.0),,I,SWE,,A,,CRASHES,,CRA,,ROAD,,_T,,_T,,1997,,15752,,A,,0,,1,
DATAFLOW,OECD.ITF:DSD_TRENDS@DF_TRENDSSAFETY(1.0),,I,SWE,,A,,CRASHES,,CRA,,ROAD,,_T,,_T,,1998,,15514,,A,,0,,1,
DATAFLOW,OECD.ITF:DSD_TRENDS@DF_TRENDSSAFETY(1.0),,I,SWE,,A,,CRASHES,,CRA,,ROAD,,_T,,_T,,1999,,15834,,A,,0,,1,
DATAFLOW,OECD.ITF:DSD_TRENDS@DF_TRENDSSAFETY(1.0),,I,SWE,,A,,CRASHES,,CRA,,ROAD,,_T,,_T,,2000,,15770,,A,,0,,1,
DATAFLOW,OECD.ITF:DSD_TRENDS@DF_TRENDSSAFETY(1.0),,I,SWE,,A,,CRASHES,,CRA,,ROAD,,_T,,_T,,2001,,15796,,A,,0,,1,
DATAFLOW,OECD.ITF:DSD_TRENDS@DF_TRENDSSAFETY(1.0),,I,SWE,,A,,CRASHES,,CRA,,ROAD,,_T,,_T,,2002,,16947,,A,,0,,1,
DATAFLOW,OECD.ITF:DSD_TRENDS@DF_TRENDSSAFETY(1.0),,I,SWE,,A,,CRASHES,,CRA,,ROAD,,_T,,_T,,2003,,18365,,A,,0,,1,
DATAFLOW,OECD.ITF:DSD_TRENDS@DF_TRENDSSAFETY(1.0),,I,SWE,,A,,CRASHES,,CRA,,ROAD,,_T,,_T,,2004,,18029,,A,,0,,1,
DATAFLOW,OECD.ITF:DSD_TRENDS@DF_TRENDSSAFETY(1.0),,I,SWE,,A,,CRASHES,,CRA,,ROAD,,_T,,_T,,2005,,18094,,A,,0,,1,
DATAFLOW,OECD.ITF:DSD_TRENDS@DF_TRENDSSAFETY(1.0),,I,SWE,,A,,CRASHES,,CRA,,ROAD,,_T,,_T,,2006,,18213,,A,,0,,1,
DATAFLOW,OECD.ITF:DSD_TRENDS@DF_TRENDSSAFETY(1.0),,I,SWE,,A,,CRASHES,,CRA,,ROAD,,_T,,_T,,2007,,18548,,A,,0,,1,
DATAFLOW,OECD.ITF:DSD_TRENDS@DF_TRENDSSAFETY(1.0),,I,SWE,,A,,CRASHES,,CRA,,ROAD,,_T,,_T,,2008,,18462,,A,,0,,1,
DATAFLOW,OECD.ITF:DSD_TRENDS@DF_TRENDSSAFETY(1.0),,I,SWE,,A,,CRASHES,,CRA,,ROAD,,_T,,_T,,2009,,17858,,A,,0,,1,
DATAFLOW,OECD.ITF:DSD_TRENDS@DF_TRENDSSAFETY(1.0),,I,SWE,,A,,CRASHES,,CRA,,ROAD,,_T,,_T,,2011,,16119,,A,,0,,1,
DATAFLOW,OECD.ITF:DSD_TRENDS@DF_TRENDSSAFETY(1.0),,I,SWE,,A,,CRASHES,,CRA,,ROAD,,_T,,_T,,2012,,16458,,A,,0,,1,
DATAFLOW,OECD.ITF:DSD_TRENDS@DF_TRENDSSAFETY(1.0),,I,SWE,,A,,CRASHES,,CRA,,ROAD,,_T,,_T,,2013,,14815,,A,,0,,1,
DATAFLOW,OECD.ITF:DSD_TRENDS@DF_TRENDSSAFETY(1.0),,I,SWE,,A,,CRASHES,,CRA,,ROAD,,_T,,_T,,2014,,12926,,A,,0,,1,
DATAFLOW,OECD.ITF:DSD_TRENDS@DF_TRENDSSAFETY(1.0),,I,SWE,,A,,CRASHES,,CRA,,ROAD,,_T,,_T,,2015,,14672,,A,,0,,1,
DATAFLOW,OECD.ITF:DSD_TRENDS@DF_TRENDSSAFETY(1.0),,I,SWE,,A,,CRASHES,,CRA,,ROAD,,_T,,_T,,2016,,14051,,A,,0,,1,
DATAFLOW,OECD.ITF:DSD_TRENDS@DF_TRENDSSAFETY(1.0),,I,SWE,,A,,CRASHES,,CRA,,ROAD,,_T,,_T,,2017,,14849,,A,,0,,1,
DATAFLOW,OECD.ITF:DSD_TRENDS@DF_TRENDSSAFETY(1.0),,I,SWE,,A,,CRASHES,,CRA,,ROAD,,_T,,_T,,2018,,14233,,A,,0,,1,
DATAFLOW,OECD.ITF:DSD_TRENDS@DF_TRENDSSAFETY(1.0),,I,SWE,,A,,CRASHES,,CRA,,ROAD,,_T,,_T,,2019,,13684,,A,,0,,1,
DATAFLOW,OECD.ITF:DSD_TRENDS@DF_TRENDSSAFETY(1.0),,I,SWE,,A,,CRASHES,,CRA,,ROAD,,_T,,_T,,2020,,12243,,A,,0,,1,
DATAFLOW,OECD.ITF:DSD_TRENDS@DF_TRENDSSAFETY(1.0),,I,SWE,,A,,CRASHES,,CRA,,ROAD,,_T,,_T,,2021,,12625,,A,,0,,1,
DATAFLOW,OECD.ITF:DSD_TRENDS@DF_TRENDSSAFETY(1.0),,I,SWE,,A,,CRASHES,,CRA,,ROAD,,_T,,_T,,2022,,12608,,A,,0,,1,
DATAFLOW,OECD.ITF:DSD_TRENDS@DF_TRENDSSAFETY(1.0),,I,SWE,,A,,CRASHES,,CRA,,ROAD,,_T,,_T,,2023,,11733,,A,,0,,1,
DATAFLOW,OECD.ITF:DSD_TRENDS@DF_TRENDSSAFETY(1.0),,I,SWE,,A,,CRASHES,,CRA,,ROAD,,_T,,_T,,2024,,11250,,A,,0,,1,
DATAFLOW,OECD.ITF:DSD_TRENDS@DF_TRENDSSAFETY(1.0),,I,CHE,,A,,CRASHES,,CRA,,ROAD,,_T,,_T,,1970,,28651,,A,,0,,1,
DATAFLOW,OECD.ITF:DSD_TRENDS@DF_TRENDSSAFETY(1.0),,I,CHE,,A,,CRASHES,,CRA,,ROAD,,_T,,_T,,1971,,29455,,A,,0,,1,
DATAFLOW,OECD.ITF:DSD_TRENDS@DF_TRENDSSAFETY(1.0),,I,CHE,,A,,CRASHES,,CRA,,ROAD,,_T,,_T,,1972,,29199,,A,,0,,1,
DATAFLOW,OECD.ITF:DSD_TRENDS@DF_TRENDSSAFETY(1.0),,I,CHE,,A,,CRASHES,,CRA,,ROAD,,_T,,_T,,1973,,26146,,A,,0,,1,
DATAFLOW,OECD.ITF:DSD_TRENDS@DF_TRENDSSAFETY(1.0),,I,CHE,,A,,CRASHES,,CRA,,ROAD,,_T,,_T,,1974,,25471,,A,,0,,1,
DATAFLOW,OECD.ITF:DSD_TRENDS@DF_TRENDSSAFETY(1.0),,I,CHE,,A,,CRASHES,,CRA,,ROAD,,_T,,_T,,1975,,24055,,A,,0,,1,
DATAFLOW,OECD.ITF:DSD_TRENDS@DF_TRENDSSAFETY(1.0),,I,CHE,,A,,CRASHES,,CRA,,ROAD,,_T,,_T,,1976,,23545,,A,,0,,1,
DATAFLOW,OECD.ITF:DSD_TRENDS@DF_TRENDSSAFETY(1.0),,I,CHE,,A,,CRASHES,,CRA,,ROAD,,_T,,_T,,1977,,25066,,A,,0,,1,
DATAFLOW,OECD.ITF:DSD_TRENDS@DF_TRENDSSAFETY(1.0),,I,CHE,,A,,CRASHES,,CRA,,ROAD,,_T,,_T,,1978,,25623,,A,,0,,1,
DATAFLOW,OECD.ITF:DSD_TRENDS@DF_TRENDSSAFETY(1.0),,I,CHE,,A,,CRASHES,,CRA,,ROAD,,_T,,_T,,1979,,25837,,A,,0,,1,
DATAFLOW,OECD.ITF:DSD_TRENDS@DF_TRENDSSAFETY(1.0),,I,CHE,,A,,CRASHES,,CRA,,ROAD,,_T,,_T,,1980,,25649,,A,,0,,1,
DATAFLOW,OECD.ITF:DSD_TRENDS@DF_TRENDSSAFETY(1.0),,I,CHE,,A,,CRASHES,,CRA,,ROAD,,_T,,_T,,1981,,25245,,A,,0,,1,
DATAFLOW,OECD.ITF:DSD_TRENDS@DF_TRENDSSAFETY(1.0),,I,CHE,,A,,CRASHES,,CRA,,ROAD,,_T,,_T,,1982,,25535,,A,,0,,1,
DATAFLOW,OECD.ITF:DSD_TRENDS@DF_TRENDSSAFETY(1.0),,I,CHE,,A,,CRASHES,,CRA,,ROAD,,_T,,_T,,1983,,26223,,A,,0,,1,
DATAFLOW,OECD.ITF:DSD_TRENDS@DF_TRENDSSAFETY(1.0),,I,CHE,,A,,CRASHES,,CRA,,ROAD,,_T,,_T,,1984,,25076,,A,,0,,1,
DATAFLOW,OECD.ITF:DSD_TRENDS@DF_TRENDSSAFETY(1.0),,I,CHE,,A,,CRASHES,,CRA,,ROAD,,_T,,_T,,1985,,24302,,A,,0,,1,
DATAFLOW,OECD.ITF:DSD_TRENDS@DF_TRENDSSAFETY(1.0),,I,CHE,,A,,CRASHES,,CRA,,ROAD,,_T,,_T,,1986,,24700,,A,,0,,1,
DATAFLOW,OECD.ITF:DSD_TRENDS@DF_TRENDSSAFETY(1.0),,I,CHE,,A,,CRASHES,,CRA,,ROAD,,_T,,_T,,1987,,23773,,A,,0,,1,
DATAFLOW,OECD.ITF:DSD_TRENDS@DF_TRENDSSAFETY(1.0),,I,CHE,,A,,CRASHES,,CRA,,ROAD,,_T,,_T,,1988,,24544,,A,,0,,1,
DATAFLOW,OECD.ITF:DSD_TRENDS@DF_TRENDSSAFETY(1.0),,I,CHE,,A,,CRASHES,,CRA,,ROAD,,_T,,_T,,1989,,24606,,A,,0,,1,
DATAFLOW,OECD.ITF:DSD_TRENDS@DF_TRENDSSAFETY(1.0),,I,CHE,,A,,CRASHES,,CRA,,ROAD,,_T,,_T,,1990,,23834,,A,,0,,1,
DATAFLOW,OECD.ITF:DSD_TRENDS@DF_TRENDSSAFETY(1.0),,I,CHE,,A,,CRASHES,,CRA,,ROAD,,_T,,_T,,1991,,22821,,A,,0,,1,
DATAFLOW,OECD.ITF:DSD_TRENDS@DF_TRENDSSAFETY(1.0),,I,CHE,,A,,CRASHES,,CRA,,ROAD,,_T,,_T,,1992,,23272,,A,,0,,1,
DATAFLOW,OECD.ITF:DSD_TRENDS@DF_TRENDSSAFETY(1.0),,I,CHE,,A,,CRASHES,,CRA,,ROAD,,_T,,_T,,1993,,22852,,A,,0,,1,
DATAFLOW,OECD.ITF:DSD_TRENDS@DF_TRENDSSAFETY(1.0),,I,CHE,,A,,CRASHES,,CRA,,ROAD,,_T,,_T,,1994,,23527,,A,,0,,1,
DATAFLOW,OECD.ITF:DSD_TRENDS@DF_TRENDSSAFETY(1.0),,I,CHE,,A,,CRASHES,,CRA,,ROAD,,_T,,_T,,1995,,23030,,A,,0,,1,
DATAFLOW,OECD.ITF:DSD_TRENDS@DF_TRENDSSAFETY(1.0),,I,CHE,,A,,CRASHES,,CRA,,ROAD,,_T,,_T,,1996,,21578,,A,,0,,1,
DATAFLOW,OECD.ITF:DSD_TRENDS@DF_TRENDSSAFETY(1.0),,I,CHE,,A,,CRASHES,,CRA,,ROAD,,_T,,_T,,1997,,22075,,A,,0,,1,
DATAFLOW,OECD.ITF:DSD_TRENDS@DF_TRENDSSAFETY(1.0),,I,CHE,,A,,CRASHES,,CRA,,ROAD,,_T,,_T,,1998,,22232,,A,,0,,1,
DATAFLOW,OECD.ITF:DSD_TRENDS@DF_TRENDSSAFETY(1.0),,I,CHE,,A,,CRASHES,,CRA,,ROAD,,_T,,_T,,1999,,23434,,A,,0,,1,
DATAFLOW,OECD.ITF:DSD_TRENDS@DF_TRENDSSAFETY(1.0),,I,CHE,,A,,CRASHES,,CRA,,ROAD,,_T,,_T,,2000,,23737,,A,,0,,1,
DATAFLOW,OECD.ITF:DSD_TRENDS@DF_TRENDSSAFETY(1.0),,I,CHE,,A,,CRASHES,,CRA,,ROAD,,_T,,_T,,2001,,23896,,A,,0,,1,
DATAFLOW,OECD.ITF:DSD_TRENDS@DF_TRENDSSAFETY(1.0),,I,CHE,,A,,CRASHES,,CRA,,ROAD,,_T,,_T,,2002,,23647,,A,,0,,1,
DATAFLOW,OECD.ITF:DSD_TRENDS@DF_TRENDSSAFETY(1.0),,I,CHE,,A,,CRASHES,,CRA,,ROAD,,_T,,_T,,2003,,23840,,A,,0,,1,
DATAFLOW,OECD.ITF:DSD_TRENDS@DF_TRENDSSAFETY(1.0),,I,CHE,,A,,CRASHES,,CRA,,ROAD,,_T,,_T,,2004,,22891,,A,,0,,1,
DATAFLOW,OECD.ITF:DSD_TRENDS@DF_TRENDSSAFETY(1.0),,I,CHE,,A,,CRASHES,,CRA,,ROAD,,_T,,_T,,2005,,21706,,A,,0,,1,
DATAFLOW,OECD.ITF:DSD_TRENDS@DF_TRENDSSAFETY(1.0),,I,CHE,,A,,CRASHES,,CRA,,ROAD,,_T,,_T,,2006,,21491,,A,,0,,1,
DATAFLOW,OECD.ITF:DSD_TRENDS@DF_TRENDSSAFETY(1.0),,I,CHE,,A,,CRASHES,,CRA,,ROAD,,_T,,_T,,2007,,21911,,A,,0,,1,
DATAFLOW,OECD.ITF:DSD_TRENDS@DF_TRENDSSAFETY(1.0),,I,CHE,,A,,CRASHES,,CRA,,ROAD,,_T,,_T,,2008,,20736,,A,,0,,1,
DATAFLOW,OECD.ITF:DSD_TRENDS@DF_TRENDSSAFETY(1.0),,I,CHE,,A,,CRASHES,,CRA,,ROAD,,_T,,_T,,2009,,20506,,A,,0,,1,
DATAFLOW,OECD.ITF:DSD_TRENDS@DF_TRENDSSAFETY(1.0),,I,CHE,,A,,CRASHES,,CRA,,ROAD,,_T,,_T,,2010,,19609,,A,,0,,1,
DATAFLOW,OECD.ITF:DSD_TRENDS@DF_TRENDSSAFETY(1.0),,I,CHE,,A,,CRASHES,,CRA,,ROAD,,_T,,_T,,2011,,18990,,A,,0,,1,
DATAFLOW,OECD.ITF:DSD_TRENDS@DF_TRENDSSAFETY(1.0),,I,CHE,,A,,CRASHES,,CRA,,ROAD,,_T,,_T,,2012,,18148,,A,,0,,1,
DATAFLOW,OECD.ITF:DSD_TRENDS@DF_TRENDSSAFETY(1.0),,I,CHE,,A,,CRASHES,,CRA,,ROAD,,_T,,_T,,2013,,17473,,A,,0,,1,
DATAFLOW,OECD.ITF:DSD_TRENDS@DF_TRENDSSAFETY(1.0),,I,CHE,,A,,CRASHES,,CRA,,ROAD,,_T,,_T,,2014,,17803,,A,,0,,1,
DATAFLOW,OECD.ITF:DSD_TRENDS@DF_TRENDSSAFETY(1.0),,I,CHE,,A,,CRASHES,,CRA,,ROAD,,_T,,_T,,2015,,17736,,A,,0,,1,
DATAFLOW,OECD.ITF:DSD_TRENDS@DF_TRENDSSAFETY(1.0),,I,CHE,,A,,CRASHES,,CRA,,ROAD,,_T,,_T,,2016,,17577,,A,,0,,1,
DATAFLOW,OECD.ITF:DSD_TRENDS@DF_TRENDSSAFETY(1.0),,I,CHE,,A,,CRASHES,,CRA,,ROAD,,_T,,_T,,2017,,17799,,A,,0,,1,
DATAFLOW,OECD.ITF:DSD_TRENDS@DF_TRENDSSAFETY(1.0),,I,CHE,,A,,CRASHES,,CRA,,ROAD,,_T,,_T,,2018,,18033,,A,,0,,1,
DATAFLOW,OECD.ITF:DSD_TRENDS@DF_TRENDSSAFETY(1.0),,I,CHE,,A,,CRASHES,,CRA,,ROAD,,_T,,_T,,2019,,17761,,A,,0,,1,
DATAFLOW,OECD.ITF:DSD_TRENDS@DF_TRENDSSAFETY(1.0),,I,CHE,,A,,CRASHES,,CRA,,ROAD,,_T,,_T,,2020,,16897,,A,,0,,1,
DATAFLOW,OECD.ITF:DSD_TRENDS@DF_TRENDSSAFETY(1.0),,I,CHE,,A,,CRASHES,,CRA,,ROAD,,_T,,_T,,2021,,17436,,A,,0,,1,
DATAFLOW,OECD.ITF:DSD_TRENDS@DF_TRENDSSAFETY(1.0),,I,CHE,,A,,CRASHES,,CRA,,ROAD,,_T,,_T,,2022,,18396,,A,,0,,1,
DATAFLOW,OECD.ITF:DSD_TRENDS@DF_TRENDSSAFETY(1.0),,I,CHE,,A,,CRASHES,,CRA,,ROAD,,_T,,_T,,2023,,18254,,A,,0,,1,
DATAFLOW,OECD.ITF:DSD_TRENDS@DF_TRENDSSAFETY(1.0),,I,CHE,,A,,CRASHES,,CRA,,ROAD,,_T,,_T,,2024,,17432,,A,,0,,1,
DATAFLOW,OECD.ITF:DSD_TRENDS@DF_TRENDSSAFETY(1.0),,I,TUR,,A,,CRASHES,,CRA,,ROAD,,_T,,_T,,1970,,12644,,A,,0,,1,
DATAFLOW,OECD.ITF:DSD_TRENDS@DF_TRENDSSAFETY(1.0),,I,TUR,,A,,CRASHES,,CRA,,ROAD,,_T,,_T,,1971,,14363,,A,,0,,1,
DATAFLOW,OECD.ITF:DSD_TRENDS@DF_TRENDSSAFETY(1.0),,I,TUR,,A,,CRASHES,,CRA,,ROAD,,_T,,_T,,1972,,15073,,A,,0,,1,
DATAFLOW,OECD.ITF:DSD_TRENDS@DF_TRENDSSAFETY(1.0),,I,TUR,,A,,CRASHES,,CRA,,ROAD,,_T,,_T,,1973,,16925,,A,,0,,1,
DATAFLOW,OECD.ITF:DSD_TRENDS@DF_TRENDSSAFETY(1.0),,I,TUR,,A,,CRASHES,,CRA,,ROAD,,_T,,_T,,1974,,19160,,A,,0,,1,
DATAFLOW,OECD.ITF:DSD_TRENDS@DF_TRENDSSAFETY(1.0),,I,TUR,,A,,CRASHES,,CRA,,ROAD,,_T,,_T,,1975,,22191,,A,,0,,1,
DATAFLOW,OECD.ITF:DSD_TRENDS@DF_TRENDSSAFETY(1.0),,I,TUR,,A,,CRASHES,,CRA,,ROAD,,_T,,_T,,1976,,23767,,A,,0,,1,
DATAFLOW,OECD.ITF:DSD_TRENDS@DF_TRENDSSAFETY(1.0),,I,TUR,,A,,CRASHES,,CRA,,ROAD,,_T,,_T,,1977,,22579,,A,,0,,1,
DATAFLOW,OECD.ITF:DSD_TRENDS@DF_TRENDSSAFETY(1.0),,I,TUR,,A,,CRASHES,,CRA,,ROAD,,_T,,_T,,1978,,23557,,A,,0,,1,
DATAFLOW,OECD.ITF:DSD_TRENDS@DF_TRENDSSAFETY(1.0),,I,TUR,,A,,CRASHES,,CRA,,ROAD,,_T,,_T,,1979,,19278,,A,,0,,1,
DATAFLOW,OECD.ITF:DSD_TRENDS@DF_TRENDSSAFETY(1.0),,I,TUR,,A,,CRASHES,,CRA,,ROAD,,_T,,_T,,1980,,17820,,A,,0,,1,
DATAFLOW,OECD.ITF:DSD_TRENDS@DF_TRENDSSAFETY(1.0),,I,TUR,,A,,CRASHES,,CRA,,ROAD,,_T,,_T,,1981,,20401,,A,,0,,1,
DATAFLOW,OECD.ITF:DSD_TRENDS@DF_TRENDSSAFETY(1.0),,I,TUR,,A,,CRASHES,,CRA,,ROAD,,_T,,_T,,1982,,26055,,A,,0,,1,
DATAFLOW,OECD.ITF:DSD_TRENDS@DF_TRENDSSAFETY(1.0),,I,TUR,,A,,CRASHES,,CRA,,ROAD,,_T,,_T,,1983,,32414,,A,,0,,1,
DATAFLOW,OECD.ITF:DSD_TRENDS@DF_TRENDSSAFETY(1.0),,I,TUR,,A,,CRASHES,,CRA,,ROAD,,_T,,_T,,1984,,35477,,A,,0,,1,
DATAFLOW,OECD.ITF:DSD_TRENDS@DF_TRENDSSAFETY(1.0),,I,TUR,,A,,CRASHES,,CRA,,ROAD,,_T,,_T,,1985,,30191,,A,,0,,1,
DATAFLOW,OECD.ITF:DSD_TRENDS@DF_TRENDSSAFETY(1.0),,I,TUR,,A,,CRASHES,,CRA,,ROAD,,_T,,_T,,1986,,45478,,A,,0,,1,
DATAFLOW,OECD.ITF:DSD_TRENDS@DF_TRENDSSAFETY(1.0),,I,TUR,,A,,CRASHES,,CRA,,ROAD,,_T,,_T,,1987,,52488,,A,,0,,1,
DATAFLOW,OECD.ITF:DSD_TRENDS@DF_TRENDSSAFETY(1.0),,I,TUR,,A,,CRASHES,,CRA,,ROAD,,_T,,_T,,1988,,51248,,A,,0,,1,
DATAFLOW,OECD.ITF:DSD_TRENDS@DF_TRENDSSAFETY(1.0),,I,TUR,,A,,CRASHES,,CRA,,ROAD,,_T,,_T,,1989,,51984,,A,,0,,1,
DATAFLOW,OECD.ITF:DSD_TRENDS@DF_TRENDSSAFETY(1.0),,I,TUR,,A,,CRASHES,,CRA,,ROAD,,_T,,_T,,1990,,55941,,A,,0,,1,
DATAFLOW,OECD.ITF:DSD_TRENDS@DF_TRENDSSAFETY(1.0),,I,TUR,,A,,CRASHES,,CRA,,ROAD,,_T,,_T,,1991,,56532,,A,,0,,1,
DATAFLOW,OECD.ITF:DSD_TRENDS@DF_TRENDSSAFETY(1.0),,I,TUR,,A,,CRASHES,,CRA,,ROAD,,_T,,_T,,1992,,58304,,A,,0,,1,
DATAFLOW,OECD.ITF:DSD_TRENDS@DF_TRENDSSAFETY(1.0),,I,TUR,,A,,CRASHES,,CRA,,ROAD,,_T,,_T,,1993,,63289,,A,,0,,1,
DATAFLOW,OECD.ITF:DSD_TRENDS@DF_TRENDSSAFETY(1.0),,I,TUR,,A,,CRASHES,,CRA,,ROAD,,_T,,_T,,1994,,62584,,A,,0,,1,
DATAFLOW,OECD.ITF:DSD_TRENDS@DF_TRENDSSAFETY(1.0),,I,TUR,,A,,CRASHES,,CRA,,ROAD,,_T,,_T,,1995,,66029,,A,,0,,1,
DATAFLOW,OECD.ITF:DSD_TRENDS@DF_TRENDSSAFETY(1.0),,I,TUR,,A,,CRASHES,,CRA,,ROAD,,_T,,_T,,1996,,60790,,A,,0,,1,
DATAFLOW,OECD.ITF:DSD_TRENDS@DF_TRENDSSAFETY(1.0),,I,TUR,,A,,CRASHES,,CRA,,ROAD,,_T,,_T,,1997,,61480,,A,,0,,1,
DATAFLOW,OECD.ITF:DSD_TRENDS@DF_TRENDSSAFETY(1.0),,I,TUR,,A,,CRASHES,,CRA,,ROAD,,_T,,_T,,1998,,71240,,A,,0,,1,
DATAFLOW,OECD.ITF:DSD_TRENDS@DF_TRENDSSAFETY(1.0),,I,TUR,,A,,CRASHES,,CRA,,ROAD,,_T,,_T,,1999,,72269,,A,,0,,1,
DATAFLOW,OECD.ITF:DSD_TRENDS@DF_TRENDSSAFETY(1.0),,I,TUR,,A,,CRASHES,,CRA,,ROAD,,_T,,_T,,2000,,75991,,A,,0,,1,
DATAFLOW,OECD.ITF:DSD_TRENDS@DF_TRENDSSAFETY(1.0),,I,TUR,,A,,CRASHES,,CRA,,ROAD,,_T,,_T,,2001,,66243,,A,,0,,1,
DATAFLOW,OECD.ITF:DSD_TRENDS@DF_TRENDSSAFETY(1.0),,I,TUR,,A,,CRASHES,,CRA,,ROAD,,_T,,_T,,2002,,65748,,A,,0,,1,
DATAFLOW,OECD.ITF:DSD_TRENDS@DF_TRENDSSAFETY(1.0),,I,TUR,,A,,CRASHES,,CRA,,ROAD,,_T,,_T,,2003,,67031,,A,,0,,1,
DATAFLOW,OECD.ITF:DSD_TRENDS@DF_TRENDSSAFETY(1.0),,I,TUR,,A,,CRASHES,,CRA,,ROAD,,_T,,_T,,2004,,77008,,A,,0,,1,
DATAFLOW,OECD.ITF:DSD_TRENDS@DF_TRENDSSAFETY(1.0),,I,TUR,,A,,CRASHES,,CRA,,ROAD,,_T,,_T,,2005,,87273,,A,,0,,1,
DATAFLOW,OECD.ITF:DSD_TRENDS@DF_TRENDSSAFETY(1.0),,I,TUR,,A,,CRASHES,,CRA,,ROAD,,_T,,_T,,2006,,96128,,A,,0,,1,
DATAFLOW,OECD.ITF:DSD_TRENDS@DF_TRENDSSAFETY(1.0),,I,TUR,,A,,CRASHES,,CRA,,ROAD,,_T,,_T,,2007,,106994,,A,,0,,1,
DATAFLOW,OECD.ITF:DSD_TRENDS@DF_TRENDSSAFETY(1.0),,I,TUR,,A,,CRASHES,,CRA,,ROAD,,_T,,_T,,2008,,104212,,A,,0,,1,
DATAFLOW,OECD.ITF:DSD_TRENDS@DF_TRENDSSAFETY(1.0),,I,TUR,,A,,CRASHES,,CRA,,ROAD,,_T,,_T,,2009,,111121,,A,,0,,1,
DATAFLOW,OECD.ITF:DSD_TRENDS@DF_TRENDSSAFETY(1.0),,I,TUR,,A,,CRASHES,,CRA,,ROAD,,_T,,_T,,2010,,116804,,A,,0,,1,
DATAFLOW,OECD.ITF:DSD_TRENDS@DF_TRENDSSAFETY(1.0),,I,TUR,,A,,CRASHES,,CRA,,ROAD,,_T,,_T,,2011,,131845,,A,,0,,1,
DATAFLOW,OECD.ITF:DSD_TRENDS@DF_TRENDSSAFETY(1.0),,I,TUR,,A,,CRASHES,,CRA,,ROAD,,_T,,_T,,2012,,153552,,A,,0,,1,
DATAFLOW,OECD.ITF:DSD_TRENDS@DF_TRENDSSAFETY(1.0),,I,TUR,,A,,CRASHES,,CRA,,ROAD,,_T,,_T,,2013,,161306,,A,,0,,1,
DATAFLOW,OECD.ITF:DSD_TRENDS@DF_TRENDSSAFETY(1.0),,I,TUR,,A,,CRASHES,,CRA,,ROAD,,_T,,_T,,2014,,168512,,A,,0,,1,
DATAFLOW,OECD.ITF:DSD_TRENDS@DF_TRENDSSAFETY(1.0),,I,TUR,,A,,CRASHES,,CRA,,ROAD,,_T,,_T,,2015,,183011,,A,,0,,1,
DATAFLOW,OECD.ITF:DSD_TRENDS@DF_TRENDSSAFETY(1.0),,I,TUR,,A,,CRASHES,,CRA,,ROAD,,_T,,_T,,2016,,185128,,A,,0,,1,
DATAFLOW,OECD.ITF:DSD_TRENDS@DF_TRENDSSAFETY(1.0),,I,TUR,,A,,CRASHES,,CRA,,ROAD,,_T,,_T,,2017,,182669,,A,,0,,1,
DATAFLOW,OECD.ITF:DSD_TRENDS@DF_TRENDSSAFETY(1.0),,I,TUR,,A,,CRASHES,,CRA,,ROAD,,_T,,_T,,2018,,186532,,A,,0,,1,
DATAFLOW,OECD.ITF:DSD_TRENDS@DF_TRENDSSAFETY(1.0),,I,TUR,,A,,CRASHES,,CRA,,ROAD,,_T,,_T,,2019,,174896,,A,,0,,1,
DATAFLOW,OECD.ITF:DSD_TRENDS@DF_TRENDSSAFETY(1.0),,I,TUR,,A,,CRASHES,,CRA,,ROAD,,_T,,_T,,2020,,150275,,A,,0,,1,
DATAFLOW,OECD.ITF:DSD_TRENDS@DF_TRENDSSAFETY(1.0),,I,TUR,,A,,CRASHES,,CRA,,ROAD,,_T,,_T,,2021,,187963,,A,,0,,1,
DATAFLOW,OECD.ITF:DSD_TRENDS@DF_TRENDSSAFETY(1.0),,I,TUR,,A,,CRASHES,,CRA,,ROAD,,_T,,_T,,2022,,197261,,A,,0,,1,
DATAFLOW,OECD.ITF:DSD_TRENDS@DF_TRENDSSAFETY(1.0),,I,TUR,,A,,CRASHES,,CRA,,ROAD,,_T,,_T,,2023,,235071,,A,,0,,1,
DATAFLOW,OECD.ITF:DSD_TRENDS@DF_TRENDSSAFETY(1.0),,I,TUR,,A,,CRASHES,,CRA,,ROAD,,_T,,_T,,2024,,266854,,A,,0,,1,
DATAFLOW,OECD.ITF:DSD_TRENDS@DF_TRENDSSAFETY(1.0),,I,GBR,,A,,CRASHES,,CRA,,ROAD,,_T,,_T,,1970,,272765,,A,,0,,1,
DATAFLOW,OECD.ITF:DSD_TRENDS@DF_TRENDSSAFETY(1.0),,I,GBR,,A,,CRASHES,,CRA,,ROAD,,_T,,_T,,1971,,263885,,A,,0,,1,
DATAFLOW,OECD.ITF:DSD_TRENDS@DF_TRENDSSAFETY(1.0),,I,GBR,,A,,CRASHES,,CRA,,ROAD,,_T,,_T,,1972,,270367,,A,,0,,1,
DATAFLOW,OECD.ITF:DSD_TRENDS@DF_TRENDSSAFETY(1.0),,I,GBR,,A,,CRASHES,,CRA,,ROAD,,_T,,_T,,1973,,267413,,A,,0,,1,
DATAFLOW,OECD.ITF:DSD_TRENDS@DF_TRENDSSAFETY(1.0),,I,GBR,,A,,CRASHES,,CRA,,ROAD,,_T,,_T,,1974,,249054,,A,,0,,1,
DATAFLOW,OECD.ITF:DSD_TRENDS@DF_TRENDSSAFETY(1.0),,I,GBR,,A,,CRASHES,,CRA,,ROAD,,_T,,_T,,1975,,251168,,A,,0,,1,
DATAFLOW,OECD.ITF:DSD_TRENDS@DF_TRENDSSAFETY(1.0),,I,GBR,,A,,CRASHES,,CRA,,ROAD,,_T,,_T,,1976,,263582,,A,,0,,1,
DATAFLOW,OECD.ITF:DSD_TRENDS@DF_TRENDSSAFETY(1.0),,I,GBR,,A,,CRASHES,,CRA,,ROAD,,_T,,_T,,1977,,271213,,A,,0,,1,
DATAFLOW,OECD.ITF:DSD_TRENDS@DF_TRENDSSAFETY(1.0),,I,GBR,,A,,CRASHES,,CRA,,ROAD,,_T,,_T,,1978,,270242,,A,,0,,1,
DATAFLOW,OECD.ITF:DSD_TRENDS@DF_TRENDSSAFETY(1.0),,I,GBR,,A,,CRASHES,,CRA,,ROAD,,_T,,_T,,1979,,260355,,A,,0,,1,
DATAFLOW,OECD.ITF:DSD_TRENDS@DF_TRENDSSAFETY(1.0),,I,GBR,,A,,CRASHES,,CRA,,ROAD,,_T,,_T,,1980,,257282,,A,,0,,1,
DATAFLOW,OECD.ITF:DSD_TRENDS@DF_TRENDSSAFETY(1.0),,I,GBR,,A,,CRASHES,,CRA,,ROAD,,_T,,_T,,1981,,253521,,A,,0,,1,
DATAFLOW,OECD.ITF:DSD_TRENDS@DF_TRENDSSAFETY(1.0),,I,GBR,,A,,CRASHES,,CRA,,ROAD,,_T,,_T,,1982,,261531,,A,,0,,1,
DATAFLOW,OECD.ITF:DSD_TRENDS@DF_TRENDSSAFETY(1.0),,I,GBR,,A,,CRASHES,,CRA,,ROAD,,_T,,_T,,1983,,248301,,A,,0,,1,
DATAFLOW,OECD.ITF:DSD_TRENDS@DF_TRENDSSAFETY(1.0),,I,GBR,,A,,CRASHES,,CRA,,ROAD,,_T,,_T,,1984,,259161,,A,,0,,1,
DATAFLOW,OECD.ITF:DSD_TRENDS@DF_TRENDSSAFETY(1.0),,I,GBR,,A,,CRASHES,,CRA,,ROAD,,_T,,_T,,1985,,251424,,A,,0,,1,
DATAFLOW,OECD.ITF:DSD_TRENDS@DF_TRENDSSAFETY(1.0),,I,GBR,,A,,CRASHES,,CRA,,ROAD,,_T,,_T,,1986,,254025,,A,,0,,1,
DATAFLOW,OECD.ITF:DSD_TRENDS@DF_TRENDSSAFETY(1.0),,I,GBR,,A,,CRASHES,,CRA,,ROAD,,_T,,_T,,1987,,245407,,A,,0,,1,
DATAFLOW,OECD.ITF:DSD_TRENDS@DF_TRENDSSAFETY(1.0),,I,GBR,,A,,CRASHES,,CRA,,ROAD,,_T,,_T,,1988,,253937,,A,,0,,1,
DATAFLOW,OECD.ITF:DSD_TRENDS@DF_TRENDSSAFETY(1.0),,I,GBR,,A,,CRASHES,,CRA,,ROAD,,_T,,_T,,1989,,267958,,A,,0,,1,
DATAFLOW,OECD.ITF:DSD_TRENDS@DF_TRENDSSAFETY(1.0),,I,GBR,,A,,CRASHES,,CRA,,ROAD,,_T,,_T,,1990,,265600,,A,,0,,1,
DATAFLOW,OECD.ITF:DSD_TRENDS@DF_TRENDSSAFETY(1.0),,I,GBR,,A,,CRASHES,,CRA,,ROAD,,_T,,_T,,1991,,241969,,A,,0,,1,
DATAFLOW,OECD.ITF:DSD_TRENDS@DF_TRENDSSAFETY(1.0),,I,GBR,,A,,CRASHES,,CRA,,ROAD,,_T,,_T,,1992,,239675,,A,,0,,1,
DATAFLOW,OECD.ITF:DSD_TRENDS@DF_TRENDSSAFETY(1.0),,I,GBR,,A,,CRASHES,,CRA,,ROAD,,_T,,_T,,1993,,235382,,A,,0,,1,
DATAFLOW,OECD.ITF:DSD_TRENDS@DF_TRENDSSAFETY(1.0),,I,GBR,,A,,CRASHES,,CRA,,ROAD,,_T,,_T,,1994,,240884,,A,,0,,1,
DATAFLOW,OECD.ITF:DSD_TRENDS@DF_TRENDSSAFETY(1.0),,I,GBR,,A,,CRASHES,,CRA,,ROAD,,_T,,_T,,1995,,237168,,A,,0,,1,
DATAFLOW,OECD.ITF:DSD_TRENDS@DF_TRENDSSAFETY(1.0),,I,GBR,,A,,CRASHES,,CRA,,ROAD,,_T,,_T,,1996,,243032,,A,,0,,1,
DATAFLOW,OECD.ITF:DSD_TRENDS@DF_TRENDSSAFETY(1.0),,I,GBR,,A,,CRASHES,,CRA,,ROAD,,_T,,_T,,1997,,247328,,A,,0,,1,
DATAFLOW,OECD.ITF:DSD_TRENDS@DF_TRENDSSAFETY(1.0),,I,GBR,,A,,CRASHES,,CRA,,ROAD,,_T,,_T,,1998,,246410,,A,,0,,1,
DATAFLOW,OECD.ITF:DSD_TRENDS@DF_TRENDSSAFETY(1.0),,I,GBR,,A,,CRASHES,,CRA,,ROAD,,_T,,_T,,1999,,242610,,A,,0,,1,
DATAFLOW,OECD.ITF:DSD_TRENDS@DF_TRENDSSAFETY(1.0),,I,GBR,,A,,CRASHES,,CRA,,ROAD,,_T,,_T,,2000,,242117,,A,,0,,1,
DATAFLOW,OECD.ITF:DSD_TRENDS@DF_TRENDSSAFETY(1.0),,I,GBR,,A,,CRASHES,,CRA,,ROAD,,_T,,_T,,2001,,236461,,A,,0,,1,
DATAFLOW,OECD.ITF:DSD_TRENDS@DF_TRENDSSAFETY(1.0),,I,GBR,,A,,CRASHES,,CRA,,ROAD,,_T,,_T,,2002,,228535,,A,,0,,1,
DATAFLOW,OECD.ITF:DSD_TRENDS@DF_TRENDSSAFETY(1.0),,I,GBR,,A,,CRASHES,,CRA,,ROAD,,_T,,_T,,2003,,219663,,A,,0,,1,
DATAFLOW,OECD.ITF:DSD_TRENDS@DF_TRENDSSAFETY(1.0),,I,GBR,,A,,CRASHES,,CRA,,ROAD,,_T,,_T,,2004,,213043,,A,,0,,1,
DATAFLOW,OECD.ITF:DSD_TRENDS@DF_TRENDSSAFETY(1.0),,I,GBR,,A,,CRASHES,,CRA,,ROAD,,_T,,_T,,2005,,203682,,A,,0,,1,
DATAFLOW,OECD.ITF:DSD_TRENDS@DF_TRENDSSAFETY(1.0),,I,GBR,,A,,CRASHES,,CRA,,ROAD,,_T,,_T,,2006,,204363,,A,,0,,1,
DATAFLOW,OECD.ITF:DSD_TRENDS@DF_TRENDSSAFETY(1.0),,I,GBR,,A,,CRASHES,,CRA,,ROAD,,_T,,_T,,2007,,188105,,A,,0,,1,
DATAFLOW,OECD.ITF:DSD_TRENDS@DF_TRENDSSAFETY(1.0),,I,GBR,,A,,CRASHES,,CRA,,ROAD,,_T,,_T,,2008,,176814,,A,,0,,1,
DATAFLOW,OECD.ITF:DSD_TRENDS@DF_TRENDSSAFETY(1.0),,I,GBR,,A,,CRASHES,,CRA,,ROAD,,_T,,_T,,2009,,169805,,A,,0,,1,
DATAFLOW,OECD.ITF:DSD_TRENDS@DF_TRENDSSAFETY(1.0),,I,GBR,,A,,CRASHES,,CRA,,ROAD,,_T,,_T,,2010,,160080,,A,,0,,1,
DATAFLOW,OECD.ITF:DSD_TRENDS@DF_TRENDSSAFETY(1.0),,I,GBR,,A,,CRASHES,,CRA,,ROAD,,_T,,_T,,2011,,157068,,A,,0,,1,
DATAFLOW,OECD.ITF:DSD_TRENDS@DF_TRENDSSAFETY(1.0),,I,GBR,,A,,CRASHES,,CRA,,ROAD,,_T,,_T,,2012,,151346,,A,,0,,1,
DATAFLOW,OECD.ITF:DSD_TRENDS@DF_TRENDSSAFETY(1.0),,I,GBR,,A,,CRASHES,,CRA,,ROAD,,_T,,_T,,2013,,144426,,A,,0,,1,
DATAFLOW,OECD.ITF:DSD_TRENDS@DF_TRENDSSAFETY(1.0),,I,GBR,,A,,CRASHES,,CRA,,ROAD,,_T,,_T,,2014,,152407,,A,,0,,1,
DATAFLOW,OECD.ITF:DSD_TRENDS@DF_TRENDSSAFETY(1.0),,I,GBR,,A,,CRASHES,,CRA,,ROAD,,_T,,_T,,2015,,146203,,A,,0,,1,
DATAFLOW,OECD.ITF:DSD_TRENDS@DF_TRENDSSAFETY(1.0),,I,GBR,,A,,CRASHES,,CRA,,ROAD,,_T,,_T,,2016,,142846,,A,,0,,1,
DATAFLOW,OECD.ITF:DSD_TRENDS@DF_TRENDSSAFETY(1.0),,I,GBR,,A,,CRASHES,,CRA,,ROAD,,_T,,_T,,2017,,136063,,A,,0,,1,
DATAFLOW,OECD.ITF:DSD_TRENDS@DF_TRENDSSAFETY(1.0),,I,GBR,,A,,CRASHES,,CRA,,ROAD,,_T,,_T,,2018,,128384,,A,,0,,1,
DATAFLOW,OECD.ITF:DSD_TRENDS@DF_TRENDSSAFETY(1.0),,I,GBR,,A,,CRASHES,,CRA,,ROAD,,_T,,_T,,2019,,123212,,A,,0,,1,
DATAFLOW,OECD.ITF:DSD_TRENDS@DF_TRENDSSAFETY(1.0),,I,GBR,,A,,CRASHES,,CRA,,ROAD,,_T,,_T,,2020,,95422,,A,,0,,1,
DATAFLOW,OECD.ITF:DSD_TRENDS@DF_TRENDSSAFETY(1.0),,I,GBR,,A,,CRASHES,,CRA,,ROAD,,_T,,_T,,2021,,105791,,A,,0,,1,
DATAFLOW,OECD.ITF:DSD_TRENDS@DF_TRENDSSAFETY(1.0),,I,GBR,,A,,CRASHES,,CRA,,ROAD,,_T,,_T,,2022,,111120,,A,,0,,1,
DATAFLOW,OECD.ITF:DSD_TRENDS@DF_TRENDSSAFETY(1.0),,I,GBR,,A,,CRASHES,,CRA,,ROAD,,_T,,_T,,2023,,109316,,A,,0,,1,
DATAFLOW,OECD.ITF:DSD_TRENDS@DF_TRENDSSAFETY(1.0),,I,GBR,,A,,CRASHES,,CRA,,ROAD,,_T,,_T,,2024,,105680,,A,,0,,1,
DATAFLOW,OECD.ITF:DSD_TRENDS@DF_TRENDSSAFETY(1.0),,I,USA,,A,,CRASHES,,CRA,,ROAD,,_T,,_T,,1990,,6471202,,A,,0,,1,
DATAFLOW,OECD.ITF:DSD_TRENDS@DF_TRENDSSAFETY(1.0),,I,USA,,A,,CRASHES,,CRA,,ROAD,,_T,,_T,,1991,,6117359,,A,,0,,1,
DATAFLOW,OECD.ITF:DSD_TRENDS@DF_TRENDSSAFETY(1.0),,I,USA,,A,,CRASHES,,CRA,,ROAD,,_T,,_T,,1992,,6000310,,A,,0,,1,
DATAFLOW,OECD.ITF:DSD_TRENDS@DF_TRENDSSAFETY(1.0),,I,USA,,A,,CRASHES,,CRA,,ROAD,,_T,,_T,,1993,,6105915,,A,,0,,1,
DATAFLOW,OECD.ITF:DSD_TRENDS@DF_TRENDSSAFETY(1.0),,I,USA,,A,,CRASHES,,CRA,,ROAD,,_T,,_T,,1994,,6495988,,A,,0,,1,
DATAFLOW,OECD.ITF:DSD_TRENDS@DF_TRENDSSAFETY(1.0),,I,USA,,A,,CRASHES,,CRA,,ROAD,,_T,,_T,,1995,,6699415,,A,,0,,1,
DATAFLOW,OECD.ITF:DSD_TRENDS@DF_TRENDSSAFETY(1.0),,I,USA,,A,,CRASHES,,CRA,,ROAD,,_T,,_T,,1996,,6769583,,A,,0,,1,
DATAFLOW,OECD.ITF:DSD_TRENDS@DF_TRENDSSAFETY(1.0),,I,USA,,A,,CRASHES,,CRA,,ROAD,,_T,,_T,,1997,,6624149,,A,,0,,1,
DATAFLOW,OECD.ITF:DSD_TRENDS@DF_TRENDSSAFETY(1.0),,I,USA,,A,,CRASHES,,CRA,,ROAD,,_T,,_T,,1998,,6334573,,A,,0,,1,
DATAFLOW,OECD.ITF:DSD_TRENDS@DF_TRENDSSAFETY(1.0),,I,USA,,A,,CRASHES,,CRA,,ROAD,,_T,,_T,,1999,,6279036,,A,,0,,1,
DATAFLOW,OECD.ITF:DSD_TRENDS@DF_TRENDSSAFETY(1.0),,I,USA,,A,,CRASHES,,CRA,,ROAD,,_T,,_T,,2000,,6393624,,A,,0,,1,
DATAFLOW,OECD.ITF:DSD_TRENDS@DF_TRENDSSAFETY(1.0),,I,USA,,A,,CRASHES,,CRA,,ROAD,,_T,,_T,,2001,,6322963,,A,,0,,1,
DATAFLOW,OECD.ITF:DSD_TRENDS@DF_TRENDSSAFETY(1.0),,I,USA,,A,,CRASHES,,CRA,,ROAD,,_T,,_T,,2002,,6315708,,A,,0,,1,
DATAFLOW,OECD.ITF:DSD_TRENDS@DF_TRENDSSAFETY(1.0),,I,USA,,A,,CRASHES,,CRA,,ROAD,,_T,,_T,,2003,,6327955,,A,,0,,1,
DATAFLOW,OECD.ITF:DSD_TRENDS@DF_TRENDSSAFETY(1.0),,I,USA,,A,,CRASHES,,CRA,,ROAD,,_T,,_T,,2004,,6181027,,A,,0,,1,
DATAFLOW,OECD.ITF:DSD_TRENDS@DF_TRENDSSAFETY(1.0),,I,USA,,A,,CRASHES,,CRA,,ROAD,,_T,,_T,,2005,,6159350,,A,,0,,1,
DATAFLOW,OECD.ITF:DSD_TRENDS@DF_TRENDSSAFETY(1.0),,I,USA,,A,,CRASHES,,CRA,,ROAD,,_T,,_T,,2006,,5973213,,A,,0,,1,
DATAFLOW,OECD.ITF:DSD_TRENDS@DF_TRENDSSAFETY(1.0),,I,USA,,A,,CRASHES,,CRA,,ROAD,,_T,,_T,,2007,,6024008,,A,,0,,1,
DATAFLOW,OECD.ITF:DSD_TRENDS@DF_TRENDSSAFETY(1.0),,I,USA,,A,,CRASHES,,CRA,,ROAD,,_T,,_T,,2008,,5810846,,A,,0,,1,
DATAFLOW,OECD.ITF:DSD_TRENDS@DF_TRENDSSAFETY(1.0),,I,USA,,A,,CRASHES,,CRA,,ROAD,,_T,,_T,,2009,,5505180,,A,,0,,1,
DATAFLOW,OECD.ITF:DSD_TRENDS@DF_TRENDSSAFETY(1.0),,I,USA,,A,,CRASHES,,CRA,,ROAD,,_T,,_T,,2010,,5419445,,A,,0,,1,
DATAFLOW,OECD.ITF:DSD_TRENDS@DF_TRENDSSAFETY(1.0),,I,USA,,A,,CRASHES,,CRA,,ROAD,,_T,,_T,,2011,,5337829,,A,,0,,1,
DATAFLOW,OECD.ITF:DSD_TRENDS@DF_TRENDSSAFETY(1.0),,I,USA,,A,,CRASHES,,CRA,,ROAD,,_T,,_T,,2012,,5615045,,A,,0,,1,
DATAFLOW,OECD.ITF:DSD_TRENDS@DF_TRENDSSAFETY(1.0),,I,USA,,A,,CRASHES,,CRA,,ROAD,,_T,,_T,,2013,,5686891,,A,,0,,1,
DATAFLOW,OECD.ITF:DSD_TRENDS@DF_TRENDSSAFETY(1.0),,I,USA,,A,,CRASHES,,CRA,,ROAD,,_T,,_T,,2014,,6064284,,A,,0,,1,
DATAFLOW,OECD.ITF:DSD_TRENDS@DF_TRENDSSAFETY(1.0),,I,USA,,A,,CRASHES,,CRA,,ROAD,,_T,,_T,,2015,,6296134,,A,,0,,1,
DATAFLOW,OECD.ITF:DSD_TRENDS@DF_TRENDSSAFETY(1.0),,I,USA,,A,,CRASHES,,CRA,,ROAD,,_T,,_T,,2016,,6821129,,A,,0,,1,
DATAFLOW,OECD.ITF:DSD_TRENDS@DF_TRENDSSAFETY(1.0),,I,USA,,A,,CRASHES,,CRA,,ROAD,,_T,,_T,,2017,,6452598,,A,,0,,1,
DATAFLOW,OECD.ITF:DSD_TRENDS@DF_TRENDSSAFETY(1.0),,I,USA,,A,,CRASHES,,CRA,,ROAD,,_T,,_T,,2018,,6734681,,A,,0,,1,
DATAFLOW,OECD.ITF:DSD_TRENDS@DF_TRENDSSAFETY(1.0),,I,USA,,A,,CRASHES,,CRA,,ROAD,,_T,,_T,,2019,,6756084,,A,,0,,1,
DATAFLOW,OECD.ITF:DSD_TRENDS@DF_TRENDSSAFETY(1.0),,I,USA,,A,,CRASHES,,CRA,,ROAD,,_T,,_T,,2020,,5251006,,A,,0,,1,
DATAFLOW,OECD.ITF:DSD_TRENDS@DF_TRENDSSAFETY(1.0),,I,USA,,A,,CRASHES,,CRA,,ROAD,,_T,,_T,,2021,,6102936,,A,,0,,1,
DATAFLOW,OECD.ITF:DSD_TRENDS@DF_TRENDSSAFETY(1.0),,I,ALB,,A,,CRASHES,,CRA,,ROAD,,_T,,_T,,1994,,559,,A,,0,,1,
DATAFLOW,OECD.ITF:DSD_TRENDS@DF_TRENDSSAFETY(1.0),,I,ALB,,A,,CRASHES,,CRA,,ROAD,,_T,,_T,,1995,,399,,A,,0,,1,
DATAFLOW,OECD.ITF:DSD_TRENDS@DF_TRENDSSAFETY(1.0),,I,ALB,,A,,CRASHES,,CRA,,ROAD,,_T,,_T,,1996,,381,,A,,0,,1,
DATAFLOW,OECD.ITF:DSD_TRENDS@DF_TRENDSSAFETY(1.0),,I,ALB,,A,,CRASHES,,CRA,,ROAD,,_T,,_T,,1997,,371,,A,,0,,1,
DATAFLOW,OECD.ITF:DSD_TRENDS@DF_TRENDSSAFETY(1.0),,I,ALB,,A,,CRASHES,,CRA,,ROAD,,_T,,_T,,1998,,434,,A,,0,,1,
DATAFLOW,OECD.ITF:DSD_TRENDS@DF_TRENDSSAFETY(1.0),,I,ALB,,A,,CRASHES,,CRA,,ROAD,,_T,,_T,,1999,,468,,A,,0,,1,
DATAFLOW,OECD.ITF:DSD_TRENDS@DF_TRENDSSAFETY(1.0),,I,ALB,,A,,CRASHES,,CRA,,ROAD,,_T,,_T,,2000,,428,,A,,0,,1,
DATAFLOW,OECD.ITF:DSD_TRENDS@DF_TRENDSSAFETY(1.0),,I,ALB,,A,,CRASHES,,CRA,,ROAD,,_T,,_T,,2001,,400,,A,,0,,1,
DATAFLOW,OECD.ITF:DSD_TRENDS@DF_TRENDSSAFETY(1.0),,I,ALB,,A,,CRASHES,,CRA,,ROAD,,_T,,_T,,2002,,328,,A,,0,,1,
DATAFLOW,OECD.ITF:DSD_TRENDS@DF_TRENDSSAFETY(1.0),,I,ALB,,A,,CRASHES,,CRA,,ROAD,,_T,,_T,,2003,,363,,A,,0,,1,
DATAFLOW,OECD.ITF:DSD_TRENDS@DF_TRENDSSAFETY(1.0),,I,ALB,,A,,CRASHES,,CRA,,ROAD,,_T,,_T,,2004,,801,,A,,0,,1,
DATAFLOW,OECD.ITF:DSD_TRENDS@DF_TRENDSSAFETY(1.0),,I,ALB,,A,,CRASHES,,CRA,,ROAD,,_T,,_T,,2005,,850,,A,,0,,1,
DATAFLOW,OECD.ITF:DSD_TRENDS@DF_TRENDSSAFETY(1.0),,I,ALB,,A,,CRASHES,,CRA,,ROAD,,_T,,_T,,2006,,1015,,A,,0,,1,
DATAFLOW,OECD.ITF:DSD_TRENDS@DF_TRENDSSAFETY(1.0),,I,ALB,,A,,CRASHES,,CRA,,ROAD,,_T,,_T,,2007,,1254,,A,,0,,1,
DATAFLOW,OECD.ITF:DSD_TRENDS@DF_TRENDSSAFETY(1.0),,I,ALB,,A,,CRASHES,,CRA,,ROAD,,_T,,_T,,2008,,1208,,A,,0,,1,
DATAFLOW,OECD.ITF:DSD_TRENDS@DF_TRENDSSAFETY(1.0),,I,ALB,,A,,CRASHES,,CRA,,ROAD,,_T,,_T,,2009,,1465,,A,,0,,1,
DATAFLOW,OECD.ITF:DSD_TRENDS@DF_TRENDSSAFETY(1.0),,I,ALB,,A,,CRASHES,,CRA,,ROAD,,_T,,_T,,2010,,1564,,A,,0,,1,
DATAFLOW,OECD.ITF:DSD_TRENDS@DF_TRENDSSAFETY(1.0),,I,ALB,,A,,CRASHES,,CRA,,ROAD,,_T,,_T,,2011,,1876,,A,,0,,1,
DATAFLOW,OECD.ITF:DSD_TRENDS@DF_TRENDSSAFETY(1.0),,I,ALB,,A,,CRASHES,,CRA,,ROAD,,_T,,_T,,2012,,1870,,A,,0,,1,
DATAFLOW,OECD.ITF:DSD_TRENDS@DF_TRENDSSAFETY(1.0),,I,ALB,,A,,CRASHES,,CRA,,ROAD,,_T,,_T,,2013,,2075,,A,,0,,1,
DATAFLOW,OECD.ITF:DSD_TRENDS@DF_TRENDSSAFETY(1.0),,I,ALB,,A,,CRASHES,,CRA,,ROAD,,_T,,_T,,2014,,1914,,A,,0,,1,
DATAFLOW,OECD.ITF:DSD_TRENDS@DF_TRENDSSAFETY(1.0),,I,ALB,,A,,CRASHES,,CRA,,ROAD,,_T,,_T,,2015,,1992,,A,,0,,1,
DATAFLOW,OECD.ITF:DSD_TRENDS@DF_TRENDSSAFETY(1.0),,I,ALB,,A,,CRASHES,,CRA,,ROAD,,_T,,_T,,2016,,2033,,A,,0,,1,
DATAFLOW,OECD.ITF:DSD_TRENDS@DF_TRENDSSAFETY(1.0),,I,ALB,,A,,CRASHES,,CRA,,ROAD,,_T,,_T,,2017,,1978,,A,,0,,1,
DATAFLOW,OECD.ITF:DSD_TRENDS@DF_TRENDSSAFETY(1.0),,I,ALB,,A,,CRASHES,,CRA,,ROAD,,_T,,_T,,2018,,1718,,A,,0,,1,
DATAFLOW,OECD.ITF:DSD_TRENDS@DF_TRENDSSAFETY(1.0),,I,ALB,,A,,CRASHES,,CRA,,ROAD,,_T,,_T,,2019,,1498,,A,,0,,1,
DATAFLOW,OECD.ITF:DSD_TRENDS@DF_TRENDSSAFETY(1.0),,I,ALB,,A,,CRASHES,,CRA,,ROAD,,_T,,_T,,2020,,1234,,A,,0,,1,
DATAFLOW,OECD.ITF:DSD_TRENDS@DF_TRENDSSAFETY(1.0),,I,ALB,,A,,CRASHES,,CRA,,ROAD,,_T,,_T,,2021,,1376,,A,,0,,1,
DATAFLOW,OECD.ITF:DSD_TRENDS@DF_TRENDSSAFETY(1.0),,I,ALB,,A,,CRASHES,,CRA,,ROAD,,_T,,_T,,2022,,1165,,A,,0,,1,
DATAFLOW,OECD.ITF:DSD_TRENDS@DF_TRENDSSAFETY(1.0),,I,ALB,,A,,CRASHES,,CRA,,ROAD,,_T,,_T,,2023,,1285,,A,,0,,1,
DATAFLOW,OECD.ITF:DSD_TRENDS@DF_TRENDSSAFETY(1.0),,I,ALB,,A,,CRASHES,,CRA,,ROAD,,_T,,_T,,2024,,1666,,A,,0,,1,
DATAFLOW,OECD.ITF:DSD_TRENDS@DF_TRENDSSAFETY(1.0),,I,ARG,,A,,CRASHES,,CRA,,ROAD,,_T,,_T,,2008,,197061,,A,,0,,1,
DATAFLOW,OECD.ITF:DSD_TRENDS@DF_TRENDSSAFETY(1.0),,I,ARG,,A,,CRASHES,,CRA,,ROAD,,_T,,_T,,2009,,180029,,A,,0,,1,
DATAFLOW,OECD.ITF:DSD_TRENDS@DF_TRENDSSAFETY(1.0),,I,ARG,,A,,CRASHES,,CRA,,ROAD,,_T,,_T,,2010,,174828,,A,,0,,1,
DATAFLOW,OECD.ITF:DSD_TRENDS@DF_TRENDSSAFETY(1.0),,I,ARG,,A,,CRASHES,,CRA,,ROAD,,_T,,_T,,2011,,187204,,A,,0,,1,
DATAFLOW,OECD.ITF:DSD_TRENDS@DF_TRENDSSAFETY(1.0),,I,ARG,,A,,CRASHES,,CRA,,ROAD,,_T,,_T,,2012,,116988,,A,,0,,1,
DATAFLOW,OECD.ITF:DSD_TRENDS@DF_TRENDSSAFETY(1.0),,I,ARG,,A,,CRASHES,,CRA,,ROAD,,_T,,_T,,2013,,161920,,A,,0,,1,
DATAFLOW,OECD.ITF:DSD_TRENDS@DF_TRENDSSAFETY(1.0),,I,ARG,,A,,CRASHES,,CRA,,ROAD,,_T,,_T,,2014,,129076,,A,,0,,1,
DATAFLOW,OECD.ITF:DSD_TRENDS@DF_TRENDSSAFETY(1.0),,I,ARM,,A,,CRASHES,,CRA,,ROAD,,_T,,_T,,1997,,1140,,A,,0,,1,
DATAFLOW,OECD.ITF:DSD_TRENDS@DF_TRENDSSAFETY(1.0),,I,ARM,,A,,CRASHES,,CRA,,ROAD,,_T,,_T,,1998,,1044,,A,,0,,1,
DATAFLOW,OECD.ITF:DSD_TRENDS@DF_TRENDSSAFETY(1.0),,I,ARM,,A,,CRASHES,,CRA,,ROAD,,_T,,_T,,1999,,1031,,A,,0,,1,
DATAFLOW,OECD.ITF:DSD_TRENDS@DF_TRENDSSAFETY(1.0),,I,ARM,,A,,CRASHES,,CRA,,ROAD,,_T,,_T,,2000,,937,,A,,0,,1,
DATAFLOW,OECD.ITF:DSD_TRENDS@DF_TRENDSSAFETY(1.0),,I,ARM,,A,,CRASHES,,CRA,,ROAD,,_T,,_T,,2001,,1021,,A,,0,,1,
DATAFLOW,OECD.ITF:DSD_TRENDS@DF_TRENDSSAFETY(1.0),,I,ARM,,A,,CRASHES,,CRA,,ROAD,,_T,,_T,,2002,,1002,,A,,0,,1,
DATAFLOW,OECD.ITF:DSD_TRENDS@DF_TRENDSSAFETY(1.0),,I,ARM,,A,,CRASHES,,CRA,,ROAD,,_T,,_T,,2003,,1025,,A,,0,,1,
DATAFLOW,OECD.ITF:DSD_TRENDS@DF_TRENDSSAFETY(1.0),,I,ARM,,A,,CRASHES,,CRA,,ROAD,,_T,,_T,,2004,,1164,,A,,0,,1,
DATAFLOW,OECD.ITF:DSD_TRENDS@DF_TRENDSSAFETY(1.0),,I,ARM,,A,,CRASHES,,CRA,,ROAD,,_T,,_T,,2005,,1312,,A,,0,,1,
DATAFLOW,OECD.ITF:DSD_TRENDS@DF_TRENDSSAFETY(1.0),,I,ARM,,A,,CRASHES,,CRA,,ROAD,,_T,,_T,,2006,,1574,,A,,0,,1,
DATAFLOW,OECD.ITF:DSD_TRENDS@DF_TRENDSSAFETY(1.0),,I,ARM,,A,,CRASHES,,CRA,,ROAD,,_T,,_T,,2007,,1943,,A,,0,,1,
DATAFLOW,OECD.ITF:DSD_TRENDS@DF_TRENDSSAFETY(1.0),,I,ARM,,A,,CRASHES,,CRA,,ROAD,,_T,,_T,,2008,,2202,,A,,0,,1,
DATAFLOW,OECD.ITF:DSD_TRENDS@DF_TRENDSSAFETY(1.0),,I,ARM,,A,,CRASHES,,CRA,,ROAD,,_T,,_T,,2009,,2002,,A,,0,,1,
DATAFLOW,OECD.ITF:DSD_TRENDS@DF_TRENDSSAFETY(1.0),,I,ARM,,A,,CRASHES,,CRA,,ROAD,,_T,,_T,,2010,,1974,,A,,0,,1,
DATAFLOW,OECD.ITF:DSD_TRENDS@DF_TRENDSSAFETY(1.0),,I,ARM,,A,,CRASHES,,CRA,,ROAD,,_T,,_T,,2011,,2319,,A,,0,,1,
DATAFLOW,OECD.ITF:DSD_TRENDS@DF_TRENDSSAFETY(1.0),,I,ARM,,A,,CRASHES,,CRA,,ROAD,,_T,,_T,,2012,,2602,,A,,0,,1,
DATAFLOW,OECD.ITF:DSD_TRENDS@DF_TRENDSSAFETY(1.0),,I,ARM,,A,,CRASHES,,CRA,,ROAD,,_T,,_T,,2013,,2824,,A,,0,,1,
DATAFLOW,OECD.ITF:DSD_TRENDS@DF_TRENDSSAFETY(1.0),,I,ARM,,A,,CRASHES,,CRA,,ROAD,,_T,,_T,,2014,,3156,,A,,0,,1,
DATAFLOW,OECD.ITF:DSD_TRENDS@DF_TRENDSSAFETY(1.0),,I,ARM,,A,,CRASHES,,CRA,,ROAD,,_T,,_T,,2015,,3399,,A,,0,,1,
DATAFLOW,OECD.ITF:DSD_TRENDS@DF_TRENDSSAFETY(1.0),,I,ARM,,A,,CRASHES,,CRA,,ROAD,,_T,,_T,,2016,,3203,,A,,0,,1,
DATAFLOW,OECD.ITF:DSD_TRENDS@DF_TRENDSSAFETY(1.0),,I,ARM,,A,,CRASHES,,CRA,,ROAD,,_T,,_T,,2017,,3535,,A,,0,,1,
DATAFLOW,OECD.ITF:DSD_TRENDS@DF_TRENDSSAFETY(1.0),,I,ARM,,A,,CRASHES,,CRA,,ROAD,,_T,,_T,,2018,,4111,,A,,0,,1,
DATAFLOW,OECD.ITF:DSD_TRENDS@DF_TRENDSSAFETY(1.0),,I,ARM,,A,,CRASHES,,CRA,,ROAD,,_T,,_T,,2019,,4799,,A,,0,,1,
DATAFLOW,OECD.ITF:DSD_TRENDS@DF_TRENDSSAFETY(1.0),,I,ARM,,A,,CRASHES,,CRA,,ROAD,,_T,,_T,,2020,,4016,,A,,0,,1,
DATAFLOW,OECD.ITF:DSD_TRENDS@DF_TRENDSSAFETY(1.0),,I,ARM,,A,,CRASHES,,CRA,,ROAD,,_T,,_T,,2021,,4604,,A,,0,,1,
DATAFLOW,OECD.ITF:DSD_TRENDS@DF_TRENDSSAFETY(1.0),,I,ARM,,A,,CRASHES,,CRA,,ROAD,,_T,,_T,,2022,,4308,,A,,0,,1,
DATAFLOW,OECD.ITF:DSD_TRENDS@DF_TRENDSSAFETY(1.0),,I,ARM,,A,,CRASHES,,CRA,,ROAD,,_T,,_T,,2023,,4613,,A,,0,,1,
DATAFLOW,OECD.ITF:DSD_TRENDS@DF_TRENDSSAFETY(1.0),,I,AZE,,A,,CRASHES,,CRA,,ROAD,,_T,,_T,,1991,,3336,,A,,0,,1,
DATAFLOW,OECD.ITF:DSD_TRENDS@DF_TRENDSSAFETY(1.0),,I,AZE,,A,,CRASHES,,CRA,,ROAD,,_T,,_T,,1992,,3045,,A,,0,,1,
DATAFLOW,OECD.ITF:DSD_TRENDS@DF_TRENDSSAFETY(1.0),,I,AZE,,A,,CRASHES,,CRA,,ROAD,,_T,,_T,,1993,,2829,,A,,0,,1,
DATAFLOW,OECD.ITF:DSD_TRENDS@DF_TRENDSSAFETY(1.0),,I,AZE,,A,,CRASHES,,CRA,,ROAD,,_T,,_T,,1994,,2871,,A,,0,,1,
DATAFLOW,OECD.ITF:DSD_TRENDS@DF_TRENDSSAFETY(1.0),,I,AZE,,A,,CRASHES,,CRA,,ROAD,,_T,,_T,,1995,,2513,,A,,0,,1,
DATAFLOW,OECD.ITF:DSD_TRENDS@DF_TRENDSSAFETY(1.0),,I,AZE,,A,,CRASHES,,CRA,,ROAD,,_T,,_T,,1996,,2185,,A,,0,,1,
DATAFLOW,OECD.ITF:DSD_TRENDS@DF_TRENDSSAFETY(1.0),,I,AZE,,A,,CRASHES,,CRA,,ROAD,,_T,,_T,,1997,,1988,,A,,0,,1,
DATAFLOW,OECD.ITF:DSD_TRENDS@DF_TRENDSSAFETY(1.0),,I,AZE,,A,,CRASHES,,CRA,,ROAD,,_T,,_T,,1998,,1984,,A,,0,,1,
DATAFLOW,OECD.ITF:DSD_TRENDS@DF_TRENDSSAFETY(1.0),,I,AZE,,A,,CRASHES,,CRA,,ROAD,,_T,,_T,,1999,,1996,,A,,0,,1,
DATAFLOW,OECD.ITF:DSD_TRENDS@DF_TRENDSSAFETY(1.0),,I,AZE,,A,,CRASHES,,CRA,,ROAD,,_T,,_T,,2000,,1987,,A,,0,,1,
DATAFLOW,OECD.ITF:DSD_TRENDS@DF_TRENDSSAFETY(1.0),,I,AZE,,A,,CRASHES,,CRA,,ROAD,,_T,,_T,,2001,,1985,,A,,0,,1,
DATAFLOW,OECD.ITF:DSD_TRENDS@DF_TRENDSSAFETY(1.0),,I,AZE,,A,,CRASHES,,CRA,,ROAD,,_T,,_T,,2002,,2193,,A,,0,,1,
DATAFLOW,OECD.ITF:DSD_TRENDS@DF_TRENDSSAFETY(1.0),,I,AZE,,A,,CRASHES,,CRA,,ROAD,,_T,,_T,,2003,,2311,,A,,0,,1,
DATAFLOW,OECD.ITF:DSD_TRENDS@DF_TRENDSSAFETY(1.0),,I,AZE,,A,,CRASHES,,CRA,,ROAD,,_T,,_T,,2004,,2388,,A,,0,,1,
DATAFLOW,OECD.ITF:DSD_TRENDS@DF_TRENDSSAFETY(1.0),,I,AZE,,A,,CRASHES,,CRA,,ROAD,,_T,,_T,,2005,,3179,,A,,0,,1,
DATAFLOW,OECD.ITF:DSD_TRENDS@DF_TRENDSSAFETY(1.0),,I,AZE,,A,,CRASHES,,CRA,,ROAD,,_T,,_T,,2006,,3197,,A,,0,,1,
DATAFLOW,OECD.ITF:DSD_TRENDS@DF_TRENDSSAFETY(1.0),,I,AZE,,A,,CRASHES,,CRA,,ROAD,,_T,,_T,,2007,,3104,,A,,0,,1,
DATAFLOW,OECD.ITF:DSD_TRENDS@DF_TRENDSSAFETY(1.0),,I,AZE,,A,,CRASHES,,CRA,,ROAD,,_T,,_T,,2008,,2970,,A,,0,,1,
DATAFLOW,OECD.ITF:DSD_TRENDS@DF_TRENDSSAFETY(1.0),,I,AZE,,A,,CRASHES,,CRA,,ROAD,,_T,,_T,,2009,,2792,,A,,0,,1,
DATAFLOW,OECD.ITF:DSD_TRENDS@DF_TRENDSSAFETY(1.0),,I,AZE,,A,,CRASHES,,CRA,,ROAD,,_T,,_T,,2010,,2721,,A,,0,,1,
DATAFLOW,OECD.ITF:DSD_TRENDS@DF_TRENDSSAFETY(1.0),,I,AZE,,A,,CRASHES,,CRA,,ROAD,,_T,,_T,,2011,,2890,,A,,0,,1,
DATAFLOW,OECD.ITF:DSD_TRENDS@DF_TRENDSSAFETY(1.0),,I,AZE,,A,,CRASHES,,CRA,,ROAD,,_T,,_T,,2012,,2892,,A,,0,,1,
DATAFLOW,OECD.ITF:DSD_TRENDS@DF_TRENDSSAFETY(1.0),,I,AZE,,A,,CRASHES,,CRA,,ROAD,,_T,,_T,,2013,,2846,,A,,0,,1,
DATAFLOW,OECD.ITF:DSD_TRENDS@DF_TRENDSSAFETY(1.0),,I,AZE,,A,,CRASHES,,CRA,,ROAD,,_T,,_T,,2014,,2635,,A,,0,,1,
DATAFLOW,OECD.ITF:DSD_TRENDS@DF_TRENDSSAFETY(1.0),,I,AZE,,A,,CRASHES,,CRA,,ROAD,,_T,,_T,,2015,,2220,,A,,0,,1,
DATAFLOW,OECD.ITF:DSD_TRENDS@DF_TRENDSSAFETY(1.0),,I,AZE,,A,,CRASHES,,CRA,,ROAD,,_T,,_T,,2016,,2006,,A,,0,,1,
DATAFLOW,OECD.ITF:DSD_TRENDS@DF_TRENDSSAFETY(1.0),,I,AZE,,A,,CRASHES,,CRA,,ROAD,,_T,,_T,,2017,,1833,,A,,0,,1,
DATAFLOW,OECD.ITF:DSD_TRENDS@DF_TRENDSSAFETY(1.0),,I,AZE,,A,,CRASHES,,CRA,,ROAD,,_T,,_T,,2018,,1817,,A,,0,,1,
DATAFLOW,OECD.ITF:DSD_TRENDS@DF_TRENDSSAFETY(1.0),,I,AZE,,A,,CRASHES,,CRA,,ROAD,,_T,,_T,,2019,,1870,,A,,0,,1,
DATAFLOW,OECD.ITF:DSD_TRENDS@DF_TRENDSSAFETY(1.0),,I,AZE,,A,,CRASHES,,CRA,,ROAD,,_T,,_T,,2020,,1587,,A,,0,,1,
DATAFLOW,OECD.ITF:DSD_TRENDS@DF_TRENDSSAFETY(1.0),,I,AZE,,A,,CRASHES,,CRA,,ROAD,,_T,,_T,,2021,,1649,,A,,0,,1,
DATAFLOW,OECD.ITF:DSD_TRENDS@DF_TRENDSSAFETY(1.0),,I,AZE,,A,,CRASHES,,CRA,,ROAD,,_T,,_T,,2022,,1668,,A,,0,,1,
DATAFLOW,OECD.ITF:DSD_TRENDS@DF_TRENDSSAFETY(1.0),,I,AZE,,A,,CRASHES,,CRA,,ROAD,,_T,,_T,,2023,,1636,,A,,0,,1,
DATAFLOW,OECD.ITF:DSD_TRENDS@DF_TRENDSSAFETY(1.0),,I,AZE,,A,,CRASHES,,CRA,,ROAD,,_T,,_T,,2024,,1427,,A,,0,,1,
DATAFLOW,OECD.ITF:DSD_TRENDS@DF_TRENDSSAFETY(1.0),,I,BIH,,A,,CRASHES,,CRA,,ROAD,,_T,,_T,,2010,,7466,,A,,0,,1,
DATAFLOW,OECD.ITF:DSD_TRENDS@DF_TRENDSSAFETY(1.0),,I,BIH,,A,,CRASHES,,CRA,,ROAD,,_T,,_T,,2011,,7166,,A,,0,,1,
DATAFLOW,OECD.ITF:DSD_TRENDS@DF_TRENDSSAFETY(1.0),,I,BIH,,A,,CRASHES,,CRA,,ROAD,,_T,,_T,,2012,,6380,,A,,0,,1,
DATAFLOW,OECD.ITF:DSD_TRENDS@DF_TRENDSSAFETY(1.0),,I,BIH,,A,,CRASHES,,CRA,,ROAD,,_T,,_T,,2013,,6826,,A,,0,,1,
DATAFLOW,OECD.ITF:DSD_TRENDS@DF_TRENDSSAFETY(1.0),,I,BIH,,A,,CRASHES,,CRA,,ROAD,,_T,,_T,,2014,,6882,,A,,0,,1,
DATAFLOW,OECD.ITF:DSD_TRENDS@DF_TRENDSSAFETY(1.0),,I,BIH,,A,,CRASHES,,CRA,,ROAD,,_T,,_T,,2015,,7636,,A,,0,,1,
DATAFLOW,OECD.ITF:DSD_TRENDS@DF_TRENDSSAFETY(1.0),,I,BIH,,A,,CRASHES,,CRA,,ROAD,,_T,,_T,,2016,,7466,,A,,0,,1,
DATAFLOW,OECD.ITF:DSD_TRENDS@DF_TRENDSSAFETY(1.0),,I,BIH,,A,,CRASHES,,CRA,,ROAD,,_T,,_T,,2017,,7397,,A,,0,,1,
DATAFLOW,OECD.ITF:DSD_TRENDS@DF_TRENDSSAFETY(1.0),,I,BIH,,A,,CRASHES,,CRA,,ROAD,,_T,,_T,,2018,,6194,,A,,0,,1,
DATAFLOW,OECD.ITF:DSD_TRENDS@DF_TRENDSSAFETY(1.0),,I,BIH,,A,,CRASHES,,CRA,,ROAD,,_T,,_T,,2019,,7129,,A,,0,,1,
DATAFLOW,OECD.ITF:DSD_TRENDS@DF_TRENDSSAFETY(1.0),,I,BIH,,A,,CRASHES,,CRA,,ROAD,,_T,,_T,,2020,,6317,,A,,0,,1,
DATAFLOW,OECD.ITF:DSD_TRENDS@DF_TRENDSSAFETY(1.0),,I,BIH,,A,,CRASHES,,CRA,,ROAD,,_T,,_T,,2021,,7410,,A,,0,,1,
DATAFLOW,OECD.ITF:DSD_TRENDS@DF_TRENDSSAFETY(1.0),,I,BIH,,A,,CRASHES,,CRA,,ROAD,,_T,,_T,,2022,,7337,,A,,0,,1,
DATAFLOW,OECD.ITF:DSD_TRENDS@DF_TRENDSSAFETY(1.0),,I,BIH,,A,,CRASHES,,CRA,,ROAD,,_T,,_T,,2023,,7729,,A,,0,,1,
DATAFLOW,OECD.ITF:DSD_TRENDS@DF_TRENDSSAFETY(1.0),,I,BIH,,A,,CRASHES,,CRA,,ROAD,,_T,,_T,,2024,,7926,,A,,0,,1,
DATAFLOW,OECD.ITF:DSD_TRENDS@DF_TRENDSSAFETY(1.0),,I,BGR,,A,,CRASHES,,CRA,,ROAD,,_T,,_T,,1976,,5453,,A,,0,,1,
DATAFLOW,OECD.ITF:DSD_TRENDS@DF_TRENDSSAFETY(1.0),,I,BGR,,A,,CRASHES,,CRA,,ROAD,,_T,,_T,,1977,,5218,,A,,0,,1,
DATAFLOW,OECD.ITF:DSD_TRENDS@DF_TRENDSSAFETY(1.0),,I,BGR,,A,,CRASHES,,CRA,,ROAD,,_T,,_T,,1978,,5489,,A,,0,,1,
DATAFLOW,OECD.ITF:DSD_TRENDS@DF_TRENDSSAFETY(1.0),,I,BGR,,A,,CRASHES,,CRA,,ROAD,,_T,,_T,,1979,,5158,,A,,0,,1,
DATAFLOW,OECD.ITF:DSD_TRENDS@DF_TRENDSSAFETY(1.0),,I,BGR,,A,,CRASHES,,CRA,,ROAD,,_T,,_T,,1980,,5651,,A,,0,,1,
DATAFLOW,OECD.ITF:DSD_TRENDS@DF_TRENDSSAFETY(1.0),,I,BGR,,A,,CRASHES,,CRA,,ROAD,,_T,,_T,,1981,,5290,,A,,0,,1,
DATAFLOW,OECD.ITF:DSD_TRENDS@DF_TRENDSSAFETY(1.0),,I,BGR,,A,,CRASHES,,CRA,,ROAD,,_T,,_T,,1982,,5164,,A,,0,,1,
DATAFLOW,OECD.ITF:DSD_TRENDS@DF_TRENDSSAFETY(1.0),,I,BGR,,A,,CRASHES,,CRA,,ROAD,,_T,,_T,,1983,,4715,,A,,0,,1,
DATAFLOW,OECD.ITF:DSD_TRENDS@DF_TRENDSSAFETY(1.0),,I,BGR,,A,,CRASHES,,CRA,,ROAD,,_T,,_T,,1984,,5251,,A,,0,,1,
DATAFLOW,OECD.ITF:DSD_TRENDS@DF_TRENDSSAFETY(1.0),,I,BGR,,A,,CRASHES,,CRA,,ROAD,,_T,,_T,,1985,,5082,,A,,0,,1,
DATAFLOW,OECD.ITF:DSD_TRENDS@DF_TRENDSSAFETY(1.0),,I,BGR,,A,,CRASHES,,CRA,,ROAD,,_T,,_T,,1986,,4802,,A,,0,,1,
DATAFLOW,OECD.ITF:DSD_TRENDS@DF_TRENDSSAFETY(1.0),,I,BGR,,A,,CRASHES,,CRA,,ROAD,,_T,,_T,,1987,,5845,,A,,0,,1,
DATAFLOW,OECD.ITF:DSD_TRENDS@DF_TRENDSSAFETY(1.0),,I,BGR,,A,,CRASHES,,CRA,,ROAD,,_T,,_T,,1988,,5973,,A,,0,,1,
DATAFLOW,OECD.ITF:DSD_TRENDS@DF_TRENDSSAFETY(1.0),,I,BGR,,A,,CRASHES,,CRA,,ROAD,,_T,,_T,,1989,,6313,,A,,0,,1,
DATAFLOW,OECD.ITF:DSD_TRENDS@DF_TRENDSSAFETY(1.0),,I,BGR,,A,,CRASHES,,CRA,,ROAD,,_T,,_T,,1990,,6478,,A,,0,,1,
DATAFLOW,OECD.ITF:DSD_TRENDS@DF_TRENDSSAFETY(1.0),,I,BGR,,A,,CRASHES,,CRA,,ROAD,,_T,,_T,,1991,,4875,,A,,0,,1,
DATAFLOW,OECD.ITF:DSD_TRENDS@DF_TRENDSSAFETY(1.0),,I,BGR,,A,,CRASHES,,CRA,,ROAD,,_T,,_T,,1992,,7206,,A,,0,,1,
DATAFLOW,OECD.ITF:DSD_TRENDS@DF_TRENDSSAFETY(1.0),,I,BGR,,A,,CRASHES,,CRA,,ROAD,,_T,,_T,,1993,,7355,,A,,0,,1,
DATAFLOW,OECD.ITF:DSD_TRENDS@DF_TRENDSSAFETY(1.0),,I,BGR,,A,,CRASHES,,CRA,,ROAD,,_T,,_T,,1994,,7288,,A,,0,,1,
DATAFLOW,OECD.ITF:DSD_TRENDS@DF_TRENDSSAFETY(1.0),,I,BGR,,A,,CRASHES,,CRA,,ROAD,,_T,,_T,,1995,,7435,,A,,0,,1,
DATAFLOW,OECD.ITF:DSD_TRENDS@DF_TRENDSSAFETY(1.0),,I,BGR,,A,,CRASHES,,CRA,,ROAD,,_T,,_T,,1996,,6351,,A,,0,,1,
DATAFLOW,OECD.ITF:DSD_TRENDS@DF_TRENDSSAFETY(1.0),,I,BGR,,A,,CRASHES,,CRA,,ROAD,,_T,,_T,,1997,,6018,,A,,0,,1,
DATAFLOW,OECD.ITF:DSD_TRENDS@DF_TRENDSSAFETY(1.0),,I,BGR,,A,,CRASHES,,CRA,,ROAD,,_T,,_T,,1998,,6905,,A,,0,,1,
DATAFLOW,OECD.ITF:DSD_TRENDS@DF_TRENDSSAFETY(1.0),,I,BGR,,A,,CRASHES,,CRA,,ROAD,,_T,,_T,,1999,,7586,,A,,0,,1,
DATAFLOW,OECD.ITF:DSD_TRENDS@DF_TRENDSSAFETY(1.0),,I,BGR,,A,,CRASHES,,CRA,,ROAD,,_T,,_T,,2000,,6886,,A,,0,,1,
DATAFLOW,OECD.ITF:DSD_TRENDS@DF_TRENDSSAFETY(1.0),,I,BGR,,A,,CRASHES,,CRA,,ROAD,,_T,,_T,,2001,,6709,,A,,0,,1,
DATAFLOW,OECD.ITF:DSD_TRENDS@DF_TRENDSSAFETY(1.0),,I,BGR,,A,,CRASHES,,CRA,,ROAD,,_T,,_T,,2002,,6769,,A,,0,,1,
DATAFLOW,OECD.ITF:DSD_TRENDS@DF_TRENDSSAFETY(1.0),,I,BGR,,A,,CRASHES,,CRA,,ROAD,,_T,,_T,,2003,,6997,,A,,0,,1,
DATAFLOW,OECD.ITF:DSD_TRENDS@DF_TRENDSSAFETY(1.0),,I,BGR,,A,,CRASHES,,CRA,,ROAD,,_T,,_T,,2004,,7612,,A,,0,,1,
DATAFLOW,OECD.ITF:DSD_TRENDS@DF_TRENDSSAFETY(1.0),,I,BGR,,A,,CRASHES,,CRA,,ROAD,,_T,,_T,,2005,,8224,,A,,0,,1,
DATAFLOW,OECD.ITF:DSD_TRENDS@DF_TRENDSSAFETY(1.0),,I,BGR,,A,,CRASHES,,CRA,,ROAD,,_T,,_T,,2006,,8222,,A,,0,,1,
DATAFLOW,OECD.ITF:DSD_TRENDS@DF_TRENDSSAFETY(1.0),,I,BGR,,A,,CRASHES,,CRA,,ROAD,,_T,,_T,,2007,,8010,,A,,0,,1,
DATAFLOW,OECD.ITF:DSD_TRENDS@DF_TRENDSSAFETY(1.0),,I,BGR,,A,,CRASHES,,CRA,,ROAD,,_T,,_T,,2008,,8045,,A,,0,,1,
DATAFLOW,OECD.ITF:DSD_TRENDS@DF_TRENDSSAFETY(1.0),,I,BGR,,A,,CRASHES,,CRA,,ROAD,,_T,,_T,,2009,,7068,,A,,0,,1,
DATAFLOW,OECD.ITF:DSD_TRENDS@DF_TRENDSSAFETY(1.0),,I,BGR,,A,,CRASHES,,CRA,,ROAD,,_T,,_T,,2010,,6609,,A,,0,,1,
DATAFLOW,OECD.ITF:DSD_TRENDS@DF_TRENDSSAFETY(1.0),,I,BGR,,A,,CRASHES,,CRA,,ROAD,,_T,,_T,,2011,,6639,,A,,0,,1,
DATAFLOW,OECD.ITF:DSD_TRENDS@DF_TRENDSSAFETY(1.0),,I,BGR,,A,,CRASHES,,CRA,,ROAD,,_T,,_T,,2012,,6717,,A,,0,,1,
DATAFLOW,OECD.ITF:DSD_TRENDS@DF_TRENDSSAFETY(1.0),,I,BGR,,A,,CRASHES,,CRA,,ROAD,,_T,,_T,,2013,,7015,,A,,0,,1,
DATAFLOW,OECD.ITF:DSD_TRENDS@DF_TRENDSSAFETY(1.0),,I,BGR,,A,,CRASHES,,CRA,,ROAD,,_T,,_T,,2014,,7018,,A,,0,,1,
DATAFLOW,OECD.ITF:DSD_TRENDS@DF_TRENDSSAFETY(1.0),,I,BGR,,A,,CRASHES,,CRA,,ROAD,,_T,,_T,,2015,,7225,,A,,0,,1,
DATAFLOW,OECD.ITF:DSD_TRENDS@DF_TRENDSSAFETY(1.0),,I,BGR,,A,,CRASHES,,CRA,,ROAD,,_T,,_T,,2016,,7404,,A,,0,,1,
DATAFLOW,OECD.ITF:DSD_TRENDS@DF_TRENDSSAFETY(1.0),,I,BGR,,A,,CRASHES,,CRA,,ROAD,,_T,,_T,,2017,,6888,,A,,0,,1,
DATAFLOW,OECD.ITF:DSD_TRENDS@DF_TRENDSSAFETY(1.0),,I,BGR,,A,,CRASHES,,CRA,,ROAD,,_T,,_T,,2018,,6684,,A,,0,,1,
DATAFLOW,OECD.ITF:DSD_TRENDS@DF_TRENDSSAFETY(1.0),,I,BGR,,A,,CRASHES,,CRA,,ROAD,,_T,,_T,,2019,,6730,,A,,0,,1,
DATAFLOW,OECD.ITF:DSD_TRENDS@DF_TRENDSSAFETY(1.0),,I,BGR,,A,,CRASHES,,CRA,,ROAD,,_T,,_T,,2020,,5710,,A,,0,,1,
DATAFLOW,OECD.ITF:DSD_TRENDS@DF_TRENDSSAFETY(1.0),,I,BGR,,A,,CRASHES,,CRA,,ROAD,,_T,,_T,,2021,,6080,,A,,0,,1,
DATAFLOW,OECD.ITF:DSD_TRENDS@DF_TRENDSSAFETY(1.0),,I,BGR,,A,,CRASHES,,CRA,,ROAD,,_T,,_T,,2022,,6609,,A,,0,,1,
DATAFLOW,OECD.ITF:DSD_TRENDS@DF_TRENDSSAFETY(1.0),,I,BGR,,A,,CRASHES,,CRA,,ROAD,,_T,,_T,,2023,,6993,,A,,0,,1,
DATAFLOW,OECD.ITF:DSD_TRENDS@DF_TRENDSSAFETY(1.0),,I,BGR,,A,,CRASHES,,CRA,,ROAD,,_T,,_T,,2024,,7173,,A,,0,,1,
DATAFLOW,OECD.ITF:DSD_TRENDS@DF_TRENDSSAFETY(1.0),,I,HRV,,A,,CRASHES,,CRA,,ROAD,,_T,,_T,,1971,,10432,,A,,0,,1,
DATAFLOW,OECD.ITF:DSD_TRENDS@DF_TRENDSSAFETY(1.0),,I,HRV,,A,,CRASHES,,CRA,,ROAD,,_T,,_T,,1972,,10936,,A,,0,,1,
DATAFLOW,OECD.ITF:DSD_TRENDS@DF_TRENDSSAFETY(1.0),,I,HRV,,A,,CRASHES,,CRA,,ROAD,,_T,,_T,,1973,,10442,,A,,0,,1,
DATAFLOW,OECD.ITF:DSD_TRENDS@DF_TRENDSSAFETY(1.0),,I,HRV,,A,,CRASHES,,CRA,,ROAD,,_T,,_T,,1974,,10262,,A,,0,,1,
DATAFLOW,OECD.ITF:DSD_TRENDS@DF_TRENDSSAFETY(1.0),,I,HRV,,A,,CRASHES,,CRA,,ROAD,,_T,,_T,,1975,,10509,,A,,0,,1,
DATAFLOW,OECD.ITF:DSD_TRENDS@DF_TRENDSSAFETY(1.0),,I,HRV,,A,,CRASHES,,CRA,,ROAD,,_T,,_T,,1976,,10775,,A,,0,,1,
DATAFLOW,OECD.ITF:DSD_TRENDS@DF_TRENDSSAFETY(1.0),,I,HRV,,A,,CRASHES,,CRA,,ROAD,,_T,,_T,,1977,,12924,,A,,0,,1,
DATAFLOW,OECD.ITF:DSD_TRENDS@DF_TRENDSSAFETY(1.0),,I,HRV,,A,,CRASHES,,CRA,,ROAD,,_T,,_T,,1978,,13318,,A,,0,,1,
DATAFLOW,OECD.ITF:DSD_TRENDS@DF_TRENDSSAFETY(1.0),,I,HRV,,A,,CRASHES,,CRA,,ROAD,,_T,,_T,,1979,,14014,,A,,0,,1,
DATAFLOW,OECD.ITF:DSD_TRENDS@DF_TRENDSSAFETY(1.0),,I,HRV,,A,,CRASHES,,CRA,,ROAD,,_T,,_T,,1980,,15053,,A,,0,,1,
DATAFLOW,OECD.ITF:DSD_TRENDS@DF_TRENDSSAFETY(1.0),,I,HRV,,A,,CRASHES,,CRA,,ROAD,,_T,,_T,,1981,,13716,,A,,0,,1,
DATAFLOW,OECD.ITF:DSD_TRENDS@DF_TRENDSSAFETY(1.0),,I,HRV,,A,,CRASHES,,CRA,,ROAD,,_T,,_T,,1982,,13441,,A,,0,,1,
DATAFLOW,OECD.ITF:DSD_TRENDS@DF_TRENDSSAFETY(1.0),,I,HRV,,A,,CRASHES,,CRA,,ROAD,,_T,,_T,,1983,,12238,,A,,0,,1,
DATAFLOW,OECD.ITF:DSD_TRENDS@DF_TRENDSSAFETY(1.0),,I,HRV,,A,,CRASHES,,CRA,,ROAD,,_T,,_T,,1984,,11896,,A,,0,,1,
DATAFLOW,OECD.ITF:DSD_TRENDS@DF_TRENDSSAFETY(1.0),,I,HRV,,A,,CRASHES,,CRA,,ROAD,,_T,,_T,,1985,,12072,,A,,0,,1,
DATAFLOW,OECD.ITF:DSD_TRENDS@DF_TRENDSSAFETY(1.0),,I,HRV,,A,,CRASHES,,CRA,,ROAD,,_T,,_T,,1986,,13501,,A,,0,,1,
DATAFLOW,OECD.ITF:DSD_TRENDS@DF_TRENDSSAFETY(1.0),,I,HRV,,A,,CRASHES,,CRA,,ROAD,,_T,,_T,,1987,,13985,,A,,0,,1,
DATAFLOW,OECD.ITF:DSD_TRENDS@DF_TRENDSSAFETY(1.0),,I,HRV,,A,,CRASHES,,CRA,,ROAD,,_T,,_T,,1988,,14048,,A,,0,,1,
DATAFLOW,OECD.ITF:DSD_TRENDS@DF_TRENDSSAFETY(1.0),,I,HRV,,A,,CRASHES,,CRA,,ROAD,,_T,,_T,,1989,,13888,,A,,0,,1,
DATAFLOW,OECD.ITF:DSD_TRENDS@DF_TRENDSSAFETY(1.0),,I,HRV,,A,,CRASHES,,CRA,,ROAD,,_T,,_T,,1990,,14471,,A,,0,,1,
DATAFLOW,OECD.ITF:DSD_TRENDS@DF_TRENDSSAFETY(1.0),,I,HRV,,A,,CRASHES,,CRA,,ROAD,,_T,,_T,,1991,,11559,,A,,0,,1,
DATAFLOW,OECD.ITF:DSD_TRENDS@DF_TRENDSSAFETY(1.0),,I,HRV,,A,,CRASHES,,CRA,,ROAD,,_T,,_T,,1992,,12758,,A,,0,,1,
DATAFLOW,OECD.ITF:DSD_TRENDS@DF_TRENDSSAFETY(1.0),,I,HRV,,A,,CRASHES,,CRA,,ROAD,,_T,,_T,,1993,,11529,,A,,0,,1,
DATAFLOW,OECD.ITF:DSD_TRENDS@DF_TRENDSSAFETY(1.0),,I,HRV,,A,,CRASHES,,CRA,,ROAD,,_T,,_T,,1994,,12846,,A,,0,,1,
DATAFLOW,OECD.ITF:DSD_TRENDS@DF_TRENDSSAFETY(1.0),,I,HRV,,A,,CRASHES,,CRA,,ROAD,,_T,,_T,,1995,,12668,,A,,0,,1,
DATAFLOW,OECD.ITF:DSD_TRENDS@DF_TRENDSSAFETY(1.0),,I,HRV,,A,,CRASHES,,CRA,,ROAD,,_T,,_T,,1996,,11740,,A,,0,,1,
DATAFLOW,OECD.ITF:DSD_TRENDS@DF_TRENDSSAFETY(1.0),,I,HRV,,A,,CRASHES,,CRA,,ROAD,,_T,,_T,,1997,,11652,,A,,0,,1,
DATAFLOW,OECD.ITF:DSD_TRENDS@DF_TRENDSSAFETY(1.0),,I,HRV,,A,,CRASHES,,CRA,,ROAD,,_T,,_T,,1998,,12846,,A,,0,,1,
DATAFLOW,OECD.ITF:DSD_TRENDS@DF_TRENDSSAFETY(1.0),,I,HRV,,A,,CRASHES,,CRA,,ROAD,,_T,,_T,,1999,,12958,,A,,0,,1,
DATAFLOW,OECD.ITF:DSD_TRENDS@DF_TRENDSSAFETY(1.0),,I,HRV,,A,,CRASHES,,CRA,,ROAD,,_T,,_T,,2000,,14430,,A,,0,,1,
DATAFLOW,OECD.ITF:DSD_TRENDS@DF_TRENDSSAFETY(1.0),,I,HRV,,A,,CRASHES,,CRA,,ROAD,,_T,,_T,,2001,,15656,,A,,0,,1,
DATAFLOW,OECD.ITF:DSD_TRENDS@DF_TRENDSSAFETY(1.0),,I,HRV,,A,,CRASHES,,CRA,,ROAD,,_T,,_T,,2002,,17071,,A,,0,,1,
DATAFLOW,OECD.ITF:DSD_TRENDS@DF_TRENDSSAFETY(1.0),,I,HRV,,A,,CRASHES,,CRA,,ROAD,,_T,,_T,,2003,,18592,,A,,0,,1,
DATAFLOW,OECD.ITF:DSD_TRENDS@DF_TRENDSSAFETY(1.0),,I,HRV,,A,,CRASHES,,CRA,,ROAD,,_T,,_T,,2004,,17140,,A,,0,,1,
DATAFLOW,OECD.ITF:DSD_TRENDS@DF_TRENDSSAFETY(1.0),,I,HRV,,A,,CRASHES,,CRA,,ROAD,,_T,,_T,,2005,,15679,,A,,0,,1,
DATAFLOW,OECD.ITF:DSD_TRENDS@DF_TRENDSSAFETY(1.0),,I,HRV,,A,,CRASHES,,CRA,,ROAD,,_T,,_T,,2006,,16706,,A,,0,,1,
DATAFLOW,OECD.ITF:DSD_TRENDS@DF_TRENDSSAFETY(1.0),,I,HRV,,A,,CRASHES,,CRA,,ROAD,,_T,,_T,,2007,,18029,,A,,0,,1,
DATAFLOW,OECD.ITF:DSD_TRENDS@DF_TRENDSSAFETY(1.0),,I,HRV,,A,,CRASHES,,CRA,,ROAD,,_T,,_T,,2008,,16283,,A,,0,,1,
DATAFLOW,OECD.ITF:DSD_TRENDS@DF_TRENDSSAFETY(1.0),,I,HRV,,A,,CRASHES,,CRA,,ROAD,,_T,,_T,,2009,,15730,,A,,0,,1,
DATAFLOW,OECD.ITF:DSD_TRENDS@DF_TRENDSSAFETY(1.0),,I,HRV,,A,,CRASHES,,CRA,,ROAD,,_T,,_T,,2010,,13272,,A,,0,,1,
DATAFLOW,OECD.ITF:DSD_TRENDS@DF_TRENDSSAFETY(1.0),,I,HRV,,A,,CRASHES,,CRA,,ROAD,,_T,,_T,,2011,,13228,,A,,0,,1,
DATAFLOW,OECD.ITF:DSD_TRENDS@DF_TRENDSSAFETY(1.0),,I,HRV,,A,,CRASHES,,CRA,,ROAD,,_T,,_T,,2012,,11773,,A,,0,,1,
DATAFLOW,OECD.ITF:DSD_TRENDS@DF_TRENDSSAFETY(1.0),,I,HRV,,A,,CRASHES,,CRA,,ROAD,,_T,,_T,,2013,,11225,,A,,0,,1,
DATAFLOW,OECD.ITF:DSD_TRENDS@DF_TRENDSSAFETY(1.0),,I,HRV,,A,,CRASHES,,CRA,,ROAD,,_T,,_T,,2014,,10607,,A,,0,,1,
DATAFLOW,OECD.ITF:DSD_TRENDS@DF_TRENDSSAFETY(1.0),,I,HRV,,A,,CRASHES,,CRA,,ROAD,,_T,,_T,,2015,,11038,,A,,0,,1,
DATAFLOW,OECD.ITF:DSD_TRENDS@DF_TRENDSSAFETY(1.0),,I,HRV,,A,,CRASHES,,CRA,,ROAD,,_T,,_T,,2016,,10779,,A,,0,,1,
DATAFLOW,OECD.ITF:DSD_TRENDS@DF_TRENDSSAFETY(1.0),,I,HRV,,A,,CRASHES,,CRA,,ROAD,,_T,,_T,,2017,,10939,,A,,0,,1,
DATAFLOW,OECD.ITF:DSD_TRENDS@DF_TRENDSSAFETY(1.0),,I,HRV,,A,,CRASHES,,CRA,,ROAD,,_T,,_T,,2018,,10450,,A,,0,,1,
DATAFLOW,OECD.ITF:DSD_TRENDS@DF_TRENDSSAFETY(1.0),,I,HRV,,A,,CRASHES,,CRA,,ROAD,,_T,,_T,,2019,,9695,,A,,0,,1,
DATAFLOW,OECD.ITF:DSD_TRENDS@DF_TRENDSSAFETY(1.0),,I,HRV,,A,,CRASHES,,CRA,,ROAD,,_T,,_T,,2020,,7710,,A,,0,,1,
DATAFLOW,OECD.ITF:DSD_TRENDS@DF_TRENDSSAFETY(1.0),,I,HRV,,A,,CRASHES,,CRA,,ROAD,,_T,,_T,,2021,,9146,,A,,0,,1,
DATAFLOW,OECD.ITF:DSD_TRENDS@DF_TRENDSSAFETY(1.0),,I,HRV,,A,,CRASHES,,CRA,,ROAD,,_T,,_T,,2022,,10005,,A,,0,,1,
DATAFLOW,OECD.ITF:DSD_TRENDS@DF_TRENDSSAFETY(1.0),,I,HRV,,A,,CRASHES,,CRA,,ROAD,,_T,,_T,,2023,,10633,,A,,0,,1,
DATAFLOW,OECD.ITF:DSD_TRENDS@DF_TRENDSSAFETY(1.0),,I,HRV,,A,,CRASHES,,CRA,,ROAD,,_T,,_T,,2024,,10734,,A,,0,,1,
DATAFLOW,OECD.ITF:DSD_TRENDS@DF_TRENDSSAFETY(1.0),,I,GEO,,A,,CRASHES,,CRA,,ROAD,,_T,,_T,,1970,,3002,,A,,0,,1,
DATAFLOW,OECD.ITF:DSD_TRENDS@DF_TRENDSSAFETY(1.0),,I,GEO,,A,,CRASHES,,CRA,,ROAD,,_T,,_T,,1971,,2819,,A,,0,,1,
DATAFLOW,OECD.ITF:DSD_TRENDS@DF_TRENDSSAFETY(1.0),,I,GEO,,A,,CRASHES,,CRA,,ROAD,,_T,,_T,,1972,,2760,,A,,0,,1,
DATAFLOW,OECD.ITF:DSD_TRENDS@DF_TRENDSSAFETY(1.0),,I,GEO,,A,,CRASHES,,CRA,,ROAD,,_T,,_T,,1973,,2856,,A,,0,,1,
DATAFLOW,OECD.ITF:DSD_TRENDS@DF_TRENDSSAFETY(1.0),,I,GEO,,A,,CRASHES,,CRA,,ROAD,,_T,,_T,,1974,,2826,,A,,0,,1,
DATAFLOW,OECD.ITF:DSD_TRENDS@DF_TRENDSSAFETY(1.0),,I,GEO,,A,,CRASHES,,CRA,,ROAD,,_T,,_T,,1975,,2960,,A,,0,,1,
DATAFLOW,OECD.ITF:DSD_TRENDS@DF_TRENDSSAFETY(1.0),,I,GEO,,A,,CRASHES,,CRA,,ROAD,,_T,,_T,,1976,,2950,,A,,0,,1,
DATAFLOW,OECD.ITF:DSD_TRENDS@DF_TRENDSSAFETY(1.0),,I,GEO,,A,,CRASHES,,CRA,,ROAD,,_T,,_T,,1977,,2901,,A,,0,,1,
DATAFLOW,OECD.ITF:DSD_TRENDS@DF_TRENDSSAFETY(1.0),,I,GEO,,A,,CRASHES,,CRA,,ROAD,,_T,,_T,,1978,,3099,,A,,0,,1,
DATAFLOW,OECD.ITF:DSD_TRENDS@DF_TRENDSSAFETY(1.0),,I,GEO,,A,,CRASHES,,CRA,,ROAD,,_T,,_T,,1979,,3087,,A,,0,,1,
DATAFLOW,OECD.ITF:DSD_TRENDS@DF_TRENDSSAFETY(1.0),,I,GEO,,A,,CRASHES,,CRA,,ROAD,,_T,,_T,,1980,,3075,,A,,0,,1,
DATAFLOW,OECD.ITF:DSD_TRENDS@DF_TRENDSSAFETY(1.0),,I,GEO,,A,,CRASHES,,CRA,,ROAD,,_T,,_T,,1981,,3071,,A,,0,,1,
DATAFLOW,OECD.ITF:DSD_TRENDS@DF_TRENDSSAFETY(1.0),,I,GEO,,A,,CRASHES,,CRA,,ROAD,,_T,,_T,,1982,,3120,,A,,0,,1,
DATAFLOW,OECD.ITF:DSD_TRENDS@DF_TRENDSSAFETY(1.0),,I,GEO,,A,,CRASHES,,CRA,,ROAD,,_T,,_T,,1983,,3017,,A,,0,,1,
DATAFLOW,OECD.ITF:DSD_TRENDS@DF_TRENDSSAFETY(1.0),,I,GEO,,A,,CRASHES,,CRA,,ROAD,,_T,,_T,,1984,,2913,,A,,0,,1,
DATAFLOW,OECD.ITF:DSD_TRENDS@DF_TRENDSSAFETY(1.0),,I,GEO,,A,,CRASHES,,CRA,,ROAD,,_T,,_T,,1985,,2552,,A,,0,,1,
DATAFLOW,OECD.ITF:DSD_TRENDS@DF_TRENDSSAFETY(1.0),,I,GEO,,A,,CRASHES,,CRA,,ROAD,,_T,,_T,,1986,,2492,,A,,0,,1,
DATAFLOW,OECD.ITF:DSD_TRENDS@DF_TRENDSSAFETY(1.0),,I,GEO,,A,,CRASHES,,CRA,,ROAD,,_T,,_T,,1987,,2413,,A,,0,,1,
DATAFLOW,OECD.ITF:DSD_TRENDS@DF_TRENDSSAFETY(1.0),,I,GEO,,A,,CRASHES,,CRA,,ROAD,,_T,,_T,,1988,,2396,,A,,0,,1,
DATAFLOW,OECD.ITF:DSD_TRENDS@DF_TRENDSSAFETY(1.0),,I,GEO,,A,,CRASHES,,CRA,,ROAD,,_T,,_T,,1989,,2621,,A,,0,,1,
DATAFLOW,OECD.ITF:DSD_TRENDS@DF_TRENDSSAFETY(1.0),,I,GEO,,A,,CRASHES,,CRA,,ROAD,,_T,,_T,,1990,,2963,,A,,0,,1,
DATAFLOW,OECD.ITF:DSD_TRENDS@DF_TRENDSSAFETY(1.0),,I,GEO,,A,,CRASHES,,CRA,,ROAD,,_T,,_T,,1991,,3574,,A,,0,,1,
DATAFLOW,OECD.ITF:DSD_TRENDS@DF_TRENDSSAFETY(1.0),,I,GEO,,A,,CRASHES,,CRA,,ROAD,,_T,,_T,,1992,,2054,,A,,0,,1,
DATAFLOW,OECD.ITF:DSD_TRENDS@DF_TRENDSSAFETY(1.0),,I,GEO,,A,,CRASHES,,CRA,,ROAD,,_T,,_T,,1993,,1522,,A,,0,,1,
DATAFLOW,OECD.ITF:DSD_TRENDS@DF_TRENDSSAFETY(1.0),,I,GEO,,A,,CRASHES,,CRA,,ROAD,,_T,,_T,,1994,,1539,,A,,0,,1,
DATAFLOW,OECD.ITF:DSD_TRENDS@DF_TRENDSSAFETY(1.0),,I,GEO,,A,,CRASHES,,CRA,,ROAD,,_T,,_T,,1995,,1567,,A,,0,,1,
DATAFLOW,OECD.ITF:DSD_TRENDS@DF_TRENDSSAFETY(1.0),,I,GEO,,A,,CRASHES,,CRA,,ROAD,,_T,,_T,,1996,,1627,,A,,0,,1,
DATAFLOW,OECD.ITF:DSD_TRENDS@DF_TRENDSSAFETY(1.0),,I,GEO,,A,,CRASHES,,CRA,,ROAD,,_T,,_T,,1997,,1644,,A,,0,,1,
DATAFLOW,OECD.ITF:DSD_TRENDS@DF_TRENDSSAFETY(1.0),,I,GEO,,A,,CRASHES,,CRA,,ROAD,,_T,,_T,,1998,,1752,,A,,0,,1,
DATAFLOW,OECD.ITF:DSD_TRENDS@DF_TRENDSSAFETY(1.0),,I,GEO,,A,,CRASHES,,CRA,,ROAD,,_T,,_T,,1999,,1782,,A,,0,,1,
DATAFLOW,OECD.ITF:DSD_TRENDS@DF_TRENDSSAFETY(1.0),,I,GEO,,A,,CRASHES,,CRA,,ROAD,,_T,,_T,,2000,,1708,,A,,0,,1,
DATAFLOW,OECD.ITF:DSD_TRENDS@DF_TRENDSSAFETY(1.0),,I,GEO,,A,,CRASHES,,CRA,,ROAD,,_T,,_T,,2001,,1937,,A,,0,,1,
DATAFLOW,OECD.ITF:DSD_TRENDS@DF_TRENDSSAFETY(1.0),,I,GEO,,A,,CRASHES,,CRA,,ROAD,,_T,,_T,,2002,,2011,,A,,0,,1,
DATAFLOW,OECD.ITF:DSD_TRENDS@DF_TRENDSSAFETY(1.0),,I,GEO,,A,,CRASHES,,CRA,,ROAD,,_T,,_T,,2003,,2113,,A,,0,,1,
DATAFLOW,OECD.ITF:DSD_TRENDS@DF_TRENDSSAFETY(1.0),,I,GEO,,A,,CRASHES,,CRA,,ROAD,,_T,,_T,,2004,,2936,,A,,0,,1,
DATAFLOW,OECD.ITF:DSD_TRENDS@DF_TRENDSSAFETY(1.0),,I,GEO,,A,,CRASHES,,CRA,,ROAD,,_T,,_T,,2005,,3870,,A,,0,,1,
DATAFLOW,OECD.ITF:DSD_TRENDS@DF_TRENDSSAFETY(1.0),,I,GEO,,A,,CRASHES,,CRA,,ROAD,,_T,,_T,,2006,,4795,,A,,0,,1,
DATAFLOW,OECD.ITF:DSD_TRENDS@DF_TRENDSSAFETY(1.0),,I,GEO,,A,,CRASHES,,CRA,,ROAD,,_T,,_T,,2007,,4946,,A,,0,,1,
DATAFLOW,OECD.ITF:DSD_TRENDS@DF_TRENDSSAFETY(1.0),,I,GEO,,A,,CRASHES,,CRA,,ROAD,,_T,,_T,,2008,,6015,,A,,0,,1,
DATAFLOW,OECD.ITF:DSD_TRENDS@DF_TRENDSSAFETY(1.0),,I,GEO,,A,,CRASHES,,CRA,,ROAD,,_T,,_T,,2009,,5482,,A,,0,,1,
DATAFLOW,OECD.ITF:DSD_TRENDS@DF_TRENDSSAFETY(1.0),,I,GEO,,A,,CRASHES,,CRA,,ROAD,,_T,,_T,,2010,,5099,,A,,0,,1,
DATAFLOW,OECD.ITF:DSD_TRENDS@DF_TRENDSSAFETY(1.0),,I,GEO,,A,,CRASHES,,CRA,,ROAD,,_T,,_T,,2011,,4486,,A,,0,,1,
DATAFLOW,OECD.ITF:DSD_TRENDS@DF_TRENDSSAFETY(1.0),,I,GEO,,A,,CRASHES,,CRA,,ROAD,,_T,,_T,,2012,,5359,,A,,0,,1,
DATAFLOW,OECD.ITF:DSD_TRENDS@DF_TRENDSSAFETY(1.0),,I,GEO,,A,,CRASHES,,CRA,,ROAD,,_T,,_T,,2013,,5510,,A,,0,,1,
DATAFLOW,OECD.ITF:DSD_TRENDS@DF_TRENDSSAFETY(1.0),,I,GEO,,A,,CRASHES,,CRA,,ROAD,,_T,,_T,,2014,,5992,,A,,0,,1,
DATAFLOW,OECD.ITF:DSD_TRENDS@DF_TRENDSSAFETY(1.0),,I,GEO,,A,,CRASHES,,CRA,,ROAD,,_T,,_T,,2015,,6432,,A,,0,,1,
DATAFLOW,OECD.ITF:DSD_TRENDS@DF_TRENDSSAFETY(1.0),,I,GEO,,A,,CRASHES,,CRA,,ROAD,,_T,,_T,,2016,,6939,,A,,0,,1,
DATAFLOW,OECD.ITF:DSD_TRENDS@DF_TRENDSSAFETY(1.0),,I,GEO,,A,,CRASHES,,CRA,,ROAD,,_T,,_T,,2017,,6079,,A,,0,,1,
DATAFLOW,OECD.ITF:DSD_TRENDS@DF_TRENDSSAFETY(1.0),,I,GEO,,A,,CRASHES,,CRA,,ROAD,,_T,,_T,,2018,,6452,,A,,0,,1,
DATAFLOW,OECD.ITF:DSD_TRENDS@DF_TRENDSSAFETY(1.0),,I,GEO,,A,,CRASHES,,CRA,,ROAD,,_T,,_T,,2019,,5839,,A,,0,,1,
DATAFLOW,OECD.ITF:DSD_TRENDS@DF_TRENDSSAFETY(1.0),,I,GEO,,A,,CRASHES,,CRA,,ROAD,,_T,,_T,,2020,,4999,,A,,0,,1,
DATAFLOW,OECD.ITF:DSD_TRENDS@DF_TRENDSSAFETY(1.0),,I,GEO,,A,,CRASHES,,CRA,,ROAD,,_T,,_T,,2021,,5863,,A,,0,,1,
DATAFLOW,OECD.ITF:DSD_TRENDS@DF_TRENDSSAFETY(1.0),,I,GEO,,A,,CRASHES,,CRA,,ROAD,,_T,,_T,,2022,,5469,,A,,0,,1,
DATAFLOW,OECD.ITF:DSD_TRENDS@DF_TRENDSSAFETY(1.0),,I,GEO,,A,,CRASHES,,CRA,,ROAD,,_T,,_T,,2023,,5594,,A,,0,,1,
DATAFLOW,OECD.ITF:DSD_TRENDS@DF_TRENDSSAFETY(1.0),,I,GEO,,A,,CRASHES,,CRA,,ROAD,,_T,,_T,,2024,,5866,,A,,0,,1,
DATAFLOW,OECD.ITF:DSD_TRENDS@DF_TRENDSSAFETY(1.0),,I,IND,,A,,CRASHES,,CRA,,ROAD,,_T,,_T,,1990,,282600,,A,,0,,1,
DATAFLOW,OECD.ITF:DSD_TRENDS@DF_TRENDSSAFETY(1.0),,I,IND,,A,,CRASHES,,CRA,,ROAD,,_T,,_T,,1991,,295131,,A,,0,,1,
DATAFLOW,OECD.ITF:DSD_TRENDS@DF_TRENDSSAFETY(1.0),,I,IND,,A,,CRASHES,,CRA,,ROAD,,_T,,_T,,1992,,275541,,A,,0,,1,
DATAFLOW,OECD.ITF:DSD_TRENDS@DF_TRENDSSAFETY(1.0),,I,IND,,A,,CRASHES,,CRA,,ROAD,,_T,,_T,,1993,,284646,,A,,0,,1,
DATAFLOW,OECD.ITF:DSD_TRENDS@DF_TRENDSSAFETY(1.0),,I,IND,,A,,CRASHES,,CRA,,ROAD,,_T,,_T,,1994,,325864,,A,,0,,1,
DATAFLOW,OECD.ITF:DSD_TRENDS@DF_TRENDSSAFETY(1.0),,I,IND,,A,,CRASHES,,CRA,,ROAD,,_T,,_T,,1995,,351999,,A,,0,,1,
DATAFLOW,OECD.ITF:DSD_TRENDS@DF_TRENDSSAFETY(1.0),,I,IND,,A,,CRASHES,,CRA,,ROAD,,_T,,_T,,1996,,371204,,A,,0,,1,
DATAFLOW,OECD.ITF:DSD_TRENDS@DF_TRENDSSAFETY(1.0),,I,IND,,A,,CRASHES,,CRA,,ROAD,,_T,,_T,,1997,,373671,,A,,0,,1,
DATAFLOW,OECD.ITF:DSD_TRENDS@DF_TRENDSSAFETY(1.0),,I,IND,,A,,CRASHES,,CRA,,ROAD,,_T,,_T,,1998,,385018,,A,,0,,1,
DATAFLOW,OECD.ITF:DSD_TRENDS@DF_TRENDSSAFETY(1.0),,I,IND,,A,,CRASHES,,CRA,,ROAD,,_T,,_T,,1999,,386456,,A,,0,,1,
DATAFLOW,OECD.ITF:DSD_TRENDS@DF_TRENDSSAFETY(1.0),,I,IND,,A,,CRASHES,,CRA,,ROAD,,_T,,_T,,2000,,391449,,A,,0,,1,
DATAFLOW,OECD.ITF:DSD_TRENDS@DF_TRENDSSAFETY(1.0),,I,IND,,A,,CRASHES,,CRA,,ROAD,,_T,,_T,,2001,,405637,,A,,0,,1,
DATAFLOW,OECD.ITF:DSD_TRENDS@DF_TRENDSSAFETY(1.0),,I,IND,,A,,CRASHES,,CRA,,ROAD,,_T,,_T,,2002,,407497,,A,,0,,1,
DATAFLOW,OECD.ITF:DSD_TRENDS@DF_TRENDSSAFETY(1.0),,I,IND,,A,,CRASHES,,CRA,,ROAD,,_T,,_T,,2003,,406726,,A,,0,,1,
DATAFLOW,OECD.ITF:DSD_TRENDS@DF_TRENDSSAFETY(1.0),,I,IND,,A,,CRASHES,,CRA,,ROAD,,_T,,_T,,2004,,429910,,A,,0,,1,
DATAFLOW,OECD.ITF:DSD_TRENDS@DF_TRENDSSAFETY(1.0),,I,IND,,A,,CRASHES,,CRA,,ROAD,,_T,,_T,,2005,,439255,,A,,0,,1,
DATAFLOW,OECD.ITF:DSD_TRENDS@DF_TRENDSSAFETY(1.0),,I,IND,,A,,CRASHES,,CRA,,ROAD,,_T,,_T,,2006,,460920,,A,,0,,1,
DATAFLOW,OECD.ITF:DSD_TRENDS@DF_TRENDSSAFETY(1.0),,I,IND,,A,,CRASHES,,CRA,,ROAD,,_T,,_T,,2007,,479216,,A,,0,,1,
DATAFLOW,OECD.ITF:DSD_TRENDS@DF_TRENDSSAFETY(1.0),,I,IND,,A,,CRASHES,,CRA,,ROAD,,_T,,_T,,2008,,484704,,A,,0,,1,
DATAFLOW,OECD.ITF:DSD_TRENDS@DF_TRENDSSAFETY(1.0),,I,IND,,A,,CRASHES,,CRA,,ROAD,,_T,,_T,,2009,,486384,,A,,0,,1,
DATAFLOW,OECD.ITF:DSD_TRENDS@DF_TRENDSSAFETY(1.0),,I,IND,,A,,CRASHES,,CRA,,ROAD,,_T,,_T,,2010,,499628,,A,,0,,1,
DATAFLOW,OECD.ITF:DSD_TRENDS@DF_TRENDSSAFETY(1.0),,I,IND,,A,,CRASHES,,CRA,,ROAD,,_T,,_T,,2011,,497686,,A,,0,,1,
DATAFLOW,OECD.ITF:DSD_TRENDS@DF_TRENDSSAFETY(1.0),,I,IND,,A,,CRASHES,,CRA,,ROAD,,_T,,_T,,2012,,490383,,A,,0,,1,
DATAFLOW,OECD.ITF:DSD_TRENDS@DF_TRENDSSAFETY(1.0),,I,IND,,A,,CRASHES,,CRA,,ROAD,,_T,,_T,,2013,,486476,,A,,0,,1,
DATAFLOW,OECD.ITF:DSD_TRENDS@DF_TRENDSSAFETY(1.0),,I,IND,,A,,CRASHES,,CRA,,ROAD,,_T,,_T,,2014,,489400,,A,,0,,1,
DATAFLOW,OECD.ITF:DSD_TRENDS@DF_TRENDSSAFETY(1.0),,I,IND,,A,,CRASHES,,CRA,,ROAD,,_T,,_T,,2015,,501423,,A,,0,,1,
DATAFLOW,OECD.ITF:DSD_TRENDS@DF_TRENDSSAFETY(1.0),,I,IND,,A,,CRASHES,,CRA,,ROAD,,_T,,_T,,2016,,480652,,A,,0,,1,
DATAFLOW,OECD.ITF:DSD_TRENDS@DF_TRENDSSAFETY(1.0),,I,IND,,A,,CRASHES,,CRA,,ROAD,,_T,,_T,,2017,,464910,,A,,0,,1,
DATAFLOW,OECD.ITF:DSD_TRENDS@DF_TRENDSSAFETY(1.0),,I,KAZ,,A,,CRASHES,,CRA,,ROAD,,_T,,_T,,2003,,14013,,A,,0,,1,
DATAFLOW,OECD.ITF:DSD_TRENDS@DF_TRENDSSAFETY(1.0),,I,KAZ,,A,,CRASHES,,CRA,,ROAD,,_T,,_T,,2004,,15302,,A,,0,,1,
DATAFLOW,OECD.ITF:DSD_TRENDS@DF_TRENDSSAFETY(1.0),,I,KAZ,,A,,CRASHES,,CRA,,ROAD,,_T,,_T,,2005,,14517,,A,,0,,1,
DATAFLOW,OECD.ITF:DSD_TRENDS@DF_TRENDSSAFETY(1.0),,I,KAZ,,A,,CRASHES,,CRA,,ROAD,,_T,,_T,,2006,,16038,,A,,0,,1,
DATAFLOW,OECD.ITF:DSD_TRENDS@DF_TRENDSSAFETY(1.0),,I,KAZ,,A,,CRASHES,,CRA,,ROAD,,_T,,_T,,2007,,15942,,A,,0,,1,
DATAFLOW,OECD.ITF:DSD_TRENDS@DF_TRENDSSAFETY(1.0),,I,KAZ,,A,,CRASHES,,CRA,,ROAD,,_T,,_T,,2008,,13739,,A,,0,,1,
DATAFLOW,OECD.ITF:DSD_TRENDS@DF_TRENDSSAFETY(1.0),,I,KAZ,,A,,CRASHES,,CRA,,ROAD,,_T,,_T,,2009,,12534,,A,,0,,1,
DATAFLOW,OECD.ITF:DSD_TRENDS@DF_TRENDSSAFETY(1.0),,I,KAZ,,A,,CRASHES,,CRA,,ROAD,,_T,,_T,,2010,,12008,,A,,0,,1,
DATAFLOW,OECD.ITF:DSD_TRENDS@DF_TRENDSSAFETY(1.0),,I,KAZ,,A,,CRASHES,,CRA,,ROAD,,_T,,_T,,2011,,11955,,A,,0,,1,
DATAFLOW,OECD.ITF:DSD_TRENDS@DF_TRENDSSAFETY(1.0),,I,KAZ,,A,,CRASHES,,CRA,,ROAD,,_T,,_T,,2012,,14168,,A,,0,,1,
DATAFLOW,OECD.ITF:DSD_TRENDS@DF_TRENDSSAFETY(1.0),,I,KAZ,,A,,CRASHES,,CRA,,ROAD,,_T,,_T,,2013,,23359,,A,,0,,1,
DATAFLOW,OECD.ITF:DSD_TRENDS@DF_TRENDSSAFETY(1.0),,I,KAZ,,A,,CRASHES,,CRA,,ROAD,,_T,,_T,,2014,,20378,,A,,0,,1,
DATAFLOW,OECD.ITF:DSD_TRENDS@DF_TRENDSSAFETY(1.0),,I,KAZ,,A,,CRASHES,,CRA,,ROAD,,_T,,_T,,2015,,18890,,A,,0,,1,
DATAFLOW,OECD.ITF:DSD_TRENDS@DF_TRENDSSAFETY(1.0),,I,KAZ,,A,,CRASHES,,CRA,,ROAD,,_T,,_T,,2016,,17974,,A,,0,,1,
DATAFLOW,OECD.ITF:DSD_TRENDS@DF_TRENDSSAFETY(1.0),,I,KAZ,,A,,CRASHES,,CRA,,ROAD,,_T,,_T,,2017,,17019,,A,,0,,1,
DATAFLOW,OECD.ITF:DSD_TRENDS@DF_TRENDSSAFETY(1.0),,I,KAZ,,A,,CRASHES,,CRA,,ROAD,,_T,,_T,,2018,,15771,,A,,0,,1,
DATAFLOW,OECD.ITF:DSD_TRENDS@DF_TRENDSSAFETY(1.0),,I,KAZ,,A,,CRASHES,,CRA,,ROAD,,_T,,_T,,2019,,16614,,A,,0,,1,
DATAFLOW,OECD.ITF:DSD_TRENDS@DF_TRENDSSAFETY(1.0),,I,KAZ,,A,,CRASHES,,CRA,,ROAD,,_T,,_T,,2020,,13515,,A,,0,,1,
DATAFLOW,OECD.ITF:DSD_TRENDS@DF_TRENDSSAFETY(1.0),,I,LIE,,A,,CRASHES,,CRA,,ROAD,,_T,,_T,,1970,,338,,A,,0,,1,
DATAFLOW,OECD.ITF:DSD_TRENDS@DF_TRENDSSAFETY(1.0),,I,LIE,,A,,CRASHES,,CRA,,ROAD,,_T,,_T,,1971,,349,,A,,0,,1,
DATAFLOW,OECD.ITF:DSD_TRENDS@DF_TRENDSSAFETY(1.0),,I,LIE,,A,,CRASHES,,CRA,,ROAD,,_T,,_T,,1972,,390,,A,,0,,1,
DATAFLOW,OECD.ITF:DSD_TRENDS@DF_TRENDSSAFETY(1.0),,I,LIE,,A,,CRASHES,,CRA,,ROAD,,_T,,_T,,1973,,315,,A,,0,,1,
DATAFLOW,OECD.ITF:DSD_TRENDS@DF_TRENDSSAFETY(1.0),,I,LIE,,A,,CRASHES,,CRA,,ROAD,,_T,,_T,,1974,,340,,A,,0,,1,
DATAFLOW,OECD.ITF:DSD_TRENDS@DF_TRENDSSAFETY(1.0),,I,LIE,,A,,CRASHES,,CRA,,ROAD,,_T,,_T,,1975,,331,,A,,0,,1,
DATAFLOW,OECD.ITF:DSD_TRENDS@DF_TRENDSSAFETY(1.0),,I,LIE,,A,,CRASHES,,CRA,,ROAD,,_T,,_T,,1976,,325,,A,,0,,1,
DATAFLOW,OECD.ITF:DSD_TRENDS@DF_TRENDSSAFETY(1.0),,I,LIE,,A,,CRASHES,,CRA,,ROAD,,_T,,_T,,1977,,394,,A,,0,,1,
DATAFLOW,OECD.ITF:DSD_TRENDS@DF_TRENDSSAFETY(1.0),,I,LIE,,A,,CRASHES,,CRA,,ROAD,,_T,,_T,,1978,,392,,A,,0,,1,
DATAFLOW,OECD.ITF:DSD_TRENDS@DF_TRENDSSAFETY(1.0),,I,LIE,,A,,CRASHES,,CRA,,ROAD,,_T,,_T,,1979,,352,,A,,0,,1,
DATAFLOW,OECD.ITF:DSD_TRENDS@DF_TRENDSSAFETY(1.0),,I,LIE,,A,,CRASHES,,CRA,,ROAD,,_T,,_T,,1980,,344,,A,,0,,1,
DATAFLOW,OECD.ITF:DSD_TRENDS@DF_TRENDSSAFETY(1.0),,I,LIE,,A,,CRASHES,,CRA,,ROAD,,_T,,_T,,1981,,324,,A,,0,,1,
DATAFLOW,OECD.ITF:DSD_TRENDS@DF_TRENDSSAFETY(1.0),,I,LIE,,A,,CRASHES,,CRA,,ROAD,,_T,,_T,,1982,,348,,A,,0,,1,
DATAFLOW,OECD.ITF:DSD_TRENDS@DF_TRENDSSAFETY(1.0),,I,LIE,,A,,CRASHES,,CRA,,ROAD,,_T,,_T,,1983,,355,,A,,0,,1,
DATAFLOW,OECD.ITF:DSD_TRENDS@DF_TRENDSSAFETY(1.0),,I,LIE,,A,,CRASHES,,CRA,,ROAD,,_T,,_T,,1984,,344,,A,,0,,1,
DATAFLOW,OECD.ITF:DSD_TRENDS@DF_TRENDSSAFETY(1.0),,I,LIE,,A,,CRASHES,,CRA,,ROAD,,_T,,_T,,1985,,287,,A,,0,,1,
DATAFLOW,OECD.ITF:DSD_TRENDS@DF_TRENDSSAFETY(1.0),,I,LIE,,A,,CRASHES,,CRA,,ROAD,,_T,,_T,,1986,,345,,A,,0,,1,
DATAFLOW,OECD.ITF:DSD_TRENDS@DF_TRENDSSAFETY(1.0),,I,LIE,,A,,CRASHES,,CRA,,ROAD,,_T,,_T,,1987,,317,,A,,0,,1,
DATAFLOW,OECD.ITF:DSD_TRENDS@DF_TRENDSSAFETY(1.0),,I,LIE,,A,,CRASHES,,CRA,,ROAD,,_T,,_T,,1988,,287,,A,,0,,1,
DATAFLOW,OECD.ITF:DSD_TRENDS@DF_TRENDSSAFETY(1.0),,I,LIE,,A,,CRASHES,,CRA,,ROAD,,_T,,_T,,1989,,363,,A,,0,,1,
DATAFLOW,OECD.ITF:DSD_TRENDS@DF_TRENDSSAFETY(1.0),,I,LIE,,A,,CRASHES,,CRA,,ROAD,,_T,,_T,,1990,,340,,A,,0,,1,
DATAFLOW,OECD.ITF:DSD_TRENDS@DF_TRENDSSAFETY(1.0),,I,LIE,,A,,CRASHES,,CRA,,ROAD,,_T,,_T,,1991,,326,,A,,0,,1,
DATAFLOW,OECD.ITF:DSD_TRENDS@DF_TRENDSSAFETY(1.0),,I,LIE,,A,,CRASHES,,CRA,,ROAD,,_T,,_T,,1992,,282,,A,,0,,1,
DATAFLOW,OECD.ITF:DSD_TRENDS@DF_TRENDSSAFETY(1.0),,I,LIE,,A,,CRASHES,,CRA,,ROAD,,_T,,_T,,1993,,295,,A,,0,,1,
DATAFLOW,OECD.ITF:DSD_TRENDS@DF_TRENDSSAFETY(1.0),,I,LIE,,A,,CRASHES,,CRA,,ROAD,,_T,,_T,,1994,,458,,A,,0,,1,
DATAFLOW,OECD.ITF:DSD_TRENDS@DF_TRENDSSAFETY(1.0),,I,LIE,,A,,CRASHES,,CRA,,ROAD,,_T,,_T,,1995,,424,,A,,0,,1,
DATAFLOW,OECD.ITF:DSD_TRENDS@DF_TRENDSSAFETY(1.0),,I,LIE,,A,,CRASHES,,CRA,,ROAD,,_T,,_T,,1996,,403,,A,,0,,1,
DATAFLOW,OECD.ITF:DSD_TRENDS@DF_TRENDSSAFETY(1.0),,I,LIE,,A,,CRASHES,,CRA,,ROAD,,_T,,_T,,1997,,367,,A,,0,,1,
DATAFLOW,OECD.ITF:DSD_TRENDS@DF_TRENDSSAFETY(1.0),,I,LIE,,A,,CRASHES,,CRA,,ROAD,,_T,,_T,,1998,,355,,A,,0,,1,
DATAFLOW,OECD.ITF:DSD_TRENDS@DF_TRENDSSAFETY(1.0),,I,LIE,,A,,CRASHES,,CRA,,ROAD,,_T,,_T,,1999,,363,,A,,0,,1,
DATAFLOW,OECD.ITF:DSD_TRENDS@DF_TRENDSSAFETY(1.0),,I,LIE,,A,,CRASHES,,CRA,,ROAD,,_T,,_T,,2000,,424,,A,,0,,1,
DATAFLOW,OECD.ITF:DSD_TRENDS@DF_TRENDSSAFETY(1.0),,I,LIE,,A,,CRASHES,,CRA,,ROAD,,_T,,_T,,2001,,573,,A,,0,,1,
DATAFLOW,OECD.ITF:DSD_TRENDS@DF_TRENDSSAFETY(1.0),,I,LIE,,A,,CRASHES,,CRA,,ROAD,,_T,,_T,,2002,,582,,A,,0,,1,
DATAFLOW,OECD.ITF:DSD_TRENDS@DF_TRENDSSAFETY(1.0),,I,LIE,,A,,CRASHES,,CRA,,ROAD,,_T,,_T,,2003,,565,,A,,0,,1,
DATAFLOW,OECD.ITF:DSD_TRENDS@DF_TRENDSSAFETY(1.0),,I,LIE,,A,,CRASHES,,CRA,,ROAD,,_T,,_T,,2004,,512,,A,,0,,1,
DATAFLOW,OECD.ITF:DSD_TRENDS@DF_TRENDSSAFETY(1.0),,I,LIE,,A,,CRASHES,,CRA,,ROAD,,_T,,_T,,2005,,435,,A,,0,,1,
DATAFLOW,OECD.ITF:DSD_TRENDS@DF_TRENDSSAFETY(1.0),,I,LIE,,A,,CRASHES,,CRA,,ROAD,,_T,,_T,,2006,,448,,A,,0,,1,
DATAFLOW,OECD.ITF:DSD_TRENDS@DF_TRENDSSAFETY(1.0),,I,LIE,,A,,CRASHES,,CRA,,ROAD,,_T,,_T,,2007,,420,,A,,0,,1,
DATAFLOW,OECD.ITF:DSD_TRENDS@DF_TRENDSSAFETY(1.0),,I,LIE,,A,,CRASHES,,CRA,,ROAD,,_T,,_T,,2008,,402,,A,,0,,1,
DATAFLOW,OECD.ITF:DSD_TRENDS@DF_TRENDSSAFETY(1.0),,I,LIE,,A,,CRASHES,,CRA,,ROAD,,_T,,_T,,2009,,358,,A,,0,,1,
DATAFLOW,OECD.ITF:DSD_TRENDS@DF_TRENDSSAFETY(1.0),,I,LIE,,A,,CRASHES,,CRA,,ROAD,,_T,,_T,,2010,,366,,A,,0,,1,
DATAFLOW,OECD.ITF:DSD_TRENDS@DF_TRENDSSAFETY(1.0),,I,LIE,,A,,CRASHES,,CRA,,ROAD,,_T,,_T,,2011,,327,,A,,0,,1,
DATAFLOW,OECD.ITF:DSD_TRENDS@DF_TRENDSSAFETY(1.0),,I,LIE,,A,,CRASHES,,CRA,,ROAD,,_T,,_T,,2012,,403,,A,,0,,1,
DATAFLOW,OECD.ITF:DSD_TRENDS@DF_TRENDSSAFETY(1.0),,I,LIE,,A,,CRASHES,,CRA,,ROAD,,_T,,_T,,2013,,468,,A,,0,,1,
DATAFLOW,OECD.ITF:DSD_TRENDS@DF_TRENDSSAFETY(1.0),,I,LIE,,A,,CRASHES,,CRA,,ROAD,,_T,,_T,,2014,,465,,A,,0,,1,
DATAFLOW,OECD.ITF:DSD_TRENDS@DF_TRENDSSAFETY(1.0),,I,LIE,,A,,CRASHES,,CRA,,ROAD,,_T,,_T,,2015,,445,,A,,0,,1,
DATAFLOW,OECD.ITF:DSD_TRENDS@DF_TRENDSSAFETY(1.0),,I,LIE,,A,,CRASHES,,CRA,,ROAD,,_T,,_T,,2016,,434,,A,,0,,1,
DATAFLOW,OECD.ITF:DSD_TRENDS@DF_TRENDSSAFETY(1.0),,I,LIE,,A,,CRASHES,,CRA,,ROAD,,_T,,_T,,2017,,436,,A,,0,,1,
DATAFLOW,OECD.ITF:DSD_TRENDS@DF_TRENDSSAFETY(1.0),,I,LIE,,A,,CRASHES,,CRA,,ROAD,,_T,,_T,,2018,,478,,A,,0,,1,
DATAFLOW,OECD.ITF:DSD_TRENDS@DF_TRENDSSAFETY(1.0),,I,LIE,,A,,CRASHES,,CRA,,ROAD,,_T,,_T,,2019,,509,,A,,0,,1,
DATAFLOW,OECD.ITF:DSD_TRENDS@DF_TRENDSSAFETY(1.0),,I,LIE,,A,,CRASHES,,CRA,,ROAD,,_T,,_T,,2020,,408,,A,,0,,1,
DATAFLOW,OECD.ITF:DSD_TRENDS@DF_TRENDSSAFETY(1.0),,I,LIE,,A,,CRASHES,,CRA,,ROAD,,_T,,_T,,2021,,404,,A,,0,,1,
DATAFLOW,OECD.ITF:DSD_TRENDS@DF_TRENDSSAFETY(1.0),,I,LIE,,A,,CRASHES,,CRA,,ROAD,,_T,,_T,,2022,,452,,A,,0,,1,
DATAFLOW,OECD.ITF:DSD_TRENDS@DF_TRENDSSAFETY(1.0),,I,LIE,,A,,CRASHES,,CRA,,ROAD,,_T,,_T,,2023,,482,,A,,0,,1,
DATAFLOW,OECD.ITF:DSD_TRENDS@DF_TRENDSSAFETY(1.0),,I,LIE,,A,,CRASHES,,CRA,,ROAD,,_T,,_T,,2024,,442,,A,,0,,1,
DATAFLOW,OECD.ITF:DSD_TRENDS@DF_TRENDSSAFETY(1.0),,I,MLT,,A,,CRASHES,,CRA,,ROAD,,_T,,_T,,1999,,11456,,A,,0,,1,
DATAFLOW,OECD.ITF:DSD_TRENDS@DF_TRENDSSAFETY(1.0),,I,MLT,,A,,CRASHES,,CRA,,ROAD,,_T,,_T,,2000,,12654,,A,,0,,1,
DATAFLOW,OECD.ITF:DSD_TRENDS@DF_TRENDSSAFETY(1.0),,I,MLT,,A,,CRASHES,,CRA,,ROAD,,_T,,_T,,2001,,13372,,A,,0,,1,
DATAFLOW,OECD.ITF:DSD_TRENDS@DF_TRENDSSAFETY(1.0),,I,MLT,,A,,CRASHES,,CRA,,ROAD,,_T,,_T,,2002,,14062,,A,,0,,1,
DATAFLOW,OECD.ITF:DSD_TRENDS@DF_TRENDSSAFETY(1.0),,I,MLT,,A,,CRASHES,,CRA,,ROAD,,_T,,_T,,2003,,13979,,A,,0,,1,
DATAFLOW,OECD.ITF:DSD_TRENDS@DF_TRENDSSAFETY(1.0),,I,MLT,,A,,CRASHES,,CRA,,ROAD,,_T,,_T,,2004,,15643,,A,,0,,1,
DATAFLOW,OECD.ITF:DSD_TRENDS@DF_TRENDSSAFETY(1.0),,I,MLT,,A,,CRASHES,,CRA,,ROAD,,_T,,_T,,2005,,15584,,A,,0,,1,
DATAFLOW,OECD.ITF:DSD_TRENDS@DF_TRENDSSAFETY(1.0),,I,MLT,,A,,CRASHES,,CRA,,ROAD,,_T,,_T,,2006,,15549,,A,,0,,1,
DATAFLOW,OECD.ITF:DSD_TRENDS@DF_TRENDSSAFETY(1.0),,I,MLT,,A,,CRASHES,,CRA,,ROAD,,_T,,_T,,2007,,16138,,A,,0,,1,
DATAFLOW,OECD.ITF:DSD_TRENDS@DF_TRENDSSAFETY(1.0),,I,MLT,,A,,CRASHES,,CRA,,ROAD,,_T,,_T,,2008,,15007,,A,,0,,1,
DATAFLOW,OECD.ITF:DSD_TRENDS@DF_TRENDSSAFETY(1.0),,I,MLT,,A,,CRASHES,,CRA,,ROAD,,_T,,_T,,2009,,14877,,A,,0,,1,
DATAFLOW,OECD.ITF:DSD_TRENDS@DF_TRENDSSAFETY(1.0),,I,MLT,,A,,CRASHES,,CRA,,ROAD,,_T,,_T,,2010,,13727,,A,,0,,1,
DATAFLOW,OECD.ITF:DSD_TRENDS@DF_TRENDSSAFETY(1.0),,I,MLT,,A,,CRASHES,,CRA,,ROAD,,_T,,_T,,2011,,14624,,A,,0,,1,
DATAFLOW,OECD.ITF:DSD_TRENDS@DF_TRENDSSAFETY(1.0),,I,MLT,,A,,CRASHES,,CRA,,ROAD,,_T,,_T,,2012,,14546,,A,,0,,1,
DATAFLOW,OECD.ITF:DSD_TRENDS@DF_TRENDSSAFETY(1.0),,I,MLT,,A,,CRASHES,,CRA,,ROAD,,_T,,_T,,2013,,14070,,A,,0,,1,
DATAFLOW,OECD.ITF:DSD_TRENDS@DF_TRENDSSAFETY(1.0),,I,MLT,,A,,CRASHES,,CRA,,ROAD,,_T,,_T,,2014,,14473,,A,,0,,1,
DATAFLOW,OECD.ITF:DSD_TRENDS@DF_TRENDSSAFETY(1.0),,I,MLT,,A,,CRASHES,,CRA,,ROAD,,_T,,_T,,2015,,15504,,A,,0,,1,
DATAFLOW,OECD.ITF:DSD_TRENDS@DF_TRENDSSAFETY(1.0),,I,MLT,,A,,CRASHES,,CRA,,ROAD,,_T,,_T,,2016,,15017,,A,,0,,1,
DATAFLOW,OECD.ITF:DSD_TRENDS@DF_TRENDSSAFETY(1.0),,I,MLT,,A,,CRASHES,,CRA,,ROAD,,_T,,_T,,2017,,15003,,A,,0,,1,
DATAFLOW,OECD.ITF:DSD_TRENDS@DF_TRENDSSAFETY(1.0),,I,MLT,,A,,CRASHES,,CRA,,ROAD,,_T,,_T,,2018,,14378,,A,,0,,1,
DATAFLOW,OECD.ITF:DSD_TRENDS@DF_TRENDSSAFETY(1.0),,I,MLT,,A,,CRASHES,,CRA,,ROAD,,_T,,_T,,2019,,15829,,A,,0,,1,
DATAFLOW,OECD.ITF:DSD_TRENDS@DF_TRENDSSAFETY(1.0),,I,MLT,,A,,CRASHES,,CRA,,ROAD,,_T,,_T,,2020,,11950,,A,,0,,1,
DATAFLOW,OECD.ITF:DSD_TRENDS@DF_TRENDSSAFETY(1.0),,I,MLT,,A,,CRASHES,,CRA,,ROAD,,_T,,_T,,2021,,14135,,A,,0,,1,
DATAFLOW,OECD.ITF:DSD_TRENDS@DF_TRENDSSAFETY(1.0),,I,MLT,,A,,CRASHES,,CRA,,ROAD,,_T,,_T,,2022,,15713,,A,,0,,1,
DATAFLOW,OECD.ITF:DSD_TRENDS@DF_TRENDSSAFETY(1.0),,I,MLT,,A,,CRASHES,,CRA,,ROAD,,_T,,_T,,2023,,16414,,A,,0,,1,
DATAFLOW,OECD.ITF:DSD_TRENDS@DF_TRENDSSAFETY(1.0),,I,MLT,,A,,CRASHES,,CRA,,ROAD,,_T,,_T,,2024,,16603,,A,,0,,1,
DATAFLOW,OECD.ITF:DSD_TRENDS@DF_TRENDSSAFETY(1.0),,I,MDA,,A,,CRASHES,,CRA,,ROAD,,_T,,_T,,1970,,3063,,A,,0,,1,
DATAFLOW,OECD.ITF:DSD_TRENDS@DF_TRENDSSAFETY(1.0),,I,MDA,,A,,CRASHES,,CRA,,ROAD,,_T,,_T,,1971,,3008,,A,,0,,1,
DATAFLOW,OECD.ITF:DSD_TRENDS@DF_TRENDSSAFETY(1.0),,I,MDA,,A,,CRASHES,,CRA,,ROAD,,_T,,_T,,1972,,3070,,A,,0,,1,
DATAFLOW,OECD.ITF:DSD_TRENDS@DF_TRENDSSAFETY(1.0),,I,MDA,,A,,CRASHES,,CRA,,ROAD,,_T,,_T,,1973,,3191,,A,,0,,1,
DATAFLOW,OECD.ITF:DSD_TRENDS@DF_TRENDSSAFETY(1.0),,I,MDA,,A,,CRASHES,,CRA,,ROAD,,_T,,_T,,1974,,3457,,A,,0,,1,
DATAFLOW,OECD.ITF:DSD_TRENDS@DF_TRENDSSAFETY(1.0),,I,MDA,,A,,CRASHES,,CRA,,ROAD,,_T,,_T,,1975,,3736,,A,,0,,1,
DATAFLOW,OECD.ITF:DSD_TRENDS@DF_TRENDSSAFETY(1.0),,I,MDA,,A,,CRASHES,,CRA,,ROAD,,_T,,_T,,1976,,3642,,A,,0,,1,
DATAFLOW,OECD.ITF:DSD_TRENDS@DF_TRENDSSAFETY(1.0),,I,MDA,,A,,CRASHES,,CRA,,ROAD,,_T,,_T,,1977,,4257,,A,,0,,1,
DATAFLOW,OECD.ITF:DSD_TRENDS@DF_TRENDSSAFETY(1.0),,I,MDA,,A,,CRASHES,,CRA,,ROAD,,_T,,_T,,1978,,4235,,A,,0,,1,
DATAFLOW,OECD.ITF:DSD_TRENDS@DF_TRENDSSAFETY(1.0),,I,MDA,,A,,CRASHES,,CRA,,ROAD,,_T,,_T,,1979,,4155,,A,,0,,1,
DATAFLOW,OECD.ITF:DSD_TRENDS@DF_TRENDSSAFETY(1.0),,I,MDA,,A,,CRASHES,,CRA,,ROAD,,_T,,_T,,1980,,4401,,A,,0,,1,
DATAFLOW,OECD.ITF:DSD_TRENDS@DF_TRENDSSAFETY(1.0),,I,MDA,,A,,CRASHES,,CRA,,ROAD,,_T,,_T,,1981,,3873,,A,,0,,1,
DATAFLOW,OECD.ITF:DSD_TRENDS@DF_TRENDSSAFETY(1.0),,I,MDA,,A,,CRASHES,,CRA,,ROAD,,_T,,_T,,1982,,3923,,A,,0,,1,
DATAFLOW,OECD.ITF:DSD_TRENDS@DF_TRENDSSAFETY(1.0),,I,MDA,,A,,CRASHES,,CRA,,ROAD,,_T,,_T,,1983,,4394,,A,,0,,1,
DATAFLOW,OECD.ITF:DSD_TRENDS@DF_TRENDSSAFETY(1.0),,I,MDA,,A,,CRASHES,,CRA,,ROAD,,_T,,_T,,1984,,4595,,A,,0,,1,
DATAFLOW,OECD.ITF:DSD_TRENDS@DF_TRENDSSAFETY(1.0),,I,MDA,,A,,CRASHES,,CRA,,ROAD,,_T,,_T,,1985,,4355,,A,,0,,1,
DATAFLOW,OECD.ITF:DSD_TRENDS@DF_TRENDSSAFETY(1.0),,I,MDA,,A,,CRASHES,,CRA,,ROAD,,_T,,_T,,1986,,4490,,A,,0,,1,
DATAFLOW,OECD.ITF:DSD_TRENDS@DF_TRENDSSAFETY(1.0),,I,MDA,,A,,CRASHES,,CRA,,ROAD,,_T,,_T,,1987,,4572,,A,,0,,1,
DATAFLOW,OECD.ITF:DSD_TRENDS@DF_TRENDSSAFETY(1.0),,I,MDA,,A,,CRASHES,,CRA,,ROAD,,_T,,_T,,1988,,5172,,A,,0,,1,
DATAFLOW,OECD.ITF:DSD_TRENDS@DF_TRENDSSAFETY(1.0),,I,MDA,,A,,CRASHES,,CRA,,ROAD,,_T,,_T,,1989,,6434,,A,,0,,1,
DATAFLOW,OECD.ITF:DSD_TRENDS@DF_TRENDSSAFETY(1.0),,I,MDA,,A,,CRASHES,,CRA,,ROAD,,_T,,_T,,1990,,6049,,A,,0,,1,
DATAFLOW,OECD.ITF:DSD_TRENDS@DF_TRENDSSAFETY(1.0),,I,MDA,,A,,CRASHES,,CRA,,ROAD,,_T,,_T,,1991,,5052,,A,,0,,1,
DATAFLOW,OECD.ITF:DSD_TRENDS@DF_TRENDSSAFETY(1.0),,I,MDA,,A,,CRASHES,,CRA,,ROAD,,_T,,_T,,1993,,2436,,A,,0,,1,
DATAFLOW,OECD.ITF:DSD_TRENDS@DF_TRENDSSAFETY(1.0),,I,MDA,,A,,CRASHES,,CRA,,ROAD,,_T,,_T,,1994,,2647,,A,,0,,1,
DATAFLOW,OECD.ITF:DSD_TRENDS@DF_TRENDSSAFETY(1.0),,I,MDA,,A,,CRASHES,,CRA,,ROAD,,_T,,_T,,1995,,2695,,A,,0,,1,
DATAFLOW,OECD.ITF:DSD_TRENDS@DF_TRENDSSAFETY(1.0),,I,MDA,,A,,CRASHES,,CRA,,ROAD,,_T,,_T,,1996,,3208,,A,,0,,1,
DATAFLOW,OECD.ITF:DSD_TRENDS@DF_TRENDSSAFETY(1.0),,I,MDA,,A,,CRASHES,,CRA,,ROAD,,_T,,_T,,1997,,3412,,A,,0,,1,
DATAFLOW,OECD.ITF:DSD_TRENDS@DF_TRENDSSAFETY(1.0),,I,MDA,,A,,CRASHES,,CRA,,ROAD,,_T,,_T,,1998,,3037,,A,,0,,1,
DATAFLOW,OECD.ITF:DSD_TRENDS@DF_TRENDSSAFETY(1.0),,I,MDA,,A,,CRASHES,,CRA,,ROAD,,_T,,_T,,1999,,2669,,A,,0,,1,
DATAFLOW,OECD.ITF:DSD_TRENDS@DF_TRENDSSAFETY(1.0),,I,MDA,,A,,CRASHES,,CRA,,ROAD,,_T,,_T,,2000,,2580,,A,,0,,1,
DATAFLOW,OECD.ITF:DSD_TRENDS@DF_TRENDSSAFETY(1.0),,I,MDA,,A,,CRASHES,,CRA,,ROAD,,_T,,_T,,2001,,2765,,A,,0,,1,
DATAFLOW,OECD.ITF:DSD_TRENDS@DF_TRENDSSAFETY(1.0),,I,MDA,,A,,CRASHES,,CRA,,ROAD,,_T,,_T,,2002,,2899,,A,,0,,1,
DATAFLOW,OECD.ITF:DSD_TRENDS@DF_TRENDSSAFETY(1.0),,I,MDA,,A,,CRASHES,,CRA,,ROAD,,_T,,_T,,2003,,2672,,A,,0,,1,
DATAFLOW,OECD.ITF:DSD_TRENDS@DF_TRENDSSAFETY(1.0),,I,MDA,,A,,CRASHES,,CRA,,ROAD,,_T,,_T,,2004,,2447,,A,,0,,1,
DATAFLOW,OECD.ITF:DSD_TRENDS@DF_TRENDSSAFETY(1.0),,I,MDA,,A,,CRASHES,,CRA,,ROAD,,_T,,_T,,2005,,2290,,A,,0,,1,
DATAFLOW,OECD.ITF:DSD_TRENDS@DF_TRENDSSAFETY(1.0),,I,MDA,,A,,CRASHES,,CRA,,ROAD,,_T,,_T,,2006,,2298,,A,,0,,1,
DATAFLOW,OECD.ITF:DSD_TRENDS@DF_TRENDSSAFETY(1.0),,I,MDA,,A,,CRASHES,,CRA,,ROAD,,_T,,_T,,2007,,2438,,A,,0,,1,
DATAFLOW,OECD.ITF:DSD_TRENDS@DF_TRENDSSAFETY(1.0),,I,MDA,,A,,CRASHES,,CRA,,ROAD,,_T,,_T,,2008,,2870,,A,,0,,1,
DATAFLOW,OECD.ITF:DSD_TRENDS@DF_TRENDSSAFETY(1.0),,I,MDA,,A,,CRASHES,,CRA,,ROAD,,_T,,_T,,2009,,2755,,A,,0,,1,
DATAFLOW,OECD.ITF:DSD_TRENDS@DF_TRENDSSAFETY(1.0),,I,MDA,,A,,CRASHES,,CRA,,ROAD,,_T,,_T,,2010,,2929,,A,,0,,1,
DATAFLOW,OECD.ITF:DSD_TRENDS@DF_TRENDSSAFETY(1.0),,I,MDA,,A,,CRASHES,,CRA,,ROAD,,_T,,_T,,2011,,2826,,A,,0,,1,
DATAFLOW,OECD.ITF:DSD_TRENDS@DF_TRENDSSAFETY(1.0),,I,MDA,,A,,CRASHES,,CRA,,ROAD,,_T,,_T,,2012,,2713,,A,,0,,1,
DATAFLOW,OECD.ITF:DSD_TRENDS@DF_TRENDSSAFETY(1.0),,I,MDA,,A,,CRASHES,,CRA,,ROAD,,_T,,_T,,2013,,2605,,A,,0,,1,
DATAFLOW,OECD.ITF:DSD_TRENDS@DF_TRENDSSAFETY(1.0),,I,MDA,,A,,CRASHES,,CRA,,ROAD,,_T,,_T,,2014,,2536,,A,,0,,1,
DATAFLOW,OECD.ITF:DSD_TRENDS@DF_TRENDSSAFETY(1.0),,I,MDA,,A,,CRASHES,,CRA,,ROAD,,_T,,_T,,2015,,2582,,A,,0,,1,
DATAFLOW,OECD.ITF:DSD_TRENDS@DF_TRENDSSAFETY(1.0),,I,MDA,,A,,CRASHES,,CRA,,ROAD,,_T,,_T,,2016,,2479,,A,,0,,1,
DATAFLOW,OECD.ITF:DSD_TRENDS@DF_TRENDSSAFETY(1.0),,I,MDA,,A,,CRASHES,,CRA,,ROAD,,_T,,_T,,2017,,2640,,A,,0,,1,
DATAFLOW,OECD.ITF:DSD_TRENDS@DF_TRENDSSAFETY(1.0),,I,MDA,,A,,CRASHES,,CRA,,ROAD,,_T,,_T,,2018,,2615,,A,,0,,1,
DATAFLOW,OECD.ITF:DSD_TRENDS@DF_TRENDSSAFETY(1.0),,I,MDA,,A,,CRASHES,,CRA,,ROAD,,_T,,_T,,2019,,2585,,A,,0,,1,
DATAFLOW,OECD.ITF:DSD_TRENDS@DF_TRENDSSAFETY(1.0),,I,MDA,,A,,CRASHES,,CRA,,ROAD,,_T,,_T,,2020,,2003,,A,,0,,1,
DATAFLOW,OECD.ITF:DSD_TRENDS@DF_TRENDSSAFETY(1.0),,I,MDA,,A,,CRASHES,,CRA,,ROAD,,_T,,_T,,2021,,2548,,A,,0,,1,
DATAFLOW,OECD.ITF:DSD_TRENDS@DF_TRENDSSAFETY(1.0),,I,MDA,,A,,CRASHES,,CRA,,ROAD,,_T,,_T,,2022,,2292,,A,,0,,1,
DATAFLOW,OECD.ITF:DSD_TRENDS@DF_TRENDSSAFETY(1.0),,I,MDA,,A,,CRASHES,,CRA,,ROAD,,_T,,_T,,2023,,1982,,A,,0,,1,
DATAFLOW,OECD.ITF:DSD_TRENDS@DF_TRENDSSAFETY(1.0),,I,MDA,,A,,CRASHES,,CRA,,ROAD,,_T,,_T,,2024,,2014,,A,,0,,1,
DATAFLOW,OECD.ITF:DSD_TRENDS@DF_TRENDSSAFETY(1.0),,I,MNE,,A,,CRASHES,,CRA,,ROAD,,_T,,_T,,2005,,1347,,A,,0,,1,
DATAFLOW,OECD.ITF:DSD_TRENDS@DF_TRENDSSAFETY(1.0),,I,MNE,,A,,CRASHES,,CRA,,ROAD,,_T,,_T,,2006,,1554,,A,,0,,1,
DATAFLOW,OECD.ITF:DSD_TRENDS@DF_TRENDSSAFETY(1.0),,I,MNE,,A,,CRASHES,,CRA,,ROAD,,_T,,_T,,2007,,1874,,A,,0,,1,
DATAFLOW,OECD.ITF:DSD_TRENDS@DF_TRENDSSAFETY(1.0),,I,MNE,,A,,CRASHES,,CRA,,ROAD,,_T,,_T,,2008,,1760,,A,,0,,1,
DATAFLOW,OECD.ITF:DSD_TRENDS@DF_TRENDSSAFETY(1.0),,I,MNE,,A,,CRASHES,,CRA,,ROAD,,_T,,_T,,2009,,1718,,A,,0,,1,
DATAFLOW,OECD.ITF:DSD_TRENDS@DF_TRENDSSAFETY(1.0),,I,MNE,,A,,CRASHES,,CRA,,ROAD,,_T,,_T,,2010,,1520,,A,,0,,1,
DATAFLOW,OECD.ITF:DSD_TRENDS@DF_TRENDSSAFETY(1.0),,I,MNE,,A,,CRASHES,,CRA,,ROAD,,_T,,_T,,2011,,1451,,A,,0,,1,
DATAFLOW,OECD.ITF:DSD_TRENDS@DF_TRENDSSAFETY(1.0),,I,MNE,,A,,CRASHES,,CRA,,ROAD,,_T,,_T,,2013,,1266,,A,,0,,1,
DATAFLOW,OECD.ITF:DSD_TRENDS@DF_TRENDSSAFETY(1.0),,I,MNE,,A,,CRASHES,,CRA,,ROAD,,_T,,_T,,2014,,1334,,A,,0,,1,
DATAFLOW,OECD.ITF:DSD_TRENDS@DF_TRENDSSAFETY(1.0),,I,MNE,,A,,CRASHES,,CRA,,ROAD,,_T,,_T,,2015,,1554,,A,,0,,1,
DATAFLOW,OECD.ITF:DSD_TRENDS@DF_TRENDSSAFETY(1.0),,I,MNE,,A,,CRASHES,,CRA,,ROAD,,_T,,_T,,2016,,1698,,A,,0,,1,
DATAFLOW,OECD.ITF:DSD_TRENDS@DF_TRENDSSAFETY(1.0),,I,MNE,,A,,CRASHES,,CRA,,ROAD,,_T,,_T,,2017,,1831,,A,,0,,1,
DATAFLOW,OECD.ITF:DSD_TRENDS@DF_TRENDSSAFETY(1.0),,I,MKD,,A,,CRASHES,,CRA,,ROAD,,_T,,_T,,1970,,3137,,A,,0,,1,
DATAFLOW,OECD.ITF:DSD_TRENDS@DF_TRENDSSAFETY(1.0),,I,MKD,,A,,CRASHES,,CRA,,ROAD,,_T,,_T,,1971,,2085,,A,,0,,1,
DATAFLOW,OECD.ITF:DSD_TRENDS@DF_TRENDSSAFETY(1.0),,I,MKD,,A,,CRASHES,,CRA,,ROAD,,_T,,_T,,1972,,2129,,A,,0,,1,
DATAFLOW,OECD.ITF:DSD_TRENDS@DF_TRENDSSAFETY(1.0),,I,MKD,,A,,CRASHES,,CRA,,ROAD,,_T,,_T,,1973,,2137,,A,,0,,1,
DATAFLOW,OECD.ITF:DSD_TRENDS@DF_TRENDSSAFETY(1.0),,I,MKD,,A,,CRASHES,,CRA,,ROAD,,_T,,_T,,1974,,2138,,A,,0,,1,
DATAFLOW,OECD.ITF:DSD_TRENDS@DF_TRENDSSAFETY(1.0),,I,MKD,,A,,CRASHES,,CRA,,ROAD,,_T,,_T,,1975,,2101,,A,,0,,1,
DATAFLOW,OECD.ITF:DSD_TRENDS@DF_TRENDSSAFETY(1.0),,I,MKD,,A,,CRASHES,,CRA,,ROAD,,_T,,_T,,1976,,2445,,A,,0,,1,
DATAFLOW,OECD.ITF:DSD_TRENDS@DF_TRENDSSAFETY(1.0),,I,MKD,,A,,CRASHES,,CRA,,ROAD,,_T,,_T,,1977,,2524,,A,,0,,1,
DATAFLOW,OECD.ITF:DSD_TRENDS@DF_TRENDSSAFETY(1.0),,I,MKD,,A,,CRASHES,,CRA,,ROAD,,_T,,_T,,1978,,2595,,A,,0,,1,
DATAFLOW,OECD.ITF:DSD_TRENDS@DF_TRENDSSAFETY(1.0),,I,MKD,,A,,CRASHES,,CRA,,ROAD,,_T,,_T,,1979,,2124,,A,,0,,1,
DATAFLOW,OECD.ITF:DSD_TRENDS@DF_TRENDSSAFETY(1.0),,I,MKD,,A,,CRASHES,,CRA,,ROAD,,_T,,_T,,1980,,1944,,A,,0,,1,
DATAFLOW,OECD.ITF:DSD_TRENDS@DF_TRENDSSAFETY(1.0),,I,MKD,,A,,CRASHES,,CRA,,ROAD,,_T,,_T,,1981,,2138,,A,,0,,1,
DATAFLOW,OECD.ITF:DSD_TRENDS@DF_TRENDSSAFETY(1.0),,I,MKD,,A,,CRASHES,,CRA,,ROAD,,_T,,_T,,1982,,1843,,A,,0,,1,
DATAFLOW,OECD.ITF:DSD_TRENDS@DF_TRENDSSAFETY(1.0),,I,MKD,,A,,CRASHES,,CRA,,ROAD,,_T,,_T,,1983,,1811,,A,,0,,1,
DATAFLOW,OECD.ITF:DSD_TRENDS@DF_TRENDSSAFETY(1.0),,I,MKD,,A,,CRASHES,,CRA,,ROAD,,_T,,_T,,1984,,1811,,A,,0,,1,
DATAFLOW,OECD.ITF:DSD_TRENDS@DF_TRENDSSAFETY(1.0),,I,MKD,,A,,CRASHES,,CRA,,ROAD,,_T,,_T,,1985,,1931,,A,,0,,1,
DATAFLOW,OECD.ITF:DSD_TRENDS@DF_TRENDSSAFETY(1.0),,I,MKD,,A,,CRASHES,,CRA,,ROAD,,_T,,_T,,1986,,2103,,A,,0,,1,
DATAFLOW,OECD.ITF:DSD_TRENDS@DF_TRENDSSAFETY(1.0),,I,MKD,,A,,CRASHES,,CRA,,ROAD,,_T,,_T,,1987,,2050,,A,,0,,1,
DATAFLOW,OECD.ITF:DSD_TRENDS@DF_TRENDSSAFETY(1.0),,I,MKD,,A,,CRASHES,,CRA,,ROAD,,_T,,_T,,1988,,1858,,A,,0,,1,
DATAFLOW,OECD.ITF:DSD_TRENDS@DF_TRENDSSAFETY(1.0),,I,MKD,,A,,CRASHES,,CRA,,ROAD,,_T,,_T,,1989,,2219,,A,,0,,1,
DATAFLOW,OECD.ITF:DSD_TRENDS@DF_TRENDSSAFETY(1.0),,I,MKD,,A,,CRASHES,,CRA,,ROAD,,_T,,_T,,1990,,2307,,A,,0,,1,
DATAFLOW,OECD.ITF:DSD_TRENDS@DF_TRENDSSAFETY(1.0),,I,MKD,,A,,CRASHES,,CRA,,ROAD,,_T,,_T,,1991,,2176,,A,,0,,1,
DATAFLOW,OECD.ITF:DSD_TRENDS@DF_TRENDSSAFETY(1.0),,I,MKD,,A,,CRASHES,,CRA,,ROAD,,_T,,_T,,1992,,1921,,A,,0,,1,
DATAFLOW,OECD.ITF:DSD_TRENDS@DF_TRENDSSAFETY(1.0),,I,MKD,,A,,CRASHES,,CRA,,ROAD,,_T,,_T,,1993,,2076,,A,,0,,1,
DATAFLOW,OECD.ITF:DSD_TRENDS@DF_TRENDSSAFETY(1.0),,I,MKD,,A,,CRASHES,,CRA,,ROAD,,_T,,_T,,1994,,2412,,A,,0,,1,
DATAFLOW,OECD.ITF:DSD_TRENDS@DF_TRENDSSAFETY(1.0),,I,MKD,,A,,CRASHES,,CRA,,ROAD,,_T,,_T,,1995,,2436,,A,,0,,1,
DATAFLOW,OECD.ITF:DSD_TRENDS@DF_TRENDSSAFETY(1.0),,I,MKD,,A,,CRASHES,,CRA,,ROAD,,_T,,_T,,1996,,2505,,A,,0,,1,
DATAFLOW,OECD.ITF:DSD_TRENDS@DF_TRENDSSAFETY(1.0),,I,MKD,,A,,CRASHES,,CRA,,ROAD,,_T,,_T,,1997,,2320,,A,,0,,1,
DATAFLOW,OECD.ITF:DSD_TRENDS@DF_TRENDSSAFETY(1.0),,I,MKD,,A,,CRASHES,,CRA,,ROAD,,_T,,_T,,1998,,2202,,A,,0,,1,
DATAFLOW,OECD.ITF:DSD_TRENDS@DF_TRENDSSAFETY(1.0),,I,MKD,,A,,CRASHES,,CRA,,ROAD,,_T,,_T,,1999,,2188,,A,,0,,1,
DATAFLOW,OECD.ITF:DSD_TRENDS@DF_TRENDSSAFETY(1.0),,I,MKD,,A,,CRASHES,,CRA,,ROAD,,_T,,_T,,2000,,1692,,A,,0,,1,
DATAFLOW,OECD.ITF:DSD_TRENDS@DF_TRENDSSAFETY(1.0),,I,MKD,,A,,CRASHES,,CRA,,ROAD,,_T,,_T,,2001,,1300,,A,,0,,1,
DATAFLOW,OECD.ITF:DSD_TRENDS@DF_TRENDSSAFETY(1.0),,I,MKD,,A,,CRASHES,,CRA,,ROAD,,_T,,_T,,2002,,1628,,A,,0,,1,
DATAFLOW,OECD.ITF:DSD_TRENDS@DF_TRENDSSAFETY(1.0),,I,MKD,,A,,CRASHES,,CRA,,ROAD,,_T,,_T,,2003,,1926,,A,,0,,1,
DATAFLOW,OECD.ITF:DSD_TRENDS@DF_TRENDSSAFETY(1.0),,I,MKD,,A,,CRASHES,,CRA,,ROAD,,_T,,_T,,2004,,1987,,A,,0,,1,
DATAFLOW,OECD.ITF:DSD_TRENDS@DF_TRENDSSAFETY(1.0),,I,MKD,,A,,CRASHES,,CRA,,ROAD,,_T,,_T,,2005,,2821,,A,,0,,1,
DATAFLOW,OECD.ITF:DSD_TRENDS@DF_TRENDSSAFETY(1.0),,I,MKD,,A,,CRASHES,,CRA,,ROAD,,_T,,_T,,2006,,3313,,A,,0,,1,
DATAFLOW,OECD.ITF:DSD_TRENDS@DF_TRENDSSAFETY(1.0),,I,MKD,,A,,CRASHES,,CRA,,ROAD,,_T,,_T,,2007,,4037,,A,,0,,1,
DATAFLOW,OECD.ITF:DSD_TRENDS@DF_TRENDSSAFETY(1.0),,I,MKD,,A,,CRASHES,,CRA,,ROAD,,_T,,_T,,2008,,4403,,A,,0,,1,
DATAFLOW,OECD.ITF:DSD_TRENDS@DF_TRENDSSAFETY(1.0),,I,MKD,,A,,CRASHES,,CRA,,ROAD,,_T,,_T,,2009,,4353,,A,,0,,1,
DATAFLOW,OECD.ITF:DSD_TRENDS@DF_TRENDSSAFETY(1.0),,I,MKD,,A,,CRASHES,,CRA,,ROAD,,_T,,_T,,2010,,4223,,A,,0,,1,
DATAFLOW,OECD.ITF:DSD_TRENDS@DF_TRENDSSAFETY(1.0),,I,MKD,,A,,CRASHES,,CRA,,ROAD,,_T,,_T,,2011,,4462,,A,,0,,1,
DATAFLOW,OECD.ITF:DSD_TRENDS@DF_TRENDSSAFETY(1.0),,I,MKD,,A,,CRASHES,,CRA,,ROAD,,_T,,_T,,2012,,4108,,A,,0,,1,
DATAFLOW,OECD.ITF:DSD_TRENDS@DF_TRENDSSAFETY(1.0),,I,MKD,,A,,CRASHES,,CRA,,ROAD,,_T,,_T,,2013,,4230,,A,,0,,1,
DATAFLOW,OECD.ITF:DSD_TRENDS@DF_TRENDSSAFETY(1.0),,I,MKD,,A,,CRASHES,,CRA,,ROAD,,_T,,_T,,2014,,3852,,A,,0,,1,
DATAFLOW,OECD.ITF:DSD_TRENDS@DF_TRENDSSAFETY(1.0),,I,MKD,,A,,CRASHES,,CRA,,ROAD,,_T,,_T,,2015,,3854,,A,,0,,1,
DATAFLOW,OECD.ITF:DSD_TRENDS@DF_TRENDSSAFETY(1.0),,I,MKD,,A,,CRASHES,,CRA,,ROAD,,_T,,_T,,2016,,3902,,A,,0,,1,
DATAFLOW,OECD.ITF:DSD_TRENDS@DF_TRENDSSAFETY(1.0),,I,MKD,,A,,CRASHES,,CRA,,ROAD,,_T,,_T,,2017,,4019,,A,,0,,1,
DATAFLOW,OECD.ITF:DSD_TRENDS@DF_TRENDSSAFETY(1.0),,I,MKD,,A,,CRASHES,,CRA,,ROAD,,_T,,_T,,2018,,3740,,A,,0,,1,
DATAFLOW,OECD.ITF:DSD_TRENDS@DF_TRENDSSAFETY(1.0),,I,MKD,,A,,CRASHES,,CRA,,ROAD,,_T,,_T,,2019,,3233,,A,,0,,1,
DATAFLOW,OECD.ITF:DSD_TRENDS@DF_TRENDSSAFETY(1.0),,I,MKD,,A,,CRASHES,,CRA,,ROAD,,_T,,_T,,2020,,3696,,A,,0,,1,
DATAFLOW,OECD.ITF:DSD_TRENDS@DF_TRENDSSAFETY(1.0),,I,MKD,,A,,CRASHES,,CRA,,ROAD,,_T,,_T,,2021,,4069,,A,,0,,1,
DATAFLOW,OECD.ITF:DSD_TRENDS@DF_TRENDSSAFETY(1.0),,I,MKD,,A,,CRASHES,,CRA,,ROAD,,_T,,_T,,2022,,3951,,A,,0,,1,
DATAFLOW,OECD.ITF:DSD_TRENDS@DF_TRENDSSAFETY(1.0),,I,MKD,,A,,CRASHES,,CRA,,ROAD,,_T,,_T,,2023,,4274,,A,,0,,1,
DATAFLOW,OECD.ITF:DSD_TRENDS@DF_TRENDSSAFETY(1.0),,I,MKD,,A,,CRASHES,,CRA,,ROAD,,_T,,_T,,2024,,4526,,A,,0,,1,
DATAFLOW,OECD.ITF:DSD_TRENDS@DF_TRENDSSAFETY(1.0),,I,ROU,,A,,CRASHES,,CRA,,ROAD,,_T,,_T,,1970,,4897,,A,,0,,1,
DATAFLOW,OECD.ITF:DSD_TRENDS@DF_TRENDSSAFETY(1.0),,I,ROU,,A,,CRASHES,,CRA,,ROAD,,_T,,_T,,1971,,4491,,A,,0,,1,
DATAFLOW,OECD.ITF:DSD_TRENDS@DF_TRENDSSAFETY(1.0),,I,ROU,,A,,CRASHES,,CRA,,ROAD,,_T,,_T,,1972,,5254,,A,,0,,1,
DATAFLOW,OECD.ITF:DSD_TRENDS@DF_TRENDSSAFETY(1.0),,I,ROU,,A,,CRASHES,,CRA,,ROAD,,_T,,_T,,1973,,5333,,A,,0,,1,
DATAFLOW,OECD.ITF:DSD_TRENDS@DF_TRENDSSAFETY(1.0),,I,ROU,,A,,CRASHES,,CRA,,ROAD,,_T,,_T,,1974,,5225,,A,,0,,1,
DATAFLOW,OECD.ITF:DSD_TRENDS@DF_TRENDSSAFETY(1.0),,I,ROU,,A,,CRASHES,,CRA,,ROAD,,_T,,_T,,1975,,5480,,A,,0,,1,
DATAFLOW,OECD.ITF:DSD_TRENDS@DF_TRENDSSAFETY(1.0),,I,ROU,,A,,CRASHES,,CRA,,ROAD,,_T,,_T,,1976,,5972,,A,,0,,1,
DATAFLOW,OECD.ITF:DSD_TRENDS@DF_TRENDSSAFETY(1.0),,I,ROU,,A,,CRASHES,,CRA,,ROAD,,_T,,_T,,1977,,5937,,A,,0,,1,
DATAFLOW,OECD.ITF:DSD_TRENDS@DF_TRENDSSAFETY(1.0),,I,ROU,,A,,CRASHES,,CRA,,ROAD,,_T,,_T,,1978,,5428,,A,,0,,1,
DATAFLOW,OECD.ITF:DSD_TRENDS@DF_TRENDSSAFETY(1.0),,I,ROU,,A,,CRASHES,,CRA,,ROAD,,_T,,_T,,1979,,5279,,A,,0,,1,
DATAFLOW,OECD.ITF:DSD_TRENDS@DF_TRENDSSAFETY(1.0),,I,ROU,,A,,CRASHES,,CRA,,ROAD,,_T,,_T,,1980,,4802,,A,,0,,1,
DATAFLOW,OECD.ITF:DSD_TRENDS@DF_TRENDSSAFETY(1.0),,I,ROU,,A,,CRASHES,,CRA,,ROAD,,_T,,_T,,1981,,4638,,A,,0,,1,
DATAFLOW,OECD.ITF:DSD_TRENDS@DF_TRENDSSAFETY(1.0),,I,ROU,,A,,CRASHES,,CRA,,ROAD,,_T,,_T,,1982,,4264,,A,,0,,1,
DATAFLOW,OECD.ITF:DSD_TRENDS@DF_TRENDSSAFETY(1.0),,I,ROU,,A,,CRASHES,,CRA,,ROAD,,_T,,_T,,1983,,3834,,A,,0,,1,
DATAFLOW,OECD.ITF:DSD_TRENDS@DF_TRENDSSAFETY(1.0),,I,ROU,,A,,CRASHES,,CRA,,ROAD,,_T,,_T,,1984,,3662,,A,,0,,1,
DATAFLOW,OECD.ITF:DSD_TRENDS@DF_TRENDSSAFETY(1.0),,I,ROU,,A,,CRASHES,,CRA,,ROAD,,_T,,_T,,1985,,3348,,A,,0,,1,
DATAFLOW,OECD.ITF:DSD_TRENDS@DF_TRENDSSAFETY(1.0),,I,ROU,,A,,CRASHES,,CRA,,ROAD,,_T,,_T,,1986,,2983,,A,,0,,1,
DATAFLOW,OECD.ITF:DSD_TRENDS@DF_TRENDSSAFETY(1.0),,I,ROU,,A,,CRASHES,,CRA,,ROAD,,_T,,_T,,1987,,2825,,A,,0,,1,
DATAFLOW,OECD.ITF:DSD_TRENDS@DF_TRENDSSAFETY(1.0),,I,ROU,,A,,CRASHES,,CRA,,ROAD,,_T,,_T,,1988,,2788,,A,,0,,1,
DATAFLOW,OECD.ITF:DSD_TRENDS@DF_TRENDSSAFETY(1.0),,I,ROU,,A,,CRASHES,,CRA,,ROAD,,_T,,_T,,1989,,2586,,A,,0,,1,
DATAFLOW,OECD.ITF:DSD_TRENDS@DF_TRENDSSAFETY(1.0),,I,ROU,,A,,CRASHES,,CRA,,ROAD,,_T,,_T,,1990,,9708,,A,,0,,1,
DATAFLOW,OECD.ITF:DSD_TRENDS@DF_TRENDSSAFETY(1.0),,I,ROU,,A,,CRASHES,,CRA,,ROAD,,_T,,_T,,1991,,8948,,A,,0,,1,
DATAFLOW,OECD.ITF:DSD_TRENDS@DF_TRENDSSAFETY(1.0),,I,ROU,,A,,CRASHES,,CRA,,ROAD,,_T,,_T,,1992,,8181,,A,,0,,1,
DATAFLOW,OECD.ITF:DSD_TRENDS@DF_TRENDSSAFETY(1.0),,I,ROU,,A,,CRASHES,,CRA,,ROAD,,_T,,_T,,1993,,8972,,A,,0,,1,
DATAFLOW,OECD.ITF:DSD_TRENDS@DF_TRENDSSAFETY(1.0),,I,ROU,,A,,CRASHES,,CRA,,ROAD,,_T,,_T,,1994,,9381,,A,,0,,1,
DATAFLOW,OECD.ITF:DSD_TRENDS@DF_TRENDSSAFETY(1.0),,I,ROU,,A,,CRASHES,,CRA,,ROAD,,_T,,_T,,1995,,9119,,A,,0,,1,
DATAFLOW,OECD.ITF:DSD_TRENDS@DF_TRENDSSAFETY(1.0),,I,ROU,,A,,CRASHES,,CRA,,ROAD,,_T,,_T,,1996,,8931,,A,,0,,1,
DATAFLOW,OECD.ITF:DSD_TRENDS@DF_TRENDSSAFETY(1.0),,I,ROU,,A,,CRASHES,,CRA,,ROAD,,_T,,_T,,1997,,8801,,A,,0,,1,
DATAFLOW,OECD.ITF:DSD_TRENDS@DF_TRENDSSAFETY(1.0),,I,ROU,,A,,CRASHES,,CRA,,ROAD,,_T,,_T,,1998,,8457,,A,,0,,1,
DATAFLOW,OECD.ITF:DSD_TRENDS@DF_TRENDSSAFETY(1.0),,I,ROU,,A,,CRASHES,,CRA,,ROAD,,_T,,_T,,1999,,7846,,A,,0,,1,
DATAFLOW,OECD.ITF:DSD_TRENDS@DF_TRENDSSAFETY(1.0),,I,ROU,,A,,CRASHES,,CRA,,ROAD,,_T,,_T,,2000,,7555,,A,,0,,1,
DATAFLOW,OECD.ITF:DSD_TRENDS@DF_TRENDSSAFETY(1.0),,I,ROU,,A,,CRASHES,,CRA,,ROAD,,_T,,_T,,2001,,7244,,A,,0,,1,
DATAFLOW,OECD.ITF:DSD_TRENDS@DF_TRENDSSAFETY(1.0),,I,ROU,,A,,CRASHES,,CRA,,ROAD,,_T,,_T,,2002,,7047,,A,,0,,1,
DATAFLOW,OECD.ITF:DSD_TRENDS@DF_TRENDSSAFETY(1.0),,I,ROU,,A,,CRASHES,,CRA,,ROAD,,_T,,_T,,2003,,6654,,A,,0,,1,
DATAFLOW,OECD.ITF:DSD_TRENDS@DF_TRENDSSAFETY(1.0),,I,ROU,,A,,CRASHES,,CRA,,ROAD,,_T,,_T,,2004,,6860,,A,,0,,1,
DATAFLOW,OECD.ITF:DSD_TRENDS@DF_TRENDSSAFETY(1.0),,I,ROU,,A,,CRASHES,,CRA,,ROAD,,_T,,_T,,2005,,7226,,A,,0,,1,
DATAFLOW,OECD.ITF:DSD_TRENDS@DF_TRENDSSAFETY(1.0),,I,ROU,,A,,CRASHES,,CRA,,ROAD,,_T,,_T,,2007,,24662,,A,,0,,1,
DATAFLOW,OECD.ITF:DSD_TRENDS@DF_TRENDSSAFETY(1.0),,I,ROU,,A,,CRASHES,,CRA,,ROAD,,_T,,_T,,2008,,29861,,A,,0,,1,
DATAFLOW,OECD.ITF:DSD_TRENDS@DF_TRENDSSAFETY(1.0),,I,ROU,,A,,CRASHES,,CRA,,ROAD,,_T,,_T,,2009,,28612,,A,,0,,1,
DATAFLOW,OECD.ITF:DSD_TRENDS@DF_TRENDSSAFETY(1.0),,I,ROU,,A,,CRASHES,,CRA,,ROAD,,_T,,_T,,2010,,25996,,A,,0,,1,
DATAFLOW,OECD.ITF:DSD_TRENDS@DF_TRENDSSAFETY(1.0),,I,ROU,,A,,CRASHES,,CRA,,ROAD,,_T,,_T,,2011,,26648,,A,,0,,1,
DATAFLOW,OECD.ITF:DSD_TRENDS@DF_TRENDSSAFETY(1.0),,I,ROU,,A,,CRASHES,,CRA,,ROAD,,_T,,_T,,2012,,26928,,A,,0,,1,
DATAFLOW,OECD.ITF:DSD_TRENDS@DF_TRENDSSAFETY(1.0),,I,ROU,,A,,CRASHES,,CRA,,ROAD,,_T,,_T,,2013,,24827,,A,,0,,1,
DATAFLOW,OECD.ITF:DSD_TRENDS@DF_TRENDSSAFETY(1.0),,I,ROU,,A,,CRASHES,,CRA,,ROAD,,_T,,_T,,2014,,25355,,A,,0,,1,
DATAFLOW,OECD.ITF:DSD_TRENDS@DF_TRENDSSAFETY(1.0),,I,ROU,,A,,CRASHES,,CRA,,ROAD,,_T,,_T,,2015,,28944,,A,,0,,1,
DATAFLOW,OECD.ITF:DSD_TRENDS@DF_TRENDSSAFETY(1.0),,I,ROU,,A,,CRASHES,,CRA,,ROAD,,_T,,_T,,2016,,30751,,A,,0,,1,
DATAFLOW,OECD.ITF:DSD_TRENDS@DF_TRENDSSAFETY(1.0),,I,ROU,,A,,CRASHES,,CRA,,ROAD,,_T,,_T,,2017,,31106,,A,,0,,1,
DATAFLOW,OECD.ITF:DSD_TRENDS@DF_TRENDSSAFETY(1.0),,I,ROU,,A,,CRASHES,,CRA,,ROAD,,_T,,_T,,2018,,30202,,A,,0,,1,
DATAFLOW,OECD.ITF:DSD_TRENDS@DF_TRENDSSAFETY(1.0),,I,ROU,,A,,CRASHES,,CRA,,ROAD,,_T,,_T,,2019,,31146,,A,,0,,1,
DATAFLOW,OECD.ITF:DSD_TRENDS@DF_TRENDSSAFETY(1.0),,I,SRB,,A,,CRASHES,,CRA,,ROAD,,_T,,_T,,1999,,14491,,A,,0,,1,
DATAFLOW,OECD.ITF:DSD_TRENDS@DF_TRENDSSAFETY(1.0),,I,SRB,,A,,CRASHES,,CRA,,ROAD,,_T,,_T,,2000,,15076,,A,,0,,1,
DATAFLOW,OECD.ITF:DSD_TRENDS@DF_TRENDSSAFETY(1.0),,I,SRB,,A,,CRASHES,,CRA,,ROAD,,_T,,_T,,2001,,11562,,A,,0,,1,
DATAFLOW,OECD.ITF:DSD_TRENDS@DF_TRENDSSAFETY(1.0),,I,SRB,,A,,CRASHES,,CRA,,ROAD,,_T,,_T,,2002,,14899,,A,,0,,1,
DATAFLOW,OECD.ITF:DSD_TRENDS@DF_TRENDSSAFETY(1.0),,I,SRB,,A,,CRASHES,,CRA,,ROAD,,_T,,_T,,2003,,12385,,A,,0,,1,
DATAFLOW,OECD.ITF:DSD_TRENDS@DF_TRENDSSAFETY(1.0),,I,SRB,,A,,CRASHES,,CRA,,ROAD,,_T,,_T,,2004,,13373,,A,,0,,1,
DATAFLOW,OECD.ITF:DSD_TRENDS@DF_TRENDSSAFETY(1.0),,I,SRB,,A,,CRASHES,,CRA,,ROAD,,_T,,_T,,2005,,12752,,A,,0,,1,
DATAFLOW,OECD.ITF:DSD_TRENDS@DF_TRENDSSAFETY(1.0),,I,SRB,,A,,CRASHES,,CRA,,ROAD,,_T,,_T,,2006,,13912,,A,,0,,1,
DATAFLOW,OECD.ITF:DSD_TRENDS@DF_TRENDSSAFETY(1.0),,I,SRB,,A,,CRASHES,,CRA,,ROAD,,_T,,_T,,2007,,16585,,A,,0,,1,
DATAFLOW,OECD.ITF:DSD_TRENDS@DF_TRENDSSAFETY(1.0),,I,SRB,,A,,CRASHES,,CRA,,ROAD,,_T,,_T,,2008,,16651,,A,,0,,1,
DATAFLOW,OECD.ITF:DSD_TRENDS@DF_TRENDSSAFETY(1.0),,I,SRB,,A,,CRASHES,,CRA,,ROAD,,_T,,_T,,2009,,15807,,A,,0,,1,
DATAFLOW,OECD.ITF:DSD_TRENDS@DF_TRENDSSAFETY(1.0),,I,SRB,,A,,CRASHES,,CRA,,ROAD,,_T,,_T,,2010,,14179,,A,,0,,1,
DATAFLOW,OECD.ITF:DSD_TRENDS@DF_TRENDSSAFETY(1.0),,I,SRB,,A,,CRASHES,,CRA,,ROAD,,_T,,_T,,2011,,14119,,A,,0,,1,
DATAFLOW,OECD.ITF:DSD_TRENDS@DF_TRENDSSAFETY(1.0),,I,SRB,,A,,CRASHES,,CRA,,ROAD,,_T,,_T,,2012,,13333,,A,,0,,1,
DATAFLOW,OECD.ITF:DSD_TRENDS@DF_TRENDSSAFETY(1.0),,I,SRB,,A,,CRASHES,,CRA,,ROAD,,_T,,_T,,2013,,13522,,A,,0,,1,
DATAFLOW,OECD.ITF:DSD_TRENDS@DF_TRENDSSAFETY(1.0),,I,SRB,,A,,CRASHES,,CRA,,ROAD,,_T,,_T,,2014,,13043,,A,,0,,1,
DATAFLOW,OECD.ITF:DSD_TRENDS@DF_TRENDSSAFETY(1.0),,I,SRB,,A,,CRASHES,,CRA,,ROAD,,_T,,_T,,2015,,13638,,A,,0,,1,
DATAFLOW,OECD.ITF:DSD_TRENDS@DF_TRENDSSAFETY(1.0),,I,SRB,,A,,CRASHES,,CRA,,ROAD,,_T,,_T,,2016,,14382,,A,,0,,1,
DATAFLOW,OECD.ITF:DSD_TRENDS@DF_TRENDSSAFETY(1.0),,I,SRB,,A,,CRASHES,,CRA,,ROAD,,_T,,_T,,2017,,14691,,A,,0,,1,
DATAFLOW,OECD.ITF:DSD_TRENDS@DF_TRENDSSAFETY(1.0),,I,SRB,,A,,CRASHES,,CRA,,ROAD,,_T,,_T,,2018,,14142,,A,,0,,1,
DATAFLOW,OECD.ITF:DSD_TRENDS@DF_TRENDSSAFETY(1.0),,I,SRB,,A,,CRASHES,,CRA,,ROAD,,_T,,_T,,2019,,14134,,A,,0,,1,
DATAFLOW,OECD.ITF:DSD_TRENDS@DF_TRENDSSAFETY(1.0),,I,SRB,,A,,CRASHES,,CRA,,ROAD,,_T,,_T,,2020,,12239,,A,,0,,1,
DATAFLOW,OECD.ITF:DSD_TRENDS@DF_TRENDSSAFETY(1.0),,I,SRB,,A,,CRASHES,,CRA,,ROAD,,_T,,_T,,2021,,13686,,A,,0,,1,
DATAFLOW,OECD.ITF:DSD_TRENDS@DF_TRENDSSAFETY(1.0),,I,SRB,,A,,CRASHES,,CRA,,ROAD,,_T,,_T,,2022,,13311,,A,,0,,1,
DATAFLOW,OECD.ITF:DSD_TRENDS@DF_TRENDSSAFETY(1.0),,I,SRB,,A,,CRASHES,,CRA,,ROAD,,_T,,_T,,2023,,13463,,A,,0,,1,
DATAFLOW,OECD.ITF:DSD_TRENDS@DF_TRENDSSAFETY(1.0),,I,SRB,,A,,CRASHES,,CRA,,ROAD,,_T,,_T,,2024,,13479,,A,,0,,1,
DATAFLOW,OECD.ITF:DSD_TRENDS@DF_TRENDSSAFETY(1.0),,I,UKR,,A,,CRASHES,,CRA,,ROAD,,_T,,_T,,1970,,27189,,A,,0,,1,
DATAFLOW,OECD.ITF:DSD_TRENDS@DF_TRENDSSAFETY(1.0),,I,UKR,,A,,CRASHES,,CRA,,ROAD,,_T,,_T,,1971,,27785,,A,,0,,1,
DATAFLOW,OECD.ITF:DSD_TRENDS@DF_TRENDSSAFETY(1.0),,I,UKR,,A,,CRASHES,,CRA,,ROAD,,_T,,_T,,1972,,27626,,A,,0,,1,
DATAFLOW,OECD.ITF:DSD_TRENDS@DF_TRENDSSAFETY(1.0),,I,UKR,,A,,CRASHES,,CRA,,ROAD,,_T,,_T,,1973,,27923,,A,,0,,1,
DATAFLOW,OECD.ITF:DSD_TRENDS@DF_TRENDSSAFETY(1.0),,I,UKR,,A,,CRASHES,,CRA,,ROAD,,_T,,_T,,1974,,12335,,A,,0,,1,
DATAFLOW,OECD.ITF:DSD_TRENDS@DF_TRENDSSAFETY(1.0),,I,UKR,,A,,CRASHES,,CRA,,ROAD,,_T,,_T,,1975,,13679,,A,,0,,1,
DATAFLOW,OECD.ITF:DSD_TRENDS@DF_TRENDSSAFETY(1.0),,I,UKR,,A,,CRASHES,,CRA,,ROAD,,_T,,_T,,1976,,38764,,A,,0,,1,
DATAFLOW,OECD.ITF:DSD_TRENDS@DF_TRENDSSAFETY(1.0),,I,UKR,,A,,CRASHES,,CRA,,ROAD,,_T,,_T,,1977,,38523,,A,,0,,1,
DATAFLOW,OECD.ITF:DSD_TRENDS@DF_TRENDSSAFETY(1.0),,I,UKR,,A,,CRASHES,,CRA,,ROAD,,_T,,_T,,1978,,39087,,A,,0,,1,
DATAFLOW,OECD.ITF:DSD_TRENDS@DF_TRENDSSAFETY(1.0),,I,UKR,,A,,CRASHES,,CRA,,ROAD,,_T,,_T,,1979,,39640,,A,,0,,1,
DATAFLOW,OECD.ITF:DSD_TRENDS@DF_TRENDSSAFETY(1.0),,I,UKR,,A,,CRASHES,,CRA,,ROAD,,_T,,_T,,1980,,39928,,A,,0,,1,
DATAFLOW,OECD.ITF:DSD_TRENDS@DF_TRENDSSAFETY(1.0),,I,UKR,,A,,CRASHES,,CRA,,ROAD,,_T,,_T,,1983,,40779,,A,,0,,1,
DATAFLOW,OECD.ITF:DSD_TRENDS@DF_TRENDSSAFETY(1.0),,I,UKR,,A,,CRASHES,,CRA,,ROAD,,_T,,_T,,1984,,40707,,A,,0,,1,
DATAFLOW,OECD.ITF:DSD_TRENDS@DF_TRENDSSAFETY(1.0),,I,UKR,,A,,CRASHES,,CRA,,ROAD,,_T,,_T,,1985,,38323,,A,,0,,1,
DATAFLOW,OECD.ITF:DSD_TRENDS@DF_TRENDSSAFETY(1.0),,I,UKR,,A,,CRASHES,,CRA,,ROAD,,_T,,_T,,1986,,37853,,A,,0,,1,
DATAFLOW,OECD.ITF:DSD_TRENDS@DF_TRENDSSAFETY(1.0),,I,UKR,,A,,CRASHES,,CRA,,ROAD,,_T,,_T,,1987,,37736,,A,,0,,1,
DATAFLOW,OECD.ITF:DSD_TRENDS@DF_TRENDSSAFETY(1.0),,I,UKR,,A,,CRASHES,,CRA,,ROAD,,_T,,_T,,1988,,40222,,A,,0,,1,
DATAFLOW,OECD.ITF:DSD_TRENDS@DF_TRENDSSAFETY(1.0),,I,UKR,,A,,CRASHES,,CRA,,ROAD,,_T,,_T,,1989,,47966,,A,,0,,1,
DATAFLOW,OECD.ITF:DSD_TRENDS@DF_TRENDSSAFETY(1.0),,I,UKR,,A,,CRASHES,,CRA,,ROAD,,_T,,_T,,1990,,50908,,A,,0,,1,
DATAFLOW,OECD.ITF:DSD_TRENDS@DF_TRENDSSAFETY(1.0),,I,UKR,,A,,CRASHES,,CRA,,ROAD,,_T,,_T,,1991,,48081,,A,,0,,1,
DATAFLOW,OECD.ITF:DSD_TRENDS@DF_TRENDSSAFETY(1.0),,I,UKR,,A,,CRASHES,,CRA,,ROAD,,_T,,_T,,1992,,46615,,A,,0,,1,
DATAFLOW,OECD.ITF:DSD_TRENDS@DF_TRENDSSAFETY(1.0),,I,UKR,,A,,CRASHES,,CRA,,ROAD,,_T,,_T,,1993,,40759,,A,,0,,1,
DATAFLOW,OECD.ITF:DSD_TRENDS@DF_TRENDSSAFETY(1.0),,I,UKR,,A,,CRASHES,,CRA,,ROAD,,_T,,_T,,1994,,42252,,A,,0,,1,
DATAFLOW,OECD.ITF:DSD_TRENDS@DF_TRENDSSAFETY(1.0),,I,UKR,,A,,CRASHES,,CRA,,ROAD,,_T,,_T,,1995,,43152,,A,,0,,1,
DATAFLOW,OECD.ITF:DSD_TRENDS@DF_TRENDSSAFETY(1.0),,I,UKR,,A,,CRASHES,,CRA,,ROAD,,_T,,_T,,1996,,40088,,A,,0,,1,
DATAFLOW,OECD.ITF:DSD_TRENDS@DF_TRENDSSAFETY(1.0),,I,UKR,,A,,CRASHES,,CRA,,ROAD,,_T,,_T,,1997,,37944,,A,,0,,1,
DATAFLOW,OECD.ITF:DSD_TRENDS@DF_TRENDSSAFETY(1.0),,I,UKR,,A,,CRASHES,,CRA,,ROAD,,_T,,_T,,1998,,36299,,A,,0,,1,
DATAFLOW,OECD.ITF:DSD_TRENDS@DF_TRENDSSAFETY(1.0),,I,UKR,,A,,CRASHES,,CRA,,ROAD,,_T,,_T,,1999,,34554,,A,,0,,1,
DATAFLOW,OECD.ITF:DSD_TRENDS@DF_TRENDSSAFETY(1.0),,I,UKR,,A,,CRASHES,,CRA,,ROAD,,_T,,_T,,2000,,33339,,A,,0,,1,
DATAFLOW,OECD.ITF:DSD_TRENDS@DF_TRENDSSAFETY(1.0),,I,UKR,,A,,CRASHES,,CRA,,ROAD,,_T,,_T,,2001,,34541,,A,,0,,1,
DATAFLOW,OECD.ITF:DSD_TRENDS@DF_TRENDSSAFETY(1.0),,I,UKR,,A,,CRASHES,,CRA,,ROAD,,_T,,_T,,2002,,34488,,A,,0,,1,
DATAFLOW,OECD.ITF:DSD_TRENDS@DF_TRENDSSAFETY(1.0),,I,UKR,,A,,CRASHES,,CRA,,ROAD,,_T,,_T,,2003,,42409,,A,,0,,1,
DATAFLOW,OECD.ITF:DSD_TRENDS@DF_TRENDSSAFETY(1.0),,I,UKR,,A,,CRASHES,,CRA,,ROAD,,_T,,_T,,2004,,45592,,A,,0,,1,
DATAFLOW,OECD.ITF:DSD_TRENDS@DF_TRENDSSAFETY(1.0),,I,UKR,,A,,CRASHES,,CRA,,ROAD,,_T,,_T,,2005,,46485,,A,,0,,1,
DATAFLOW,OECD.ITF:DSD_TRENDS@DF_TRENDSSAFETY(1.0),,I,UKR,,A,,CRASHES,,CRA,,ROAD,,_T,,_T,,2006,,49491,,A,,0,,1,
DATAFLOW,OECD.ITF:DSD_TRENDS@DF_TRENDSSAFETY(1.0),,I,UKR,,A,,CRASHES,,CRA,,ROAD,,_T,,_T,,2007,,63554,,A,,0,,1,
DATAFLOW,OECD.ITF:DSD_TRENDS@DF_TRENDSSAFETY(1.0),,I,UKR,,A,,CRASHES,,CRA,,ROAD,,_T,,_T,,2008,,51279,,A,,0,,1,
DATAFLOW,OECD.ITF:DSD_TRENDS@DF_TRENDSSAFETY(1.0),,I,UKR,,A,,CRASHES,,CRA,,ROAD,,_T,,_T,,2009,,37049,,A,,0,,1,
DATAFLOW,OECD.ITF:DSD_TRENDS@DF_TRENDSSAFETY(1.0),,I,UKR,,A,,CRASHES,,CRA,,ROAD,,_T,,_T,,2010,,31914,,A,,0,,1,
DATAFLOW,OECD.ITF:DSD_TRENDS@DF_TRENDSSAFETY(1.0),,I,UKR,,A,,CRASHES,,CRA,,ROAD,,_T,,_T,,2011,,31281,,A,,0,,1,
DATAFLOW,OECD.ITF:DSD_TRENDS@DF_TRENDSSAFETY(1.0),,I,UKR,,A,,CRASHES,,CRA,,ROAD,,_T,,_T,,2012,,30699,,A,,0,,1,
DATAFLOW,OECD.ITF:DSD_TRENDS@DF_TRENDSSAFETY(1.0),,I,UKR,,A,,CRASHES,,CRA,,ROAD,,_T,,_T,,2013,,30681,,A,,0,,1,
DATAFLOW,OECD.ITF:DSD_TRENDS@DF_TRENDSSAFETY(1.0),,I,UKR,,A,,CRASHES,,CRA,,ROAD,,_T,,_T,,2015,,25493,,A,,0,,1,
DATAFLOW,OECD.ITF:DSD_TRENDS@DF_TRENDSSAFETY(1.0),,I,UKR,,A,,CRASHES,,CRA,,ROAD,,_T,,_T,,2016,,26782,,A,,0,,1,
DATAFLOW,OECD.ITF:DSD_TRENDS@DF_TRENDSSAFETY(1.0),,I,UKR,,A,,CRASHES,,CRA,,ROAD,,_T,,_T,,2017,,27220,,A,,0,,1,
DATAFLOW,OECD.ITF:DSD_TRENDS@DF_TRENDSSAFETY(1.0),,I,UZB,,A,,CRASHES,,CRA,,ROAD,,_T,,_T,,2010,,7849,,A,,0,,1,
DATAFLOW,OECD.ITF:DSD_TRENDS@DF_TRENDSSAFETY(1.0),,I,UZB,,A,,CRASHES,,CRA,,ROAD,,_T,,_T,,2011,,7780,,A,,0,,1,
DATAFLOW,OECD.ITF:DSD_TRENDS@DF_TRENDSSAFETY(1.0),,I,UZB,,A,,CRASHES,,CRA,,ROAD,,_T,,_T,,2012,,7138,,A,,0,,1,
DATAFLOW,OECD.ITF:DSD_TRENDS@DF_TRENDSSAFETY(1.0),,I,UZB,,A,,CRASHES,,CRA,,ROAD,,_T,,_T,,2013,,7538,,A,,0,,1,
DATAFLOW,OECD.ITF:DSD_TRENDS@DF_TRENDSSAFETY(1.0),,I,UZB,,A,,CRASHES,,CRA,,ROAD,,_T,,_T,,2014,,8264,,A,,0,,1,
DATAFLOW,OECD.ITF:DSD_TRENDS@DF_TRENDSSAFETY(1.0),,I,UZB,,A,,CRASHES,,CRA,,ROAD,,_T,,_T,,2015,,8534,,A,,0,,1,
DATAFLOW,OECD.ITF:DSD_TRENDS@DF_TRENDSSAFETY(1.0),,I,UZB,,A,,CRASHES,,CRA,,ROAD,,_T,,_T,,2016,,9151,,A,,0,,1,
DATAFLOW,OECD.ITF:DSD_TRENDS@DF_TRENDSSAFETY(1.0),,I,UZB,,A,,CRASHES,,CRA,,ROAD,,_T,,_T,,2017,,9404,,A,,0,,1,
DATAFLOW,OECD.ITF:DSD_TRENDS@DF_TRENDSSAFETY(1.0),,I,UZB,,A,,CRASHES,,CRA,,ROAD,,_T,,_T,,2018,,8219,,A,,0,,1,
DATAFLOW,OECD.ITF:DSD_TRENDS@DF_TRENDSSAFETY(1.0),,I,UZB,,A,,CRASHES,,CRA,,ROAD,,_T,,_T,,2019,,8092,,A,,0,,1,
DATAFLOW,OECD.ITF:DSD_TRENDS@DF_TRENDSSAFETY(1.0),,I,UZB,,A,,CRASHES,,CRA,,ROAD,,_T,,_T,,2020,,6982,,A,,0,,1,
DATAFLOW,OECD.ITF:DSD_TRENDS@DF_TRENDSSAFETY(1.0),,I,AUS,,A,,FATALITIES,,PS,,ROAD,,_T,,_T,,2024,,1306,,P,,0,,1,
DATAFLOW,OECD.ITF:DSD_TRENDS@DF_TRENDSSAFETY(1.0),,I,AUT,,A,,INJURED,,PS,,ROAD,,_T,,_T,,2012,,50895,,B,,0,,1,
DATAFLOW,OECD.ITF:DSD_TRENDS@DF_TRENDSSAFETY(1.0),,I,AUT,,A,,CRASHES,,CRA,,ROAD,,_T,,_T,,2012,,40831,,B,,0,,1,
DATAFLOW,OECD.ITF:DSD_TRENDS@DF_TRENDSSAFETY(1.0),,I,AUT,,A,,FATALITIES,,PS,,ROAD,,_T,,_T,,2012,,531,,B,,0,,1,
DATAFLOW,OECD.ITF:DSD_TRENDS@DF_TRENDSSAFETY(1.0),,I,CAN,,A,,CRASHES,,CRA,,ROAD,,_T,,_T,,2023,,91750,,P,,0,,1,
DATAFLOW,OECD.ITF:DSD_TRENDS@DF_TRENDSSAFETY(1.0),,I,CAN,,A,,INJURED,,PS,,ROAD,,_T,,_T,,2023,,118838,,P,,0,,1,
DATAFLOW,OECD.ITF:DSD_TRENDS@DF_TRENDSSAFETY(1.0),,I,CAN,,A,,FATALITIES,,PS,,ROAD,,_T,,_T,,2023,,1964,,P,,0,,1,
DATAFLOW,OECD.ITF:DSD_TRENDS@DF_TRENDSSAFETY(1.0),,I,CHL,,A,,CRASHES,,CRA,,ROAD,,_T,,_T,,2000,,30772,,B,,0,,1,
DATAFLOW,OECD.ITF:DSD_TRENDS@DF_TRENDSSAFETY(1.0),,I,FIN,,A,,INJURED,,PS,,ROAD,,_T,,_T,,1978,,8701,,B,,0,,1,
DATAFLOW,OECD.ITF:DSD_TRENDS@DF_TRENDSSAFETY(1.0),,I,FIN,,A,,CRASHES,,CRA,,ROAD,,_T,,_T,,1995,,7812,,B,,0,,1,
DATAFLOW,OECD.ITF:DSD_TRENDS@DF_TRENDSSAFETY(1.0),,I,FIN,,A,,INJURED,,PS,,ROAD,,_T,,_T,,1995,,10191,,B,,0,,1,
DATAFLOW,OECD.ITF:DSD_TRENDS@DF_TRENDSSAFETY(1.0),,I,FIN,,A,,FATALITIES,,PS,,ROAD,,_T,,_T,,2003,,379,,B,,0,,1,
DATAFLOW,OECD.ITF:DSD_TRENDS@DF_TRENDSSAFETY(1.0),,I,FIN,,A,,CRASHES,,CRA,,ROAD,,_T,,_T,,2003,,6907,,B,,0,,1,
DATAFLOW,OECD.ITF:DSD_TRENDS@DF_TRENDSSAFETY(1.0),,I,FIN,,A,,INJURED,,PS,,ROAD,,_T,,_T,,2003,,9088,,B,,0,,1,
DATAFLOW,OECD.ITF:DSD_TRENDS@DF_TRENDSSAFETY(1.0),,I,DEU,,A,,FATALITIES,,PS,,ROAD,,_T,,_T,,1991,,11300,,B,,0,,1,
DATAFLOW,OECD.ITF:DSD_TRENDS@DF_TRENDSSAFETY(1.0),,I,DEU,,A,,CRASHES,,CRA,,ROAD,,_T,,_T,,1991,,385147,,B,,0,,1,
DATAFLOW,OECD.ITF:DSD_TRENDS@DF_TRENDSSAFETY(1.0),,I,DEU,,A,,INJURED,,PS,,ROAD,,_T,,_T,,1991,,505535,,B,,0,,1,
DATAFLOW,OECD.ITF:DSD_TRENDS@DF_TRENDSSAFETY(1.0),,I,GRC,,A,,FATALITIES,,PS,,ROAD,,_T,,_T,,2024,,665,,P,,0,,1,
DATAFLOW,OECD.ITF:DSD_TRENDS@DF_TRENDSSAFETY(1.0),,I,GRC,,A,,CRASHES,,CRA,,ROAD,,_T,,_T,,2024,,11205,,P,,0,,1,
DATAFLOW,OECD.ITF:DSD_TRENDS@DF_TRENDSSAFETY(1.0),,I,GRC,,A,,INJURED,,PS,,ROAD,,_T,,_T,,2024,,13400,,P,,0,,1,
DATAFLOW,OECD.ITF:DSD_TRENDS@DF_TRENDSSAFETY(1.0),,I,IRL,,A,,CRASHES,,CRA,,ROAD,,_T,,_T,,2021,,5193,,P,,0,,1,
DATAFLOW,OECD.ITF:DSD_TRENDS@DF_TRENDSSAFETY(1.0),,I,IRL,,A,,INJURED,,PS,,ROAD,,_T,,_T,,2021,,6575,,P,,0,,1,
DATAFLOW,OECD.ITF:DSD_TRENDS@DF_TRENDSSAFETY(1.0),,I,IRL,,A,,FATALITIES,,PS,,ROAD,,_T,,_T,,2021,,132,,P,,0,,1,
DATAFLOW,OECD.ITF:DSD_TRENDS@DF_TRENDSSAFETY(1.0),,I,IRL,,A,,FATALITIES,,PS,,ROAD,,_T,,_T,,2022,,152,,P,,0,,1,
DATAFLOW,OECD.ITF:DSD_TRENDS@DF_TRENDSSAFETY(1.0),,I,IRL,,A,,INJURED,,PS,,ROAD,,_T,,_T,,2022,,7388,,P,,0,,1,
DATAFLOW,OECD.ITF:DSD_TRENDS@DF_TRENDSSAFETY(1.0),,I,IRL,,A,,CRASHES,,CRA,,ROAD,,_T,,_T,,2022,,5767,,P,,0,,1,
DATAFLOW,OECD.ITF:DSD_TRENDS@DF_TRENDSSAFETY(1.0),,I,IRL,,A,,CRASHES,,CRA,,ROAD,,_T,,_T,,2023,,5565,,P,,0,,1,
DATAFLOW,OECD.ITF:DSD_TRENDS@DF_TRENDSSAFETY(1.0),,I,IRL,,A,,INJURED,,PS,,ROAD,,_T,,_T,,2023,,6955,,P,,0,,1,
DATAFLOW,OECD.ITF:DSD_TRENDS@DF_TRENDSSAFETY(1.0),,I,IRL,,A,,FATALITIES,,PS,,ROAD,,_T,,_T,,2023,,179,,P,,0,,1,
DATAFLOW,OECD.ITF:DSD_TRENDS@DF_TRENDSSAFETY(1.0),,I,IRL,,A,,FATALITIES,,PS,,ROAD,,_T,,_T,,2024,,172,,P,,0,,1,
DATAFLOW,OECD.ITF:DSD_TRENDS@DF_TRENDSSAFETY(1.0),,I,IRL,,A,,INJURED,,PS,,ROAD,,_T,,_T,,2024,,7035,,P,,0,,1,
DATAFLOW,OECD.ITF:DSD_TRENDS@DF_TRENDSSAFETY(1.0),,I,IRL,,A,,CRASHES,,CRA,,ROAD,,_T,,_T,,2024,,5586,,P,,0,,1,
DATAFLOW,OECD.ITF:DSD_TRENDS@DF_TRENDSSAFETY(1.0),,I,ISR,,A,,CRASHES,,CRA,,ROAD,,_T,,_T,,1975,,15028,,B,,0,,1,
DATAFLOW,OECD.ITF:DSD_TRENDS@DF_TRENDSSAFETY(1.0),,I,ISR,,A,,INJURED,,PS,,ROAD,,_T,,_T,,1975,,21600,,B,,0,,1,
DATAFLOW,OECD.ITF:DSD_TRENDS@DF_TRENDSSAFETY(1.0),,I,ISR,,A,,FATALITIES,,PS,,ROAD,,_T,,_T,,1975,,756,,B,,0,,1,
DATAFLOW,OECD.ITF:DSD_TRENDS@DF_TRENDSSAFETY(1.0),,I,ISR,,A,,CRASHES,,CRA,,ROAD,,_T,,_T,,2013,,14114,,B,,0,,1,
DATAFLOW,OECD.ITF:DSD_TRENDS@DF_TRENDSSAFETY(1.0),,I,ISR,,A,,INJURED,,PS,,ROAD,,_T,,_T,,2013,,26055,,B,,0,,1,
DATAFLOW,OECD.ITF:DSD_TRENDS@DF_TRENDSSAFETY(1.0),,I,ISR,,A,,FATALITIES,,PS,,ROAD,,_T,,_T,,2013,,309,,B,,0,,1,
DATAFLOW,OECD.ITF:DSD_TRENDS@DF_TRENDSSAFETY(1.0),,I,MEX,,A,,CRASHES,,CRA,,ROAD,,_T,,_T,,2009,,29587,,B,,0,,1,
DATAFLOW,OECD.ITF:DSD_TRENDS@DF_TRENDSSAFETY(1.0),,I,MEX,,A,,INJURED,,PS,,ROAD,,_T,,_T,,2010,,28275,,B,,0,,1,
DATAFLOW,OECD.ITF:DSD_TRENDS@DF_TRENDSSAFETY(1.0),,I,MEX,,A,,FATALITIES,,PS,,ROAD,,_T,,_T,,2010,,4966,,B,,0,,1,
DATAFLOW,OECD.ITF:DSD_TRENDS@DF_TRENDSSAFETY(1.0),,I,NLD,,A,,CRASHES,,CRA,,ROAD,,_T,,_T,,1986,,14364,,B,,0,,1,
DATAFLOW,OECD.ITF:DSD_TRENDS@DF_TRENDSSAFETY(1.0),,I,NLD,,A,,INJURED,,PS,,ROAD,,_T,,_T,,1986,,14704,,B,,0,,1,
DATAFLOW,OECD.ITF:DSD_TRENDS@DF_TRENDSSAFETY(1.0),,I,NLD,,A,,FATALITIES,,PS,,ROAD,,_T,,_T,,1986,,1529,,B,,0,,1,
DATAFLOW,OECD.ITF:DSD_TRENDS@DF_TRENDSSAFETY(1.0),,I,NLD,,A,,INJURED,,PS,,ROAD,,_T,,_T,,1996,,5460,,B,,0,,1,
DATAFLOW,OECD.ITF:DSD_TRENDS@DF_TRENDSSAFETY(1.0),,I,NLD,,A,,FATALITIES,,PS,,ROAD,,_T,,_T,,1996,,1251,,B,,0,,1,
DATAFLOW,OECD.ITF:DSD_TRENDS@DF_TRENDSSAFETY(1.0),,I,NLD,,A,,CRASHES,,CRA,,ROAD,,_T,,_T,,2009,,19378,,B,,0,,1,
DATAFLOW,OECD.ITF:DSD_TRENDS@DF_TRENDSSAFETY(1.0),,I,NLD,,A,,CRASHES,,CRA,,ROAD,,_T,,_T,,2014,,13358,,B,,0,,1,
DATAFLOW,OECD.ITF:DSD_TRENDS@DF_TRENDSSAFETY(1.0),,I,NZL,,A,,INJURED,,PS,,ROAD,,_T,,_T,,2023,,13742,,P,,0,,1,
DATAFLOW,OECD.ITF:DSD_TRENDS@DF_TRENDSSAFETY(1.0),,I,NZL,,A,,FATALITIES,,PS,,ROAD,,_T,,_T,,2023,,342,,P,,0,,1,
DATAFLOW,OECD.ITF:DSD_TRENDS@DF_TRENDSSAFETY(1.0),,I,NZL,,A,,CRASHES,,CRA,,ROAD,,_T,,_T,,2023,,10948,,P,,0,,1,
DATAFLOW,OECD.ITF:DSD_TRENDS@DF_TRENDSSAFETY(1.0),,I,NZL,,A,,CRASHES,,CRA,,ROAD,,_T,,_T,,2024,,10603,,P,,0,,1,
DATAFLOW,OECD.ITF:DSD_TRENDS@DF_TRENDSSAFETY(1.0),,I,NZL,,A,,FATALITIES,,PS,,ROAD,,_T,,_T,,2024,,292,,P,,0,,1,
DATAFLOW,OECD.ITF:DSD_TRENDS@DF_TRENDSSAFETY(1.0),,I,NZL,,A,,INJURED,,PS,,ROAD,,_T,,_T,,2024,,13390,,P,,0,,1,
DATAFLOW,OECD.ITF:DSD_TRENDS@DF_TRENDSSAFETY(1.0),,I,POL,,A,,CRASHES,,CRA,,ROAD,,_T,,_T,,1971,,41331,,E,,0,,1,
DATAFLOW,OECD.ITF:DSD_TRENDS@DF_TRENDSSAFETY(1.0),,I,POL,,A,,INJURED,,PS,,ROAD,,_T,,_T,,1971,,36796,,E,,0,,1,
DATAFLOW,OECD.ITF:DSD_TRENDS@DF_TRENDSSAFETY(1.0),,I,POL,,A,,FATALITIES,,PS,,ROAD,,_T,,_T,,1971,,3883,,E,,0,,1,
DATAFLOW,OECD.ITF:DSD_TRENDS@DF_TRENDSSAFETY(1.0),,I,POL,,A,,FATALITIES,,PS,,ROAD,,_T,,_T,,1972,,4320,,E,,0,,1,
DATAFLOW,OECD.ITF:DSD_TRENDS@DF_TRENDSSAFETY(1.0),,I,POL,,A,,INJURED,,PS,,ROAD,,_T,,_T,,1972,,39194,,E,,0,,1,
DATAFLOW,OECD.ITF:DSD_TRENDS@DF_TRENDSSAFETY(1.0),,I,POL,,A,,CRASHES,,CRA,,ROAD,,_T,,_T,,1972,,40849,,E,,0,,1,
DATAFLOW,OECD.ITF:DSD_TRENDS@DF_TRENDSSAFETY(1.0),,I,POL,,A,,CRASHES,,CRA,,ROAD,,_T,,_T,,1973,,40367,,E,,0,,1,
DATAFLOW,OECD.ITF:DSD_TRENDS@DF_TRENDSSAFETY(1.0),,I,POL,,A,,INJURED,,PS,,ROAD,,_T,,_T,,1973,,41592,,E,,0,,1,
DATAFLOW,OECD.ITF:DSD_TRENDS@DF_TRENDSSAFETY(1.0),,I,POL,,A,,FATALITIES,,PS,,ROAD,,_T,,_T,,1973,,4757,,E,,0,,1,
DATAFLOW,OECD.ITF:DSD_TRENDS@DF_TRENDSSAFETY(1.0),,I,POL,,A,,FATALITIES,,PS,,ROAD,,_T,,_T,,1974,,5195,,E,,0,,1,
DATAFLOW,OECD.ITF:DSD_TRENDS@DF_TRENDSSAFETY(1.0),,I,POL,,A,,INJURED,,PS,,ROAD,,_T,,_T,,1974,,43989,,E,,0,,1,
DATAFLOW,OECD.ITF:DSD_TRENDS@DF_TRENDSSAFETY(1.0),,I,POL,,A,,CRASHES,,CRA,,ROAD,,_T,,_T,,1974,,39885,,E,,0,,1,
DATAFLOW,OECD.ITF:DSD_TRENDS@DF_TRENDSSAFETY(1.0),,I,POL,,A,,FATALITIES,,PS,,ROAD,,_T,,_T,,1976,,5730,,E,,0,,1,
DATAFLOW,OECD.ITF:DSD_TRENDS@DF_TRENDSSAFETY(1.0),,I,POL,,A,,INJURED,,PS,,ROAD,,_T,,_T,,1976,,46179,,E,,0,,1,
DATAFLOW,OECD.ITF:DSD_TRENDS@DF_TRENDSSAFETY(1.0),,I,POL,,A,,CRASHES,,CRA,,ROAD,,_T,,_T,,1976,,39330,,E,,0,,1,
DATAFLOW,OECD.ITF:DSD_TRENDS@DF_TRENDSSAFETY(1.0),,I,POL,,A,,CRASHES,,CRA,,ROAD,,_T,,_T,,1977,,39255,,E,,0,,1,
DATAFLOW,OECD.ITF:DSD_TRENDS@DF_TRENDSSAFETY(1.0),,I,POL,,A,,INJURED,,PS,,ROAD,,_T,,_T,,1977,,45973,,E,,0,,1,
DATAFLOW,OECD.ITF:DSD_TRENDS@DF_TRENDSSAFETY(1.0),,I,POL,,A,,FATALITIES,,PS,,ROAD,,_T,,_T,,1977,,5827,,E,,0,,1,
DATAFLOW,OECD.ITF:DSD_TRENDS@DF_TRENDSSAFETY(1.0),,I,PRT,,A,,FATALITIES,,PS,,ROAD,,_T,,_T,,2018,,704,,B,,0,,1,
DATAFLOW,OECD.ITF:DSD_TRENDS@DF_TRENDSSAFETY(1.0),,I,PRT,,A,,INJURED,,PS,,ROAD,,_T,,_T,,2018,,45330,,B,,0,,1,
DATAFLOW,OECD.ITF:DSD_TRENDS@DF_TRENDSSAFETY(1.0),,I,PRT,,A,,CRASHES,,CRA,,ROAD,,_T,,_T,,2018,,35802,,B,,0,,1,
DATAFLOW,OECD.ITF:DSD_TRENDS@DF_TRENDSSAFETY(1.0),,I,SWE,,A,,INJURED,,PS,,ROAD,,_T,,_T,,2010,,23305,,B,,0,,1,
DATAFLOW,OECD.ITF:DSD_TRENDS@DF_TRENDSSAFETY(1.0),,I,SWE,,A,,FATALITIES,,PS,,ROAD,,_T,,_T,,2010,,266,,B,,0,,1,
DATAFLOW,OECD.ITF:DSD_TRENDS@DF_TRENDSSAFETY(1.0),,I,SWE,,A,,CRASHES,,CRA,,ROAD,,_T,,_T,,2010,,16500,,B,,0,,1,
DATAFLOW,OECD.ITF:DSD_TRENDS@DF_TRENDSSAFETY(1.0),,I,TUR,,A,,FATALITIES,,PS,,ROAD,,_T,,_T,,2015,,7530,,B,,0,,1,
DATAFLOW,OECD.ITF:DSD_TRENDS@DF_TRENDSSAFETY(1.0),,I,USA,,A,,INJURED,,PS,,ROAD,,_T,,_T,,1988,,3416000,,E,,0,,1,
DATAFLOW,OECD.ITF:DSD_TRENDS@DF_TRENDSSAFETY(1.0),,I,USA,,A,,CRASHES,,CRA,,ROAD,,_T,,_T,,1988,,2275000,,E,,0,,1,
DATAFLOW,OECD.ITF:DSD_TRENDS@DF_TRENDSSAFETY(1.0),,I,USA,,A,,CRASHES,,CRA,,ROAD,,_T,,_T,,1989,,2194000,,E,,0,,1,
DATAFLOW,OECD.ITF:DSD_TRENDS@DF_TRENDSSAFETY(1.0),,I,USA,,A,,INJURED,,PS,,ROAD,,_T,,_T,,1989,,3284000,,E,,0,,1,
DATAFLOW,OECD.ITF:DSD_TRENDS@DF_TRENDSSAFETY(1.0),,I,ARG,,A,,FATALITIES,,PS,,ROAD,,_T,,_T,,2017,,5420,,P,,0,,1,
DATAFLOW,OECD.ITF:DSD_TRENDS@DF_TRENDSSAFETY(1.0),,I,ARG,,A,,CRASHES,,CRA,,ROAD,,_T,,_T,,2017,,102623,,P,,0,,1,
DATAFLOW,OECD.ITF:DSD_TRENDS@DF_TRENDSSAFETY(1.0),,I,ARG,,A,,INJURED,,PS,,ROAD,,_T,,_T,,2017,,113173,,P,,0,,1,
DATAFLOW,OECD.ITF:DSD_TRENDS@DF_TRENDSSAFETY(1.0),,I,BGR,,A,,INJURED,,PS,,ROAD,,_T,,_T,,1970,,5608,,E,,0,,1,
DATAFLOW,OECD.ITF:DSD_TRENDS@DF_TRENDSSAFETY(1.0),,I,BGR,,A,,FATALITIES,,PS,,ROAD,,_T,,_T,,1970,,838,,E,,0,,1,
DATAFLOW,OECD.ITF:DSD_TRENDS@DF_TRENDSSAFETY(1.0),,I,BGR,,A,,CRASHES,,CRA,,ROAD,,_T,,_T,,1970,,5831,,E,,0,,1,
DATAFLOW,OECD.ITF:DSD_TRENDS@DF_TRENDSSAFETY(1.0),,I,BGR,,A,,CRASHES,,CRA,,ROAD,,_T,,_T,,1971,,5794,,E,,0,,1,
DATAFLOW,OECD.ITF:DSD_TRENDS@DF_TRENDSSAFETY(1.0),,I,BGR,,A,,FATALITIES,,PS,,ROAD,,_T,,_T,,1971,,889,,E,,0,,1,
DATAFLOW,OECD.ITF:DSD_TRENDS@DF_TRENDSSAFETY(1.0),,I,BGR,,A,,INJURED,,PS,,ROAD,,_T,,_T,,1971,,5768,,E,,0,,1,
DATAFLOW,OECD.ITF:DSD_TRENDS@DF_TRENDSSAFETY(1.0),,I,BGR,,A,,INJURED,,PS,,ROAD,,_T,,_T,,1972,,5639,,E,,0,,1,
DATAFLOW,OECD.ITF:DSD_TRENDS@DF_TRENDSSAFETY(1.0),,I,BGR,,A,,FATALITIES,,PS,,ROAD,,_T,,_T,,1972,,934,,E,,0,,1,
DATAFLOW,OECD.ITF:DSD_TRENDS@DF_TRENDSSAFETY(1.0),,I,BGR,,A,,CRASHES,,CRA,,ROAD,,_T,,_T,,1972,,5579,,E,,0,,1,
DATAFLOW,OECD.ITF:DSD_TRENDS@DF_TRENDSSAFETY(1.0),,I,BGR,,A,,CRASHES,,CRA,,ROAD,,_T,,_T,,1973,,5487,,E,,0,,1,
DATAFLOW,OECD.ITF:DSD_TRENDS@DF_TRENDSSAFETY(1.0),,I,BGR,,A,,FATALITIES,,PS,,ROAD,,_T,,_T,,1973,,946,,E,,0,,1,
DATAFLOW,OECD.ITF:DSD_TRENDS@DF_TRENDSSAFETY(1.0),,I,BGR,,A,,INJURED,,PS,,ROAD,,_T,,_T,,1973,,5673,,E,,0,,1,
DATAFLOW,OECD.ITF:DSD_TRENDS@DF_TRENDSSAFETY(1.0),,I,BGR,,A,,INJURED,,PS,,ROAD,,_T,,_T,,1974,,5695,,E,,0,,1,
DATAFLOW,OECD.ITF:DSD_TRENDS@DF_TRENDSSAFETY(1.0),,I,BGR,,A,,FATALITIES,,PS,,ROAD,,_T,,_T,,1974,,960,,E,,0,,1,
DATAFLOW,OECD.ITF:DSD_TRENDS@DF_TRENDSSAFETY(1.0),,I,BGR,,A,,CRASHES,,CRA,,ROAD,,_T,,_T,,1974,,5397,,E,,0,,1,
DATAFLOW,OECD.ITF:DSD_TRENDS@DF_TRENDSSAFETY(1.0),,I,BGR,,A,,CRASHES,,CRA,,ROAD,,_T,,_T,,1975,,5451,,E,,0,,1,
DATAFLOW,OECD.ITF:DSD_TRENDS@DF_TRENDSSAFETY(1.0),,I,BGR,,A,,FATALITIES,,PS,,ROAD,,_T,,_T,,1975,,1030,,E,,0,,1,
DATAFLOW,OECD.ITF:DSD_TRENDS@DF_TRENDSSAFETY(1.0),,I,BGR,,A,,INJURED,,PS,,ROAD,,_T,,_T,,1975,,5792,,E,,0,,1,
DATAFLOW,OECD.ITF:DSD_TRENDS@DF_TRENDSSAFETY(1.0),,I,HRV,,A,,FATALITIES,,PS,,ROAD,,_T,,_T,,1970,,1166,,E,,0,,1,
DATAFLOW,OECD.ITF:DSD_TRENDS@DF_TRENDSSAFETY(1.0),,I,HRV,,A,,INJURED,,PS,,ROAD,,_T,,_T,,1970,,14017,,E,,0,,1,
DATAFLOW,OECD.ITF:DSD_TRENDS@DF_TRENDSSAFETY(1.0),,I,HRV,,A,,CRASHES,,CRA,,ROAD,,_T,,_T,,1970,,11088,,E,,0,,1,
DATAFLOW,OECD.ITF:DSD_TRENDS@DF_TRENDSSAFETY(1.0),,I,MDA,,A,,FATALITIES,,PS,,ROAD,,_T,,_T,,1992,,756,,B,,0,,1,
DATAFLOW,OECD.ITF:DSD_TRENDS@DF_TRENDSSAFETY(1.0),,I,MDA,,A,,CRASHES,,CRA,,ROAD,,_T,,_T,,1992,,3740,,B,,0,,1,
DATAFLOW,OECD.ITF:DSD_TRENDS@DF_TRENDSSAFETY(1.0),,I,MDA,,A,,INJURED,,PS,,ROAD,,_T,,_T,,1992,,4200,,B,,0,,1,
DATAFLOW,OECD.ITF:DSD_TRENDS@DF_TRENDSSAFETY(1.0),,I,MNE,,A,,CRASHES,,CRA,,ROAD,,_T,,_T,,2012,,1217,,B,,0,,1,
DATAFLOW,OECD.ITF:DSD_TRENDS@DF_TRENDSSAFETY(1.0),,I,ROU,,A,,INJURED,,PS,,ROAD,,_T,,_T,,2006,,26124,,B,,0,,1,
DATAFLOW,OECD.ITF:DSD_TRENDS@DF_TRENDSSAFETY(1.0),,I,ROU,,A,,CRASHES,,CRA,,ROAD,,_T,,_T,,2006,,21904,,B,,0,,1,
DATAFLOW,OECD.ITF:DSD_TRENDS@DF_TRENDSSAFETY(1.0),,I,UKR,,A,,CRASHES,,CRA,,ROAD,,_T,,_T,,2014,,25854,,B,,0,,1,
DATAFLOW,OECD.ITF:DSD_TRENDS@DF_TRENDSSAFETY(1.0),,I,UKR,,A,,INJURED,,PS,,ROAD,,_T,,_T,,2014,,32009,,B,,0,,1,
DATAFLOW,OECD.ITF:DSD_TRENDS@DF_TRENDSSAFETY(1.0),,I,UKR,,A,,FATALITIES,,PS,,ROAD,,_T,,_T,,2014,,4439,,B,,0,,1,
